"Format","AiM CSV File"
"Session","45.504°N, 75.545°W"
"Vehicle","GGR26"
"Racer","Faran"
"Championship","My Balls"
"Comment","NO Aero + Engine Fucked"
"Date","Friday, May 8, 2026"
"Time","4:08 PM"
"Sample Rate","20"
"Duration","61.998"
"Segment","Session"
"Beacon Markers","28.455","53.989","61.998"
"Segment Times","0:28.455","0:25.534","0:08.009"

"Time","GPS Speed","GPS Nsat","GPS LatAcc","GPS LonAcc","GPS Slope","GPS Heading","GPS Gyro","GPS Altitude","GPS PosAccuracy","GPS SpdAccuracy","GPS Radius","GPS Latitude","GPS Longitude","Logger Temperature","External Voltage","Steering Angle","RR Shock Pos","FR Shock Pos","FL Shock Pos","RL Shock Pos","Gear Position","InlineAcc","LateralAcc","VerticalAcc","RollRate","PitchRate","YawRate","Luminosity","Brake Bias","ECU RPM","EX TEMP 2","EX TEMP 1","ECU WH SP FL","ECU WH SP RL","ECU WH SP RR","ECU WH SP FR","ECU ECT","ECU EXH T","ECU IAT","ECU FUEL T","ECU OIL P","BRK PRESS F","BRK PRESS R","ECU FUEL P","ECU MAP","ECU THROTTLE","ECU V BATT","EXHAUST LAMBDA","LAUNCH STATE","Distance on GPS Speed"
"s","km/h"," ","g","g","deg","deg","deg/s","m","mm","km/h","m","deg","deg","°C","V","deg","mm","mm","mm","mm","gear","g","g","g","deg/s","deg/s","deg/s","%","%","rpm","°C","°C","km/h","km/h","km/h","km/h","°C","°C","°C","°C","bar","bar","bar","bar","bar","%","V","lambda","#","m"

"0.000","0.0000","14","0.0000","0.0000","0.0000","0.0000","0.0000","10.3134","23.9000","0.1900","10000.0000","45.50446055","-75.54473095","19.2969","10.6480","860.0000","40.4375","16.9219","33.9062","42.2812","1.0000","0.0041","-0.0191","-0.9912","-0.4951","0.2625","-0.0074","100.0000","150.0000","1035.0000","6553.5000","166.4000","0.0000","0.0000","0.0000","0.0000","80.0000","166.4000","19.2000","43.0000","950.5049","0.0600","-0.0200","2.9500","0.9890","0.0000","10.8000","2.5500","0.0000","0.0000"
"0.050","0.0000","14","0.0000","0.0000","0.0000","0.0000","0.0000","10.3134","23.9000","0.1900","10000.0000","45.50446055","-75.54473095","19.2969","10.6480","860.0000","40.4375","16.9219","33.9062","42.2812","1.0000","0.0041","-0.0191","-0.9912","-0.4825","0.2819","0.0146","100.0000","150.0000","1035.0000","6553.5000","166.4000","0.0000","0.0000","0.0000","0.0000","80.0000","166.4000","19.2000","43.0000","950.5049","0.0600","-0.0200","2.9500","0.9890","0.0000","10.8000","2.5500","0.0000","0.0000"
"0.100","0.0000","14","0.0000","0.0000","0.0000","0.0000","0.0000","10.3134","23.9000","0.1900","10000.0000","45.50446055","-75.54473095","19.2969","10.6480","860.0000","40.4375","16.9219","33.9062","42.2812","1.0000","0.0041","-0.0191","-0.9912","-0.4524","0.2959","0.0129","100.0000","150.0000","1035.0000","6553.5000","166.4000","0.0000","0.0000","0.0000","0.0000","80.0000","166.4000","19.2000","43.0000","950.5049","0.0600","-0.0200","2.9500","0.9890","0.0000","10.8000","2.5500","0.0000","0.0000"
"0.150","0.0000","14","0.0000","0.0000","0.0000","0.0000","0.0000","10.3134","23.9000","0.1900","10000.0000","45.50446055","-75.54473095","19.2969","10.6480","860.0000","40.4375","16.9219","33.9062","42.2812","1.0000","0.0041","-0.0191","-0.9912","-0.4381","0.2762","0.0056","100.0000","150.0000","1035.0000","6553.5000","166.4000","0.0000","0.0000","0.0000","0.0000","80.0000","166.4000","19.2000","43.0000","950.5049","0.0600","-0.0200","2.9500","0.9890","0.0000","10.8000","2.5500","0.0000","0.0000"
"0.200","0.0000","14","0.0000","0.0000","0.0000","0.0000","0.0000","10.3134","23.9000","0.1900","10000.0000","45.50446055","-75.54473095","19.2969","10.6480","860.0000","40.4375","16.9219","33.9062","42.2812","1.0000","0.0041","-0.0191","-0.9912","-0.4385","0.2263","0.0123","100.0000","150.0000","1035.0000","6553.5000","166.4000","0.0000","0.0000","0.0000","0.0000","80.0000","166.4000","19.2000","43.0000","950.5049","0.0600","-0.0200","2.9500","0.9890","0.0000","10.8000","2.5500","0.0000","0.0000"
"0.250","0.0000","14","0.0000","0.0000","0.0000","0.0000","0.0000","10.3134","23.9000","0.1900","10000.0000","45.50446055","-75.54473095","19.2969","10.6480","860.0000","40.4375","16.9219","33.9062","42.2812","1.0000","0.0041","-0.0191","-0.9912","-0.4357","0.1808","0.0246","100.0000","150.0000","1035.0000","6553.5000","166.4000","0.0000","0.0000","0.0000","0.0000","80.0000","166.4000","19.2000","43.0000","950.5049","0.0600","-0.0200","2.9500","0.9890","0.0000","10.8000","2.5500","0.0000","0.0000"
"0.300","0.0000","14","0.0000","0.0000","0.0000","0.0000","0.0000","10.3134","23.9000","0.1900","10000.0000","45.50446055","-75.54473095","19.2969","10.6480","860.0000","40.4375","16.9219","33.9062","42.2812","1.0000","-0.0023","-0.0173","-0.9906","-0.4429","0.1691","0.0393","100.0000","150.0000","1035.0000","6553.5000","166.4000","0.0000","0.0000","0.0000","0.0000","80.0000","166.4000","19.2000","43.0000","950.5049","0.0600","-0.0200","2.9500","0.9890","0.0000","10.8000","2.5500","0.0000","0.0000"
"0.350","0.0000","14","0.0000","0.0000","0.0000","0.0000","0.0000","10.3134","23.9000","0.1900","10000.0000","45.50446055","-75.54473095","19.2969","10.6480","860.0000","40.4375","16.9219","33.9062","42.2812","1.0000","-0.0120","-0.0167","-0.9893","-0.4547","0.1857","0.0331","100.0000","150.0000","1035.0000","6553.5000","166.4000","0.0000","0.0000","0.0000","0.0000","80.0000","166.4000","19.2000","43.0000","950.5049","0.0600","-0.0200","2.9500","0.9890","0.0000","10.8000","2.5500","0.0000","0.0000"
"0.400","0.0000","14","0.0000","0.0000","0.0000","0.0000","0.0000","10.3134","23.9000","0.1900","10000.0000","45.50446055","-75.54473095","19.2969","10.6480","860.0000","40.4375","16.9664","33.8766","42.2812","1.0000","-0.0006","-0.0173","-0.9897","-0.4670","0.2104","0.0021","100.0000","150.0000","1035.0000","6553.5000","166.4000","0.0000","0.0000","0.0000","0.0000","80.0000","166.4000","19.2000","43.0000","950.5049","0.0600","-0.0200","2.9500","0.9890","0.0000","10.8000","2.5500","0.0000","0.0000"
"0.450","0.0040","14","0.0000","0.0000","-0.9770","-8.6598","0.0000","10.3131","24.1350","0.1890","10000.0000","45.50446055","-75.54473095","19.2969","10.6480","859.7750","40.4203","16.9305","33.9062","42.2812","1.0000","0.0121","-0.0162","-0.9912","-0.4795","0.2245","-0.0230","100.0000","150.0000","780.8000","6553.5000","166.4000","0.0000","0.0000","0.0000","0.0000","80.0000","166.4000","19.2000","43.0000","950.5049","0.0600","-0.0144","2.9747","0.9972","0.0000","10.7580","2.5500","0.0000","0.0000"
"0.500","0.0443","14","0.0000","0.0000","-10.7474","-95.2582","0.0000","10.3104","26.4850","0.1790","10000.0000","45.50446051","-75.54473089","19.3015","10.6745","860.0000","40.4062","16.9375","33.9062","42.2812","1.0000","0.0026","-0.0122","-1.0024","-0.4985","0.2278","-0.0235","100.0000","150.0000","475.5555","6553.5000","166.4000","0.0000","0.0000","0.0000","0.0000","80.0000","166.4000","19.2000","43.0000","950.5049","0.0600","-0.0100","3.0363","1.0071","0.0000","10.4580","2.5500","0.0000","0.0004"
"0.550","0.0832","14","0.0000","0.0000","-19.7838","-160.1599","0.0000","10.3074","28.5750","0.1700","10000.0000","45.50446047","-75.54473082","19.3112","10.7298","859.7250","40.4062","16.9375","33.8891","42.2672","1.0000","0.0082","-0.0158","-1.0121","-0.5078","0.2228","-0.0213","100.0000","146.4407","403.3333","6553.5000","166.3880","0.0000","0.0000","0.0000","0.0000","80.0000","166.3860","19.2000","43.0000","950.5049","0.0600","-0.0100","3.0173","1.0144","0.0000","10.1930","2.5500","0.0000","0.0013"
"0.600","0.1103","14","0.0000","0.0000","-22.2141","-29.7926","0.0000","10.3013","28.3250","0.1700","10000.0000","45.50446047","-75.54473075","19.3209","10.7850","859.5250","40.4375","16.9367","33.9062","42.2500","1.0000","0.0060","-0.0209","-1.0184","-0.4978","0.2201","-0.0264","100.0000","121.0170","342.9667","6553.5000","166.2880","0.0000","0.0000","0.0000","0.0000","80.0000","166.2860","19.2000","43.0000","950.5049","0.0600","-0.0100","2.9446","1.0210","0.0000","10.1430","2.5500","0.0000","0.0026"
"0.650","0.1377","14","0.0000","0.0000","-23.8848","81.3242","0.0000","10.2951","28.0800","0.1710","10000.0000","45.50446046","-75.54473068","19.3305","10.8402","859.7750","40.4203","16.9375","33.9062","42.2641","1.0000","0.0084","-0.0176","-1.0109","-0.4867","0.2345","-0.0334","100.0000","120.0000","324.6333","6553.5000","166.1880","0.0000","0.0000","0.0000","0.0000","80.0000","166.1860","19.2000","43.0000","950.5049","0.0600","-0.0100","2.9038","1.0254","0.0000","10.1140","2.5500","0.0000","0.0043"
"0.700","0.1672","14","0.0000","0.0000","-18.7196","19.1866","0.0000","10.2872","27.8800","0.1810","10000.0000","45.50446047","-75.54473073","19.3402","10.8955","860.0000","40.4078","16.9531","33.9062","42.2516","1.0000","0.0128","-0.0154","-1.0035","-0.4893","0.2627","-0.0221","100.0000","120.0000","286.9333","6553.5000","166.0880","0.0000","0.0000","0.0000","0.0000","80.0000","166.0860","19.2000","43.0000","950.5049","0.0600","-0.0133","2.8710","1.0282","0.0000","10.2140","2.5500","0.0000","0.0065"
"0.750","0.1907","14","0.0000","0.0000","-13.9942","-43.4926","0.0000","10.2799","27.6750","0.1895","10000.0000","45.50446047","-75.54473076","19.3499","10.9507","860.0000","40.4062","16.9391","33.9234","42.2672","1.0000","0.0084","-0.0179","-0.9947","-0.4967","0.2876","0.0021","100.0000","120.0000","222.4889","6553.5000","166.0000","0.0000","0.0000","0.0000","0.0000","80.0000","166.0000","19.2000","43.0000","950.5049","0.0600","-0.0189","2.7866","1.0288","0.0000","10.3070","2.5500","0.0000","0.0089"
"0.800","0.1586","14","0.0000","0.0000","-13.2262","-111.0465","0.0000","10.2772","27.4250","0.1845","10000.0000","45.50446043","-75.54473070","19.3596","11.0059","860.4750","40.4375","16.9227","33.9062","42.2797","1.0000","-0.0002","-0.0183","-0.9982","-0.4846","0.2996","0.0148","100.0000","120.0000","217.2889","6553.5000","166.0000","0.0000","0.0000","0.0000","0.0000","80.0000","166.0000","19.2000","43.0000","950.5049","0.0600","-0.0200","2.7381","1.0249","0.0000","10.3570","2.5500","0.0000","0.0113"
"0.850","0.1277","14","0.0000","0.0000","-12.8850","-163.8389","0.0000","10.2752","27.1800","0.1795","10000.0000","45.50446040","-75.54473064","19.3692","11.0612","859.5000","40.4203","16.9461","33.9062","42.2641","1.0000","0.0109","-0.0125","-1.0016","-0.4504","0.2736","0.0311","100.0000","149.4000","248.4000","6553.5000","165.9880","0.0000","0.0000","0.0000","0.0000","80.0000","165.9860","19.2000","43.0000","950.5049","0.0600","-0.0200","2.8337","1.0182","0.0000","10.3860","2.5500","0.0000","0.0133"
"0.900","0.1069","14","0.0000","0.0000","-16.3843","-83.7783","0.0000","10.2797","26.9800","0.1745","10000.0000","45.50446042","-75.54473057","19.3789","11.1164","859.5250","40.4375","16.9227","33.9062","42.2812","1.0000","0.0182","-0.0124","-0.9972","-0.4050","0.2297","0.0497","100.0000","150.0000","245.3445","6553.5000","165.8880","0.0000","0.0000","0.0000","0.0000","80.0000","165.8860","19.2000","43.0000","950.5049","0.0600","-0.0200","2.8779","1.0211","0.0000","10.2860","2.5500","0.0000","0.0149"
"0.950","0.0863","14","0.0000","0.0000","-20.4134","-13.1176","0.0000","10.2830","26.7850","0.1695","10000.0000","45.50446044","-75.54473052","19.3886","11.1717","859.7750","40.4062","16.9375","33.9062","42.2500","1.0000","0.0171","-0.0196","-0.9943","-0.3857","0.2120","0.0499","100.0000","150.0000","235.1222","6553.5000","165.7940","0.0000","0.0000","0.0000","0.0000","80.0000","165.7930","19.2000","43.0000","950.5049","0.0600","-0.0200","2.8451","1.0261","0.0000","10.1230","2.5500","0.0000","0.0162"
"1.000","0.0677","14","0.0000","0.0000","-29.2110","-27.0556","0.0000","10.2760","26.6350","0.1645","10000.0000","45.50446044","-75.54473050","19.3982","11.2269","860.0000","40.4062","16.9516","33.8766","42.2797","1.0000","0.0054","-0.0204","-0.9990","-0.4033","0.2157","0.0326","100.0000","150.0000","241.2333","6553.5000","165.7440","0.0000","0.0000","0.0000","0.0000","80.0000","165.7430","19.2000","43.0000","950.5049","0.0600","-0.0200","2.7317","1.0288","0.0000","9.5730","2.5500","0.0000","0.0173"
"1.050","0.0558","14","0.0000","0.0000","-36.2746","-42.1114","0.0000","10.2701","26.4800","0.1610","10000.0000","45.50446044","-75.54473049","19.4079","11.2821","859.7250","40.4203","16.9391","33.9062","42.2672","1.0000","0.0058","-0.0154","-0.9980","-0.4327","0.2195","0.0078","100.0000","150.0000","257.7333","6553.5000","165.6880","0.0000","0.0000","0.0000","0.0000","80.0000","165.6860","19.2000","43.0000","950.5049","0.0600","-0.0178","2.5644","1.0305","0.0000","9.1980","2.5500","0.0000","0.0182"
"1.100","0.1045","14","0.0000","0.0000","-27.7319","-67.2273","0.0000","10.2737","26.2800","0.1710","10000.0000","45.50446048","-75.54473049","19.4176","11.3374","860.0000","40.4062","16.9367","33.9062","42.2812","1.0000","0.0169","-0.0077","-0.9992","-0.4541","0.2147","-0.0277","100.0000","150.0000","311.0667","6553.5000","165.5880","0.0000","0.0000","0.0000","0.0000","80.0000","165.5860","19.2000","43.0000","950.5049","0.0600","-0.0122","2.6746","1.0283","0.0000","9.8980","2.5500","0.0000","0.0194"
"1.150","0.1441","14","0.0000","0.0000","-22.2803","-89.1825","0.0000","10.2766","26.0850","0.1780","10000.0000","45.50446051","-75.54473048","19.4273","11.3926","860.0000","40.4062","16.9305","33.9062","42.2672","1.0000","0.0168","-0.0019","-1.0045","-0.4724","0.2111","-0.0344","100.0000","135.1685","629.4667","6553.5000","165.5360","0.0000","0.0000","0.0000","0.0000","80.0000","165.5420","19.2000","43.0000","950.5049","0.0633","-0.0133","2.8540","1.0097","0.0000","10.5350","2.5500","0.0000","0.0210"
"1.200","0.1011","14","0.0000","0.0000","-44.6477","-82.6917","0.0000","10.2741","25.9350","0.1580","10000.0000","45.50446053","-75.54473040","19.4369","11.4478","859.5250","40.4078","16.9367","33.9062","42.2797","1.1800","0.0147","-0.0013","-1.0071","-0.4841","0.2202","-0.0247","100.0000","120.0000","1313.9111","6553.5000","165.8360","0.0000","0.0000","0.0000","0.0000","80.0000","165.8420","19.2000","43.0000","950.5049","0.0689","-0.0189","3.0234","0.9686","0.0000","10.7850","2.5500","0.0000","0.0227"
"1.250","0.0618","14","0.0000","0.0000","-61.6096","-81.4989","0.0000","10.2722","25.7850","0.1415","10000.0000","45.50446055","-75.54473033","19.4466","11.5031","859.7750","40.4375","16.9461","33.8891","42.2500","2.0000","0.0134","-0.0102","-1.0111","-0.4990","0.2405","-0.0190","100.0000","122.0000","1747.6000","6553.5000","166.2080","0.0000","0.0000","0.0000","0.0000","80.0000","166.2260","19.2000","43.0000","950.5049","0.0656","-0.0156","3.1581","0.9437","0.0344","11.0280","2.5500","0.0000","0.0238"
"1.300","0.0561","14","0.0000","0.0000","-29.9218","-127.9890","0.0000","10.2756","25.6350","0.1565","10000.0000","45.50446052","-75.54473035","19.4563","11.5583","860.0000","40.4078","16.9367","33.9078","42.2500","2.0000","-0.0322","-0.0163","-0.9954","-0.5098","0.2578","-0.0153","100.0000","140.0000","2027.6000","6553.5000","167.1080","0.0000","0.0000","0.0000","0.0000","80.0000","167.1260","19.2000","43.0000","950.5049","0.0600","-0.0100","3.1537","0.9287","0.0900","11.2280","2.5500","0.0000","0.0246"
"1.350","0.0528","14","0.0000","0.0000","-2.4393","-168.7152","0.0000","10.2783","25.4850","0.1695","10000.0000","45.50446049","-75.54473036","19.4660","11.6136","859.5000","40.4375","16.9289","33.9062","42.2500","2.0000","-0.0451","-0.0113","-0.9823","-0.5004","0.2778","-0.0249","100.0000","138.0000","2202.8223","6553.5000","168.2300","0.0000","0.0000","0.0000","0.0000","80.0000","168.2850","19.2000","43.0000","950.5049","0.0600","-0.0156","3.1843","0.9114","0.4644","11.4070","2.5500","0.0000","0.0254"
"1.400","0.0714","14","0.0000","0.0000","-12.8045","-157.5675","0.0000","10.2749","25.3350","0.1645","10000.0000","45.50446052","-75.54473035","19.4756","11.6688","860.0000","40.4375","16.9219","33.9062","42.2516","2.0000","0.0048","-0.0050","-0.9826","-0.4990","0.3118","-0.0343","100.0000","120.0000","2360.5667","6553.5000","170.9800","0.0000","0.0000","0.0000","0.0000","80.0000","171.0350","19.2000","43.0000","950.5049","0.0611","-0.0200","3.2677","0.8929","0.9044","11.4570","2.5500","0.0000","0.0263"
"1.450","0.0838","14","0.0000","0.0000","-21.0266","-140.1578","0.0000","10.2719","25.1900","0.1615","10000.0000","45.50446055","-75.54473033","19.4853","11.7240","859.7750","40.4375","16.9477","33.9062","42.2672","2.0000","0.0574","-0.0060","-1.0207","-0.5142","0.3301","-0.0426","100.0000","120.0000","2788.8999","6553.5000","173.8800","0.0000","0.0000","0.0000","0.0000","80.0000","173.9600","19.2000","43.0000","950.5049","0.0667","-0.0200","3.3093","0.8373","1.1267","11.5070","2.5500","0.0000","0.0273"
"1.500","0.0397","14","0.0000","0.0000","-9.9600","-66.3905","0.0000","10.2719","25.0900","0.1765","10000.0000","45.50446055","-75.54473033","19.4950","11.7793","859.5000","40.4078","16.9523","33.8766","42.2516","2.0000","0.1296","-0.0016","-1.0477","-0.5195","0.3252","-0.0440","100.0000","135.6000","3247.9111","6553.5000","177.8800","0.0000","0.0000","0.0000","0.0000","80.0000","177.9600","19.2000","43.0000","950.5049","0.0678","-0.0200","3.3232","0.7762","1.3244","11.5570","2.5500","0.0000","0.0282"
"1.550","0.0040","14","0.0000","0.0000","-1.3694","-2.9090","0.0000","10.2726","25.2350","0.1895","10000.0000","45.50446055","-75.54473033","19.5021","11.8243","859.7250","40.4375","16.9375","33.9062","42.2500","2.0000","0.1000","-0.0151","-1.0281","-0.4949","0.3009","-0.0312","100.0000","144.8000","3815.6890","6553.5000","181.9760","0.0000","0.0000","0.0000","0.0000","80.0000","182.0720","19.2000","43.0000","950.5049","0.0622","-0.0200","3.3202","0.6950","1.4356","11.6210","2.5500","0.0000","0.0285"
"1.600","0.0443","14","0.0000","0.0000","-15.0629","-31.9989","0.0000","10.2805","27.5850","0.1845","10000.0000","45.50446054","-75.54473028","19.5066","11.8582","860.0000","40.4078","16.9523","33.9062","42.2500","2.0000","0.0293","-0.0267","-1.0110","-0.4487","0.2617","-0.0041","100.0000","142.8889","4262.6001","6553.5000","186.7760","0.0000","0.0000","0.0000","0.0000","80.0000","186.8720","19.1767","43.0000","950.5049","0.0600","-0.0200","3.3130","0.6247","1.5933","11.7710","2.5500","0.0000","0.0289"
"1.650","0.0809","14","0.0000","0.0000","-26.5698","-53.3898","0.0000","10.2876","29.6700","0.1795","10000.0000","45.50446054","-75.54473023","19.5111","11.8921","859.5000","40.4375","16.9391","33.9203","42.2672","2.0000","0.0366","-0.0345","-0.9983","-0.4010","0.2289","0.0190","100.0000","148.4444","4542.6001","6553.5000","191.4260","0.0000","0.0000","0.0000","0.0000","80.0000","191.4970","19.1211","43.0000","950.5049","0.0600","-0.0200","3.3191","0.5691","1.8156","11.9070","2.5500","0.0000","0.0298"
"1.700","0.0847","14","0.0000","0.0000","-18.3966","-5.4890","0.0000","10.2887","29.3700","0.1745","10000.0000","45.50446059","-75.54473015","19.5155","11.9260","860.0000","40.4375","16.9383","33.9062","42.2500","2.0000","-0.1427","-0.0263","-0.9926","-0.3792","0.2295","0.0155","100.0000","150.0000","4585.9668","6553.5000","194.9760","0.0000","0.0000","0.0000","0.0000","80.0000","195.0470","19.1000","43.0000","950.5049","0.0644","-0.0156","3.3251","0.5380","2.0033","11.9570","2.5500","0.0000","0.0309"
"1.750","0.0962","14","0.0000","0.0000","-10.7211","34.5106","0.0000","10.2903","29.0700","0.1710","10000.0000","45.50446065","-75.54473008","19.5200","11.9599","859.7750","40.4375","16.9461","33.9062","42.2672","2.0000","-0.1254","0.0004","-1.0086","-0.3795","0.2431","-0.0121","100.0000","150.0000","4484.2998","6553.5000","198.1660","0.0000","0.0000","0.0000","0.0000","80.0000","198.1770","19.1000","43.0000","950.5049","0.0700","-0.0100","3.3307","0.5219","2.1700","12.0000","2.5500","0.0000","0.0322"
"1.800","0.1769","14","0.0000","0.0000","-7.5244","3.3986","0.0000","10.2975","28.7700","0.1810","10000.0000","45.50446071","-75.54473008","19.5245","11.9938","860.0000","40.4375","16.9523","33.9062","42.2500","2.0000","0.1053","0.0053","-1.0383","-0.3792","0.2524","-0.0350","100.0000","150.0000","4303.3667","6553.5000","198.7160","0.0000","0.0000","0.0000","0.0000","80.0000","198.7270","19.1000","43.0000","950.5049","0.0700","-0.0156","3.3529","0.5158","2.2456","12.0000","2.5500","0.0000","0.0341"
"1.850","0.2511","14","0.0000","0.0000","-4.8024","-31.5468","0.0000","10.3039","28.4750","0.1895","10000.0000","45.50446077","-75.54473008","19.5289","12.0277","860.0000","40.4234","16.9289","33.9062","42.2500","2.0000","0.1534","0.0194","-1.0488","-0.3674","0.2522","-0.0394","100.0000","137.3684","4105.7334","6553.5000","199.3260","0.0000","0.0000","0.0000","0.0000","80.0000","199.3470","19.1000","43.0000","950.5049","0.0700","-0.0200","3.4001","0.5125","2.3011","12.0000","2.5500","0.0000","0.0371"
"1.900","0.2681","14","0.0000","0.0000","-6.3520","-100.9936","0.0000","10.3039","28.2250","0.1845","10000.0000","45.50446077","-75.54473008","19.5334","12.0616","860.0000","40.4391","16.9516","33.9062","42.2500","2.0000","0.1486","0.0079","-1.0169","-0.3337","0.2534","-0.0319","100.0000","119.8246","3942.3999","6553.5000","200.3760","0.0000","0.0000","0.0000","0.0000","80.0000","200.3970","19.1000","43.0000","950.5049","0.0700","-0.0200","3.4157","0.5386","2.3567","12.0000","2.5500","0.0000","0.0407"
"1.950","0.2718","14","0.0000","0.0000","-9.3048","-161.2391","0.0000","10.3042","27.9750","0.1795","10000.0000","45.50446077","-75.54473008","19.5379","12.0955","859.7250","40.4203","16.9305","33.9062","42.2812","2.0000","0.1364","-0.0182","-0.9965","-0.3101","0.2651","-0.0324","100.0000","135.8000","3801.8000","6553.5000","201.5520","0.0000","0.0000","0.0000","0.0000","80.0000","201.5940","19.1000","43.0000","950.5049","0.0678","-0.0200","3.4101","0.5650","2.4000","12.0070","2.5500","0.0000","0.0444"
"2.000","0.1556","14","0.0000","0.0000","-24.8861","-138.6734","0.0000","10.3078","27.7250","0.1745","10000.0000","45.50446080","-75.54473008","19.5423","12.1294","859.5000","40.4078","16.9367","33.9062","42.2812","2.0000","0.1055","-0.0072","-1.0202","-0.3186","0.2610","-0.0411","100.0000","140.0000","3741.8000","6553.5000","203.6520","0.0000","0.0000","0.0000","0.0000","80.0000","203.6940","19.1000","43.0000","950.5049","0.0622","-0.0200","3.4041","0.5922","2.4000","12.0570","2.5500","0.0000","0.0473"
"2.050","0.0577","14","0.0000","0.0000","-37.4679","-117.2273","0.0000","10.3117","27.4850","0.1700","10000.0000","45.50446084","-75.54473008","19.5468","12.1633","860.0000","40.4031","16.9305","33.9062","42.2641","2.0000","-0.1041","-0.0142","-1.0256","-0.3396","0.2412","-0.0212","100.0000","140.0000","3710.7334","6553.5000","205.7880","0.0000","0.0000","0.0000","0.0000","80.0000","205.8360","19.1000","43.0000","950.5049","0.0633","-0.0200","3.3980","0.6115","2.4233","12.0930","2.5500","0.0000","0.0488"
"2.100","0.1258","14","0.0000","0.0000","-23.0530","-105.8566","0.0000","10.3189","27.3350","0.1700","10000.0000","45.50446090","-75.54473008","19.5513","12.1972","859.5000","40.4062","16.9367","33.9062","42.2812","2.0000","-0.1287","-0.0314","-1.0145","-0.3579","0.2217","0.0025","100.0000","144.2268","3719.6223","6553.5000","208.1880","0.0000","0.0000","0.0000","0.0000","80.0000","208.2360","19.1000","43.0000","950.5049","0.0689","-0.0200","3.3941","0.6198","2.4789","12.0430","2.5500","0.0000","0.0501"
"2.150","0.1837","14","0.0000","0.0000","-10.5880","-89.1670","0.0000","10.3251","27.1800","0.1700","10000.0000","45.50446096","-75.54473007","19.5557","12.2311","860.0000","40.4375","16.9305","33.9062","42.2984","2.0000","0.0425","-0.0302","-1.0154","-0.3761","0.2272","0.0012","100.0000","149.3814","3727.1333","6553.5000","210.6300","0.0000","0.0000","0.0000","0.0000","80.0000","210.6850","19.1000","43.0000","950.5049","0.0656","-0.0200","3.3747","0.6392","2.5000","12.0070","2.5500","0.0000","0.0522"
"2.200","0.1498","14","0.0000","0.0000","-15.6716","-24.6080","0.0000","10.3235","26.9800","0.1700","10000.0000","45.50446098","-75.54472993","19.5602","12.2650","859.5000","40.4062","16.9523","33.9062","42.2812","2.0000","0.0907","-0.0235","-1.0013","-0.3831","0.2296","0.0082","100.0000","141.2000","3733.8000","6553.5000","213.3800","0.0000","0.0000","0.0000","0.0000","80.0000","213.4350","19.1000","43.0000","950.5049","0.0600","-0.0200","3.2930","0.6653","2.5000","12.0570","2.5500","0.0000","0.0545"
"2.250","0.1188","14","0.0000","0.0000","-19.7383","27.8413","0.0000","10.3227","26.7850","0.1700","10000.0000","45.50446100","-75.54472980","19.5646","12.2989","860.0000","40.4203","16.9531","33.9062","42.2812","2.0000","-0.0637","-0.0299","-0.9619","-0.3643","0.2066","0.0288","100.0000","140.0000","3794.6777","6553.5000","216.1540","0.0000","0.0000","0.0000","0.0000","80.0000","216.2130","19.1000","43.0000","950.5049","0.0656","-0.0200","3.2840","0.6522","2.5000","12.1000","2.5500","0.0000","0.0563"
"2.300","0.1131","14","0.0000","0.0000","-14.6530","-28.6966","0.0000","10.3298","26.6350","0.1700","10000.0000","45.50446106","-75.54472980","19.5691","12.3328","860.0000","40.4359","16.9375","33.8766","42.3109","2.0000","-0.0183","-0.0281","-0.9604","-0.3601","0.1776","0.0558","100.0000","140.0000","3869.0220","6553.5000","219.1040","0.0000","0.0000","0.0000","0.0000","80.0000","219.1630","19.1000","43.0000","950.5049","0.0689","-0.0200","3.3840","0.6304","2.5000","12.1000","2.5500","0.0000","0.0580"
"2.350","0.1118","14","0.0000","0.0000","-10.0018","-68.8991","0.0000","10.3363","26.4850","0.1700","10000.0000","45.50446111","-75.54472980","19.5736","12.3668","860.0000","40.4062","16.9445","33.9062","42.2812","2.0000","0.0875","0.0073","-1.0154","-0.3932","0.1461","0.0985","100.0000","140.0000","4020.1208","6553.5000","222.0420","0.0000","0.0000","0.0000","0.0000","80.0000","222.0990","19.1000","43.0000","950.5049","0.0633","-0.0200","3.3950","0.6007","2.5000","12.0930","2.5500","0.0000","0.0595"
"2.400","0.1496","14","0.0000","0.0000","-9.2574","37.9164","0.0000","10.3372","26.3350","0.1700","10000.0000","45.50446111","-75.54472974","19.5780","12.4007","860.0000","40.4359","16.9531","33.9078","42.2812","2.0000","0.0522","0.0090","-1.0306","-0.4222","0.1374","0.1336","100.0000","140.2000","4150.8999","6553.5000","224.8920","0.0000","0.0000","0.0000","0.0000","80.0000","224.9490","19.1000","43.0000","950.5049","0.0622","-0.0200","3.3467","0.5709","2.5000","12.0430","2.5500","0.0000","0.0614"
"2.450","0.1762","14","0.0000","0.0000","-10.2951","128.3413","0.0000","10.3379","26.1800","0.1695","10000.0000","45.50446110","-75.54472969","19.5825","12.4346","860.0000","40.4062","16.9531","33.9062","42.2812","2.0000","0.0814","0.0111","-1.0232","-0.4427","0.1586","0.1386","100.0000","150.0000","4200.3999","6553.5000","227.6400","0.0000","0.0000","0.0000","0.0000","80.0000","227.6800","19.1000","43.0000","950.5049","0.0678","-0.0200","3.4010","0.5404","2.5000","12.0070","2.5500","0.0000","0.0636"
"2.500","0.1024","14","0.0000","0.0000","-27.3714","71.2514","0.0000","10.3370","25.9800","0.1645","10000.0000","45.50446111","-75.54472975","19.5870","12.4685","859.5500","40.4062","16.9367","33.9062","42.2812","2.0000","0.1370","0.0184","-1.0226","-0.4604","0.1823","0.1034","100.0000","149.9038","4231.2002","6553.5000","229.6400","0.0000","0.0000","0.0000","0.0000","80.0000","229.6800","19.1000","43.0000","950.5049","0.0700","-0.0200","3.4810","0.5155","2.4900","12.0570","2.5500","0.0000","0.0655"
"2.550","0.0373","14","0.0000","0.0000","-40.9506","12.1322","0.0000","10.3363","25.7900","0.1610","10000.0000","45.50446112","-75.54472980","19.5914","12.5024","859.7250","40.4062","16.9375","33.9062","42.2812","2.0000","0.1703","0.0260","-1.0316","-0.4685","0.1952","0.0580","100.0000","145.0962","4187.2002","6553.5000","231.6220","0.0000","0.0000","0.0000","0.0000","80.0000","231.6590","19.1000","43.0000","950.5049","0.0700","-0.0200","3.4060","0.5130","2.4400","12.1000","2.5500","0.0000","0.0665"
"2.600","0.0505","14","0.0000","0.0000","-23.0555","-65.2505","0.0000","10.3363","25.6900","0.1710","10000.0000","45.50446112","-75.54472980","19.5938","12.5173","860.0000","40.4062","16.9516","33.9062","42.2812","2.0000","0.1582","0.0146","-1.0197","-0.4688","0.1840","0.0314","100.0000","140.2885","4135.3999","6553.5000","233.4720","0.0000","0.0000","0.0000","0.0000","80.0000","233.5090","19.0900","43.0000","950.5049","0.0656","-0.0200","3.3521","0.5150","2.4000","12.1000","2.5500","0.0000","0.0672"
"2.650","0.0636","14","0.0000","0.0000","-6.9721","-130.3496","0.0000","10.3366","25.5850","0.1795","10000.0000","45.50446112","-75.54472980","19.5938","12.5115","860.0000","40.4062","16.9375","33.9062","42.2812","2.0000","0.1573","-0.0052","-1.0057","-0.4755","0.1769","0.0280","100.0000","140.0000","4052.3999","6553.5000","235.2380","0.0000","0.0000","0.0000","0.0000","80.0000","235.2610","19.0400","43.0000","950.5049","0.0600","-0.0200","3.3827","0.5350","2.4000","12.1070","2.5500","0.0000","0.0680"
"2.700","0.0766","14","0.0000","0.0000","-7.1950","-84.8963","0.0000","10.3402","25.4350","0.1745","10000.0000","45.50446115","-75.54472980","19.5938","12.5058","859.5250","40.4062","16.9375","33.9062","42.2812","2.0000","0.1016","-0.0115","-1.0083","-0.4709","0.2558","0.1087","100.0000","140.0000","3989.1313","6553.5000","236.3880","0.0000","0.0000","0.0000","0.0000","80.0000","236.4110","19.0000","43.0000","950.5049","0.0600","-0.0200","3.3974","0.5518","2.4101","12.1570","2.5500","0.0000","0.0690"
"2.750","0.0916","14","0.0000","0.0000","-7.2092","-49.6264","0.0000","10.3431","25.2850","0.1705","10000.0000","45.50446117","-75.54472980","19.5938","12.5001","860.0000","40.4062","16.9375","33.9062","42.2812","2.0000","-0.0716","-0.0368","-0.9916","-0.3852","0.5575","0.4276","100.0000","144.7475","4004.7878","6553.5000","237.6580","0.0000","0.0000","0.0000","0.0000","80.0000","237.7010","19.0000","43.0000","950.5049","0.0600","-0.0200","3.3886","0.5558","2.4606","12.2000","2.5500","0.0000","0.0701"
"2.800","0.1260","14","0.0000","0.0000","-5.3451","-106.0064","0.0000","10.3404","25.1350","0.1755","10000.0000","45.50446114","-75.54472974","19.5938","12.4944","860.0000","40.4062","16.9664","33.9062","42.2812","2.0000","-0.1336","-0.0558","-0.9856","-0.2893","0.7900","0.7163","100.0000","149.7980","4025.3110","6553.5000","239.8080","0.0000","0.0000","0.0000","0.0000","80.0000","239.8510","18.9878","43.0000","950.5049","0.0600","-0.0200","3.3930","0.5578","2.5000","12.2000","2.5500","0.0000","0.0716"
"2.850","0.1579","14","0.0000","0.0000","-4.0361","-147.0299","0.0000","10.3377","24.9900","0.1795","10000.0000","45.50446110","-75.54472968","19.5938","12.4887","860.0000","40.4062","16.9375","33.9062","42.2812","2.0000","-0.0189","-0.0528","-1.0066","-0.2610","0.7405","0.7153","100.0000","150.0000","4063.0889","6553.5000","241.9640","0.0000","0.0000","0.0000","0.0000","80.0000","242.0080","18.9322","43.0000","950.5049","0.0600","-0.0200","3.4063","0.5522","2.5000","12.2000","2.5500","0.0000","0.0736"
"2.900","0.1676","14","0.0000","0.0000","-7.7228","-49.8448","0.0000","10.3343","24.8900","0.1745","10000.0000","45.50446113","-75.54472966","19.5938","12.4830","859.5000","40.4062","16.9367","33.9078","42.2812","2.0000","0.0250","-0.0496","-1.0114","-0.2639","0.5571","0.5464","100.0000","150.0000","4104.3667","6553.5000","244.1640","0.0000","0.0000","0.0000","0.0000","80.0000","244.2080","18.9233","43.0000","950.5049","0.0600","-0.0200","3.4148","0.5474","2.5000","12.2000","2.5500","0.0000","0.0759"
"2.950","0.1750","14","0.0000","0.0000","-11.1615","34.8792","0.0000","10.3316","24.7850","0.1705","10000.0000","45.50446116","-75.54472965","19.5938","12.4773","859.7750","40.4062","16.9305","33.9062","42.2812","2.0000","0.0211","-0.0375","-1.0098","-0.2872","0.3877","0.3594","100.0000","150.0000","4150.4775","6553.5000","246.3340","0.0000","0.0000","0.0000","0.0000","80.0000","246.3730","18.9789","43.0000","950.5049","0.0600","-0.0200","3.4220","0.5435","2.5000","12.2000","2.5500","0.0000","0.0782"
"3.000","0.1610","14","0.0000","0.0000","-12.3684","7.4532","0.0000","10.3350","24.6350","0.1755","10000.0000","45.50446113","-75.54472967","19.5938","12.4715","860.0000","40.4062","16.9523","33.9359","42.2812","2.0000","-0.0089","-0.0340","-0.9998","-0.3416","0.2827","0.1953","100.0000","150.0000","4154.5669","6553.5000","248.2840","0.0000","0.0000","0.0000","0.0000","80.0000","248.3230","18.9656","43.0000","950.5049","0.0600","-0.0200","3.4103","0.5358","2.4656","12.2000","2.5500","0.0000","0.0806"
"3.050","0.1542","14","0.0000","0.0000","-13.2336","-22.1357","0.0000","10.3375","24.4900","0.1795","10000.0000","45.50446109","-75.54472969","19.5938","12.4658","860.0000","40.4203","16.9375","33.9062","42.2812","2.0000","-0.0485","-0.0068","-0.9668","-0.4069","0.2416","0.0446","100.0000","150.0000","4132.8999","6553.5000","250.1740","0.0000","0.0000","0.0000","0.0000","80.0000","250.2030","18.9100","43.0000","950.5049","0.0600","-0.0156","3.4050","0.5258","2.4100","12.1930","2.5500","0.0000","0.0828"
"3.100","0.2123","14","0.0000","0.0000","-11.0222","-71.1920","0.0000","10.3329","24.3900","0.1745","10000.0000","45.50446100","-75.54472977","19.5938","12.4601","860.0000","40.4078","16.9219","33.9062","42.2812","2.0000","-0.1210","-0.0345","-0.9430","-0.4443","0.2397","-0.0643","100.0000","150.0000","4105.3110","6553.5000","251.6240","0.0000","0.0000","0.0000","0.0000","80.0000","251.6530","18.9000","43.0000","950.5049","0.0600","-0.0100","3.4250","0.5317","2.4456","12.1430","2.5500","0.0000","0.0854"
"3.150","0.2601","14","0.0000","0.0000","-9.2568","-101.4537","0.0000","10.3289","24.2900","0.1705","10000.0000","45.50446092","-75.54472983","19.5938","12.4544","860.0000","40.4062","16.9445","33.9203","42.2812","2.0000","-0.1208","-0.0421","-0.9711","-0.4564","0.2415","-0.1072","100.0000","134.6875","4077.5779","6553.5000","253.1100","0.0000","0.0000","0.0000","0.0000","80.0000","253.1450","18.9000","43.0000","950.5049","0.0656","-0.0156","3.4141","0.5411","2.5000","12.1070","2.5500","0.0000","0.0886"
"3.200","0.2160","14","0.0000","0.0000","-11.5044","37.4352","0.0000","10.3296","24.1900","0.1755","10000.0000","45.50446085","-75.54472979","19.5938","12.4487","860.0000","40.4062","16.9516","33.9078","42.2812","2.0000","0.0288","0.0023","-1.0407","-0.4551","0.2188","-0.1032","100.0000","121.2000","4106.4668","6553.5000","254.8600","0.0000","0.0000","0.0000","0.0000","80.0000","254.8950","18.9000","43.0000","950.5049","0.0689","-0.0200","3.3569","0.5461","2.5000","12.1570","2.5500","0.0000","0.0918"
"3.250","0.1711","14","0.0000","0.0000","-14.9880","155.3070","0.0000","10.3302","24.0850","0.1790","10000.0000","45.50446079","-75.54472974","19.5938","12.4430","860.0000","40.4062","16.9461","33.9062","42.2641","2.0000","0.1027","0.0275","-1.0439","-0.4335","0.1683","-0.0553","100.0000","140.0000","4141.1001","6553.5000","256.6160","0.0000","0.0000","0.0000","0.0000","80.0000","256.6520","18.9000","43.0000","950.5049","0.0633","-0.0200","3.3683","0.5447","2.4878","12.2000","2.5500","0.0000","0.0945"
"3.300","0.1190","14","0.0000","0.0000","-29.5944","84.0246","0.0000","10.3302","23.9350","0.1690","10000.0000","45.50446079","-75.54472974","19.5938","12.4373","860.0000","40.4078","16.9375","33.9062","42.2516","2.0000","0.1134","-0.0059","-0.9857","-0.4089","0.1343","0.0329","100.0000","140.2752","4196.1001","6553.5000","258.4160","0.0000","0.0000","0.0000","0.0000","80.0000","258.4520","18.9000","43.0000","950.5049","0.0622","-0.0178","3.4256","0.5209","2.4322","12.2000","2.5500","0.0000","0.0965"
"3.350","0.0776","14","0.0000","0.0000","-41.1641","10.8810","0.0000","10.3302","23.7900","0.1610","10000.0000","45.50446078","-75.54472975","19.5938","12.4315","860.0000","40.4062","16.9305","33.9375","42.2672","2.0000","0.0327","-0.0398","-0.9955","-0.3982","0.1400","0.1224","100.0000","144.8624","4201.1665","6553.5000","260.2280","0.0000","0.0000","0.0000","0.0000","80.0000","260.2660","18.9000","43.0000","950.5049","0.0678","-0.0122","3.4077","0.5068","2.4233","12.1650","2.5500","0.0000","0.0979"
"3.400","0.1334","14","0.0000","0.0000","-25.4039","-79.0140","0.0000","10.3300","23.6900","0.1710","10000.0000","45.50446072","-75.54472976","19.5938","12.4258","859.5250","40.4078","16.9672","33.9078","42.2812","2.0000","0.0883","-0.0225","-1.0308","-0.3921","0.1486","0.1492","100.0000","149.4495","4137.2778","6553.5000","262.1280","0.0000","0.0000","0.0000","0.0000","80.0000","262.1660","18.9000","43.0000","950.5049","0.0667","-0.0133","3.3710","0.5062","2.4789","11.9150","2.5500","0.0000","0.0994"
"3.450","0.1818","14","0.0000","0.0000","-10.9758","-153.7210","0.0000","10.3298","23.5900","0.1800","10000.0000","45.50446066","-75.54472978","19.5938","12.4201","859.7750","40.4375","16.9305","33.9203","42.2500","2.0000","0.1557","-0.0075","-1.0486","-0.3894","0.1522","0.1009","100.0000","120.6667","4104.7334","6553.5000","263.9140","0.0000","0.0000","0.0000","0.0000","80.0000","263.9330","18.8656","43.0000","950.5049","0.0611","-0.0189","3.3521","0.5163","2.4656","11.7140","2.5500","0.0000","0.1016"
"3.500","0.1642","14","0.0000","0.0000","-8.5383","-91.7362","0.0000","10.3289","23.4900","0.1800","10000.0000","45.50446067","-75.54472984","19.5938","12.4144","859.5000","40.4062","16.9227","33.9062","42.2797","2.0000","0.0481","-0.0187","-0.9966","-0.3940","0.1716","0.0267","100.0000","116.6667","4091.3999","6553.5000","264.8640","0.0000","0.0000","0.0000","0.0000","80.0000","264.8830","18.8100","43.0000","950.5049","0.0600","-0.0200","3.3444","0.5330","2.4100","11.8140","2.5500","0.0000","0.1040"
"3.550","0.1436","14","0.0000","0.0000","-7.9728","-40.0706","0.0000","10.3276","23.3900","0.1785","10000.0000","45.50446067","-75.54472991","19.5938","12.4087","860.0000","40.4375","16.9305","33.9062","42.2500","2.0000","-0.1042","-0.0218","-0.9613","-0.4078","0.2072","-0.0338","100.0000","134.1270","4107.2222","6553.5000","265.9100","0.0000","0.0000","0.0000","0.0000","80.0000","265.9450","18.8000","43.0000","950.5049","0.0600","-0.0200","3.3817","0.5369","2.4456","11.9070","2.5500","0.0000","0.1061"
"3.600","0.0948","14","0.0000","0.0000","-24.2552","-81.2779","0.0000","10.3232","23.2900","0.1635","10000.0000","45.50446065","-75.54472997","19.5938","12.4030","860.0000","40.4062","16.9383","33.9062","42.2500","2.0000","-0.1204","-0.0311","-0.9708","-0.4326","0.2463","-0.0490","100.0000","150.0000","4129.5166","6553.5000","267.6600","0.0000","0.0000","0.0000","0.0000","80.0000","267.6950","18.8000","43.0000","950.5049","0.0600","-0.0200","3.3736","0.5378","2.4989","11.9570","2.5500","0.0000","0.1078"
"3.650","0.0502","14","0.0000","0.0000","-39.1009","-111.4526","0.0000","10.3191","23.1900","0.1495","10000.0000","45.50446063","-75.54473003","19.5938","12.3932","860.0000","40.4203","16.9391","33.9234","42.2672","2.0000","-0.0422","-0.0483","-0.9922","-0.4534","0.2588","-0.0224","100.0000","150.0000","4155.3408","6553.5000","269.4700","0.0000","0.0000","0.0000","0.0000","80.0000","269.5150","18.8000","43.0000","950.5049","0.0611","-0.0200","3.2974","0.5290","2.4440","12.0070","2.5500","0.0000","0.1088"
"3.700","0.0427","14","0.0000","0.0000","-41.0163","-42.3352","0.0000","10.3182","23.0900","0.1445","10000.0000","45.50446064","-75.54473009","19.5938","12.3791","860.0250","40.4375","16.9219","33.9062","42.2500","2.0000","0.0504","-0.0105","-1.0160","-0.4702","0.2410","0.0125","100.0000","150.0000","4165.2998","6553.5000","271.7200","0.0000","0.0000","0.0000","0.0000","80.0000","271.7650","18.8000","43.0000","950.5049","0.0667","-0.0200","3.3160","0.5245","2.4000","12.0570","2.5500","0.0000","0.1094"
"3.750","0.0396","14","0.0000","0.0000","-40.9843","26.1486","0.0000","10.3175","22.9900","0.1420","10000.0000","45.50446065","-75.54473015","19.5938","12.3650","859.7250","40.4375","16.9461","33.9062","42.2641","2.0000","0.1196","0.0263","-1.0096","-0.4746","0.2247","0.0170","100.0000","149.7273","4111.7998","6553.5000","273.9100","0.0000","0.0000","0.0000","0.0000","80.0000","273.9450","18.8000","43.0000","950.5049","0.0700","-0.0200","3.3977","0.5370","2.4000","11.9810","2.5500","0.0000","0.1100"
"3.800","0.0756","14","0.0000","0.0000","-23.4261","88.9300","0.0000","10.3175","22.8900","0.1620","10000.0000","45.50446065","-75.54473015","19.5938","12.3509","859.5000","40.4375","16.9375","33.9062","42.2797","1.8200","0.2107","0.0227","-0.9819","-0.4666","0.2240","-0.0047","100.0000","145.1818","4070.6001","6553.5000","275.6600","0.0000","0.0000","0.0000","0.0000","80.0000","275.6950","18.7900","43.0000","950.5049","0.0700","-0.0200","3.3522","0.5466","2.4000","11.1310","2.5500","0.0000","0.1108"
"3.850","0.1057","14","0.0000","0.0000","-7.4749","136.9315","0.0000","10.3174","22.7900","0.1800","10000.0000","45.50446065","-75.54473015","19.5938","12.3369","860.0000","40.4203","16.9289","33.9062","42.2500","1.0000","0.2454","0.0064","-1.0002","-0.4412","0.2274","-0.0446","100.0000","140.6364","4078.6001","6553.5000","277.3380","0.0000","0.0000","0.0000","0.0000","80.0000","277.3610","18.7400","43.0000","950.5049","0.0667","-0.0200","3.2750","0.5446","2.4000","10.4140","2.5500","0.0000","0.1121"
"3.900","0.0829","14","0.0000","0.0000","-5.9868","51.9138","0.0000","10.3165","22.6900","0.1800","10000.0000","45.50446065","-75.54473022","19.5938","12.3228","860.0000","40.4375","16.9227","33.9062","42.2484","1.0000","0.1351","-0.0255","-0.9930","-0.4106","0.2292","-0.0787","100.0000","140.0000","4074.7000","6553.5000","278.4880","0.0000","0.0000","0.0000","0.0000","80.0000","278.5110","18.7000","43.0000","950.5049","0.0611","-0.0200","3.0939","0.5466","2.4000","10.5140","2.5500","0.0000","0.1134"
"3.950","0.0643","14","0.0000","0.0000","-6.3605","-29.2903","0.0000","10.3152","22.5950","0.1790","10000.0000","45.50446065","-75.54473028","19.5938","12.3087","860.0000","40.4375","16.9461","33.9234","42.2500","1.0000","-0.0468","-0.0519","-0.9797","-0.3868","0.2489","-0.0861","100.0000","140.0000","4023.2000","6553.5000","279.7125","0.0000","0.0000","0.0000","0.0000","80.0000","279.7479","18.7000","43.0000","950.5049","0.0644","-0.0200","2.9491","0.5646","2.4000","10.6365","2.5500","0.0000","0.1144"
"4.000","0.0841","14","0.0000","0.0000","-23.4915","-76.1714","0.0000","10.3106","22.5450","0.1690","10000.0000","45.50446057","-75.54473036","19.5938","12.2946","860.0000","40.4078","16.9523","33.9359","42.2500","1.1800","-0.1030","-0.0501","-1.0039","-0.3793","0.2880","-0.0949","100.0000","144.6237","3986.5264","6553.5000","281.4833","0.0000","0.0000","0.0000","0.0000","80.0000","281.5187","18.7000","43.0000","950.5049","0.0700","-0.0200","2.9497","0.5771","2.4000","10.8969","2.5500","0.0000","0.1155"
"4.050","0.1075","14","0.0000","0.0000","-37.4677","-116.4252","0.0000","10.3064","22.4900","0.1605","10000.0000","45.50446049","-75.54473043","19.5938","12.2805","859.7750","40.4375","16.9375","33.9375","42.2500","2.0000","0.0277","-0.0245","-1.0225","-0.3804","0.3107","-0.1068","100.0000","150.0000","4009.1580","6553.5000","283.2800","0.0000","0.0000","0.0000","0.0000","80.0000","283.3180","18.7000","43.0000","950.5049","0.0700","-0.0200","3.0075","0.5676","2.4000","11.1220","2.5500","0.0000","0.1168"
"4.100","0.1646","14","0.0000","0.0000","-23.0511","-97.0333","0.0000","10.3055","22.3900","0.1655","10000.0000","45.50446050","-75.54473050","19.5938","12.2664","859.5250","40.4375","16.9523","33.9078","42.2500","2.0000","0.1145","-0.0134","-1.0258","-0.3803","0.3256","-0.0892","100.0000","140.0000","4035.6667","6553.5000","285.1800","0.0000","0.0000","0.0000","0.0000","80.0000","285.2180","18.7000","43.0000","950.5049","0.0700","-0.0200","3.1513","0.5598","2.4000","11.2220","2.5500","0.0000","0.1188"
"4.150","0.2077","14","0.0000","0.0000","-13.5636","-70.9852","0.0000","10.3047","22.2900","0.1685","10000.0000","45.50446050","-75.54473055","19.5938","12.2523","859.5000","40.4203","16.9305","33.9062","42.2500","2.0000","0.0410","-0.0293","-1.0199","-0.3823","0.3367","-0.0448","100.0000","140.0000","4071.2222","6553.5000","286.9900","0.0000","0.0000","0.0000","0.0000","80.0000","287.0190","18.7000","43.0000","950.5049","0.0700","-0.0200","3.2431","0.5559","2.4000","11.3220","2.5500","0.0000","0.1213"
"4.200","0.1252","14","0.0000","0.0000","-48.4378","14.9694","0.0000","10.3045","22.1900","0.1535","10000.0000","45.50446044","-75.54473057","19.5938","12.2382","860.0000","40.4375","16.9367","33.9375","42.2500","2.0000","-0.0744","-0.0098","-1.0206","-0.3859","0.3541","-0.0069","100.0000","140.0000","4103.4443","6553.5000","288.4400","0.0000","0.0000","0.0000","0.0000","80.0000","288.4690","18.7000","43.0000","950.5049","0.0700","-0.0200","3.2786","0.5532","2.4000","11.4220","2.5500","0.0000","0.1235"
"4.250","0.0528","14","0.0000","0.0000","-76.9400","80.3353","0.0000","10.3039","22.0950","0.1410","10000.0000","45.50446038","-75.54473059","19.5938","12.2241","860.0000","40.4375","16.9305","33.9516","42.2359","2.0000","-0.1596","0.0042","-1.0006","-0.3932","0.3489","-0.0004","100.0000","140.0000","4132.3335","6553.5000","289.8200","0.0000","0.0000","0.0000","0.0000","80.0000","289.8420","18.7000","43.0000","950.5049","0.0700","-0.0200","3.2658","0.5515","2.4000","11.5110","2.5500","0.0000","0.1247"
"4.300","0.0714","14","0.0000","0.0000","-48.0943","-39.5962","0.0000","10.2995","22.0450","0.1510","10000.0000","45.50446035","-75.54473065","19.5938","12.2100","859.9750","40.4359","16.9375","33.9375","42.2500","2.0000","-0.1773","-0.0215","-0.9869","-0.3974","0.2983","-0.0323","100.0000","140.0000","4116.1113","6553.5000","290.9200","0.0000","0.0000","0.0000","0.0000","80.0000","290.9420","18.7000","43.0000","950.5049","0.0673","-0.0200","3.2303","0.5436","2.4000","11.5610","2.5500","0.0000","0.1257"
"4.350","0.0863","14","0.0000","0.0000","-22.0699","-136.7991","0.0000","10.2958","21.9900","0.1585","10000.0000","45.50446033","-75.54473071","19.5938","12.1959","860.0000","40.4375","16.9375","33.9375","42.2500","2.0000","-0.1329","-0.0397","-1.0084","-0.4145","0.2275","-0.0442","100.0000","140.0000","4080.5557","6553.5000","291.9300","0.0000","0.0000","0.0000","0.0000","80.0000","291.9430","18.7000","43.0000","950.5049","0.0618","-0.0200","3.2803","0.5331","2.4000","11.6000","2.5500","0.0000","0.1267"
"4.400","0.0677","14","0.0000","0.0000","-21.4362","-29.4451","0.0000","10.2992","21.8900","0.1435","10000.0000","45.50446030","-75.54473072","19.5938","12.1818","860.0000","40.4375","16.9234","33.9375","42.2500","2.0000","0.0166","-0.0186","-1.0295","-0.4205","0.1796","-0.0145","100.0000","145.1136","4051.0000","6553.5000","292.5800","0.0000","0.0000","0.0000","0.0000","80.0000","292.5930","18.6500","43.0000","950.5049","0.0638","-0.0200","3.3383","0.5435","2.4000","11.6000","2.5500","0.0000","0.1278"
"4.450","0.0568","14","0.0000","0.0000","-20.6318","57.2694","0.0000","10.3018","21.7950","0.1320","10000.0000","45.50446027","-75.54473075","19.5938","12.1677","860.0000","40.4375","16.9375","33.9375","42.2328","2.0000","0.1227","-0.0035","-1.0234","-0.3930","0.1783","0.0266","100.0000","150.0000","4029.0000","6553.5000","293.4600","0.0000","0.0000","0.0000","0.0000","80.0000","293.4960","18.6000","43.0000","950.5049","0.0693","-0.0200","3.3550","0.5548","2.4000","11.6110","2.5500","0.0000","0.1287"
"4.500","0.1158","14","0.0000","0.0000","-18.2914","-41.7719","0.0000","10.2974","21.7450","0.1520","10000.0000","45.50446025","-75.54473081","19.5938","12.1536","860.0000","40.4375","16.9367","33.9391","42.2500","2.0000","0.0664","-0.0222","-0.9975","-0.3735","0.1926","0.0513","100.0000","149.8000","4069.0000","6553.5000","295.2600","0.0000","0.0000","0.0000","0.0000","80.0000","295.2960","18.6000","43.0000","950.5049","0.0700","-0.0200","3.3647","0.5526","2.4000","11.6610","2.5500","0.0000","0.1299"
"4.550","0.1622","14","0.0000","0.0000","-17.5128","-123.3701","0.0000","10.2937","21.6900","0.1695","10000.0000","45.50446022","-75.54473086","19.5938","12.1395","860.2750","40.4516","16.9305","33.9516","42.2500","2.0000","-0.0320","-0.0253","-1.0082","-0.3780","0.2007","0.0740","100.0000","140.0000","4101.0000","6553.5000","296.9900","0.0000","0.0000","0.0000","0.0000","80.0000","297.0190","18.6000","43.0000","950.5049","0.0704","-0.0196","3.3563","0.5523","2.4000","11.6890","2.5500","0.0000","0.1317"
"4.600","0.0958","14","0.0000","0.0000","-30.7904","-47.9803","0.0000","10.2971","21.5900","0.1645","10000.0000","45.50446019","-75.54473088","19.5938","12.1254","860.0000","40.4375","16.9367","33.9375","42.2500","2.0000","-0.0350","0.0096","-1.0467","-0.3749","0.2033","0.1204","100.0000","140.0000","4114.3335","6553.5000","298.4400","0.0000","0.0000","0.0000","0.0000","80.0000","298.4690","18.6000","43.0000","950.5049","0.0760","-0.0140","3.3128","0.5568","2.4000","11.6390","2.5500","0.0000","0.1335"
"4.650","0.0367","14","0.0000","0.0000","-41.7219","25.4884","0.0000","10.2997","21.4950","0.1595","10000.0000","45.50446016","-75.54473090","19.5938","12.1113","860.0000","40.4234","16.9516","33.9547","42.2641","2.0000","0.0338","0.0211","-1.0330","-0.3559","0.1993","0.1616","100.0000","128.0166","4105.4443","6553.5000","299.8100","0.0000","0.0000","0.0000","0.0000","80.0000","299.8310","18.6000","43.0000","950.5049","0.0784","-0.0116","3.2311","0.5504","2.4000","11.6110","2.5500","0.0000","0.1344"
"4.700","0.0442","14","0.0000","0.0000","-31.5392","81.6676","0.0000","10.2953","21.4450","0.1545","10000.0000","45.50446014","-75.54473096","19.5938","12.1067","859.5250","40.4359","16.9680","33.9375","42.2516","2.0000","0.1268","-0.0044","-1.0014","-0.3486","0.2055","0.1490","100.0000","115.5340","4074.3333","6553.5000","300.8600","0.0000","0.0000","0.0000","0.0000","80.0000","300.8810","18.6000","43.0000","950.5049","0.0729","-0.0171","3.2575","0.5332","2.4000","11.6610","2.5500","0.0000","0.1350"
"4.750","0.0509","14","0.0000","0.0000","-23.1124","123.6374","0.0000","10.2913","21.3900","0.1500","10000.0000","45.50446012","-75.54473102","19.5938","12.1125","859.5000","40.4234","16.9703","33.9234","42.2500","2.0000","0.1823","-0.0241","-1.0080","-0.3513","0.2226","0.0792","100.0000","114.2857","4068.1111","6553.5000","301.9200","0.0000","0.0000","0.0000","0.0000","80.0000","301.9420","18.5611","43.0000","950.5049","0.0727","-0.0200","3.3347","0.5338","2.4000","11.7110","2.3670","0.0000","0.1356"
"4.800","0.0509","14","0.0000","0.0000","-30.4895","37.7231","0.0000","10.2913","21.2900","0.1500","10000.0000","45.50446012","-75.54473102","19.5938","12.1182","859.5000","40.4062","16.9531","33.9359","42.2797","2.0000","0.1471","-0.0322","-1.0033","-0.3499","0.2324","0.0200","100.0000","137.4286","4072.5557","6553.5000","303.0200","0.0000","0.0000","0.0000","0.0000","80.0000","303.0420","18.5056","43.0000","950.5049","0.0782","-0.0200","3.3680","0.5422","2.4000","11.7610","1.4520","0.0000","0.1363"
"4.850","0.0551","14","0.0000","0.0000","-35.7397","-28.9848","0.0000","10.2916","21.1950","0.1515","10000.0000","45.50446011","-75.54473102","19.5938","12.1239","859.5000","40.4062","16.9688","33.9203","42.2500","2.0000","0.0401","-0.0326","-1.0072","-0.3484","0.2429","-0.0065","100.0000","140.0000","4107.0000","6553.5000","304.0700","0.0000","0.0000","0.0000","0.0000","80.0000","304.0870","18.5000","43.0000","950.5049","0.0800","-0.0162","3.3854","0.5515","2.4000","11.7890","0.7240","0.0000","0.1371"
"4.900","0.0970","14","0.0000","0.0000","-21.8478","77.1655","0.0000","10.2950","21.1450","0.1665","10000.0000","45.50446008","-75.54473104","19.5938","12.1296","859.5250","40.4078","16.9383","33.9672","42.2797","2.0000","-0.1044","-0.0354","-0.9859","-0.3683","0.2501","-0.0108","100.0000","137.0000","4138.5557","6553.5000","304.9200","0.0000","0.0000","0.0000","0.0000","80.0000","304.9370","18.5000","43.0000","950.5049","0.0800","-0.0107","3.2904","0.5590","2.4000","11.7390","0.7440","0.0000","0.1382"
"4.950","0.1320","14","0.0000","0.0000","-9.3007","168.1306","0.0000","10.2980","21.0950","0.1790","10000.0000","45.50446005","-75.54473106","19.5938","12.1353","859.7250","40.4062","16.9602","33.9688","42.2500","2.0000","-0.1832","-0.0010","-0.9559","-0.4180","0.2269","-0.0046","100.0000","133.6667","4114.1113","6553.5000","305.8800","0.0000","0.0000","0.0000","0.0000","80.0000","305.9080","18.5000","43.0000","950.5049","0.0849","-0.0100","3.2310","0.5490","2.4000","11.7110","0.7610","0.0000","0.1397"
"5.000","0.1049","14","0.0000","0.0000","-8.8554","122.4298","0.0000","10.2971","21.0450","0.1690","10000.0000","45.50446006","-75.54473112","19.5938","12.1410","859.5250","40.4062","16.9531","33.9391","42.2500","2.0000","-0.1132","0.0161","-0.9765","-0.4437","0.1700","0.0018","100.0000","116.1905","4090.3333","6553.5000","307.2800","0.0000","0.0000","0.0000","0.0000","80.0000","307.3080","18.5000","43.0000","950.5049","0.0900","-0.0104","3.2632","0.5423","2.4000","11.7610","0.7660","0.0000","0.1413"
"5.050","0.0805","14","0.0000","0.0000","-8.8688","77.9083","0.0000","10.2963","20.9900","0.1605","10000.0000","45.50446007","-75.54473117","19.5938","12.1467","859.7250","40.4234","16.9531","33.9062","42.2500","2.0000","-0.0155","-0.0081","-0.9859","-0.4146","0.1197","0.0204","100.0000","114.2857","4068.1111","6553.5000","308.7000","0.0000","0.0000","0.0000","0.0000","80.0000","308.7300","18.5000","43.0000","950.5049","0.0900","-0.0160","3.2984","0.5434","2.4000","11.8000","0.7680","0.0000","0.1426"
"5.100","0.0805","14","0.0000","0.0000","-13.0116","44.0003","0.0000","10.2963","20.8900","0.1655","10000.0000","45.50446007","-75.54473117","19.5938","12.1525","859.5000","40.4062","16.9688","33.9062","42.2797","2.0000","-0.1734","-0.0645","-0.9638","-0.3580","0.1098","0.0419","100.0000","113.3291","4074.7778","6553.5000","310.2000","0.0000","0.0000","0.0000","0.0000","80.0000","310.2300","18.5000","43.0000","950.5049","0.0900","-0.0200","3.3367","0.5440","2.4000","11.8000","0.7580","0.0000","0.1437"
"5.150","0.0796","14","0.0000","0.0000","-16.1354","11.5788","0.0000","10.2963","20.7950","0.1705","10000.0000","45.50446006","-75.54473118","19.5938","12.1582","859.7750","40.4203","16.9547","33.9203","42.2641","2.0000","-0.1763","-0.0583","-0.9948","-0.3084","0.1309","0.0624","100.0000","115.3514","4110.3335","6553.5000","311.7100","0.0000","0.0000","0.0000","0.0000","80.0000","311.7410","18.5000","43.0000","950.5049","0.0900","-0.0200","3.3754","0.5440","2.4000","11.7890","0.7510","0.0000","0.1448"
"5.200","0.0705","14","0.0000","0.0000","-10.0891","-7.4638","0.0000","10.2962","20.7450","0.1755","10000.0000","45.50446000","-75.54473119","19.5938","12.1639","859.5000","40.4375","16.9680","33.9359","42.2500","2.0000","0.0135","-0.0021","-1.0423","-0.2821","0.1450","0.0636","100.0000","128.3122","4134.6113","6553.5000","313.2600","0.0000","0.0000","0.0000","0.0000","80.0000","313.2910","18.5000","43.0000","950.5049","0.0900","-0.0200","3.4143","0.5467","2.4000","11.7390","0.7560","0.0000","0.1459"
"5.250","0.0673","14","0.0000","0.0000","-5.3921","-32.0319","0.0000","10.2952","20.6950","0.1800","10000.0000","45.50445994","-75.54473121","19.5938","12.1696","859.7750","40.4062","16.9531","33.9203","42.2641","2.0000","0.1447","0.0273","-1.0338","-0.2770","0.1346","0.0520","100.0000","128.5714","4154.0557","6553.5000","314.6600","0.0000","0.0000","0.0000","0.0000","80.0000","314.6760","18.5000","43.0000","950.5049","0.0900","-0.0200","3.3232","0.5506","2.4000","11.7110","0.7600","0.0000","0.1469"
"5.300","0.1166","14","0.0000","0.0000","-12.8388","-106.3291","0.0000","10.2872","20.6450","0.1800","10000.0000","45.50445988","-75.54473127","19.5938","12.1753","859.5250","40.4062","16.9680","33.9359","42.2812","2.0000","0.1727","0.0289","-0.9923","-0.3000","0.1128","0.0500","100.0000","128.5714","4078.5000","6553.5000","315.4600","0.0000","0.0000","0.0000","0.0000","80.0000","315.4760","18.4500","43.0000","950.5049","0.0862","-0.0200","3.2278","0.5465","2.4000","11.7610","0.7600","0.0000","0.1482"
"5.350","0.1574","14","0.0000","0.0000","-19.5405","-165.1230","0.0000","10.2803","20.5950","0.1795","10000.0000","45.50445984","-75.54473133","19.5938","12.1810","859.5000","40.4062","16.9531","33.9203","42.2641","2.0000","0.1923","0.0199","-0.9962","-0.3364","0.1175","0.0554","100.0000","128.5714","4001.8889","6553.5000","316.2400","0.0000","0.0000","0.0000","0.0000","80.0000","316.2540","18.4000","43.0000","950.5049","0.0807","-0.0200","3.2872","0.5427","2.4000","11.7890","0.7610","0.0000","0.1500"
"5.400","0.1209","14","0.0000","0.0000","-19.5369","-84.3866","0.0000","10.2839","20.5450","0.1745","10000.0000","45.50445987","-75.54473133","19.5938","12.1867","859.5000","40.4062","16.9531","33.9078","42.2516","2.0000","0.0566","-0.0181","-0.9941","-0.3782","0.1670","0.0444","100.0000","128.5714","4010.7778","6553.5000","316.9400","0.0000","0.0000","0.0000","0.0000","80.0000","316.9540","18.4000","43.0000","950.5049","0.0800","-0.0200","3.3286","0.5493","2.4000","11.7390","0.7660","0.0000","0.1519"
"5.450","0.0922","14","0.0000","0.0000","-18.7144","-3.6831","0.0000","10.2875","20.4950","0.1705","10000.0000","45.50445989","-75.54473133","19.5938","12.1925","859.5000","40.4203","16.9516","33.9203","42.2500","2.0000","-0.1062","-0.0607","-0.9822","-0.4193","0.2083","0.0206","100.0000","133.2381","4015.6667","6553.5000","317.8600","0.0000","0.0000","0.0000","0.0000","80.0000","317.8960","18.4000","43.0000","950.5049","0.0800","-0.0200","3.3236","0.5555","2.4000","11.7110","0.7700","0.0000","0.1534"
"5.500","0.1326","14","0.0000","0.0000","-10.5221","76.7240","0.0000","10.2918","20.4450","0.1755","10000.0000","45.50445985","-75.54473128","19.5938","12.1982","859.5000","40.4359","16.9539","33.9062","42.2500","2.0000","-0.0736","-0.0594","-1.0007","-0.4238","0.2227","0.0141","100.0000","133.3333","4011.2222","6553.5000","319.6600","0.0000","0.0000","0.0000","0.0000","80.0000","319.6960","18.4000","43.0000","950.5049","0.0800","-0.0200","3.3255","0.5605","2.4000","11.7610","0.7700","0.0000","0.1550"
"5.550","0.1666","14","0.0000","0.0000","-3.2240","140.4058","0.0000","10.2957","20.3950","0.1800","10000.0000","45.50445982","-75.54473124","19.5938","12.2039","859.7250","40.4375","16.9617","33.9375","42.2641","2.0000","0.0166","-0.0495","-1.0068","-0.4084","0.2231","0.0214","100.0000","133.3333","4001.5000","6553.5000","321.4600","0.0000","0.0000","0.0000","0.0000","80.0000","321.4960","18.4000","43.0000","950.5049","0.0800","-0.0200","3.3350","0.5661","2.4000","11.7890","0.7690","0.0000","0.1570"
"5.600","0.1446","14","0.0000","0.0000","-3.9732","53.5595","0.0000","10.2957","20.3450","0.1800","10000.0000","45.50445982","-75.54473124","19.5938","12.2096","859.5000","40.4062","16.9398","33.9078","42.2500","2.0000","-0.0075","-0.0377","-0.9749","-0.4009","0.2133","0.0192","100.0000","133.3333","3986.5000","6553.5000","323.2600","0.0000","0.0000","0.0000","0.0000","80.0000","323.2960","18.4000","43.0000","950.5049","0.0800","-0.0200","3.3618","0.5722","2.4000","11.7390","0.7640","0.0000","0.1592"
"5.650","0.1216","14","0.0000","0.0000","-4.7625","-30.1168","0.0000","10.2953","20.2950","0.1795","10000.0000","45.50445981","-75.54473124","19.5938","12.2153","859.5000","40.4203","16.9617","33.9375","42.2672","2.0000","0.0285","-0.0176","-0.9598","-0.3945","0.1913","0.0099","100.0000","133.3333","4015.8333","6553.5000","324.9500","0.0000","0.0000","0.0000","0.0000","80.0000","324.9750","18.4000","43.0000","950.5049","0.0800","-0.0200","3.3968","0.5682","2.4000","11.7110","0.7610","0.0000","0.1610"
"5.700","0.0904","14","0.0000","0.0000","-5.9138","-85.2632","0.0000","10.2915","20.2450","0.1745","10000.0000","45.50445972","-75.54473126","19.5938","12.2210","859.5000","40.4078","16.9539","33.9078","42.2500","2.0000","0.0889","-0.0008","-1.0158","-0.3943","0.1742","-0.0130","100.0000","133.3333","4064.1667","6553.5000","326.2000","0.0000","0.0000","0.0000","0.0000","80.0000","326.2250","18.4000","43.0000","950.5049","0.0800","-0.0200","3.3844","0.5598","2.4000","11.7610","0.7660","0.0000","0.1625"
"5.750","0.0649","14","0.0000","0.0000","-7.7209","-131.4120","0.0000","10.2879","20.1950","0.1700","10000.0000","45.50445963","-75.54473126","19.5938","12.2240","859.5000","40.4375","16.9688","33.9375","42.2500","2.0000","0.1534","0.0019","-1.0498","-0.4038","0.1734","-0.0265","100.0000","133.3333","4015.5000","6553.5000","327.4000","0.0000","0.0000","0.0000","0.0000","80.0000","327.4200","18.4000","43.0000","950.5049","0.0800","-0.0200","3.3667","0.5600","2.4000","11.8000","0.7700","0.0000","0.1636"
"5.800","0.0907","14","0.0000","0.0000","-15.4312","-96.5829","0.0000","10.2852","20.1450","0.1700","10000.0000","45.50445959","-75.54473120","19.5938","12.2240","859.5250","40.4062","16.9531","33.9062","42.2500","2.0000","0.1062","-0.0110","-1.0324","-0.4231","0.1866","-0.0045","100.0000","133.3333","3967.9443","6553.5000","328.4000","0.0000","0.0000","0.0000","0.0000","80.0000","328.4200","18.4000","43.0000","950.5049","0.0800","-0.0200","3.3628","0.5619","2.4000","11.8000","0.7700","0.0000","0.1647"
"5.850","0.1107","14","0.0000","0.0000","-23.1975","-67.8931","0.0000","10.2831","20.0950","0.1695","10000.0000","45.50445955","-75.54473115","19.5938","12.2240","859.7750","40.4234","16.9789","33.9375","42.2500","2.0000","-0.0352","-0.0099","-1.0080","-0.4366","0.2022","0.0228","100.0000","133.3333","4027.3889","6553.5000","329.4600","0.0000","0.0000","0.0000","0.0000","80.0000","329.4860","18.4000","43.0000","950.5049","0.0800","-0.0200","3.3644","0.5708","2.4000","11.8000","0.7710","0.0000","0.1661"
"5.900","0.0792","14","0.0000","0.0000","-31.4669","-94.4569","0.0000","10.2865","20.0450","0.1645","10000.0000","45.50445952","-75.54473116","19.5938","12.2242","859.5250","40.4359","16.9539","33.9375","42.2500","2.0000","0.0071","0.0071","-1.0195","-0.4406","0.2053","0.0178","100.0000","133.3333","4079.6667","6553.5000","330.7600","0.0000","0.0000","0.0000","0.0000","80.0000","330.7860","18.3833","43.0000","950.5049","0.0804","-0.0200","3.3799","0.5780","2.5333","11.8000","0.7760","0.0000","0.1674"
"5.950","0.0509","14","0.0000","0.0000","-38.0072","-109.0875","0.0000","10.2893","19.9950","0.1590","10000.0000","45.50445949","-75.54473117","19.5938","12.2246","859.5000","40.4203","16.9602","33.9375","42.2500","2.0000","0.1109","0.0083","-1.0133","-0.4439","0.1864","-0.0231","100.0000","133.3333","4115.2222","6553.5000","332.0900","0.0000","0.0000","0.0000","0.0000","80.0000","332.1190","18.3278","43.0000","950.5049","0.0860","-0.0200","3.3757","0.5813","2.9778","11.8000","0.7790","0.0000","0.1683"
"6.000","0.0509","14","0.0000","0.0000","-28.9854","-16.3185","0.0000","10.2866","19.9450","0.1490","10000.0000","45.50445945","-75.54473111","19.5938","12.2249","859.5000","40.4078","16.9547","33.9359","42.2500","2.0000","0.1828","0.0027","-1.0116","-0.4348","0.1444","-0.0750","100.0000","133.3333","4139.3887","6553.5000","333.5400","0.0000","0.0000","0.0000","0.0000","80.0000","333.5690","18.3000","43.0000","950.5049","0.0884","-0.0200","3.3502","0.5747","3.5611","11.8000","0.7740","0.0000","0.1690"
"6.050","0.0528","14","0.0000","0.0000","-19.2705","56.6959","0.0000","10.2846","19.8950","0.1415","10000.0000","45.50445940","-75.54473105","19.5938","12.2253","859.7750","40.4375","16.9617","33.9375","42.2500","2.0000","0.2564","0.0113","-1.0141","-0.4192","0.0851","-0.1234","100.0000","133.3333","4152.1665","6553.5000","335.0300","0.0000","0.0000","0.0000","0.0000","80.0000","335.0630","18.3000","43.0000","950.5049","0.0829","-0.0200","3.2865","0.5580","4.2833","11.8000","0.7700","0.0000","0.1697"
"6.100","0.0714","14","0.0000","0.0000","-3.3172","-48.0800","0.0000","10.2887","19.8450","0.1565","10000.0000","45.50445930","-75.54473102","19.5938","12.2257","859.5000","40.4078","16.9688","33.9375","42.2516","2.0000","0.3170","0.0360","-1.0075","-0.4047","0.0226","-0.1432","100.0000","128.6667","4199.5557","6553.5000","336.6800","0.0000","0.0000","0.0000","0.0000","80.0000","336.7130","18.3000","43.0000","950.5049","0.0827","-0.0200","3.2048","0.5487","4.7722","11.8000","0.7700","0.0000","0.1706"
"6.150","0.0958","14","0.0000","0.0000","10.3121","-132.2232","0.0000","10.2913","19.7950","0.1700","10000.0000","45.50445920","-75.54473099","19.5938","12.2261","859.5000","40.4203","16.9688","33.9203","42.2500","2.0000","0.2967","0.0354","-1.0041","-0.3798","-0.0336","-0.1284","100.0000","130.9769","4261.7778","6553.5000","338.3900","0.0000","0.0000","0.0000","0.0000","80.0000","338.4290","18.3000","43.0000","950.5049","0.0882","-0.0200","3.2781","0.5426","5.1611","11.8000","0.7700","0.0000","0.1718"
"6.200","0.1725","14","0.0000","0.0000","3.0255","-30.6724","0.0000","10.2808","19.7450","0.1700","10000.0000","45.50445917","-75.54473098","19.5938","12.2265","859.5000","40.4078","16.9680","33.9672","42.2500","2.0000","0.0568","-0.0235","-1.0032","-0.3477","-0.0688","-0.0989","100.0000","133.1466","4452.5000","6553.5000","340.3400","0.0000","0.0000","0.0000","0.0000","80.0000","340.3790","18.3000","43.0000","950.5049","0.0862","-0.0200","3.3610","0.5910","7.7000","11.8000","0.7700","0.0000","0.1737"
"6.250","0.2334","14","0.0000","0.0000","-1.9363","61.6824","0.0000","10.2717","19.7000","0.1695","10000.0000","45.50445914","-75.54473096","19.5938","12.2269","859.7750","40.4203","16.9531","33.9375","42.2500","2.0000","-0.2518","-0.0588","-0.9716","-0.3242","-0.0827","-0.0808","100.0000","128.5714","4676.1113","6553.5000","342.5300","0.0000","0.0000","0.0000","0.0000","80.0000","342.5930","18.3000","43.0000","950.5049","0.0807","-0.0200","3.3116","0.6422","10.5000","11.8000","0.7700","0.0000","0.1765"
"6.300","0.1529","14","0.0000","0.0000","14.0253","71.2742","0.0000","10.2751","19.7000","0.1645","10000.0000","45.50445911","-75.54473098","19.5938","12.2272","860.0000","40.4078","16.9539","33.9672","42.2500","2.0000","-0.2671","-0.0210","-0.9693","-0.3026","-0.0884","-0.0636","100.0000","128.6200","5067.2222","6553.5000","345.6800","0.0000","0.0000","0.0000","0.0000","80.0000","345.7430","18.3000","43.0000","950.5049","0.0849","-0.0200","3.2710","0.6644","13.5000","11.8000","0.7700","0.0000","0.1791"
"6.350","0.0839","14","0.0000","0.0000","27.9734","80.4198","0.0000","10.2778","19.6950","0.1605","10000.0000","45.50445908","-75.54473099","19.5938","12.2276","859.7750","40.4375","16.9531","33.9375","42.2188","2.0000","-0.2585","-0.0238","-0.9769","-0.2808","-0.0572","-0.0370","100.0000","131.0496","5429.0000","6553.5000","348.7900","0.0000","0.0000","0.0000","0.0000","80.0000","348.8490","18.3000","43.0000","950.5049","0.0896","-0.0196","3.2532","0.6795","15.8167","11.8000","0.7770","0.0000","0.1808"
"6.400","0.1179","14","0.0000","0.0000","23.7998","85.5506","0.0000","10.2752","19.6450","0.1655","10000.0000","45.50445904","-75.54473093","19.5938","12.2280","859.5000","40.4688","16.9539","33.9375","42.2188","2.0000","-0.1241","-0.0324","-0.9990","-0.2675","-0.0023","-0.0236","100.0000","133.0476","5722.3335","6553.5000","351.7400","0.0000","0.0000","0.0000","0.0000","80.0000","351.7990","18.3000","43.0000","950.5049","0.0840","-0.0140","3.2701","0.6778","16.5389","11.8000","0.8120","0.0000","0.1823"
"6.450","0.1470","14","0.0000","0.0000","19.5269","89.3997","0.0000","10.2728","19.5950","0.1695","10000.0000","45.50445900","-75.54473086","19.5938","12.2284","859.7250","40.4828","16.9461","33.9375","42.2359","2.0000","-0.0481","-0.0014","-0.9848","-0.2789","0.0393","-0.0209","100.0000","127.7143","5919.8335","6553.5000","354.6700","0.0000","0.0000","0.0000","0.0000","80.0000","354.7270","18.2722","43.0000","950.5049","0.0800","-0.0116","3.3246","0.6739","17.0944","11.8000","0.8340","0.0000","0.1842"
"6.500","0.1325","14","0.0000","0.0000","14.3611","81.7131","0.0000","10.2737","19.5450","0.1645","10000.0000","45.50445899","-75.54473080","19.5938","12.2288","860.0250","40.5609","16.9367","33.9672","42.1875","2.0000","0.1294","-0.0389","-0.8395","-0.3021","0.0715","-0.0215","100.0000","114.2857","6021.5000","6553.5000","357.5200","0.0000","0.0000","0.0000","0.0000","80.0000","357.5770","18.2167","43.0000","950.5049","0.0800","-0.0171","3.3488","0.6678","17.4833","11.8000","0.8040","0.0000","0.1861"
"6.550","0.1175","14","0.0000","0.0000","11.3891","79.2183","0.0000","10.2741","19.4950","0.1605","10000.0000","45.50445898","-75.54473075","19.5938","12.2291","860.2750","40.5625","16.9531","33.9516","42.2016","2.0000","0.2479","0.0227","-0.7983","-0.3126","0.0913","-0.0292","100.0000","114.7783","6149.2222","6553.5000","360.3600","0.0000","0.0000","0.0000","0.0000","80.0000","360.4160","18.2389","43.0000","950.5049","0.0827","-0.0200","3.3588","0.6543","17.8333","11.8000","0.7790","0.0000","0.1878"
"6.600","0.0980","14","0.0000","0.0000","28.1616","123.4504","0.0000","10.2706","19.4450","0.1655","10000.0000","45.50445895","-75.54473075","19.5938","12.2295","860.0000","40.5641","16.9227","33.9688","42.2188","2.0000","-0.0839","0.1085","-1.0115","-0.3133","0.1185","-0.0418","100.0000","122.9885","6288.1113","6553.5000","363.1600","0.0000","0.0000","0.0000","0.0000","80.0000","363.2160","18.2944","43.0000","950.5049","0.0882","-0.0200","3.3346","0.6377","18.1667","11.8000","0.7740","0.0000","0.1893"
"6.650","0.0809","14","0.0000","0.0000","42.3528","151.0719","0.0000","10.2670","19.4000","0.1695","10000.0000","45.50445892","-75.54473075","19.5938","12.2299","860.0000","40.5938","16.9305","33.9516","42.2359","2.0000","-0.1958","0.0081","-1.0922","-0.3125","0.1401","-0.0388","100.0000","131.1987","6564.5000","6553.5000","366.0100","0.0000","0.0000","0.0000","0.0000","79.8900","366.0710","18.3000","43.0000","950.5049","0.0900","-0.0162","3.3063","0.6145","18.3500","11.7890","0.7670","0.0000","0.1905"
"6.700","0.0847","14","0.0000","0.0000","33.3129","29.1974","0.0000","10.2634","19.4000","0.1645","10000.0000","45.50445889","-75.54473075","19.5938","12.2303","859.5250","40.5922","16.9375","33.9688","42.2188","2.0000","-0.0883","-0.0357","-1.0032","-0.3119","0.1750","-0.0114","100.0000","129.8095","6831.8335","6553.5000","369.0600","0.0000","0.0000","0.0000","0.0000","79.3900","369.1210","18.2944","43.0000","950.5049","0.0900","-0.0107","3.2852","0.5889","18.5389","11.7390","0.7520","0.0000","0.1917"
"6.750","0.0922","14","0.0000","0.0000","24.1958","-74.7092","0.0000","10.2603","19.3950","0.1605","10000.0000","45.50445886","-75.54473074","19.5938","12.2307","859.7250","40.5484","16.9305","33.9516","42.1734","2.0000","0.0113","-0.0244","-0.9784","-0.3470","0.2487","0.0600","100.0000","128.5714","6880.1665","6553.5000","371.9800","0.0000","0.0000","0.0000","0.0000","79.0000","372.0280","18.2389","43.0000","950.5049","0.0851","-0.0100","3.2784","0.5484","18.9278","11.7000","0.7410","0.0000","0.1929"
"6.800","0.1326","14","0.0000","0.0000","14.3832","-16.9053","0.0000","10.2612","19.3450","0.1655","10000.0000","45.50445885","-75.54473068","19.5938","12.2310","860.0250","40.3172","16.9375","34.4234","41.8438","2.0000","0.0591","0.0267","-0.9866","-0.4495","0.2683","0.2726","100.0000","122.2454","6866.3335","6553.5000","374.3800","0.0000","0.0000","0.0000","0.0000","79.0000","374.4280","18.2000","43.0000","950.5049","0.0800","-0.0104","3.3084","0.5232","19.3000","11.7000","0.7460","0.0000","0.1945"
"6.850","0.1877","14","0.0000","0.0000","5.4363","35.2510","0.0000","10.2617","19.2950","0.1700","10000.0000","45.50445885","-75.54473061","19.5938","12.2314","860.0000","40.4375","16.9305","34.4062","41.8719","2.0000","0.0302","0.0139","-0.9385","-0.4619","0.2352","0.6187","100.0000","113.6968","6707.4443","6553.5000","376.6800","0.0000","0.0000","0.0000","0.0000","79.0000","376.7180","18.2000","43.0000","950.5049","0.0800","-0.0160","3.3245","0.5337","19.6333","11.7110","0.7510","0.0000","0.1968"
"6.900","0.3763","14","0.0000","0.0000","4.2813","36.5784","0.0000","10.2592","19.2450","0.1700","10000.0000","45.50445887","-75.54473054","19.5938","12.2318","860.0000","40.5297","16.9375","34.4062","41.8781","2.0000","0.0680","0.0086","-0.9188","-0.3362","0.2075","1.0066","100.0000","114.0357","6540.7778","6553.5000","378.5800","0.0000","0.0000","0.0000","0.0000","79.0000","378.6180","18.2000","43.0000","950.5049","0.0816","-0.0184","3.3256","0.5501","19.9389","11.7610","0.7560","0.0000","0.2009"
"6.950","0.5592","14","0.0000","0.0000","3.0783","37.6045","0.0000","10.2568","19.1950","0.1700","10000.0000","45.50445890","-75.54473045","19.5938","12.2316","860.2750","40.3891","16.9531","34.4062","41.8641","2.0000","-0.0078","0.0201","-0.9701","-0.2291","0.1231","1.3778","100.0000","114.2857","6366.3335","6553.5000","380.3400","0.0000","0.0000","0.0000","0.0000","79.0000","380.3640","18.2000","43.0000","950.5049","0.0871","-0.0129","3.3698","0.5723","20.2167","11.8000","0.7570","0.0000","0.2074"
"7.000","0.6911","14","0.0000","0.0000","1.4429","35.9189","0.0000","10.2553","19.1450","0.1700","10000.0000","45.50445897","-75.54473030","19.5938","12.2309","860.0000","40.4375","16.9375","34.3156","41.8438","2.0000","-0.1509","0.0523","-1.0311","-0.2448","0.0463","1.7375","100.0000","130.6667","6085.3335","6553.5000","381.5400","0.0000","0.0000","0.0000","0.0000","79.0000","381.5640","18.2000","43.0000","950.5049","0.0873","-0.0127","3.4343","0.6023","20.3389","11.8000","0.7420","0.0000","0.2159"
"7.050","0.8323","14","0.0007","0.0069","-0.0520","34.7830","0.0000","10.2536","19.1000","0.1700","10000.0000","45.50445905","-75.54473013","19.5938","12.2301","860.0000","40.4375","16.9234","34.2953","41.8438","2.0000","-0.2248","0.0862","-1.1805","-0.3637","0.0470","2.1479","100.0000","125.0386","5758.6665","6553.5000","382.9300","0.0000","0.0000","0.0000","0.0000","79.0000","382.9730","18.2000","43.0000","950.5049","0.0818","-0.0182","3.3540","0.6357","20.3944","11.7890","0.7350","0.0000","0.2267"
"7.100","1.0571","14","0.0081","0.0757","-0.2829","38.5955","0.0000","10.2496","19.1000","0.1700","10000.0000","45.50445916","-75.54472990","19.5938","12.2293","860.0000","40.3766","16.9227","34.4313","41.6906","2.0000","-0.0661","0.0238","-1.1399","-0.5051","0.0779","2.6773","100.0000","115.3935","5521.5000","6553.5000","385.0800","0.0000","0.0000","0.0000","0.0000","79.0000","385.1230","18.2000","43.0000","950.5049","0.0800","-0.0238","3.2613","0.6785","20.4500","11.7390","0.7600","0.0000","0.2400"
"7.150","1.2827","14","0.0147","0.1380","-0.5336","42.2841","0.0000","10.2454","19.0950","0.1700","10000.0000","45.50445926","-75.54472966","19.5938","12.2286","860.0000","40.3297","16.9461","34.5141","41.5172","2.0000","0.1787","-0.0182","-1.0223","-0.5133","0.0298","3.4488","100.0000","127.0833","5324.2778","6553.5000","387.2100","0.0000","0.0000","0.0000","0.0000","79.0000","387.2510","18.2000","43.0000","950.5049","0.0800","-0.0293","3.2524","0.7175","20.5000","11.7000","0.7780","0.0000","0.2562"
"7.200","1.5147","14","0.0148","0.1415","-0.9622","44.8568","0.0000","10.2389","19.0450","0.1700","10000.0000","45.50445938","-75.54472934","19.5938","12.2278","860.4750","40.4656","16.9234","34.4406","41.5609","2.0000","0.1902","0.0004","-1.0044","-0.3878","-0.0457","4.4547","100.0000","133.3333","5397.0557","6553.5000","389.2600","0.0000","0.0500","0.0425","0.0000","79.0000","389.3010","18.2000","43.0000","950.5049","0.0947","-0.0251","3.2471","0.7125","20.5000","11.7000","0.7680","0.0000","0.2755"
"7.250","1.7665","14","0.0148","0.1453","-1.3140","47.2173","0.0000","10.2333","18.9950","0.1700","10000.0000","45.50445952","-75.54472901","19.5938","12.2271","860.2250","40.3641","16.9305","34.3578","41.5344","2.0000","0.0971","0.0090","-1.0275","-0.2358","-0.0820","5.4863","100.0000","142.5743","5456.6665","6553.5000","391.3300","0.0000","2.0000","1.7000","0.0000","79.0000","391.3730","18.2000","43.0000","950.5049","0.1118","-0.0200","3.2510","0.7058","20.5333","11.7110","0.7660","0.0000","0.2986"
"7.300","2.1961","14","0.0143","0.1507","-0.9737","47.6669","0.0000","10.2368","18.9450","0.1700","10000.0000","45.50445974","-75.54472850","19.5938","12.2263","860.0000","40.3109","16.9219","34.4391","41.4078","2.0000","0.0893","0.0355","-0.9479","-0.1599","-0.1715","6.4867","100.0000","155.7756","5485.5557","6553.5000","393.4800","0.0000","2.4400","1.7000","0.0000","79.0000","393.5230","18.2000","43.0000","950.5049","0.1340","-0.0200","3.2781","0.6953","20.6444","11.7610","0.7960","0.0000","0.3264"
"7.350","2.6024","14","0.0142","0.1574","-0.6539","47.9568","0.0000","10.2397","18.9000","0.1700","10000.0000","45.50445997","-75.54472800","19.5938","12.2255","860.2750","40.3719","16.9531","34.1562","41.5797","2.0000","0.0943","0.0488","-0.9312","-0.2457","-0.2092","7.4332","100.0000","134.3111","5482.2222","6553.5000","395.6700","0.0000","2.8000","2.2600","0.0000","79.0000","395.7170","18.2000","43.0000","950.5049","0.1484","-0.0200","3.3303","0.7025","20.7278","11.8000","0.8180","0.0000","0.3596"
"7.400","2.7991","14","0.0172","0.1757","-0.5185","46.8099","0.0000","10.2379","18.9000","0.1700","10000.0000","45.50446024","-75.54472759","19.5938","12.2248","860.0000","40.1937","16.9367","34.4000","41.3500","2.0000","0.2438","0.1056","-0.9218","-0.4298","-0.2497","8.4094","100.0000","117.5726","5446.6665","6553.5000","398.0200","0.0000","3.4000","2.4000","0.0000","79.0000","398.0670","18.2000","43.0000","950.5049","0.1429","-0.0200","3.3255","0.7275","20.7833","11.8000","0.8080","0.0000","0.3969"
"7.450","3.0126","14","0.0201","0.1951","-0.4136","46.0121","0.0000","10.2358","18.8950","0.1700","10000.0000","45.50446051","-75.54472717","19.5938","12.2240","860.0000","40.2328","16.9461","34.4094","41.3406","2.0000","0.3919","0.0842","-0.9905","-0.5638","-0.3128","9.4062","100.0000","115.3846","5399.0557","6553.5000","400.3000","0.0000","3.5692","2.5974","0.0000","78.8900","400.3400","18.1611","43.0000","950.5049","0.1267","-0.0200","3.2938","0.7284","20.8778","11.8000","0.8000","0.0000","0.4375"
"7.500","3.3783","14","0.0209","0.2249","-0.5830","48.3550","0.0000","10.2297","18.8450","0.1700","10000.0000","45.50446076","-75.54472656","19.5938","12.2233","860.0000","40.3109","16.9367","34.3125","41.3469","2.0000","0.3250","-0.0332","-1.0990","-0.6557","-0.2507","10.4391","100.0000","115.8078","5346.2778","6553.5000","402.3000","0.0000","4.0000","3.4300","0.0000","78.3900","402.3400","18.1056","43.0000","950.5049","0.0989","-0.0200","3.2739","0.7189","20.9889","11.8000","0.8000","0.0000","0.4821"
"7.550","3.7689","14","0.0223","0.2548","-0.7136","50.5272","0.8563","10.2244","18.7950","0.1700","70.0481","45.50446103","-75.54472592","19.5938","12.2225","860.2250","40.1141","16.9445","34.3750","41.0922","2.0000","0.2374","-0.0447","-1.1088","-0.9153","0.0723","11.7672","100.0000","116.4302","5166.0000","6553.5000","404.2700","0.0000","4.4800","3.7000","0.0000","78.0000","404.3070","18.1000","43.0000","950.5049","0.0900","-0.0313","3.2598","0.7285","21.2500","11.7890","0.8020","0.0000","0.5319"
"7.600","4.3831","14","0.0280","0.2855","-0.4942","51.1639","9.4195","10.2260","18.7450","0.1700","7.4057","45.50446146","-75.54472502","19.5938","12.2217","860.0000","39.4875","16.9375","34.8297","40.4516","2.0000","0.1840","0.0062","-0.9315","-1.3785","0.4954","13.4359","100.0000","124.0476","4963.6113","6553.5000","406.1200","0.0000","5.5200","6.3750","0.0000","78.0000","406.1570","18.1000","43.0000","950.5049","0.0900","-0.0480","3.2942","0.7403","21.5222","11.7390","0.8120","0.0000","0.5884"
"7.650","5.0146","14","0.0341","0.3169","-0.2948","51.7922","17.3063","10.2274","18.6950","0.1700","4.6116","45.50446191","-75.54472410","19.5938","12.2210","860.0000","39.4375","17.0297","34.9484","39.1844","2.0000","0.4194","0.0790","-0.8815","-1.6259","0.6100","15.3547","100.0000","128.5714","4689.7222","6553.5000","407.8300","0.0000","6.5538","6.3872","0.0000","78.0000","407.8530","18.1000","43.0000","950.5049","0.0704","-0.0256","3.3150","0.7531","21.7444","11.7110","0.8220","0.0000","0.6544"
"7.700","5.8027","14","0.0432","0.3543","-0.2740","52.3445","19.1043","10.2274","18.6450","0.1700","4.8341","45.50446242","-75.54472304","19.5938","12.2202","860.0250","39.4641","17.1078","34.9422","39.5578","2.0000","0.3065","0.1590","-0.9411","-1.5707","0.3530","17.4000","100.0000","160.3723","4478.8335","6553.5000","408.9800","0.0000","7.5300","7.5250","0.0000","78.0000","409.0030","18.1000","43.0000","950.5049","0.0518","-0.0013","3.3005","0.7637","21.9500","11.7610","0.8320","0.0000","0.7300"
"7.750","6.5908","14","0.0523","0.3908","-0.2584","53.0034","20.8011","10.2272","18.6000","0.1700","5.0428","45.50446294","-75.54472195","19.5938","12.2194","860.2250","39.5234","17.1875","34.3563","39.7438","2.0000","0.0085","0.2199","-0.9595","-1.2822","-0.0027","19.4281","100.0000","211.6641","4414.9443","6553.5000","410.1800","0.0000","8.2800","8.3200","0.0000","78.0000","410.2080","18.1000","43.0000","950.5049","0.0740","-0.0180","3.2882","0.7692","22.1167","11.8000","0.8440","0.0000","0.8160"
"7.800","7.3794","14","0.0618","0.4184","-0.2891","54.6211","21.5866","10.2241","18.6000","0.1700","5.4407","45.50446355","-75.54472060","19.5938","12.2187","860.0000","39.3172","17.2016","33.7359","39.8750","2.0000","-0.0781","0.2202","-0.9222","-0.9192","-0.3586","21.4813","100.0000","132.5000","4349.9443","6553.5000","411.5800","0.0000","9.5075","9.0200","0.0000","78.0000","411.6080","18.1000","43.0000","950.5049","0.0900","-0.0331","3.2782","0.7742","22.2833","11.8000","0.8640","0.0000","0.9126"
"7.850","8.1628","14","0.0715","0.4448","-0.3236","56.1942","22.3752","10.2206","18.5950","0.1700","5.8062","45.50446416","-75.54471922","19.5938","12.2179","860.2250","39.3547","17.3023","33.4344","40.0781","2.0000","0.2242","0.2440","-0.8494","-0.5637","-0.6588","23.6281","100.0000","100.0000","4283.8335","6553.5000","412.4600","0.0000","10.1385","9.9974","0.0000","78.0000","412.4360","18.1000","43.0000","950.5049","0.0900","-0.0442","3.2663","0.7787","22.4500","11.8000","0.8840","0.0000","1.0214"
"7.900","8.8999","14","0.0833","0.4600","-0.3914","57.3660","23.1922","10.2136","18.5450","0.1700","6.1075","45.50446487","-75.54471763","19.5938","12.2172","860.0000","39.3734","17.5102","33.3187","40.7125","2.0000","0.3494","0.2830","-0.8447","-0.3145","-0.7939","25.7656","100.0000","137.0000","4295.9229","6553.5000","411.2600","0.0000","11.1650","10.7750","0.0000","78.0000","411.2360","18.1000","43.0000","950.5049","0.0953","-0.0393","3.2535","0.7785","22.6154","11.8000","0.9040","0.0000","1.1403"
"7.950","9.6406","14","0.0956","0.4715","-0.4553","58.5024","24.0660","10.2067","18.4950","0.1700","6.3756","45.50446558","-75.54471601","19.5938","12.2164","860.2750","39.2391","18.2773","32.9094","40.6734","2.0000","0.4714","0.2757","-0.9104","-0.1602","-0.8939","27.5203","100.0000","175.9346","4341.5273","6553.5000","410.6200","0.0000","11.7683","11.3902","0.0000","78.0000","410.6520","18.1000","43.0000","950.5049","0.1064","-0.0171","3.3112","0.7763","22.7802","11.7890","0.9260","0.0000","1.2691"
"8.000","10.4134","14","0.1120","0.4487","-0.4838","59.3188","25.4504","10.2008","18.4450","0.1700","6.5120","45.50446634","-75.54471408","19.5938","12.2162","860.0000","39.2172","18.5875","32.6953","40.6859","2.0000","0.5421","0.2514","-0.9888","-0.0155","-1.1342","28.8094","100.0000","210.9813","4424.7778","6553.5000","412.2200","0.0000","12.4125","11.3525","0.0000","78.0000","412.2520","18.0556","43.0000","950.5049","0.1138","-0.0213","3.3697","0.7782","22.8889","11.7390","0.9560","0.0000","1.4079"
"8.050","11.1787","14","0.1293","0.4267","-0.5096","60.2704","26.9776","10.1946","18.4000","0.1695","6.5949","45.50446709","-75.54471212","19.5938","12.2166","860.0000","39.2359","18.6336","32.6250","40.8547","2.0000","0.2654","0.2510","-0.9714","0.0959","-1.4259","30.0656","100.0000","156.0000","4513.1616","6553.5000","413.8800","0.0000","13.0974","13.1179","0.0000","78.0000","413.9180","18.0051","41.5700","950.5049","0.1193","-0.0380","3.3280","0.7807","22.9899","11.7000","0.9760","0.0000","1.5587"
"8.100","11.8762","14","0.1547","0.4108","-0.5121","62.4378","29.7890","10.1860","18.4000","0.1645","6.3452","45.50446775","-75.54470988","19.5938","12.2169","860.0000","39.2156","18.9461","31.7141","40.8438","2.0000","0.2940","0.2289","-0.9414","0.0492","-1.6230","31.7500","100.0000","110.0000","4552.0000","6553.5000","415.7800","0.0000","13.9850","13.9950","0.0000","78.0000","415.8180","18.0000","35.0700","950.5049","0.1102","-0.0351","3.3084","0.7850","23.1000","11.7000","0.9560","0.0000","1.7192"
"8.150","12.5682","14","0.1806","0.3956","-0.5185","64.5887","32.6465","10.1773","18.3950","0.1600","6.1272","45.50446840","-75.54470761","19.5938","12.2173","860.2750","39.2641","18.9672","31.3773","41.1250","2.0000","0.2116","0.2831","-0.9829","-0.2260","-1.6248","33.7875","100.0000","122.1212","4588.7583","6553.5000","417.6800","0.0000","14.6200","15.6200","0.0000","77.8900","417.7180","18.0000","26.5900","950.5049","0.0987","-0.0309","3.3456","0.7883","23.2110","11.7110","0.9390","0.0000","1.8889"
"8.200","13.2104","14","0.2118","0.3858","-0.5591","66.5915","35.9176","10.1686","18.3450","0.1600","5.8537","45.50446899","-75.54470512","19.5938","12.2177","860.0250","39.4672","19.0312","31.9531","41.0062","2.0000","0.0649","0.3686","-1.0613","-0.4961","-1.5910","35.8125","100.0000","142.3232","4656.3408","6553.5000","419.5800","0.0000","15.5100","15.0975","0.0000","77.3900","419.6180","18.0000","11.0900","950.5049","0.0820","-0.0420","3.3479","0.7811","23.3209","11.7610","0.9340","0.0000","2.0675"
"8.250","13.8469","14","0.2433","0.3766","-0.6006","68.5471","39.1794","10.1594","18.2950","0.1600","5.6249","45.50446958","-75.54470262","19.5938","12.2181","860.0000","39.7094","19.2430","32.4391","40.7422","2.0000","0.4741","0.4075","-0.9924","-0.5688","-1.7203","37.8719","100.0000","145.8221","4724.6567","6553.5000","421.5400","0.0000","16.1538","15.9590","0.0000","77.0000","421.5840","18.0000","-1.0000","950.5049","0.0824","-0.0422","3.3124","0.7756","23.4848","11.8000","0.9310","0.0000","2.2561"
"8.300","14.4312","14","0.2774","0.3720","-0.6504","70.0787","42.3577","10.1464","18.2450","0.1600","5.4224","45.50447015","-75.54469993","19.5938","12.2185","860.0250","40.1141","19.2188","32.6828","40.5938","2.0000","0.7047","0.4283","-0.9569","-0.6911","-1.9227","40.1250","100.0000","258.8571","4794.8584","6553.5000","423.7400","0.0000","16.8550","17.1900","0.0000","77.0000","423.7840","18.0000","-1.0000","950.5049","0.1269","-0.0144","3.3611","0.7741","23.7879","11.8000","0.9360","0.0000","2.4528"
"8.350","15.0275","14","0.3104","0.3676","-0.6948","71.7230","45.3426","10.1333","18.2000","0.1600","5.2747","45.50447071","-75.54469721","19.5938","12.2189","860.0000","40.9828","19.2258","32.4188","40.3391","2.0000","0.6548","0.4077","-0.9136","-0.8564","-1.9931","42.3500","100.0000","291.6666","4852.0000","6553.5000","425.9300","0.0000","17.8600","18.6800","0.0000","77.0000","425.9730","18.0000","-1.0000","950.5049","0.1367","-0.0053","3.4494","0.7722","24.0833","11.8000","0.9410","0.0000","2.6574"
"8.400","15.7313","14","0.3337","0.3649","-0.6912","74.3808","46.5855","10.1200","18.2000","0.1600","5.3744","45.50447115","-75.54469429","19.5938","12.2192","860.0250","41.0281","19.2188","31.5789","40.1578","2.0000","0.4711","0.4240","-0.9602","-0.8661","-1.7612","44.0844","100.0000","187.5000","4878.6665","6553.5000","428.0800","0.0000","18.1125","16.2950","0.0000","77.0000","428.1230","18.0000","-1.0000","950.5049","0.1089","-0.0164","3.4282","0.7694","24.3611","11.8000","0.9460","0.0000","2.8707"
"8.450","16.4279","14","0.3554","0.3616","-0.6914","77.1280","47.6262","10.1072","18.1950","0.1600","5.4898","45.50447156","-75.54469134","19.5938","12.2196","860.2250","41.6469","19.2117","31.5492","40.2719","2.0000","0.1950","0.4104","-0.9646","-0.6425","-1.0883","45.2547","100.0000","103.5088","4935.0557","6553.5000","430.4000","0.0000","18.8821","19.0410","0.0000","77.0000","430.4600","18.0000","-1.0000","950.5049","0.0849","-0.0200","3.3927","0.7636","24.5833","11.8000","0.9510","0.0000","3.0948"
"8.500","17.0598","14","0.3636","0.3521","-0.7256","80.6795","46.8459","10.0984","18.1450","0.1600","5.7959","45.50447171","-75.54468811","19.5938","12.2200","860.0000","41.6875","19.2188","32.4844","40.0812","2.0000","0.0944","0.3302","-0.9294","-0.5663","-0.1189","45.7859","100.0000","125.0000","5021.1665","6553.5000","433.4000","0.0000","19.4900","19.5150","0.0000","77.0000","433.4600","18.0000","-1.0000","950.5049","0.0627","-0.0200","3.3644","0.7547","24.7500","11.8000","0.9560","0.0000","3.3277"
"8.550","17.6696","14","0.3710","0.3436","-0.7540","83.9703","45.9931","10.0891","18.0950","0.1600","6.1144","45.50447186","-75.54468487","19.5938","12.2204","860.2750","41.2172","19.2102","32.4391","38.7500","2.0000","0.2418","0.3661","-0.8997","-0.8035","0.8796","45.7516","100.0000","125.2016","5017.4443","6553.5000","436.1400","0.0000","19.8800","19.7400","0.0000","77.0000","436.1740","18.0000","-1.0000","950.5049","0.0649","-0.0298","3.3536","0.7559","24.9167","11.8000","0.9590","0.0000","3.5687"
"8.600","18.0796","14","0.3713","0.3436","-0.7298","84.9152","44.4868","10.0745","18.0450","0.1600","6.4681","45.50447206","-75.54468155","19.5938","12.2208","860.4750","41.2484","19.2180","31.9641","38.6891","2.0000","0.3916","0.3959","-0.8842","-1.1417","1.7050","45.5172","100.0000","135.2823","4975.2222","6553.5000","437.8400","0.0000","20.8175","22.2425","0.0000","77.0000","437.8740","18.0000","-1.0000","950.5049","0.0700","-0.0391","3.3881","0.7614","25.0833","11.8000","0.9540","0.0000","3.8166"
"8.650","18.5088","14","0.3729","0.3439","-0.7135","85.9433","43.1446","10.0598","18.0000","0.1600","6.8277","45.50447224","-75.54467820","19.5938","12.2211","860.0000","40.7578","19.2641","31.9328","39.1969","2.0000","0.5526","0.3774","-0.9758","-1.4466","2.2941","45.3547","100.0000","145.3629","4926.0000","6553.5000","439.5500","0.0000","21.6128","20.8179","0.0000","77.0000","439.5850","18.0000","-1.0000","950.5049","0.0700","-0.0280","3.4095","0.7793","25.2484","11.8000","0.9490","0.0000","4.0712"
"8.700","19.1104","14","0.3865","0.3463","-0.7673","87.7202","43.2791","10.0457","18.0000","0.1600","7.0277","45.50447224","-75.54467460","19.5938","12.2215","860.0000","41.0922","19.2812","31.2563","38.8984","2.0000","0.1568","0.4161","-1.0896","-1.3713","2.7678","45.5375","100.0000","195.0000","4874.0605","6553.5000","441.3000","0.0000","22.2300","22.0750","0.0000","77.0000","441.3350","18.0000","-1.0000","950.5049","0.0700","-0.0169","3.4167","0.7961","25.4081","11.8000","0.9440","0.0000","4.3329"
"8.750","19.7096","14","0.3995","0.3475","-0.8170","89.6082","43.3427","10.0313","17.9950","0.1600","7.2374","45.50447220","-75.54467099","19.5938","12.2219","860.2250","41.2812","19.3438","32.0312","38.9922","2.0000","0.0733","0.5326","-1.1145","-1.3078","3.1929","46.4297","100.0000","233.3333","4799.8184","6553.5000","443.0400","0.0000","23.0600","23.5600","0.0000","76.8900","443.0740","18.0000","-1.0000","950.5049","0.0700","-0.0058","3.4364","0.7850","25.5091","11.8000","0.9420","0.0000","4.6024"
"8.800","20.2861","14","0.4065","0.3385","-0.8293","92.4950","42.7682","10.0153","17.9450","0.1600","7.5491","45.50447183","-75.54466728","19.5938","12.2223","860.0000","41.1000","19.3430","32.2734","38.2094","2.0000","0.5061","0.6207","-1.0580","-1.5965","3.3063","47.4391","100.0000","190.9804","4729.2222","6553.5000","444.7400","0.0000","24.5925","22.9900","0.0000","76.3900","444.7740","17.9944","-1.0000","950.5049","0.0727","-0.0080","3.4619","0.7776","25.6111","11.8000","0.9520","0.0000","4.8798"
"8.850","20.8855","14","0.4135","0.3301","-0.8426","95.2679","42.2059","9.9997","17.8950","0.1600","7.8757","45.50447146","-75.54466354","19.5938","12.2227","860.0000","40.9594","19.8227","32.9141","37.3469","2.0000","0.7589","0.5606","-0.9754","-1.9625","2.4776","47.5234","100.0000","112.5490","4691.4443","6553.5000","446.5000","0.0000","24.2436","23.0231","0.0000","76.0000","446.5400","17.9389","-1.0000","950.5049","0.0782","-0.0247","3.4313","0.8037","25.7222","11.7890","0.9590","0.0000","5.1665"
"8.900","21.6911","14","0.4204","0.3282","-0.8646","97.0142","41.7542","9.9879","17.8450","0.1600","8.2680","45.50447099","-75.54465954","19.5938","12.2230","860.0250","42.6875","20.2195","32.2594","38.1906","2.0000","0.3568","0.4477","-0.8822","-1.6958","0.8500","46.7203","100.0000","100.0000","4745.1665","6553.5000","448.5000","0.0000","24.1000","24.2650","0.0000","76.0000","448.5400","17.9000","-1.0000","950.5049","0.0838","-0.0187","3.3964","0.8188","25.8833","11.7390","0.9540","0.0000","5.4627"
"8.950","22.4453","14","0.4298","0.3276","-0.8842","98.8545","41.5329","9.9762","17.8000","0.1600","8.6011","45.50447048","-75.54465554","19.5938","12.2234","860.2750","43.6422","19.4117","31.0000","39.1188","2.0000","-0.1708","0.5441","-1.0375","-1.2557","-0.1461","45.9000","100.0000","150.4000","5012.3887","6553.5000","450.3300","0.0000","24.8200","25.8400","0.0000","76.0000","450.3530","17.9000","-1.0000","950.5049","0.0893","-0.0020","3.4020","0.8083","26.1611","11.7110","0.9520","0.0000","5.7688"
"9.000","22.7365","14","0.4611","0.3394","-0.8830","101.5405","43.3854","9.9651","17.8000","0.1600","8.3406","45.50446962","-75.54465151","19.5938","12.2238","860.0250","42.6312","18.9523","30.1992","38.1016","2.0000","-0.2203","0.5057","-1.1663","-1.3368","0.2440","45.5531","100.0000","160.0000","5167.9443","6553.5000","451.4800","0.0000","25.5325","26.9175","0.0000","76.0000","451.5030","17.9000","-1.0000","950.5049","0.0900","-0.0147","3.3946","0.7936","26.5222","11.7610","0.9620","0.0000","6.0821"
"9.050","23.0573","14","0.4920","0.3504","-0.8814","104.1427","45.1831","9.9542","17.7950","0.1600","8.1218","45.50446874","-75.54464747","19.5982","12.2240","860.0000","41.4344","19.0250","32.5687","37.0547","2.0000","0.0753","0.5237","-1.1127","-1.7687","1.0207","45.2531","100.0000","137.5000","5211.8335","6553.5000","452.8200","0.0000","26.7154","27.4590","0.0000","76.0000","452.8620","17.9000","-1.0000","950.5049","0.0918","-0.0287","3.3541","0.7747","26.9667","11.8000","0.9690","0.0000","6.4005"
"9.100","23.6447","14","0.5199","0.3545","-0.8763","105.9911","46.4871","9.9452","17.7450","0.1600","8.0951","45.50446766","-75.54464330","19.6074","12.2240","860.0250","42.3578","20.1117","33.7031","38.1188","2.0000","0.3567","0.6031","-0.9602","-2.1493","1.0724","44.6406","100.0000","110.7143","5285.2778","6553.5000","454.9200","0.0000","26.7750","26.7150","0.0000","76.0000","454.9620","17.9000","-1.0000","950.5049","0.1140","-0.0120","3.3442","0.7752","27.3722","11.8000","0.9640","0.0000","6.7253"
"9.150","24.2499","14","0.5411","0.3556","-0.8740","107.8623","47.2200","9.9354","17.6950","0.1600","8.1734","45.50446656","-75.54463912","19.6166","12.2240","860.2750","42.6422","20.1320","33.9437","38.7281","2.0000","0.2841","0.5548","-0.8008","-2.5670","0.2624","43.7562","100.0000","130.0000","5371.3887","6553.5000","456.9700","0.0000","27.3200","26.1600","0.0000","76.0000","457.0070","17.9000","-1.0000","950.5049","0.1191","-0.0031","3.3675","0.7841","27.7611","11.7890","0.9570","0.0000","7.0580"
"9.200","25.0140","14","0.5022","0.3296","-0.8954","109.9395","42.8136","9.9180","17.6450","0.1600","9.2987","45.50446525","-75.54463480","19.6259","12.2240","860.0000","42.4422","20.1242","31.9758","37.9531","2.0000","0.3234","0.5457","-0.9047","-2.6902","-0.8600","42.7687","100.0000","120.0000","5513.5000","6553.5000","458.8200","0.0000","27.6200","26.9325","0.0000","76.0000","458.8570","17.9000","-1.0000","950.5049","0.0802","-0.0142","3.3625","0.7915","27.9500","11.7390","0.9420","0.0000","7.3998"
"9.250","25.7215","14","0.4636","0.3063","-0.9108","112.0420","38.4859","9.9019","17.6000","0.1600","10.6369","45.50446390","-75.54463049","19.6351","12.2240","860.0000","42.8828","20.1180","31.6719","38.1047","2.0000","0.4642","0.5765","-1.0850","-2.2443","-1.4397","41.5625","100.0000","100.0000","5648.7222","6553.5000","460.6500","0.0000","28.4564","28.2282","0.0000","76.0000","460.6850","17.9000","-1.0000","950.5049","0.0707","-0.0227","3.3442","0.7984","28.1111","11.7000","0.9240","0.0000","7.7528"
"9.300","25.9194","14","0.4281","0.3082","-0.8720","114.3728","34.8660","9.8976","17.6000","0.1600","11.8316","45.50446227","-75.54462628","19.6443","12.2240","860.0000","42.6937","20.0789","32.8016","37.9766","2.0000","0.3422","0.4151","-1.1022","-1.7035","-1.3293","39.0875","100.0000","100.0000","5665.9443","6553.5000","462.4000","0.0000","28.7650","28.4650","0.0000","76.0000","462.4350","17.9000","-1.0000","950.5049","0.0929","-0.0282","3.3185","0.8029","28.2222","11.7000","0.8940","0.0000","8.1113"
"9.350","26.1741","14","0.3938","0.3103","-0.8396","116.5232","31.3618","9.8922","17.5950","0.1605","13.2828","45.50446064","-75.54462204","19.6536","12.2240","860.0000","41.9750","20.1164","32.3906","37.7891","2.0000","0.2480","0.1894","-1.0078","-1.1550","-1.0919","34.9906","100.0000","140.0000","5698.6665","6553.5000","464.0900","0.0000","28.9800","28.8400","0.0000","76.0000","464.1190","17.8833","-1.0000","950.5049","0.0773","-0.0338","3.2960","0.8008","28.3667","11.7000","0.8680","0.0000","8.4734"
"9.400","26.9389","14","0.3699","0.3136","-0.8644","117.0501","28.8978","9.8774","17.5450","0.1655","14.8366","45.50445898","-75.54461755","19.6628","12.2240","860.0000","42.1172","20.1398","33.3844","39.0359","2.0000","-0.0225","0.2379","-0.9967","-0.4010","-1.1248","30.2938","100.0000","144.2857","5767.5557","6553.5000","465.5400","0.0000","29.4150","29.5925","0.0000","76.0000","465.5690","17.8278","-1.0000","950.5049","0.0440","-0.0393","3.3210","0.7836","28.5889","11.7000","0.8580","0.0000","8.8422"
"9.450","27.6745","14","0.3445","0.3163","-0.8939","117.5993","26.3397","9.8611","17.5000","0.1705","16.7220","45.50445730","-75.54461307","19.6720","12.2240","860.0000","42.1063","20.1875","33.3750","40.6688","2.0000","0.2367","0.2355","-0.8381","0.2456","-1.3628","26.1000","100.0000","142.8571","5828.3887","6553.5000","467.0300","0.0000","30.0564","29.3000","0.0000","75.8900","467.0630","17.8000","-1.0000","950.5049","0.0742","-0.0351","3.3297","0.7836","28.7556","11.7110","0.8480","0.0000","9.2223"
"9.500","28.1472","14","0.3054","0.3133","-0.9658","118.3477","22.9353","9.8310","17.5000","0.1755","19.5322","45.50445545","-75.54460866","19.6813","12.2240","860.0250","40.1406","20.2789","32.1922","39.8937","2.0000","0.4242","0.0695","-0.8611","0.5462","-1.9312","22.9188","100.0000","91.3771","5881.1665","6553.5000","468.6800","0.0000","30.2000","29.6850","0.0000","75.3900","468.7130","17.8000","-1.0000","950.5049","0.1087","-0.0296","3.2963","0.8008","28.8667","11.7610","0.8380","0.0000","9.6101"
"9.550","28.6235","14","0.2713","0.3089","-1.0320","119.1581","19.9149","9.8025","17.4950","0.1800","22.8751","45.50445358","-75.54460424","19.6905","12.2240","860.0000","39.9359","20.8750","31.8594","39.9297","2.0000","0.4114","0.0877","-1.0481","0.8302","-2.7629","21.0609","100.0000","27.0270","5994.2222","6553.5000","470.3600","0.0000","30.2800","30.1600","0.0000","75.0000","470.3960","17.8000","-1.0000","950.5049","0.0920","-0.0240","3.2771","0.7994","28.9778","11.7890","0.8270","0.0000","10.0043"
"9.600","29.1322","14","0.2828","0.2918","-1.0470","120.5262","20.3507","9.7883","17.4450","0.1800","22.7831","45.50445147","-75.54459974","19.6997","12.2240","860.0000","41.3875","20.8742","30.9406","41.6875","2.0000","0.3273","0.1986","-1.2671","1.2671","-3.1405","20.5023","100.0000","79.7500","6133.1113","6553.5000","472.1600","0.0000","30.6250","30.6125","0.0000","75.0000","472.1960","17.8000","-1.0000","950.5049","0.0800","-0.0216","3.2732","0.7899","29.0889","11.7390","0.8120","0.0000","10.4052"
"9.650","29.6345","14","0.2938","0.2769","-1.0602","121.8878","20.7559","9.7747","17.4000","0.1800","22.7235","45.50444933","-75.54459525","19.7090","12.2240","860.0000","40.7609","20.8836","30.6758","41.2266","2.0000","0.4668","0.0807","-1.1906","1.5394","-2.7544","20.7727","100.0000","137.5000","6256.5000","6553.5000","473.9900","0.0000","31.6000","31.2410","0.0000","75.0000","474.0290","17.8000","-1.0000","950.5049","0.0800","-0.0271","3.3196","0.7550","29.1500","11.7000","0.8000","0.0000","10.8138"
"9.700","30.0792","14","0.3006","0.2817","-1.0579","123.1906","20.8858","9.7669","17.4000","0.1800","22.9211","45.50444703","-75.54459081","19.7182","12.2240","860.0000","40.3688","20.8906","30.4398","40.1453","2.0000","0.4209","0.2546","-1.0156","1.5421","-1.8929","21.5656","100.0000","136.1423","6383.4443","6553.5000","475.9400","0.0000","32.1500","32.3150","0.0000","75.0000","475.9790","17.8000","-1.0000","950.5049","0.0800","-0.0273","3.3896","0.7215","29.2222","11.7000","0.8000","0.0000","11.2287"
"9.750","30.5341","14","0.3111","0.2868","-1.0552","124.4819","21.2593","9.7587","17.4000","0.1805","22.8589","45.50444471","-75.54458638","19.7274","12.2240","860.7750","40.6109","20.8750","31.2484","40.0828","2.0000","0.5051","0.3689","-1.0020","1.3617","-0.8754","22.6852","100.0000","133.8015","6557.8887","6553.5000","477.8200","0.0000","33.0000","32.7400","0.0000","75.0000","477.8520","17.8000","-1.0000","950.5049","0.0800","-0.0218","3.3975","0.7265","29.4444","11.7110","0.8030","0.0000","11.6497"
"9.800","31.0796","14","0.3549","0.2946","-1.0500","125.6696","23.8254","9.7470","17.4000","0.1855","20.7613","45.50444225","-75.54458197","19.7367","12.2240","860.5000","40.6484","20.9047","32.3953","39.7281","2.0000","0.5033","0.3069","-0.9441","1.1380","-0.0916","23.7594","100.0000","154.6667","6701.1665","6553.5000","479.4200","0.0000","34.2025","34.4750","0.0000","75.0000","479.4520","17.8000","-1.0000","950.5049","0.0876","-0.0238","3.3954","0.7263","29.7000","11.7610","0.8180","0.0000","12.0773"
"9.850","31.6216","14","0.3998","0.3002","-1.0443","126.8703","26.4392","9.7343","17.3950","0.1905","19.0351","45.50443975","-75.54457756","19.7459","12.2240","860.2750","41.0984","20.9219","33.5938","39.3094","2.0000","0.2527","0.2941","-0.9877","0.6474","0.2919","24.6766","100.0000","138.6667","6771.7222","6553.5000","481.0400","0.0000","34.1590","33.6410","0.0000","75.0000","481.0740","17.8000","-1.0000","950.5049","0.0987","-0.0293","3.3760","0.7141","30.0333","11.7890","0.8280","0.0000","12.5134"
"9.900","32.1325","14","0.4539","0.2849","-1.0330","128.1886","29.4827","9.7130","17.3450","0.1955","17.3460","45.50443693","-75.54457309","19.7551","12.2240","860.5000","41.2219","20.0187","30.7578","38.5391","2.0000","0.2238","0.4461","-1.1286","-0.3210","0.7381","25.5898","100.0000","137.1814","6861.1665","6553.5000","482.7400","0.0000","34.2950","34.1650","0.0000","75.0000","482.7740","17.7722","-1.0000","950.5049","0.0804","-0.0300","3.3548","0.7077","30.3111","11.7390","0.8180","0.0000","12.9564"
"9.950","32.6371","15","0.5015","0.2724","-1.0226","129.5603","32.1111","9.6931","17.3000","0.2000","16.1762","45.50443409","-75.54456866","19.7644","12.2240","860.0000","41.2125","19.0391","29.1203","37.8922","2.0000","0.1773","0.5676","-1.1906","-1.1821","1.8173","26.5820","100.0000","141.9913","6969.5000","6553.5000","484.6000","0.0000","35.2600","35.7400","0.0000","75.0000","484.6500","17.7167","-1.0000","950.5049","0.0618","-0.0296","3.3293","0.7072","30.5333","11.7110","0.8110","0.0000","13.4061"
"10.000","33.0841","15","0.4910","0.2859","-1.0196","131.4136","31.0046","9.6859","17.3000","0.2000","16.9830","45.50443107","-75.54456447","19.7736","12.2240","860.0000","42.0500","18.9531","31.0070","38.1125","2.0000","0.1229","0.6088","-1.0506","-1.5457","3.2055","27.3687","100.0000","142.8571","7089.8887","6553.5000","487.1000","0.0000","35.7225","36.4800","0.0000","75.0000","487.1500","17.7000","-1.0000","950.5049","0.0840","-0.0240","3.3269","0.6821","30.8333","11.7610","0.8160","0.0000","13.8622"
"10.050","33.5287","15","0.4821","0.2977","-1.0149","133.2257","29.9954","9.6783","17.3000","0.1995","17.7902","45.50442804","-75.54456030","19.7828","12.2240","860.0000","40.9281","19.2000","33.3063","36.8750","2.0000","0.2230","0.5578","-0.9541","-1.6062","3.3848","27.3281","100.0000","189.7143","7215.4443","6553.5000","489.6000","0.0000","36.6282","35.9821","0.0000","75.0000","489.6500","17.7000","-1.0000","950.5049","0.0969","-0.0200","3.3497","0.6466","31.1667","11.7890","0.8220","0.0000","14.3253"
"10.100","33.9506","15","0.4874","0.2943","-0.9941","134.6673","29.8630","9.6670","17.3000","0.1945","18.0940","45.50442480","-75.54455616","19.7921","12.2240","860.0000","40.8953","20.1258","33.6016","36.4984","2.0000","0.3966","0.5735","-0.8115","-1.1050","1.8285","26.7781","100.0000","138.5000","7266.0000","6553.5000","492.1000","0.0000","36.6450","36.8650","0.0000","75.0000","492.1500","17.6500","-1.0000","950.5049","0.0858","-0.0200","3.3562","0.6380","31.4500","11.7390","0.8320","0.0000","14.7941"
"10.150","34.3912","15","0.4930","0.2916","-0.9734","136.1120","29.7522","9.6553","17.2950","0.1900","18.3971","45.50442153","-75.54455203","19.7969","12.2224","860.2750","41.7313","20.1250","30.6063","38.9656","2.0000","0.2550","0.7272","-0.8185","-0.3463","0.0258","26.5359","100.0000","128.1346","7315.4443","6553.5000","494.5800","0.0000","37.3200","37.0000","0.0000","74.8900","494.6280","17.6056","-1.0000","950.5049","0.0800","-0.0200","3.3551","0.6319","31.7222","11.7110","0.8390","0.0000","15.2688"
"10.200","34.9989","15","0.5017","0.2962","-0.9540","137.5842","29.8365","9.6396","17.2450","0.1900","18.6693","45.50441795","-75.54454798","19.7969","12.2189","860.0000","41.4594","20.1539","28.4469","40.5047","2.0000","0.0792","0.6380","-0.9371","-0.1498","-0.4528","26.5312","100.0000","131.9572","7429.8887","6553.5000","496.9800","0.0000","38.0975","36.8400","0.0000","74.3900","497.0280","17.6611","-1.0000","950.5049","0.0800","-0.0200","3.3486","0.6214","31.9444","11.7610","0.8340","0.0000","15.7505"
"10.250","35.5894","15","0.5092","0.2992","-0.9366","139.0418","29.8529","9.6245","17.2000","0.1895","18.9738","45.50441436","-75.54454394","19.7969","12.2155","860.2250","41.3438","20.3492","29.3117","40.0250","2.0000","0.0529","0.4305","-0.9889","0.0614","0.2046","26.0781","100.0000","133.3333","7515.3335","6553.5000","499.4000","0.0000","38.1692","38.3436","0.0000","74.0000","499.4500","17.6833","-1.0000","950.5049","0.0913","-0.0124","3.3410","0.6205","32.2833","11.7890","0.8280","0.0000","16.2413"
"10.300","36.0234","15","0.5062","0.2874","-0.9364","140.3680","29.2580","9.6143","17.2000","0.1845","19.5957","45.50441060","-75.54454001","19.7969","12.2121","860.5000","39.5219","21.5602","29.9945","38.6031","2.0000","0.1643","0.3329","-0.8615","0.9055","0.6711","24.8594","100.0000","133.3333","7533.1113","6553.5000","501.9000","0.0000","38.4900","37.9250","0.0000","74.0000","501.9500","17.6278","-1.0000","950.5049","0.1080","-0.0013","3.3282","0.6422","32.8944","11.7390","0.8180","0.0000","16.7388"
"10.350","36.4656","15","0.5033","0.2757","-0.9351","141.6869","28.6681","9.6034","17.1950","0.1800","20.2444","45.50440681","-75.54453609","19.7969","12.2086","860.2250","40.2797","21.5484","31.8547","38.8484","2.0000","0.1560","0.3634","-0.9455","1.7968","0.4521","23.3625","100.0000","124.2165","7596.1665","6553.5000","504.3300","0.0000","38.4800","38.9000","0.0000","74.0000","504.3730","17.6000","-1.0000","950.5049","0.1100","0.0000","3.3234","0.6502","33.4778","11.7110","0.8100","0.0000","17.2423"
"10.400","36.9800","15","0.5001","0.2647","-0.9242","142.9394","28.1236","9.5847","17.1450","0.1800","20.9275","45.50440281","-75.54453227","19.7969","12.2052","860.5250","40.7109","21.5320","30.1266","39.9047","2.0000","0.0772","0.4025","-1.0560","2.0475","0.2774","22.6344","100.0000","109.9715","7704.5000","6553.5000","506.4800","0.0000","39.2175","39.2900","0.0000","74.0000","506.5230","17.6000","-1.0000","950.5049","0.1087","-0.0004","3.3389","0.6447","34.0333","11.7610","0.8100","0.0000","17.7521"
"10.450","37.4705","15","0.4980","0.2540","-0.9099","144.2340","27.6439","9.5682","17.1000","0.1800","21.5730","45.50439879","-75.54452848","19.7969","12.2018","860.5000","40.9313","20.7492","28.8125","39.0797","2.0000","0.0362","0.5134","-1.0660","1.6155","1.0104","23.1906","100.0000","100.0000","7828.0000","6553.5000","508.6000","0.0000","39.9564","39.2385","0.0000","74.0000","508.6400","17.6000","-1.0000","950.5049","0.0920","-0.0060","3.3278","0.6368","34.5889","11.8000","0.8100","0.0000","18.2696"
"10.500","37.7459","15","0.5058","0.2464","-0.8642","145.9082","27.7481","9.5706","17.1000","0.1800","21.6500","45.50439460","-75.54452495","19.7969","12.1984","860.0250","41.0359","20.2422","28.8203","38.6500","2.0000","-0.0031","0.6374","-1.1019","0.8068","2.5832","24.5406","100.0000","100.0000","7958.0000","6553.5000","510.6000","0.0000","40.4300","40.1000","0.0000","74.0000","510.6400","17.6000","-1.0000","950.5049","0.0753","-0.0116","3.2878","0.6279","35.1444","11.8000","0.8100","0.0000","18.7920"
"10.550","38.0246","15","0.5155","0.2390","-0.8225","147.5618","27.9563","9.5719","17.1000","0.1800","21.6474","45.50439038","-75.54452147","19.7969","12.1949","860.5000","40.4109","20.2938","29.2906","36.4703","2.0000","0.0209","0.6959","-1.0629","0.2682","3.9252","25.9813","100.0000","107.0513","8058.5000","6553.5000","512.6300","0.0000","40.8600","42.0200","0.0000","74.0000","512.6730","17.5500","-1.0000","950.5049","0.0587","-0.0171","3.3226","0.6540","36.2500","11.7890","0.8090","0.0000","19.3182"
"10.600","38.3324","15","0.5425","0.2330","-0.8160","149.0294","29.1013","9.5623","17.1000","0.1800","20.9640","45.50438598","-75.54451830","19.7969","12.1915","860.5000","40.7438","20.3289","30.9352","37.2266","2.0000","0.1456","0.6453","-0.9552","-0.1442","4.2320","27.0438","100.0000","139.1026","8153.5000","6553.5000","514.7800","0.0000","41.0100","41.3000","0.0000","74.0000","514.8230","17.5000","-1.0000","950.5049","0.0473","-0.0200","3.3926","0.6782","37.4056","11.7390","0.8040","0.0000","19.8483"
"10.650","38.6634","15","0.5689","0.2269","-0.8076","150.5092","30.2079","9.5522","17.0950","0.1795","20.3704","45.50438154","-75.54451516","19.7969","12.1881","860.2750","40.1391","20.3891","30.6922","36.9688","2.0000","0.1491","0.5685","-0.8528","-0.5366","3.5195","27.6469","100.0000","166.6667","8228.5000","6553.5000","516.9800","0.0000","41.4846","41.4692","0.0000","74.0000","517.0280","17.5000","-1.0000","950.5049","0.0418","-0.0200","3.3306","0.6498","38.4611","11.7000","0.8000","0.0000","20.3834"
"10.700","39.2029","15","0.5891","0.2202","-0.7817","152.0975","30.9698","9.5366","17.0450","0.1745","20.1465","45.50437687","-75.54451218","19.7969","12.1846","860.0000","42.1797","20.3906","31.0594","37.3266","2.0000","0.1984","0.5777","-0.8276","-0.8207","2.5430","28.0469","100.0000","168.0000","8326.6670","6553.5000","519.3800","0.0000","41.9200","41.6250","0.0000","74.0000","519.4280","17.5000","-1.0000","950.5049","0.0400","-0.0162","3.2609","0.6375","39.5000","11.7000","0.8000","0.0000","20.9245"
"10.750","39.7300","15","0.6091","0.2163","-0.7550","153.6570","31.7218","9.5230","17.0000","0.1700","19.9334","45.50437219","-75.54450922","19.7969","12.1812","860.7750","42.1859","19.4078","31.8195","36.9359","2.0000","0.2372","0.5714","-0.9182","-1.5847","2.0172","28.6469","100.0000","198.8981","8478.8887","6553.5000","521.7700","0.0000","42.5800","42.6000","0.0000","74.0000","521.8170","17.5000","-1.0000","950.5049","0.0400","-0.0107","3.3092","0.6625","40.5000","11.7000","0.8010","0.0000","21.4726"
"10.800","40.1468","15","0.6275","0.2373","-0.7202","154.9566","32.3847","9.5271","17.0000","0.1700","19.7302","45.50436740","-75.54450638","19.7969","12.1778","860.5000","42.6688","19.0250","31.2445","35.8281","2.0000","0.1256","0.7244","-1.1338","-2.7672","2.2371","29.9750","100.0000","171.3499","8648.8887","6553.5000","524.1200","0.0000","43.3829","43.3683","0.0000","74.0000","524.1670","17.5000","-1.0000","950.5049","0.0644","-0.0100","3.3513","0.6678","41.5556","11.7000","0.8060","0.0000","22.0270"
"10.850","40.5494","15","0.6444","0.2578","-0.6859","156.3275","32.9673","9.5308","16.9950","0.1700","19.5759","45.50436259","-75.54450361","19.7969","12.1744","860.5000","42.6203","18.1703","31.2062","35.9641","2.0000","0.0456","0.9266","-1.1182","-4.0379","2.9193","31.9922","100.0000","143.8017","8836.6670","6553.5000","526.3600","0.0000","45.0282","45.0667","0.0000","74.0000","526.3960","17.5000","-1.0000","950.5049","0.0891","-0.0091","3.3774","0.6533","42.6667","11.7000","0.8130","0.0000","22.5878"
"10.900","40.8252","15","0.6485","0.2730","-0.6554","158.3396","32.8271","9.5304","16.9450","0.1700","19.7932","45.50435752","-75.54450136","19.7969","12.1709","860.5000","42.5563","19.4742","31.6961","35.6000","2.0000","-0.1140","1.0651","-0.9350","-4.5445","3.2840","34.0000","100.0000","133.3333","9010.4443","6553.5000","528.1600","0.0000","45.4300","46.0000","0.0000","74.0000","528.1960","17.4611","-1.0000","950.5049","0.0780","0.0020","3.3307","0.6194","43.3111","11.7000","0.8280","0.0000","23.1530"
"10.950","41.1408","15","0.6517","0.2895","-0.6234","160.3217","32.6405","9.5303","16.9000","0.1700","20.0602","45.50435243","-75.54449915","19.7969","12.1675","860.2750","41.7812","21.5789","33.1781","36.0000","2.0000","-0.0474","0.9443","-0.7356","-4.0654","2.4922","35.1125","100.0000","122.0833","9178.2227","6553.5000","529.9301","0.0000","46.2600","46.1600","0.0000","74.0000","529.9630","17.4056","-1.0000","950.5049","0.0731","0.0038","3.2052","0.5772","43.7556","11.7000","0.8440","0.0000","23.7225"
"11.000","41.8150","15","0.6470","0.3187","-0.5774","162.0328","32.0368","9.5327","16.9000","0.1700","20.7732","45.50434714","-75.54449724","19.7969","12.1641","860.4750","41.4031","24.1359","33.4313","36.3672","2.0000","0.2859","0.7959","-0.6677","-2.8078","0.3926","34.8750","100.0000","105.8168","9298.5000","6553.5000","531.5800","0.0000","47.1125","46.5875","0.0000","74.0000","531.6130","17.4000","-1.0000","950.5049","0.0842","-0.0184","3.1877","0.5565","43.9500","11.7000","0.8640","0.0000","24.2984"
"11.050","42.4980","15","0.6431","0.3474","-0.5393","163.6905","31.4627","9.5334","16.8950","0.1705","21.4977","45.50434183","-75.54449534","19.7969","12.1606","860.5000","41.6797","24.1789","31.8984","38.4516","2.0000","0.4156","0.7495","-1.0440","-1.2961","-1.8016","33.1469","100.0000","93.4406","9415.8887","6553.5000","533.1801","0.0000","47.8256","46.6923","0.0000","74.0000","533.2080","17.3944","-1.0000","950.5049","0.0740","-0.0273","3.2210","0.5362","44.1111","11.7000","0.8770","0.0000","24.8847"
"11.100","43.2601","15","0.6456","0.3717","-0.5729","164.8675","31.1542","9.5194","16.8450","0.1755","22.1000","45.50433631","-75.54449358","19.7969","12.1572","860.0000","42.5547","23.1164","28.6516","39.0750","2.0000","0.3906","0.5549","-1.3033","-0.3731","-2.2457","30.4062","100.0000","120.0000","9554.7773","6553.5000","534.5800","0.0000","47.9050","47.7600","0.0000","74.0000","534.6080","17.3389","-1.0000","950.5049","0.0407","-0.0218","3.3326","0.4984","44.2222","11.7000","0.8620","0.0000","25.4807"
"11.150","44.0005","15","0.6454","0.3954","-0.5947","166.0733","30.7158","9.5078","16.8000","0.1795","22.7990","45.50433077","-75.54449186","19.7969","12.1538","860.0000","41.5141","20.2359","28.2180","38.2062","2.0000","0.3335","0.5557","-1.3402","-0.5359","-0.5488","27.0719","100.0000","150.0000","9628.1670","6553.5000","536.0000","0.0000","48.3800","49.1600","0.0000","73.8900","536.0300","17.3000","-1.0000","950.5049","0.0376","-0.0200","3.4334","0.4755","44.3167","11.7000","0.8460","0.0000","26.0866"
"11.200","44.5459","15","0.6208","0.4121","-0.5101","167.5385","29.1087","9.5175","16.8000","0.1745","24.3560","45.50432503","-75.54449047","19.7969","12.1527","860.0000","40.8984","20.2945","29.8172","34.4828","2.0000","0.4530","0.6342","-1.2231","-0.9140","1.6098","23.0625","100.0000","109.7938","9548.7227","6553.5000","537.5000","0.0000","48.8700","48.2100","0.0000","73.3900","537.5300","17.3000","-1.0000","950.5049","0.0487","-0.0200","3.2890","0.4872","44.3722","11.7000","0.8260","0.0000","26.7010"
"11.250","45.1379","15","0.5958","0.4280","-0.4343","168.9836","27.4890","9.5249","16.7950","0.1700","26.1338","45.50431927","-75.54448912","19.7969","12.1543","860.0000","39.6672","20.7008","32.9141","34.0219","2.0000","0.5520","0.5133","-1.0068","-0.6610","2.0279","18.5500","100.0000","32.4742","9542.0557","6553.5000","538.9600","0.0000","48.3900","48.5800","0.0000","73.0000","538.9860","17.3000","-1.0000","950.5049","0.0744","-0.0200","3.1802","0.5030","44.4278","11.7000","0.8080","0.0000","27.3246"
"11.300","46.1498","15","0.5670","0.4368","-0.4377","170.2471","25.7565","9.5119","16.7450","0.1700","28.5169","45.50431322","-75.54448810","19.7969","12.1558","860.0000","40.5406","21.7672","34.8656","36.7438","2.0000","0.5480","0.4195","-0.7809","0.1031","0.4517","14.7328","100.0000","96.6667","9608.1670","6553.5000","540.2600","0.0000","48.8200","48.7800","0.0000","73.0000","540.2860","17.3000","-1.0000","950.5049","0.0991","-0.0200","3.1630","0.5230","44.4833","11.7000","0.7980","0.0000","27.9592"
"11.350","47.1155","15","0.5380","0.4419","-0.4411","171.4890","24.0218","9.4992","16.7000","0.1700","31.2161","45.50430718","-75.54448709","19.7969","12.1573","860.0000","40.6094","20.8867","32.9766","39.6281","2.0000","0.5111","0.4421","-0.9139","0.3935","-1.2864","12.7984","100.0000","166.6667","9722.5000","6553.5000","541.6500","0.0000","49.5600","49.3200","0.0000","73.0000","541.6850","17.2611","-1.0000","950.5049","0.0880","-0.0200","3.2177","0.5185","44.5389","11.7000","0.7910","0.0000","28.6066"
"11.400","47.6661","15","0.5066","0.4138","-0.4449","172.5353","22.2663","9.4904","16.7000","0.1700","34.0708","45.50430110","-75.54448628","19.7969","12.1588","860.0250","41.4688","19.4500","31.2938","39.1266","2.0000","0.4446","0.4784","-1.0035","-0.0002","-1.6037","12.6641","100.0000","142.5000","9857.5000","6553.5000","543.4000","0.0000","50.5244","49.5537","0.0000","73.0000","543.4350","17.2056","-1.0000","950.5049","0.0847","-0.0216","3.3505","0.5035","44.5944","11.7000","0.7960","0.0000","29.2642"
"11.450","48.2123","15","0.4778","0.3857","-0.4426","173.5755","20.6361","9.4832","16.6950","0.1695","37.1835","45.50429499","-75.54448550","19.7969","12.1604","860.0000","39.5281","19.1633","30.4047","36.6688","2.0000","0.3836","0.3579","-0.9775","-0.8221","-0.8679","13.4555","100.0000","127.4167","9946.5000","6553.5000","545.1300","0.0000","50.9154","50.6846","0.0000","73.0000","545.1630","17.2000","-1.0000","950.5049","0.1013","-0.0271","3.3560","0.5065","44.6000","11.7000","0.7990","0.0000","29.9306"
"11.500","48.7183","15","0.4727","0.3570","-0.3861","174.5616","20.1331","9.4919","16.6450","0.1645","38.5125","45.50428869","-75.54448499","19.7969","12.1619","860.0000","39.6844","19.2328","31.0141","35.9641","2.0000","0.2470","0.3835","-0.8717","-1.4908","-0.3518","14.4328","100.0000","131.5833","10032.7773","6553.5000","546.7800","0.0000","51.1400","50.4050","0.0000","73.0000","546.8130","17.1944","-1.0000","950.5049","0.1153","-0.0273","3.3015","0.5095","44.6056","11.7000","0.7940","0.0000","30.6040"
"11.550","49.2242","15","0.4643","0.3297","-0.3336","175.5314","19.5005","9.4996","16.6000","0.1600","40.1748","45.50428237","-75.54448450","19.7969","12.1634","860.0000","40.4016","19.3008","31.3438","36.9719","2.0000","0.3092","0.4985","-0.9068","-1.5025","-0.4900","15.2055","100.0000","133.3333","10140.5557","6553.5000","548.4700","0.0000","51.4200","52.2400","0.0000","73.0000","548.5070","17.1389","-1.0000","950.5049","0.1264","-0.0218","3.2725","0.4945","44.6611","11.7000","0.7890","0.0000","31.2842"
"11.600","49.7299","15","0.4260","0.3143","-0.3171","176.3549","17.7014","9.4983","16.6000","0.1600","44.7126","45.50427596","-75.54448419","19.7969","12.1649","860.0000","41.2516","19.4523","32.7766","38.9344","2.0000","0.2077","0.5664","-1.0292","-1.0621","-1.0102","15.3250","100.0000","135.7500","10232.0000","6553.5000","550.3200","0.0000","51.7350","52.5650","0.0000","73.0000","550.3570","17.1000","-1.0000","950.5049","0.1489","-0.0162","3.2536","0.4863","44.7000","11.7000","0.7840","0.0000","31.9711"
"11.650","50.2270","15","0.3874","0.2987","-0.3017","177.1473","15.8961","9.4965","16.5950","0.1600","50.2884","45.50426955","-75.54448390","19.7969","12.1664","860.0000","40.5250","19.4445","31.1625","38.6484","2.0000","0.1925","0.4894","-0.9582","-0.2712","-1.5282","14.3047","100.0000","131.7245","10285.3330","6553.5000","552.1300","0.0000","52.4600","52.1400","0.0000","73.0000","552.1630","17.1000","-1.0000","950.5049","0.1767","-0.0107","3.3108","0.4941","44.7000","11.7000","0.7790","0.0000","32.6657"
"11.700","50.6480","15","0.3452","0.2816","-0.2960","177.6596","14.0346","9.4898","16.5450","0.1600","57.4360","45.50426306","-75.54448373","19.7969","12.1680","860.0000","39.3672","19.4383","30.7406","39.2500","2.0000","0.2294","0.2345","-0.9922","0.4609","-1.7373","12.1187","100.0000","121.7666","10317.2773","6553.5000","553.7800","0.0000","52.6000","52.3150","0.0000","73.0000","553.8130","17.0722","-1.0000","950.5049","0.2436","0.0633","3.3525","0.4924","44.6722","11.7000","0.7740","0.0000","33.3665"
"11.750","51.0764","15","0.3016","0.2622","-0.2918","178.1550","12.1210","9.4826","16.5000","0.1600","67.0657","45.50425656","-75.54448357","19.7969","12.1695","860.2750","39.0984","18.4023","30.4117","38.7094","2.0000","0.3009","0.0752","-0.9433","0.8347","-1.4594","9.5617","100.0000","110.7557","10327.8330","6553.5000","555.4301","0.0000","52.4400","53.2800","0.0000","73.0000","555.4630","17.0167","-1.0000","950.5049","0.3433","0.1636","3.3541","0.4813","44.6167","11.7000","0.7690","0.0000","34.0729"
"11.800","51.5714","15","0.2441","0.2217","-0.3005","178.4980","9.7398","9.4710","16.5000","0.1600","84.2715","45.50424993","-75.54448349","19.7969","12.1710","860.0250","38.7281","17.5734","30.3484","38.6703","2.0000","0.1895","0.1290","-1.0019","0.7923","-0.7513","7.6648","100.0000","105.8824","10395.9443","6553.5000","557.0800","0.0000","53.6950","52.3650","0.0000","73.0000","557.1130","17.0000","-1.0000","950.5049","0.7600","0.4580","3.3145","0.4531","44.4056","11.7000","0.7640","0.0000","34.7855"
"11.850","52.0288","15","0.1807","0.1793","-0.3033","178.8349","7.1357","9.4627","16.4950","0.1600","116.0455","45.50424330","-75.54448342","19.7969","12.1725","860.0000","39.2984","16.6562","29.9867","38.7578","2.0000","-0.1132","0.2641","-1.1666","0.6137","-0.0256","6.3367","100.0000","92.4062","10488.7227","6553.5000","558.1000","0.0000","53.6600","53.5400","0.0000","73.0000","558.0700","17.0000","2.4100","950.5049","1.0849","0.7058","3.2300","0.4176","44.1278","11.7000","0.7600","0.0000","35.5053"
"11.900","52.1483","15","0.0637","0.1199","-0.2523","179.1163","2.5265","9.4835","16.4450","0.1600","328.5027","45.50423669","-75.54448334","19.7969","12.1741","860.0000","38.7531","16.7031","31.2773","38.9188","2.0000","-0.1952","0.2517","-1.1171","0.7934","-0.2463","4.6645","100.0000","69.1715","9975.5000","6553.5000","556.6000","0.0000","52.7550","52.9600","0.0000","73.0000","556.5700","16.9500","17.9100","950.5049","1.1738","0.8336","3.2106","0.3170","37.0000","11.7000","0.7600","0.0000","36.2286"
"11.950","52.2556","15","-0.0512","0.0553","-0.2097","179.3484","-1.9953","9.4997","16.4000","0.1600","416.8231","45.50423008","-75.54448326","19.7969","12.1756","860.0000","39.5031","16.6992","31.5203","40.6766","2.0000","-0.1678","0.0267","-1.0033","1.5430","-1.7504","1.2596","100.0000","61.2717","9429.8330","6553.5000","554.1100","0.0000","51.7400","52.2800","0.0000","73.0000","553.9810","16.9000","30.0000","950.5049","1.4653","1.1187","3.2217","0.2158","28.6111","11.7000","0.7750","0.0000","36.9535"
"12.000","52.2534","15","-0.1475","-0.0569","-0.2429","179.1375","-5.7304","9.4753","16.4000","0.1600","145.1272","45.50422350","-75.54448307","19.7969","12.1771","860.5000","40.2375","13.7801","31.1164","45.0047","2.0000","-0.2781","-0.3622","-1.0364","2.1520","-3.5898","-5.1656","100.0000","58.8135","9198.1670","6553.5000","547.6600","0.0000","44.6300","49.8500","0.0000","73.0000","547.5310","16.9000","30.0000","950.5049","1.9764","1.5742","3.2386","0.1742","15.7222","11.7000","0.8500","0.0000","37.6792"
"12.050","52.1301","15","-0.2397","-0.1679","-0.2702","178.7467","-9.3109","9.4539","16.4000","0.1600","89.1076","45.50421697","-75.54448280","19.7969","12.1786","860.0000","41.6312","11.8211","31.3312","47.5969","2.0000","-0.5209","-0.7026","-1.1059","2.0615","-4.3605","-14.0086","100.0000","57.5472","9016.8330","6553.5000","541.5000","0.0000","45.8400","48.7800","0.0000","73.0000","541.4000","16.9000","31.4300","950.5049","2.2269","1.6633","3.2520","0.1422","5.6000","11.7110","0.9210","0.0000","38.4038"
"12.100","50.9159","15","-0.2942","-0.2677","-0.2448","176.7370","-11.4999","9.4590","16.4000","0.1600","70.4659","45.50421089","-75.54448176","19.7969","12.1802","860.0250","42.0109","11.2141","31.5172","48.1891","2.0000","-0.6768","-0.7678","-1.0352","1.3463","-3.6574","-22.1812","100.0000","56.8656","8952.9443","6553.5000","536.5000","0.0000","43.2300","47.5100","0.0000","73.0000","536.4000","16.9000","37.9300","950.5049","2.3547","1.5800","3.2142","0.1327","1.9333","11.7610","0.9760","0.0000","39.1185"
"12.150","49.7327","15","-0.3473","-0.3646","-0.2218","174.8757","-13.6506","9.4629","16.3950","0.1600","57.9845","45.50420483","-75.54448073","19.7969","12.1817","860.2750","41.9656","11.3266","32.5438","47.8344","2.0000","-0.5810","-0.4892","-0.6386","0.4985","-2.4465","-25.4641","100.0000","55.8329","8881.2773","6553.5000","531.6600","0.0000","43.6600","46.8600","0.0000","73.0000","531.5760","16.8722","43.0000","950.5049","1.6758","1.0469","3.2307","0.1224","0.0722","11.7890","1.0120","0.0000","39.8180"
"12.200","48.8276","15","-0.3879","-0.4349","-0.2192","174.3499","-15.4561","9.4554","16.3450","0.1600","50.2788","45.50419892","-75.54447981","19.7969","12.1832","860.0250","41.7781","11.3516","30.9992","46.9359","2.0000","-0.4526","-0.1613","-0.5792","-0.0934","-1.5670","-22.1187","100.0000","58.1454","8801.8330","6553.5000","527.4600","0.0000","45.4350","45.2700","0.0000","73.0000","527.3760","16.8167","43.0000","950.5049","0.9260","0.4840","3.3868","0.1113","0.0167","11.7390","0.9720","0.0000","40.5034"
"12.250","47.9426","15","-0.4295","-0.5003","-0.2137","173.8891","-17.3218","9.4491","16.3000","0.1600","44.0502","45.50419304","-75.54447891","19.7969","12.1871","860.5000","41.5781","11.3281","29.6758","46.8672","2.0000","-0.4882","-0.0514","-1.0067","-0.4778","-0.9583","-14.5320","99.9457","60.1523","8792.0000","6553.5000","523.4000","0.0000","44.2600","44.6700","0.0000","73.0000","523.3300","16.7611","43.0000","950.5049","0.6260","0.2840","3.4261","0.1158","0.0000","11.7000","0.9360","0.0000","41.1747"
"12.300","47.2374","15","-0.4796","-0.5216","-0.1824","174.0131","-19.7286","9.4542","16.3000","0.1600","38.1075","45.50418728","-75.54447811","19.7969","12.1936","860.4750","41.4281","11.5305","28.9102","46.3547","2.0000","-0.3924","-0.2861","-1.2228","-0.4132","-0.2547","-7.8000","99.8326","61.6008","8812.0000","6553.5000","519.9000","0.0000","44.1250","44.3800","0.0000","73.0000","519.8300","16.7056","43.0000","950.5049","0.3789","0.1244","3.3389","0.1269","0.0000","11.7000","0.9160","0.0000","41.8356"
"12.350","46.5086","15","-0.5304","-0.5382","-0.1500","173.9693","-22.1860","9.4604","16.2950","0.1600","33.3637","45.50418155","-75.54447725","19.7969","12.2001","860.2750","40.7578","12.3457","30.7422","46.0687","2.0000","-0.2490","-0.7668","-1.0072","0.1809","0.5863","-6.3961","99.7195","64.2833","8708.5000","6553.5000","516.4000","0.0000","43.7400","44.1200","0.0000","73.0000","516.3300","16.7000","43.0000","950.5049","0.2678","0.0689","3.3061","0.1210","0.0000","11.7110","0.8990","0.0000","42.4866"
"12.400","45.5660","15","-0.5869","-0.5123","-0.1083","172.4158","-25.0995","9.4779","16.2450","0.1600","28.8933","45.50417613","-75.54447580","19.7969","12.2065","860.4750","39.9906","12.5918","33.0922","45.8359","2.0000","-0.1977","-1.0410","-0.8780","0.8698","1.1949","-10.6313","99.6064","70.3925","8582.4443","6553.5000","512.9000","0.0000","42.3400","44.5800","0.0000","73.0000","512.8300","16.7000","43.0000","950.5049","0.1833","0.0267","3.2989","0.1153","0.0000","11.7610","0.8940","0.0000","43.1267"
"12.450","44.6553","15","-0.6434","-0.4857","-0.0704","170.7937","-28.0339","9.4938","16.2000","0.1605","25.3518","45.50417073","-75.54447429","19.7969","12.2130","860.2250","40.0375","12.6703","36.4000","46.1641","2.0000","-0.2201","-1.0527","-0.8536","1.1741","1.0808","-18.0773","99.4933","79.6509","8376.8887","6553.5000","509.5700","0.0000","40.8400","43.9600","0.0000","73.0000","509.5170","16.7000","43.0000","950.5049","0.1278","-0.0011","3.3244","0.1287","0.0000","11.8000","0.8900","0.0000","43.7525"
"12.500","44.0305","15","-0.7002","-0.4531","-0.0678","168.5552","-31.1573","9.4949","16.2000","0.1655","22.4913","45.50416559","-75.54447220","19.7969","12.2195","860.5000","39.9859","12.6727","36.9766","46.7016","2.0000","-0.3142","-1.0724","-0.9543","0.9154","0.1077","-25.7906","99.3802","84.0000","8180.6665","6553.5000","506.9200","0.0000","39.8350","43.1800","0.0000","73.0000","506.8670","16.6833","43.0000","950.5049","0.0987","-0.0100","3.3505","0.1485","0.2000","11.8000","0.8900","0.0000","44.3683"
"12.550","43.4080","15","-0.7583","-0.4194","-0.0639","166.2909","-34.3556","9.4954","16.2000","0.1700","20.1091","45.50416047","-75.54447005","19.7969","12.2260","860.5000","40.2531","12.2672","37.9547","47.4641","2.0000","-0.4303","-1.1824","-0.9992","0.0153","-0.9888","-32.5367","99.2671","92.0168","8006.2222","6553.5000","504.0600","0.0000","38.6600","43.1600","0.0000","72.8900","503.9860","16.6278","43.0000","950.5049","0.0820","-0.0100","3.3322","0.1835","0.8667","11.8000","0.8890","0.0000","44.9757"
"12.600","42.8061","15","-0.8276","-0.3765","-0.0476","163.7947","-38.2287","9.4904","16.2000","0.1700","17.8212","45.50415557","-75.54446736","19.7969","12.2324","860.5000","40.2766","11.9398","37.5328","47.7516","2.0000","-0.4650","-1.2273","-1.0272","-1.3172","-1.3924","-37.8328","99.1540","106.8627","7848.4443","6553.5000","500.3600","0.0000","37.8800","41.7750","0.0000","72.3900","500.2860","16.5722","43.0000","950.5049","0.1191","-0.0051","3.3226","0.2041","1.5056","11.8000","0.8840","0.0000","45.5750"
"12.650","42.1776","15","-0.8955","-0.3369","-0.0294","161.3134","-42.0464","9.4872","16.1950","0.1700","15.9652","45.50415072","-75.54446462","19.7969","12.2389","860.5000","40.5344","10.9082","37.2828","47.4047","2.0000","-0.5029","-1.0143","-0.9037","-2.6700","-1.2619","-40.6266","99.0410","114.2857","7707.3335","6553.5000","496.7600","0.0000","37.3500","41.0900","0.0000","72.0000","496.6960","16.5167","43.0000","950.5049","0.1631","-0.0004","3.3354","0.2102","2.1167","11.8000","0.8840","0.0000","46.1646"
"12.700","41.3098","15","-0.9505","-0.3265","0.0050","158.9651","-45.3655","9.4992","16.1450","0.1700","14.4926","45.50414624","-75.54446145","19.7969","12.2454","860.0000","40.5578","11.0230","36.3812","47.2188","2.0000","-0.5246","-0.5850","-0.8083","-3.6286","-1.2088","-39.8344","98.9279","114.2857","7575.5557","6553.5000","493.5600","0.0000","37.2200","39.8300","0.0000","72.0000","493.4960","16.5000","43.0000","950.5049","0.2020","-0.0060","3.3481","0.2241","2.4944","11.8000","0.9040","0.0000","46.7440"
"12.750","40.4585","15","-0.9784","-0.3191","0.0334","156.7364","-47.3452","9.5086","16.1000","0.1700","13.6005","45.50414178","-75.54445830","19.7969","12.2519","860.2750","40.7656","11.0156","34.1125","47.0547","2.0000","-0.4780","-0.4046","-0.8138","-4.1143","-1.3930","-35.1562","98.8148","112.1308","7447.7778","6553.5000","490.3700","0.0000","37.1600","39.0400","0.0000","72.0000","490.3070","16.5000","43.0000","950.5049","0.2176","-0.0100","3.3609","0.2413","2.7722","11.8000","0.9250","0.0000","47.3121"
"12.800","39.7571","15","-0.7614","-0.3391","0.0072","155.5835","-37.2697","9.4940","16.1000","0.1700","16.9777","45.50413749","-75.54445523","19.7969","12.2583","860.5000","40.8078","10.9340","31.8781","46.6344","2.0000","-0.4561","-0.3657","-0.9080","-4.7314","-1.2979","-27.3547","98.7017","107.8209","7387.0000","6553.5000","487.2200","0.0000","37.1951","38.2463","0.0000","72.0000","487.1570","16.5000","43.0000","950.5049","0.1731","-0.0100","3.3563","0.2475","2.9000","11.8000","0.9500","0.0000","47.8699"
"12.850","39.0458","15","-0.5338","-0.3615","-0.0187","154.5328","-26.5851","9.4806","16.1000","0.1700","23.3752","45.50413321","-75.54445218","19.7969","12.2648","860.5000","42.0312","11.1316","29.9469","45.5047","2.0000","-0.4406","0.0000","-0.9153","-5.9018","-0.5701","-17.0855","98.5886","105.0649","7328.6665","6553.5000","484.0700","0.0000","37.2692","37.0308","0.0000","72.0000","484.0070","16.4944","43.0000","950.5049","0.1313","-0.0047","3.3435","0.2532","3.0333","11.8000","0.9730","0.0000","48.4165"
"12.900","38.2455","15","-0.2106","-0.4058","-0.0413","154.4019","-10.4189","9.4768","16.1000","0.1700","58.4223","45.50412907","-75.54444936","19.7969","12.2713","860.5000","42.7484","13.7070","30.0812","41.5516","2.0000","-0.4330","0.5339","-0.7638","-7.3463","0.0245","-4.7068","98.4755","107.1429","7225.3335","6553.5000","480.9200","0.0000","37.1500","35.9400","0.0000","72.0000","480.8570","16.4389","43.0000","950.5049","0.0924","0.0064","3.3254","0.2648","3.3667","11.8000","0.9880","0.0000","48.9530"
"12.950","37.4627","15","0.1061","-0.4468","-0.0627","154.5162","5.5262","9.4719","16.0950","0.1700","107.8921","45.50412492","-75.54444662","19.7969","12.2778","860.0000","44.5891","16.2508","28.7695","38.5359","2.0000","-0.5079","1.0616","-0.7675","-7.5291","-0.3127","8.9584","98.3624","106.8461","7086.6665","6553.5000","477.8000","0.0000","37.4200","34.0400","0.0000","72.0000","477.7400","16.4000","41.5700","950.5049","0.0838","-0.0089","3.3031","0.2780","3.7833","11.8000","1.0040","0.0000","49.4791"
"13.000","36.8371","15","0.3647","-0.4576","-0.0730","156.8373","19.4812","9.4561","16.0450","0.1700","30.0947","45.50412063","-75.54444466","19.7969","12.2843","860.5000","47.9391","16.6094","28.0055","40.1063","2.0000","-0.5013","1.2129","-0.8446","-6.2191","-1.1278","22.4445","98.2493","99.4257","6865.5557","6553.5000","474.8000","0.0000","37.2825","32.7750","0.0000","72.0000","474.7400","16.4000","35.0700","950.5049","0.0893","-0.0367","3.2420","0.2947","4.3944","11.8000","1.0240","0.0000","49.9957"
"13.050","36.2015","15","0.6177","-0.4622","-0.0844","159.2413","33.2589","9.4412","16.0000","0.1700","17.3236","45.50411635","-75.54444279","19.7969","12.2907","860.2750","48.4969","17.1305","28.0828","41.3156","2.0000","-0.4880","1.1482","-0.8361","-4.6480","-1.6432","34.2922","98.1362","92.0054","6638.0557","6553.5000","471.9900","0.0000","36.5718","31.3487","0.0000","72.0000","471.9490","16.4000","26.5900","950.5049","0.0998","-0.0400","3.2479","0.3133","4.8111","11.8110","1.0440","0.0000","50.5024"
"13.100","35.4748","15","0.8204","-0.4114","-0.1057","162.3915","45.4414","9.4347","16.0000","0.1700","12.4248","45.50411211","-75.54444171","19.7969","12.2972","860.0250","48.7469","19.5164","28.1352","41.3109","2.0000","-0.5132","1.1375","-0.7866","-3.2680","-1.8093","43.6328","98.0231","141.7333","6404.1665","6553.5000","469.9400","0.0000","35.9500","29.7050","0.0000","72.0000","469.8990","16.4000","11.0900","950.5049","0.1082","-0.0396","3.4263","0.3338","5.0333","11.8610","1.0640","0.0000","50.9999"
"13.150","34.7623","15","1.0116","-0.3579","-0.1298","165.5264","57.0348","9.4274","16.0000","0.1700","9.7004","45.50410788","-75.54444068","19.7969","12.3037","860.2750","48.4297","19.7898","28.2047","40.8063","2.0000","-0.6656","1.0842","-0.7809","-2.3405","-2.0579","49.9766","97.9100","180.0000","6357.3335","6553.5000","468.9400","0.0000","35.5000","28.9000","0.0000","72.0000","469.0040","16.4000","-1.0000","950.5049","0.0860","-0.0340","3.5155","0.4154","8.4444","11.9000","1.0790","0.0000","51.4879"
"13.200","34.1769","15","1.0980","-0.2784","-0.1776","168.5236","63.3274","9.4130","16.0000","0.1700","8.5893","45.50410371","-75.54444015","19.7969","12.3102","860.5000","48.2266","19.7820","26.2898","40.1578","2.0000","-0.7344","1.1528","-0.9982","-1.8199","-2.3902","53.6672","97.7969","173.3714","6390.6665","6553.5000","472.1400","0.0000","34.8000","29.0300","0.0000","72.0000","472.2040","16.4000","-1.0000","950.5049","0.0684","-0.0316","3.5083","0.5232","13.2222","11.9000","1.0740","0.0000","51.9672"
"13.250","33.6019","15","1.1753","-0.2009","-0.2193","171.5394","69.0616","9.3998","15.9950","0.1700","7.7437","45.50409956","-75.54443969","19.7969","12.3166","860.5000","48.1328","19.7898","24.4945","40.1469","2.0000","-0.4647","1.2092","-1.0000","-1.3159","-2.0576","55.3063","97.6838","161.9429","6656.0000","6553.5000","475.7300","0.0000","34.9800","29.9600","0.0000","72.0000","475.8330","16.3500","-1.0000","950.5049","0.0629","-0.0371","3.4493","0.5560","17.5000","11.9000","1.0380","0.0000","52.4375"
"13.300","33.1210","15","1.1703","-0.1404","-0.2054","174.7230","69.7699","9.3969","15.9450","0.1700","7.5554","45.50409554","-75.54443988","19.8015","12.3216","860.5000","47.9813","19.7820","27.1727","40.3750","2.0000","-0.2561","1.0711","-0.9857","-0.9107","-0.6940","55.1969","97.6793","167.5000","6932.5557","6553.5000","480.8800","0.0000","34.9050","30.8000","0.0000","72.0000","480.9830","16.3000","-1.0000","950.5049","0.0440","-0.0507","3.3660","0.5784","21.5222","11.9000","0.8780","0.0000","52.9007"
"13.350","32.6831","15","1.1599","-0.0802","-0.1876","159.9005","70.1030","9.3952","15.9000","0.1695","7.4201","45.50409152","-75.54444013","19.8112","12.3251","860.5000","46.7609","20.9773","28.8281","39.3469","2.0000","-0.1251","0.8560","-0.9620","-0.4924","0.9433","53.0609","97.7924","175.0000","7078.1113","6553.5000","485.9700","0.0000","34.0200","31.9200","0.0000","72.0000","486.0670","16.3000","-1.0000","950.5049","0.0107","-0.0729","3.3795","0.5823","23.7444","11.9000","0.7530","0.0000","53.3581"
"13.400","32.6328","15","1.1009","-0.0229","-0.1351","-16.9777","67.0596","9.4050","15.9000","0.1645","7.7449","45.50408745","-75.54444095","19.8209","12.3285","860.5000","45.1797","21.4961","30.2477","38.2672","2.0000","-0.0136","0.7888","-0.9248","0.1880","1.9586","49.3719","97.9055","131.6239","7117.1665","6553.5000","490.8200","0.0000","35.1300","34.9600","0.0000","72.0000","490.9170","16.3000","-1.0000","950.5049","0.0000","-0.0724","3.4051","0.5937","25.8833","11.9000","0.7680","0.0000","53.8120"
"13.450","32.6380","15","1.0356","0.0327","-0.0857","-175.9233","63.5750","9.4146","15.9000","0.1600","8.1707","45.50408337","-75.54444181","19.8305","12.3319","860.5000","43.5687","21.4930","31.7352","37.5797","2.0000","0.0597","0.7539","-0.8829","0.4406","1.8405","45.0297","98.0186","56.8376","6907.7222","6553.5000","495.3400","0.0000","35.5800","35.4700","0.0000","72.0000","495.4040","16.3000","-1.0000","950.5049","0.0000","-0.0613","3.4190","0.6226","27.8278","11.8890","0.7810","0.0000","54.2654"
"13.500","33.1424","15","0.9132","0.0741","-0.0635","-173.4754","56.1194","9.4230","15.9000","0.1600","9.3992","45.50407918","-75.54444299","19.8402","12.3354","860.5000","43.1641","21.6211","30.8453","36.8859","2.0000","0.0983","0.7625","-0.9393","0.3478","0.6355","40.8734","98.1317","0.0000","6862.4443","6553.5000","498.5400","0.0000","35.1900","34.1650","0.0000","72.0000","498.6040","16.3000","-1.0000","950.5049","0.0293","-0.0453","3.4144","0.6520","29.1611","11.8390","0.7860","0.0000","54.7226"
"13.550","33.6161","15","0.7900","0.1177","-0.0402","-171.0117","48.5971","9.4312","15.8950","0.1600","11.0092","45.50407500","-75.54444423","19.8499","12.3388","860.2750","44.2203","21.5953","30.0688","38.3203","2.0000","0.0911","0.7632","-0.9929","0.7337","-0.6271","37.3766","98.2448","0.0000","6981.3335","6553.5000","501.7200","0.0000","34.8600","34.9400","0.0000","72.0000","501.7820","16.3000","-1.0000","950.5049","0.0618","-0.0304","3.3622","0.6820","29.8833","11.8110","0.7910","0.0000","55.1858"
"13.600","33.8135","15","0.6604","0.1822","-0.0070","-168.4063","40.4747","9.4378","15.8450","0.1600","13.2962","45.50407090","-75.54444604","19.8596","12.3422","860.4750","43.7438","21.5484","30.7625","39.5281","2.0000","-0.0183","0.6375","-0.9795","1.5311","-1.1479","33.5125","98.3579","4.1322","7054.3335","6553.5000","504.8200","0.0000","35.6146","35.2098","0.0000","72.0000","504.8820","16.2611","-1.0000","950.5049","0.0840","-0.0360","3.3478","0.6766","30.3722","11.8610","0.7960","0.0000","55.6537"
"13.650","34.0210","15","0.5266","0.2418","0.0258","-166.0517","32.1048","9.4445","15.8000","0.1605","16.8654","45.50406678","-75.54444783","19.8692","12.3456","860.0000","40.7281","21.5242","31.1562","38.4547","2.0000","0.0845","0.3455","-1.1016","2.6783","-1.1278","27.2938","98.4710","73.0028","7107.6665","6553.5000","507.8400","0.0000","35.7026","35.5692","0.0000","72.0000","507.8940","16.2056","-1.0000","950.5049","0.1016","-0.0353","3.3745","0.6561","30.7611","11.8890","0.8020","0.0000","56.1250"
"13.700","34.3188","15","0.3553","0.2575","0.0551","-165.9554","21.5070","9.4517","15.8000","0.1655","25.3964","45.50406254","-75.54444935","19.8789","12.3491","860.5000","38.1984","20.8445","32.7844","38.9469","2.0000","0.2782","-0.1598","-1.0468","3.9125","-1.1934","17.9234","98.5840","141.8733","7049.5000","6553.5000","510.5400","0.0000","35.3100","36.1650","0.0000","72.0000","510.5940","16.2500","-1.0000","950.5049","0.1071","-0.0187","3.4072","0.6520","31.1500","11.8390","0.8120","0.0000","56.5997"
"13.750","34.6443","15","0.1801","0.2691","0.0801","-165.9982","10.7379","9.4574","15.8000","0.1700","51.3493","45.50405828","-75.54445084","19.8886","12.3525","860.2250","36.8719","19.0531","33.5359","41.4062","2.0000","0.2719","-0.3801","-1.0396","4.4133","-1.4823","7.5379","98.6971","166.6667","7008.9443","6553.5000","513.3100","0.0000","35.8800","36.5400","0.0000","72.0000","513.3710","16.2944","-1.0000","950.5049","0.1047","-0.0100","3.4427","0.6502","31.5222","11.8110","0.8200","0.0000","57.0787"
"13.800","35.2191","15","-0.0297","0.2438","0.0660","-167.2924","-1.5737","9.4485","15.8000","0.1700","356.1930","45.50405380","-75.54445199","19.8982","12.3559","860.5000","38.0531","18.6398","33.1562","43.8719","2.0000","0.2236","-0.3590","-0.9927","4.3234","-1.3404","-1.3312","98.8102","130.4000","7238.3887","6553.5000","516.3600","0.0000","37.0100","36.5400","0.0000","72.0000","516.4210","16.2389","-1.0000","950.5049","0.0936","-0.0100","3.4079","0.6518","31.7444","11.8610","0.8200","0.0000","57.5636"
"13.850","35.7550","15","-0.2378","0.2150","0.0522","-168.5596","-13.7369","9.4403","15.8000","0.1705","41.4256","45.50404933","-75.54445311","19.9079","12.3594","860.5000","37.3531","18.6250","33.0031","43.7375","2.0000","0.2469","-0.3890","-0.9739","4.2316","-0.7633","-8.4391","98.9233","110.8247","7361.1665","6553.5000","519.3100","0.0000","37.3500","37.3900","0.0000","72.0000","519.3610","16.2000","2.4100","950.5049","0.0976","-0.0100","3.3696","0.6020","29.5667","11.9110","0.8240","0.0000","58.0568"
"13.900","35.9419","15","-0.4312","0.1545","0.0405","-169.5828","-24.5652","9.4384","15.8000","0.1755","23.2864","45.50404485","-75.54445401","19.9176","12.3628","860.5000","34.3109","18.7313","33.8828","43.0563","2.0000","0.2404","-0.7626","-0.9775","4.4125","-0.7958","-15.4250","99.0364","112.1134","7235.0557","6553.5000","521.8600","0.0000","37.5350","37.8750","0.0000","72.0000","521.9110","16.2000","17.9100","950.5049","0.1087","-0.0100","3.4018","0.4320","21.7889","11.9610","0.8440","0.0000","58.5546"
"13.950","36.1213","14","-0.6218","0.0941","0.0278","-170.7899","-35.2332","9.4357","15.7950","0.1800","16.3167","45.50404037","-75.54445483","19.9273","12.3662","860.5000","36.1000","18.3250","34.2078","45.4813","2.0000","0.0328","-1.0628","-1.0559","4.9203","-1.6102","-23.5438","99.1495","112.5000","6962.2778","6553.5000","523.1100","0.0000","35.8800","38.2600","0.0000","72.0000","523.0310","16.2000","31.4300","950.5049","0.1736","0.0096","3.4276","0.3217","13.4833","11.9890","0.8570","0.0000","59.0549"
"14.000","36.2329","14","-0.7879","0.0350","0.0057","-173.6526","-44.4579","9.4243","15.7450","0.1800","12.9710","45.50403578","-75.54445488","19.9369","12.3696","860.5000","37.2438","15.6059","34.7812","48.5844","2.0000","-0.2319","-1.2253","-1.0829","5.2742","-2.3254","-32.8187","99.2626","110.7500","6542.8335","6553.5000","519.1600","0.0000","35.6667","37.9744","0.0000","72.0000","519.0810","16.2000","37.9300","950.5049","0.2404","0.0309","3.4371","0.2712","4.6500","11.9390","0.8420","0.0000","59.5573"
"14.050","36.2723","14","-0.9496","-0.0242","-0.0102","-158.5550","-53.4694","9.4146","15.7000","0.1795","10.7967","45.50403123","-75.54445484","19.9466","12.3731","860.2250","38.5469","14.3414","35.4203","50.0766","2.0000","-0.3055","-1.3145","-1.0500","4.8828","-2.3029","-42.1312","99.3757","110.0000","6305.7778","6553.5000","514.9800","0.0000","31.0700","37.1500","0.0000","72.0000","514.8780","16.2000","43.0000","950.5049","0.2460","0.0420","3.4276","0.2490","1.2222","11.9110","0.8350","0.0000","60.0607"
"14.100","35.6622","14","-1.0715","-0.0849","0.0302","18.1840","-60.5605","9.4192","15.7000","0.1745","9.3721","45.50402695","-75.54445399","19.9563","12.3765","860.5250","39.4672","13.7035","35.8000","50.0687","2.0000","-0.1663","-1.3844","-0.9961","4.0578","-1.6299","-50.4313","99.4888","102.6843","6146.8887","6553.5000","509.8800","0.0000","25.1150","37.2250","0.0000","72.0000","509.7780","16.2000","43.0000","950.5049","0.2376","0.0407","3.3976","0.2390","0.1111","11.9610","0.8600","0.0000","60.5597"
"14.150","35.0216","14","-1.1880","-0.1490","0.0703","176.8497","-67.4082","9.4249","15.7000","0.1700","8.2688","45.50402272","-75.54445305","19.9660","12.3799","860.5000","38.3406","12.8527","36.5438","49.9969","2.0000","-0.5000","-1.2572","-1.1365","3.0090","-0.8784","-57.1656","99.6019","92.2332","5990.0000","6553.5000","505.0200","0.0000","25.1600","35.5600","0.0000","72.0000","504.9420","16.2000","43.0000","950.5049","0.1931","0.0073","3.3589","0.2575","0.0000","11.9890","0.8930","0.0000","61.0506"
"14.200","34.1077","14","-1.2559","-0.2438","0.1090","172.8551","-72.0652","9.4406","15.7000","0.1700","7.5326","45.50401885","-75.54445139","19.9756","12.3834","860.5000","39.6734","12.2879","36.5938","50.1516","2.0000","-0.7845","-1.0075","-1.2646","1.6990","-0.1864","-62.6375","99.7150","85.1111","5834.0000","6553.5000","501.1200","0.0000","21.8512","35.6317","0.0000","72.0000","501.0420","16.2000","43.0000","950.5049","0.1567","-0.0020","3.3161","0.2812","0.0000","11.9390","0.9580","0.0000","61.5312"
"14.250","33.2363","14","-1.3202","-0.3296","0.1462","168.8527","-76.6199","9.4547","15.7000","0.1705","6.9038","45.50401500","-75.54444966","19.9853","12.3868","860.5000","39.9578","12.3910","37.9938","49.9719","2.0000","-0.2482","-0.9294","-0.9814","0.4960","0.1943","-67.2875","99.8281","98.9167","5684.0000","6553.5000","497.3500","0.0000","24.2641","33.9897","0.0000","72.0000","497.2850","16.2000","43.0000","950.5049","0.1289","0.0147","3.2753","0.3234","0.0000","11.9110","1.0140","0.0000","61.9982"
"14.300","32.7476","14","-1.3522","-0.3338","0.1690","164.7799","-80.2537","9.4546","15.7000","0.1755","6.4943","45.50401135","-75.54444731","19.9950","12.3902","860.9750","40.1156","12.4375","38.3031","49.7234","2.0000","-0.5332","-1.1828","-0.8852","-0.2873","0.1221","-71.3875","99.9412","99.1254","5567.0000","6553.5000","494.1000","0.0000","23.3400","33.0900","0.0000","72.0000","494.0350","16.2000","43.0000","950.5049","0.1691","0.0162","3.2460","0.3837","1.1333","11.9610","1.0340","0.0000","62.4565"
"14.350","32.2157","14","-1.3680","-0.3341","0.1895","160.7034","-82.8961","9.4552","15.6950","0.1800","6.1852","45.50400774","-75.54444491","20.0000","12.3907","860.7750","40.8125","12.2934","38.5359","49.8109","2.0000","-0.5631","-1.3627","-0.8851","-0.9222","-0.0715","-75.0437","100.0000","88.6480","5527.0000","6553.5000","491.7100","0.0000","22.9000","32.8400","0.0000","72.0000","491.7310","16.2000","43.0000","950.5049","0.2413","0.0107","3.3460","0.4859","4.9111","11.9890","1.0480","0.0000","62.9075"
"14.400","31.2951","14","-1.2377","-0.2992","0.1896","156.5944","-76.6169","9.4620","15.6450","0.1800","6.5009","45.50400460","-75.54444205","20.0000","12.3881","860.0250","39.9609","12.2902","41.1453","48.9437","2.0000","-0.5562","-1.2475","-0.9418","-2.3172","-0.5034","-76.7000","100.0000","85.7143","5608.6665","6553.5000","492.7600","0.0000","24.0450","32.0650","0.0000","72.0000","492.7810","16.1722","43.0000","950.5049","0.3967","0.1224","3.4015","0.5764","9.6611","11.9390","1.0380","0.0000","63.3490"
"14.450","30.4292","14","-1.0940","-0.2676","0.1900","152.6739","-69.3623","9.4684","15.6000","0.1795","6.9821","45.50400147","-75.54443919","20.0000","12.3854","860.7250","41.3641","12.3074","39.9953","47.2531","2.0000","-0.5993","-0.5107","-0.9515","-4.4525","-1.1525","-71.8812","100.0000","93.2308","5812.0000","6553.5000","494.1900","0.0000","25.4400","30.9200","0.0000","71.8900","494.2490","16.1167","43.0000","950.5049","0.5371","0.2338","3.3426","0.6553","15.3833","11.9110","1.0110","0.0000","63.7771"
"14.500","30.0545","14","-0.8300","-0.2669","0.1940","150.4511","-53.3287","9.4721","15.6000","0.1745","8.9695","45.50399848","-75.54443627","20.0000","12.3827","860.0250","43.8078","12.3441","34.8500","43.7234","2.0000","-0.3295","0.5249","-0.7123","-5.2727","-1.5516","-56.4625","100.0000","86.9691","5970.2222","6553.5000","497.1400","0.0000","27.7450","29.4150","0.0000","71.3900","497.1990","16.1000","43.0000","950.5049","0.3760","0.1560","3.3248","0.6984","19.2000","11.9610","0.9160","0.0000","64.1972"
"14.550","29.6822","14","-0.5634","-0.2602","0.1962","148.6167","-36.9960","9.4752","15.6000","0.1705","12.7692","45.50399548","-75.54443343","20.0000","12.3801","860.5000","40.5906","10.3082","33.8672","43.0719","2.0000","-0.2806","0.7698","-0.7069","-5.7941","-1.2439","-31.8047","100.0000","74.2126","6109.1113","6553.5000","500.2300","0.0000","29.4800","28.1400","0.0000","71.0000","500.3030","16.1000","43.0000","950.5049","0.2289","0.0751","3.3515","0.7262","22.2000","12.0000","0.8330","0.0000","64.6122"
"14.600","29.3316","14","-0.2734","-0.1993","0.1834","150.2787","-17.9717","9.4728","15.6000","0.1755","25.9757","45.50399229","-75.54443122","20.0000","12.3774","860.5000","41.7000","10.6316","30.9461","41.5125","2.0000","-0.2154","0.6951","-1.0080","-7.7094","0.0597","-4.4918","100.0000","71.2855","6148.7144","6553.5000","503.8800","0.0000","31.2050","27.5200","0.0000","71.0000","503.9530","16.1000","43.0000","950.5049","0.1178","-0.0138","3.4231","0.7409","24.5275","12.0000","0.7980","0.0000","65.0223"
"14.650","29.0236","14","0.0147","-0.1377","0.1741","151.9305","1.0282","9.4713","15.6000","0.1800","449.2538","45.50398908","-75.54442903","20.0000","12.3747","860.5000","45.8156","17.8492","30.8109","39.1234","2.0000","0.0410","0.7771","-1.2262","-9.1891","1.6909","17.7391","100.0000","72.2222","6194.0669","6553.5000","507.3000","0.0000","31.3000","32.9100","0.0000","71.0000","507.3500","16.1000","43.0000","950.5049","0.0547","-0.0573","3.5159","0.7555","27.0533","12.0000","0.7690","0.0000","65.4274"
"14.700","29.0985","14","0.2867","-0.0706","0.1961","153.4915","19.8093","9.4770","15.6000","0.1800","23.3788","45.50398569","-75.54442703","20.0000","12.3721","860.0000","44.4516","21.2422","33.7547","37.4672","2.0000","0.1525","0.6459","-0.9815","-9.1844","2.3039","31.4125","100.0000","26.0000","6432.3999","6553.5000","509.8000","0.0000","31.6850","32.2900","0.0000","71.0000","509.8500","16.1000","43.0000","950.5049","0.0436","-0.0518","3.4238","0.7866","32.7200","12.0000","0.7640","0.0000","65.8312"
"14.750","29.2073","14","0.5497","0.0000","0.2144","155.1264","37.9814","9.4815","15.6000","0.1800","12.2389","45.50398228","-75.54442506","20.0000","12.3694","860.5000","44.5281","21.8766","32.8187","35.8578","2.0000","0.3548","0.7911","-0.9533","-7.7660","1.6479","38.9375","100.0000","0.0000","6636.8999","6553.5000","512.3100","0.0000","33.1200","34.2200","0.0000","71.0000","512.3610","16.0860","43.0000","950.5049","0.0513","-0.0462","3.3169","0.8132","37.7240","11.9780","0.7650","0.0000","66.2363"
"14.800","29.6210","14","0.7314","0.1036","0.1995","157.4268","50.6728","9.4743","15.6000","0.1800","9.3035","45.50397869","-75.54442347","20.0000","12.3667","860.5000","44.9672","21.8305","32.9359","37.0281","2.0000","0.4463","0.9729","-1.0286","-6.3305","0.7523","44.7625","100.0000","0.0000","6754.3999","6553.5000","514.8600","0.0000","34.5150","34.5400","0.0000","71.0000","514.9110","16.0360","43.0000","950.5049","0.0680","-0.0407","3.3286","0.8282","41.0240","11.8780","0.7900","0.0000","66.6447"
"14.850","30.0432","14","0.9028","0.2047","0.1940","159.8678","62.5800","9.4704","15.5950","0.1800","7.6407","45.50397506","-75.54442196","20.0000","12.3641","860.2750","44.6922","21.9328","32.3875","36.9391","2.0000","0.3454","0.9405","-1.0078","-5.5621","0.0995","50.3438","100.0000","52.6882","6891.7476","6553.5000","517.5100","0.0000","34.9500","35.6300","0.0000","71.0000","517.5710","16.0000","38.1600","950.5049","0.0847","-0.0302","3.3232","0.8326","43.6970","11.8110","0.8130","0.0000","67.0594"
"14.900","30.5426","14","0.9816","0.2840","0.2726","163.5745","67.4283","9.4959","15.5450","0.1800","7.2091","45.50397110","-75.54442114","20.0000","12.3614","860.5000","45.3094","22.9344","32.0586","36.5938","2.0000","0.3559","1.0020","-0.8436","-4.8320","-0.5318","55.5438","100.0000","231.4493","7080.1313","6553.5000","520.5600","0.0000","35.9600","36.4000","0.0000","71.0000","520.6210","16.0000","16.1600","950.5049","0.1018","-0.0200","3.2737","0.8099","44.7576","11.8610","0.8280","0.0000","67.4803"
"14.950","31.0376","14","1.0542","0.3514","0.3474","167.2643","71.7881","9.5205","15.5000","0.1795","6.8811","45.50396713","-75.54442038","20.0000","12.3587","860.2250","44.7797","22.9133","31.2203","36.8516","2.0000","0.2233","1.0314","-0.8938","-4.3445","-1.1755","60.2062","100.0000","184.3478","7258.3335","6553.5000","523.6600","0.0000","36.5000","36.6400","0.0000","71.0000","523.7260","16.0000","-1.0000","950.5049","0.1240","-0.0200","3.2984","0.7845","45.0000","11.9000","0.8460","0.0000","67.9078"
"15.000","31.4934","14","1.0718","0.3108","0.3877","170.8014","71.7508","9.5367","15.5000","0.1745","6.9858","45.50396307","-75.54442023","20.0000","12.3561","860.5000","46.0125","22.9672","30.2367","36.3141","2.0000","0.0586","1.1867","-1.0143","-3.4219","-1.5791","64.6000","100.0000","137.2464","7412.7778","6553.5000","526.9600","0.0000","37.0350","37.3125","0.0000","71.0000","527.0260","16.0000","-1.0000","950.5049","0.1369","-0.0216","3.4034","0.7528","43.3333","11.9000","0.8760","0.0000","68.3416"
"15.050","31.9205","14","1.0893","0.2715","0.4224","156.3697","71.7473","9.5507","15.5000","0.1700","7.0808","45.50395901","-75.54442016","20.0000","12.3534","860.5000","46.5187","22.9531","31.2086","38.0703","2.0000","0.0197","1.2824","-1.0580","-2.7021","-1.3235","69.0375","100.0000","118.8333","7575.0000","6553.5000","530.2200","0.0000","38.5974","37.9410","0.0000","71.0000","530.2820","16.0000","-1.0000","950.5049","0.1258","-0.0271","3.4174","0.7553","43.3056","11.9000","0.9030","0.0000","68.7823"
"15.100","32.0884","14","1.1068","0.2443","0.4062","-19.7815","72.0472","9.5442","15.5000","0.1700","7.0884","45.50395503","-75.54442086","20.0000","12.3507","860.0000","45.7766","22.9672","30.4992","37.2891","2.0000","0.0516","1.2080","-1.0439","-2.9781","-0.5100","73.1750","100.0000","116.6667","7745.0000","6553.5000","533.3200","0.0000","38.9900","38.6300","0.0000","71.0000","533.3820","16.0000","-1.0000","950.5049","0.1253","-0.0247","3.3885","0.7920","44.9167","11.9000","0.9180","0.0000","69.2267"
"15.150","32.2336","14","1.1212","0.2213","0.3926","-177.9488","72.1735","9.5381","15.5000","0.1700","7.1081","45.50395105","-75.54442162","20.0000","12.3481","860.5000","45.9813","23.1078","29.9922","36.2094","2.0000","0.2114","1.2367","-0.9665","-3.2051","0.3087","76.5188","100.0000","122.5397","7959.7222","6553.5000","536.3300","0.0000","40.0200","39.8600","0.0000","71.0000","536.3830","16.0000","-1.0000","950.5049","0.1364","-0.0136","3.4011","0.8046","49.0944","11.8890","0.9270","0.0000","69.6732"
"15.200","32.1748","14","1.1080","0.2370","0.4016","-174.2615","70.7364","9.5358","15.5000","0.1700","7.2392","45.50394716","-75.54442303","20.0000","12.3454","860.5000","43.7891","23.1992","31.2977","36.2578","2.0000","0.4643","1.2030","-0.9180","-3.0629","0.6817","78.7375","100.0000","130.4762","8193.6113","6553.5000","538.9800","0.0000","41.5244","43.0707","0.0000","71.0000","539.0330","16.0000","-1.0000","950.5049","0.1249","-0.0138","3.4144","0.8068","54.3722","11.8390","0.9120","0.0000","70.1204"
"15.250","32.1726","14","1.0823","0.2520","0.4134","-170.6362","68.5136","9.5354","15.5000","0.1700","7.4736","45.50394325","-75.54442450","20.0000","12.3427","860.5000","44.3172","24.8609","31.5781","35.9875","2.0000","0.5412","1.2764","-0.8406","-1.9765","0.5236","79.1125","100.0000","116.9231","8475.5000","6553.5000","541.6100","0.0000","42.4231","42.5000","0.0000","71.0000","541.6610","16.0000","-1.0000","950.5049","0.1027","-0.0193","3.3694","0.8250","56.8000","11.8000","0.8990","0.0000","70.5674"
"15.300","32.6795","14","0.9442","0.2613","0.4504","-167.5701","59.2187","9.5509","15.5000","0.1700","8.7829","45.50393926","-75.54442643","20.0000","12.3401","860.4750","42.8187","24.7820","31.9844","37.1937","2.0000","0.3867","0.8702","-0.8094","-0.1416","-0.0091","75.2625","100.0000","107.6923","8763.0664","6553.5000","544.1600","0.0000","44.3800","43.8200","0.0000","71.0000","544.2110","15.9945","-1.0000","950.5049","0.1049","-0.0347","3.3582","0.8423","59.0242","11.8000","0.8940","0.0000","71.0181"
"15.350","33.2131","14","0.8022","0.2756","0.4868","-164.7780","49.7175","9.5657","15.4950","0.1705","10.6321","45.50393524","-75.54442835","20.0000","12.3374","860.5000","40.7453","23.4750","31.8500","38.1172","2.0000","0.5424","-0.1742","-0.8352","0.9550","-0.3847","64.8219","100.0000","113.0695","9053.7256","6553.5000","546.6100","0.0000","45.1800","45.2200","0.0000","71.0000","546.6510","15.9396","-1.0000","950.5049","0.1087","-0.0487","3.4337","0.8351","62.2659","11.8000","0.8990","0.0000","71.4757"
"15.400","33.9864","14","0.6250","0.3360","0.5176","-164.4526","38.3605","9.5738","15.4450","0.1755","14.1007","45.50393099","-75.54443008","20.0021","12.3344","860.0000","39.5781","21.8820","30.6906","38.4188","2.0000","0.4486","-0.5725","-0.9009","0.6787","-0.0170","48.2500","100.0000","121.4712","9251.6865","6553.5000","548.6600","0.0000","46.0390","46.2854","0.0000","71.0000","548.7010","15.9141","-1.0000","950.5049","0.0920","-0.0320","3.4463","0.8287","65.7879","11.8000","0.9440","0.0000","71.9419"
"15.450","34.7787","14","0.4472","0.3978","0.5462","-164.1967","27.0156","9.5829","15.4000","0.1795","20.4889","45.50392672","-75.54443180","20.0066","12.3309","860.2750","39.1219","21.7172","30.3320","36.7188","2.0000","0.5921","-0.3448","-0.9126","0.2306","0.9445","28.4047","100.0000","158.8333","9211.2832","6553.5000","550.5800","0.0000","46.7718","45.9436","0.0000","71.0000","550.6080","15.9646","-1.0000","950.5049","0.0769","-0.0184","3.3908","0.8242","70.0303","11.8000","0.9760","0.0000","72.4201"
"15.500","35.7424","14","0.2632","0.4730","0.5533","-164.5658","15.7809","9.6023","15.4000","0.1745","36.0473","45.50392218","-75.54443349","20.0111","12.3275","860.5000","38.5906","22.4695","33.5828","36.9281","2.0000","0.7969","-0.0757","-0.9028","0.4478","1.6715","8.5414","100.0000","154.3333","9170.5000","6553.5000","551.9800","0.0000","46.9750","46.6800","0.0000","71.0000","552.0080","15.9833","-1.0000","950.5049","0.0658","-0.0129","3.3054","0.8403","75.6000","11.8000","0.9560","0.0000","72.9102"
"15.550","36.7404","14","0.0819","0.5442","0.5583","-164.8034","4.7917","9.6199","15.4000","0.1700","122.0321","45.50391760","-75.54443524","20.0155","12.3241","860.5000","38.0594","24.0648","34.0953","37.2719","2.0000","0.8572","0.0406","-0.7193","1.9845","1.5311","-8.9023","100.0000","133.3333","9128.8330","6553.5000","553.2700","0.0000","46.7200","46.2000","0.0000","71.0000","553.2870","15.9278","2.4100","950.5049","0.0627","-0.0153","3.2059","0.9048","84.2667","11.8110","0.9380","0.0000","73.4135"
"15.600","38.0465","14","-0.0748","0.5807","0.5448","-163.8586","-3.9874","9.6210","15.4000","0.1700","151.8601","45.50391278","-75.54443750","20.0200","12.3206","860.4750","36.0547","24.4352","34.0438","38.7875","2.0000","0.8284","-0.2172","-0.8938","4.9883","0.5161","-23.7594","100.0000","129.2632","9117.7227","6553.5000","554.1200","0.0000","45.8707","44.8780","0.0000","71.0000","554.1370","15.9000","17.9100","950.5049","0.0682","-0.0264","3.1872","0.9117","91.2111","11.8610","0.9280","0.0000","73.9320"
"15.650","39.3513","14","-0.2233","0.6126","0.5381","-163.1658","-12.2430","9.6259","15.4000","0.1700","51.1553","45.50390791","-75.54443968","20.0245","12.3172","860.5000","34.1203","24.0984","34.6937","41.0547","2.0000","0.6987","-0.7553","-0.9765","8.5631","-1.0222","-37.4547","100.0000","122.2456","9137.1670","6553.5000","554.7100","0.0000","45.8641","46.6538","0.0000","71.0000","554.7010","15.9000","31.4300","950.5049","0.0851","-0.0149","3.1799","0.8612","96.4333","11.9000","0.9200","0.0000","74.4706"
"15.700","40.6449","14","-0.2977","0.6042","0.5923","-164.7403","-15.7871","9.6660","15.4000","0.1700","40.9754","45.50390260","-75.54444123","20.0289","12.3138","860.4750","33.8125","20.4531","35.8641","45.4906","2.0000","0.3662","-1.0084","-1.0940","10.4531","-2.3408","-48.9531","100.0000","157.4000","9388.7773","6553.5000","554.2600","0.0000","48.1250","47.4650","0.0000","71.0000","554.2510","15.9000","37.9300","950.5049","0.1073","0.0073","3.1788","0.8316","98.6611","11.9000","0.9200","0.0000","75.0264"
"15.750","41.8218","14","-0.3687","0.5907","0.6502","-166.3038","-19.1278","9.7060","15.4000","0.1700","34.7982","45.50389730","-75.54444273","20.0334","12.3104","860.5000","36.2500","18.9461","37.4172","47.1250","2.0000","0.2481","-0.7347","-0.9274","9.7508","-2.8524","-55.0125","100.0000","175.0000","9739.8887","6553.5000","553.7300","0.0000","48.9600","49.0400","0.0000","71.0000","553.7130","15.9000","45.7500","950.5049","0.2127","0.0491","3.1777","0.8111","99.6056","11.9000","0.9210","0.0000","75.5981"
"15.800","41.9487","14","-0.4091","0.5324","0.7423","-167.7678","-20.6383","9.7449","15.4000","0.1700","32.3493","45.50389213","-75.54444384","20.0379","12.3069","860.5000","38.2375","19.0281","36.3500","45.1719","2.0000","0.3767","-0.2785","-0.7808","8.6676","-2.8050","-53.4109","100.0000","148.5202","9920.0000","6553.5000","552.8800","0.0000","51.2561","50.2171","0.0000","71.0000","552.8630","15.8500","58.2500","950.5049","0.3089","0.0833","3.1766","0.8075","99.7500","11.9000","0.9260","0.0000","76.1790"
"15.850","42.1583","14","-0.4487","0.4775","0.8249","-169.1409","-22.1095","9.7825","15.4000","0.1700","30.3477","45.50388692","-75.54444497","20.0423","12.3035","860.2250","35.7438","18.2453","37.9000","43.1484","2.0000","0.5140","-0.2017","-0.9873","7.9197","-2.8020","-45.7172","100.0000","109.5794","10063.2227","6553.5000","552.0600","0.0000","50.1744","51.6821","0.0000","71.0000","552.0460","15.8000","71.5200","950.5049","0.1700","-0.0000","3.1925","0.8066","99.8056","11.8890","0.9240","0.0000","76.7635"
"15.900","43.1122","14","-0.4812","0.4525","0.8219","-169.6970","-23.2262","9.8090","15.4000","0.1700","29.5422","45.50388135","-75.54444622","20.0468","12.3001","860.5000","35.2875","17.6812","39.3234","43.3969","2.0000","0.5073","-0.6276","-1.0114","6.8012","-3.0244","-36.2469","100.0000","84.3130","10045.4443","6553.5000","551.3600","0.0000","50.0950","50.9750","0.0000","71.0000","551.3460","15.8000","87.5200","950.5049","0.0669","-0.0569","3.2270","0.8121","99.8611","11.8390","0.8940","0.0000","77.3566"
"15.950","44.0510","14","-0.5170","0.4321","0.8189","-170.3711","-24.4894","9.8338","15.3950","0.1700","28.6284","45.50387576","-75.54444741","20.0513","12.2966","860.5000","36.3438","18.2555","40.7594","43.8344","2.0000","0.5142","-0.8296","-0.7936","5.0752","-3.1437","-28.2852","100.0000","413.9024","10157.0000","6553.5000","551.3200","0.0000","51.4600","51.6200","0.0000","71.0000","551.3720","15.8000","100.0000","950.5049","0.0558","-0.0458","3.1927","0.8092","99.9000","11.8000","0.8610","0.0000","77.9621"
"16.000","44.8531","14","-0.5821","0.4531","0.8145","-172.1071","-27.0703","9.8443","15.3450","0.1700","26.3706","45.50386995","-75.54444803","20.0557","12.2932","860.4750","36.3719","18.3109","40.1562","44.6234","2.0000","0.5796","-0.6262","-0.7363","2.7465","-2.6106","-23.0609","100.0000","699.9999","10570.3330","6553.5000","553.9200","0.0000","53.9854","52.3366","0.0000","71.0000","553.9720","15.8000","100.0000","950.5049","0.0393","-0.0347","3.1260","0.7864","99.9000","11.8000","0.8160","0.0000","78.5792"
"16.050","45.6655","14","-0.6397","0.4774","0.8159","-173.8293","-29.2980","9.8576","15.3000","0.1700","24.8068","45.50386412","-75.54444860","20.0602","12.2898","860.5000","37.2891","18.2812","36.8625","43.3438","2.0000","0.6904","-0.4927","-0.6895","1.0321","-1.0480","-19.6570","100.0000","507.1428","10785.6113","6553.5000","556.6800","0.0000","53.8974","55.0846","0.0000","71.0000","556.7480","15.7722","100.0000","950.5049","0.0171","-0.0236","3.1732","0.7919","99.9000","11.8000","0.7770","0.0000","79.2089"
"16.100","46.5716","14","-0.6299","0.5318","0.8699","-175.4272","-28.3470","9.8971","15.3000","0.1700","26.1477","45.50385804","-75.54444869","20.0646","12.2864","860.4750","34.1156","18.2047","36.7484","39.6328","2.0000","0.8315","-0.1969","-1.0310","0.1880","0.9114","-15.7875","100.0000","150.0000","10802.8330","6553.5000","560.0800","0.0000","55.0050","55.1900","0.0000","71.0000","560.1480","15.7167","100.0000","950.5049","0.0062","-0.0238","3.2308","0.8258","99.9000","11.8000","0.7620","0.0000","79.8502"
"16.150","47.5499","14","-0.6111","0.5863","0.9220","-176.9282","-27.0114","9.9370","15.3000","0.1695","28.0170","45.50385192","-75.54444878","20.0691","12.2829","860.2750","32.0062","18.2188","36.2328","37.8766","2.0000","0.9496","-0.1071","-1.2207","-0.3487","2.1448","-10.5961","100.0000","0.0000","10751.4619","6553.5000","563.3700","0.0000","54.8600","54.3800","0.0000","71.0000","563.4270","15.7000","100.0000","950.5049","0.0007","-0.0293","3.2286","0.8406","99.9000","11.8000","0.7530","0.0000","80.5046"
"16.200","49.1791","14","-0.5116","0.6415","0.9570","-177.5579","-22.2140","9.9807","15.3000","0.1645","35.2350","45.50384543","-75.54444887","20.0736","12.2795","860.5000","33.2766","18.2633","37.8047","38.5672","2.0000","1.2160","-0.5696","-1.0251","-0.9119","2.3342","-5.8313","100.0000","0.0000","10670.6924","6553.5000","566.2200","0.0000","54.1100","53.8800","0.0000","71.0000","566.2770","15.7000","100.0000","950.5049","0.0049","-0.0349","3.2113","0.8472","99.9000","11.8000","0.7680","0.0000","81.1764"
"16.250","50.7606","14","-0.4211","0.6949","0.9874","-178.2160","-17.8150","10.0219","15.3000","0.1600","45.3482","45.50383890","-75.54444892","20.0780","12.2761","860.5000","34.6188","18.4844","37.7234","39.2156","2.0000","0.9549","-0.8025","-0.8668","-1.3775","1.8417","-3.4277","100.0000","0.0000","10839.6670","6553.5000","568.9600","0.0000","54.8400","55.7300","0.0000","71.0000","569.0060","15.7000","100.0000","950.5049","0.0096","-0.0378","3.1552","0.8311","99.9000","11.8000","0.7770","0.0000","81.8725"
"16.300","51.9138","14","-0.4117","0.7325","0.9776","-179.1291","-17.0028","10.0413","15.3000","0.1600","48.5940","45.50383211","-75.54444869","20.0825","12.2726","860.5000","35.1797","18.5148","38.2938","39.4203","2.0000","0.6399","-0.6165","-0.8388","-1.9793","0.9959","-3.1143","100.0000","0.0000","11042.6973","6553.5000","571.2600","0.0000","55.8800","56.3900","0.0000","71.0000","571.3060","15.7000","100.0000","950.5049","0.0040","-0.0100","3.0620","0.8119","99.9000","11.8000","0.7620","0.0000","82.5863"
"16.350","53.0597","14","-0.3992","0.7600","0.9692","-161.9976","-16.0788","10.0613","15.2950","0.1600","52.5208","45.50382530","-75.54444845","20.0870","12.2692","860.5000","35.1266","18.5070","36.5438","38.1859","2.0000","0.6080","-0.2830","-1.0573","-2.4782","0.0560","-3.4629","100.0000","-23.3333","11227.5000","6553.5000","573.5900","0.0000","56.5800","57.0200","0.0000","71.0000","573.6390","15.7000","98.2400","950.5049","0.0093","0.0038","2.9287","0.8195","99.9000","11.8000","0.7520","0.0000","83.3156"
"16.400","54.1402","14","-0.3597","0.6972","0.9748","17.5353","-14.1491","10.0855","15.2450","0.1600","60.8993","45.50381834","-75.54444815","20.0914","12.2658","860.0500","35.1172","18.3500","34.7188","38.3672","2.0000","0.6276","-0.1727","-1.1654","-2.7644","-0.5477","-3.6639","100.0000","-10.0000","11407.9893","6553.5000","576.0400","0.0000","57.1537","58.4244","0.0000","71.0000","576.0890","15.6945","90.2400","950.5049","0.0427","-0.0184","2.9940","0.8278","99.9000","11.8000","0.7620","0.0000","84.0597"
"16.450","55.2037","14","-0.3165","0.6384","0.9810","179.0755","-12.1108","10.1096","15.2000","0.1600","72.5465","45.50381136","-75.54444784","20.0938","12.2633","860.5000","35.6453","17.8594","34.6937","38.1562","2.0000","0.7992","-0.1396","-0.7424","-2.4833","-0.8355","-4.2773","100.0000","0.0000","11567.8789","6553.5000","578.5000","0.0000","58.3692","58.9000","0.0000","71.0000","578.5500","15.6396","82.2400","950.5049","0.0573","-0.0247","3.1529","0.8163","99.9000","11.8000","0.7710","0.0000","84.8205"
"16.500","56.1142","14","-0.2414","0.6171","0.9931","178.6814","-9.0953","10.1315","15.2000","0.1600","98.1921","45.50380416","-75.54444746","20.0938","12.2617","860.0250","34.9250","17.9375","36.5938","38.4047","2.0000","0.9756","-0.2644","-0.4952","-1.8080","-1.2406","-5.6531","100.0000","71.4286","11741.9697","6553.5000","581.0000","0.0000","59.3500","60.0000","0.0000","71.0000","581.0500","15.6000","74.2400","950.5049","0.0518","-0.0136","3.2312","0.8107","99.9000","11.8000","0.7760","0.0000","85.5942"
"16.550","57.0250","14","-0.1760","0.5931","1.0042","178.2730","-6.4526","10.1539","15.2000","0.1600","140.6541","45.50379694","-75.54444705","20.0938","12.2602","860.2750","36.4578","18.1250","36.4437","39.9938","2.0000","1.0469","-0.4214","-0.9829","-1.1437","-1.7378","-7.2043","100.0000","173.4694","11952.5762","6553.5000","583.6000","0.0000","61.5600","60.2600","0.0000","71.0000","583.6600","15.6000","68.0000","950.5049","0.0651","-0.0062","3.2902","0.8203","99.9000","11.8000","0.7830","0.0000","86.3802"
"16.600","57.9396","14","-0.1995","0.5441","1.0074","177.7371","-7.1650","10.1806","15.2000","0.1600","128.6996","45.50378950","-75.54444634","20.0938","12.2587","860.5000","37.1312","18.1398","36.8391","40.9297","2.0000","1.0056","-0.3246","-1.1499","-0.7523","-2.1490","-8.0941","100.0000","144.5000","12125.8330","6553.5000","586.6000","0.0000","61.1500","61.9650","0.0000","71.0000","586.6600","15.6000","68.0000","950.5049","0.0873","-0.0007","3.2558","0.8235","99.9000","11.8000","0.7980","0.0000","87.1783"
"16.650","58.8471","14","-0.2239","0.4950","1.0090","177.2200","-7.9078","10.2059","15.2000","0.1600","118.4373","45.50378206","-75.54444564","20.0938","12.2572","860.5000","35.8891","18.1648","35.1797","39.9484","2.0000","0.8660","-0.2804","-0.7252","-0.4566","-2.5802","-7.7611","100.0000","125.0000","12211.9443","6553.5000","589.5800","0.0000","62.1900","61.6000","0.0000","71.0000","589.6380","15.6000","68.0000","950.5049","0.0753","-0.0147","3.2154","0.8118","99.9000","11.8000","0.8070","0.0000","87.9906"
"16.700","59.6909","14","-0.2569","0.4443","0.9960","176.8729","-8.9235","10.2191","15.2000","0.1600","106.4613","45.50377449","-75.54444487","20.0938","12.2557","860.5000","36.2250","18.1711","34.4313","39.9734","2.0000","0.8371","-0.1014","-0.6243","0.0532","-3.0735","-6.4662","100.0000","152.4753","12322.5820","6553.5000","592.4800","0.0000","62.2900","62.5200","0.0000","71.0000","592.5380","15.6000","68.0000","950.5049","0.0600","-0.0291","3.1599","0.8019","99.9000","11.8000","0.7920","0.0000","88.8144"
"16.750","60.5272","14","-0.2877","0.3960","0.9832","176.5275","-9.8622","10.2322","15.1950","0.1600","97.6779","45.50376690","-75.54444410","20.0938","12.2541","860.2750","36.3609","18.1789","34.5328","40.4469","2.0000","0.5328","0.0210","-0.8554","0.7239","-3.3641","-5.6432","100.0000","189.6040","12457.7471","6553.5000","594.5500","0.0000","62.6800","63.3400","0.0000","71.0000","594.5250","15.6000","68.0000","950.5049","0.0600","-0.0180","3.1171","0.7936","99.9000","11.7560","0.7800","0.0000","89.6494"
"16.800","61.2966","14","-0.2984","0.3690","0.9709","176.1977","-10.1078","10.2431","15.1450","0.1600","96.5162","45.50375910","-75.54444326","20.0938","12.2526","860.0250","36.9437","18.0828","33.4313","40.6344","2.0000","0.4532","-0.3212","-0.9727","1.5797","-3.1570","-6.5045","100.0000","200.0000","12242.9775","6553.5000","593.3000","0.0000","63.6900","65.0200","0.0000","71.0000","593.2750","15.6000","68.0000","950.5049","0.1160","0.0242","3.0882","0.8072","99.9000","11.5560","0.7800","0.0000","90.4952"
"16.850","61.9983","14","-0.3133","0.3390","0.9609","175.7948","-10.4926","10.2545","15.1000","0.1600","94.0409","45.50375131","-75.54444235","20.0938","12.2511","860.5000","36.7687","15.9609","34.2625","42.0656","2.1800","0.1972","-0.5944","-0.9673","1.8749","-2.6713","-8.8695","100.0000","142.4000","11863.5332","6553.5000","590.9500","0.0000","61.4500","63.6500","0.0000","71.0000","590.8150","15.6000","69.7600","950.5049","0.3160","0.1464","3.0858","0.8311","99.9000","11.3780","0.8170","0.0000","91.3522"
"16.900","62.0894","14","-0.3662","0.2817","0.9711","174.7341","-12.1301","10.2705","15.1000","0.1600","81.4653","45.50374365","-75.54444089","20.0938","12.2496","860.4750","36.9656","14.3703","33.0109","42.6562","3.0000","0.0542","-0.5766","-1.1122","1.3833","-1.8400","-11.8633","100.0000","99.1304","11091.7773","6553.5000","584.2000","0.0000","65.7200","64.8250","0.0000","71.0000","584.0650","15.5556","77.7600","950.5049","0.4040","0.1967","3.0958","0.8607","99.9000","11.2780","1.0020","0.0000","92.2139"
"16.950","62.2014","14","-0.4167","0.2280","0.9813","173.7023","-13.6881","10.2871","15.1000","0.1600","72.3233","45.50373598","-75.54443941","20.0938","12.2480","860.5000","36.0938","14.5656","33.9562","42.0656","3.0000","0.1305","-0.4721","-1.0592","0.7407","-1.1836","-14.3086","100.0000","70.1449","10266.5254","6553.5000","578.1700","0.0000","65.4200","65.1000","0.0000","71.0000","578.1070","15.5051","85.7600","950.5049","0.3707","0.1689","3.1464","0.8910","99.9000","11.2550","1.1290","0.0000","93.0772"
"17.000","62.5020","14","-0.4453","0.2057","0.9908","172.9301","-14.5300","10.3097","15.1000","0.1600","68.4618","45.50372820","-75.54443773","20.0938","12.2465","860.5000","36.1188","15.6293","37.3047","42.3859","3.0000","0.1617","-0.4275","-0.9146","-0.0759","-1.8770","-14.8426","100.0000","66.6667","10524.2197","6553.5000","575.0200","0.0000","61.2590","63.1949","0.0000","71.0000","574.9570","15.5000","93.7600","950.5049","0.3827","0.1449","3.1845","0.8663","99.9000","11.5050","1.0240","0.0000","93.9432"
"17.050","62.7917","14","-0.4759","0.1859","0.9956","172.1720","-15.4357","10.3294","15.1000","0.1600","64.7435","45.50372042","-75.54443603","20.0938","12.2450","860.0000","40.1781","15.6129","36.6688","45.3766","3.0000","0.0198","-0.3472","-0.9520","-1.3130","-2.7659","-13.7199","100.0000","68.9231","10883.2891","6553.5000","573.1200","0.0000","64.4900","63.6600","0.0000","70.8900","573.1820","15.5000","100.0000","950.5049","0.4160","0.1227","3.0156","0.8379","99.9000","11.7000","0.9210","0.0000","94.8137"
"17.100","62.9832","14","-0.5243","0.1884","0.9570","171.5393","-16.9152","10.3226","15.1000","0.1600","59.2609","45.50371265","-75.54443414","20.0938","12.2435","860.5000","41.0234","15.0367","33.8484","44.4750","3.0000","0.1117","-0.3554","-1.1649","-2.1452","-1.7225","-12.8742","100.0000","69.2308","11024.4004","6553.5000","576.2200","0.0000","66.6900","65.5850","0.0000","70.3900","576.2820","15.5000","100.0000","950.5049","0.3027","0.1004","2.8970","0.8368","99.9000","11.7000","0.8260","0.0000","95.6873"
"17.150","63.2137","14","-0.5727","0.1922","0.9239","170.8618","-18.3914","10.3189","15.1000","0.1600","54.7036","45.50370488","-75.54443219","20.0938","12.2419","860.5000","34.6109","15.9754","37.2906","39.4688","3.0000","0.1713","-0.5876","-1.1344","-2.1306","0.1640","-13.5617","100.0000","69.2308","11084.0000","6553.5000","579.4100","0.0000","67.0000","67.8200","0.0000","70.0000","579.4810","15.5000","100.0000","950.5049","0.1813","0.0782","2.9075","0.8075","97.8622","11.7000","0.7490","0.0000","96.5640"
"17.200","63.7950","14","-0.6211","0.2087","0.9390","169.7806","-19.8384","10.3434","15.1000","0.1600","51.1801","45.50369701","-75.54442962","20.0938","12.2404","860.5000","31.6469","18.2961","42.8781","37.5125","3.0000","0.4438","-0.5835","-0.8044","-1.9291","-0.3984","-15.2594","100.0000","69.2308","10934.0000","6553.5000","582.9600","0.0000","66.0683","68.1415","0.0000","70.0000","583.0310","15.5000","100.0000","950.5049","0.1980","0.0560","3.0039","0.7059","90.5844","11.7000","0.7440","0.0000","97.4461"
"17.250","64.3861","14","-0.6675","0.2218","0.9484","168.6974","-21.2191","10.3642","15.0950","0.1600","48.2932","45.50368914","-75.54442700","20.0938","12.2389","860.5000","36.9125","19.2812","42.7750","43.1047","3.0000","0.4212","-0.7000","-0.7175","-1.9674","-3.5135","-17.6375","100.0000","70.5734","10929.0664","6553.5000","586.2700","0.0000","67.3718","67.0000","0.0000","70.0000","586.3170","15.5000","100.0000","950.5049","0.2598","0.0913","3.1934","0.6357","80.9067","11.7110","0.7380","0.0000","98.3371"
"17.300","65.0661","14","-0.6963","0.2049","0.9064","167.5968","-22.0040","10.3512","15.0450","0.1600","47.0622","45.50368117","-75.54442403","20.0938","12.2374","860.4750","42.2938","17.7375","37.9656","47.9969","3.0000","0.2687","-1.0914","-0.7388","-1.6217","-5.9578","-21.5250","100.0000","84.0000","11081.2891","6553.5000","588.6200","0.0000","67.6300","67.0550","0.0000","70.0000","588.6670","15.5000","100.0000","950.5049","0.4376","0.2747","3.2336","0.5996","68.6289","11.7610","0.7280","0.0000","99.2366"
"17.350","65.6652","14","-0.7266","0.1830","0.8662","166.4392","-22.8329","10.3392","15.0000","0.1600","45.7714","45.50367323","-75.54442099","20.0938","12.2358","860.5000","41.1922","13.1426","34.5109","49.1594","3.0000","-0.0197","-1.4199","-0.9724","-0.7399","-5.5062","-25.7828","100.0000","73.6235","10711.4219","6553.5000","589.3500","0.0000","65.7400","67.0200","0.0000","70.0000","589.2350","15.4622","100.0000","950.5049","0.5993","0.4100","3.2036","0.4815","55.1800","11.8000","0.7350","0.0000","100.1441"
"17.400","65.5365","14","-0.7693","0.1153","0.8426","164.7695","-24.0566","10.3359","15.0000","0.1600","43.3579","45.50366556","-75.54441731","20.0938","12.2343","860.5000","36.5969","11.2461","34.4766","46.5344","3.0000","-0.3986","-1.1702","-1.1062","-0.1388","-3.4129","-27.3406","100.0000","63.2470","10095.8662","6553.5000","583.6000","0.0000","63.9450","66.8350","0.0000","70.0000","583.4850","15.4067","100.0000","950.5049","0.7438","0.4933","3.2455","0.3248","41.1800","11.8000","0.8100","0.0000","101.0547"
"17.450","65.3670","14","-0.8184","0.0423","0.8227","163.1572","-25.4851","10.3349","15.0000","0.1600","40.8218","45.50365790","-75.54441360","20.0938","12.2328","860.5000","35.8063","10.2918","35.3094","44.7984","3.0000","-0.4803","-1.0447","-0.8773","-0.6967","-2.1592","-25.6938","100.0000","58.8889","10002.4443","6553.5000","577.9700","0.0000","61.2200","64.4300","0.0000","70.0000","577.8670","15.4000","100.0000","950.5049","0.8542","0.5767","3.2888","0.2517","27.6689","11.8000","0.8830","0.0000","101.9634"
"17.500","64.8305","14","-0.9244","-0.0778","0.8366","162.0608","-28.7566","10.3531","15.0000","0.1600","35.8808","45.50365042","-75.54440965","20.0938","12.2333","860.5250","39.4016","10.2340","35.4828","45.3422","3.0000","-0.6276","-1.1912","-0.8206","-1.7559","-2.2363","-24.3156","100.0000","59.7104","9972.6221","6553.5000","572.8200","0.0000","58.6200","60.9300","0.0000","70.0000","572.7170","15.4000","100.0000","950.5049","0.9487","0.6600","3.2360","0.1947","15.0822","11.8000","0.9480","0.0000","102.8671"
"17.550","64.2545","14","-1.0245","-0.1954","0.8444","160.8746","-31.8681","10.3669","15.0000","0.1605","32.0898","45.50364299","-75.54440564","20.0938","12.2359","860.7250","41.6562","10.2875","36.1219","48.2031","3.0000","-0.5636","-1.2288","-1.0502","-2.6561","-2.3760","-26.1484","100.0000","59.9085","9855.4004","6553.5000","567.8900","0.0000","58.9000","60.3000","0.0000","70.0000","567.8090","15.4000","100.0000","950.5049","0.7644","0.5087","3.2372","0.1908","12.3600","11.8000","0.9910","0.0000","103.7630"
"17.600","63.3222","14","-1.0716","-0.2894","0.7984","158.8800","-33.5399","10.3398","15.0000","0.1655","30.0479","45.50363605","-75.54440105","20.0938","12.2386","860.5000","42.2000","10.4754","37.1844","48.7562","3.0000","-0.4971","-1.2070","-1.0806","-3.0434","-1.9746","-30.7687","100.0000","59.2242","9728.1602","6553.5000","563.8400","0.0000","56.2098","61.4854","0.0000","70.0000","563.7590","15.4000","100.0000","950.5049","0.5484","0.3293","3.3772","0.2119","11.2540","11.8000","0.9460","0.0000","104.6490"
"17.650","62.4036","14","-1.1150","-0.3792","0.7540","156.9053","-35.1141","10.3142","15.0000","0.1700","28.2845","45.50362914","-75.54439641","20.0938","12.2413","860.7250","40.4437","12.0059","38.0609","48.2078","3.0000","-0.4503","-1.1299","-0.9967","-2.7490","-1.6330","-35.9625","100.0000","58.8957","9575.1602","6553.5000","559.9301","0.0000","56.0051","61.1154","0.0000","70.0000","559.8630","15.4000","100.0000","950.5049","0.4040","0.1960","3.3593","0.2974","14.3040","11.8110","0.9100","0.0000","105.5208"
"17.700","61.6068","14","-1.1241","-0.4318","0.7258","155.1101","-35.8095","10.3015","15.0000","0.1700","27.3811","45.50362258","-75.54439129","20.0938","12.2439","860.5000","40.0062","11.3227","36.7328","49.1813","3.0000","-0.4824","-1.2010","-0.9684","-2.3934","-1.4877","-40.5687","100.0000","60.6255","9476.7598","6553.5000","556.5800","0.0000","53.6800","60.4050","0.0000","70.0000","556.5130","15.4000","100.0000","950.5049","0.2798","0.0907","3.1704","0.3780","18.9640","11.8610","0.9100","0.0000","106.3814"
"17.750","60.8244","14","-1.1321","-0.4751","0.6979","153.2702","-36.4813","10.2893","14.9950","0.1700","26.5356","45.50361607","-75.54438611","20.0938","12.2466","860.5000","40.0687","11.3422","36.3094","49.2594","3.0000","-0.4738","-1.2080","-1.0896","-2.2084","-1.2186","-43.8438","100.0000","66.3845","9518.7598","6553.5000","554.6600","0.0000","52.7600","59.6000","0.0000","70.0000","554.7360","15.4000","100.0000","950.5049","0.2076","0.0573","3.1455","0.4460","27.7640","11.8890","0.8960","0.0000","107.2315"
"17.800","60.1712","14","-1.1295","-0.4342","0.6723","151.0295","-36.9405","10.2815","14.9450","0.1700","25.9243","45.50360998","-75.54438035","20.0938","12.2493","860.5250","39.2516","11.5437","37.9188","48.7922","3.0000","-0.3730","-0.8202","-1.1385","-2.2996","-0.8659","-44.0500","100.0000","74.3888","9659.0400","6553.5000","558.4600","0.0000","55.1756","59.5537","0.0000","70.0000","558.5360","15.3860","100.0000","950.5049","0.1487","0.0267","3.1977","0.4856","34.8420","11.8390","0.8260","0.0000","108.0720"
"17.850","59.5356","14","-1.1248","-0.3897","0.6479","148.9002","-37.3166","10.2750","14.9000","0.1705","25.3919","45.50360390","-75.54437458","20.0938","12.2519","860.7750","39.5547","11.6047","35.4516","47.1375","3.0000","-0.3224","-0.5154","-0.9475","-1.9021","-0.4108","-40.0938","100.0000","80.9524","10052.0400","6553.5000","562.3400","0.0000","58.6282","59.9795","0.0000","70.0000","562.4240","15.3360","100.0000","950.5049","0.1042","-0.0011","3.2265","0.4521","37.4920","11.8000","0.7670","0.0000","108.9025"
"17.900","59.0589","14","-1.0997","-0.3120","0.6349","147.7746","-36.9455","10.2790","14.9000","0.1755","25.4416","45.50359796","-75.54436874","20.0938","12.2546","860.5250","38.7859","11.7422","36.0875","47.3078","3.0000","-0.2022","-0.7168","-0.9311","-0.8405","0.4387","-33.8031","100.0000","80.9524","10243.8604","6553.5000","566.5400","0.0000","60.1300","58.8400","0.0000","70.0000","566.6240","15.3000","100.0000","950.5049","0.0598","-0.0289","3.2529","0.4339","39.5960","11.8000","0.7520","0.0000","109.7257"
"17.950","58.6072","14","-1.0770","-0.2343","0.6224","146.5641","-36.6347","10.2822","14.9000","0.1800","25.4611","45.50359206","-75.54436283","20.0938","12.2573","860.5000","35.3828","11.7441","37.5812","46.8266","3.0000","-0.0975","-1.0176","-1.0643","-0.1464","1.4646","-28.0375","100.0000","112.5000","9918.3604","6553.5000","570.4900","0.0000","60.5800","59.9200","0.0000","70.0000","570.5490","15.3000","100.0000","950.5049","0.0153","-0.0567","3.2896","0.4549","40.2960","11.8000","0.7390","0.0000","110.5429"
"18.000","58.3801","14","-1.0749","-0.1568","0.6150","144.5895","-36.8675","10.2789","14.9000","0.1800","25.2024","45.50358651","-75.54435621","20.0938","12.2599","860.5000","35.6969","12.7188","38.6641","46.5453","3.0000","-0.0397","-1.1246","-0.9969","-0.1703","1.8477","-24.5258","100.0000","57.7479","9737.9004","6553.5000","573.4400","0.0000","59.1683","59.5244","0.0000","70.0000","573.4990","15.3000","100.0000","950.5049","0.0247","-0.0404","3.3196","0.4760","41.2340","11.8000","0.7340","0.0000","111.3555"
"18.050","58.1703","14","-1.0700","-0.0813","0.6096","142.6086","-36.9857","10.2778","14.9000","0.1800","25.0315","45.50358099","-75.54434953","20.0938","12.2626","860.5000","36.2797","12.9305","38.0891","46.8781","3.0000","-0.0682","-1.1471","-0.9976","-0.5519","1.6593","-23.6234","100.0000","2.9959","9930.4004","6553.5000","576.1900","0.0000","60.4154","60.0282","0.0000","70.0000","576.2290","15.3000","100.0000","950.5049","0.0382","-0.0218","3.3324","0.4975","42.7840","11.8000","0.7320","0.0000","112.1646"
"18.100","58.1156","14","-1.0398","-0.0229","0.6223","140.5717","-36.0724","10.2975","14.9000","0.1800","25.6412","45.50357580","-75.54434228","20.0938","12.2653","860.5000","37.0422","12.9449","36.2844","46.6859","3.0000","0.0508","-1.2060","-1.0723","-0.8598","1.8283","-24.9188","100.0000","-20.0000","10102.4600","6553.5000","578.1400","0.0000","61.0800","60.6500","0.0000","70.0000","578.1790","15.3000","100.0000","950.5049","0.0160","-0.0440","3.3185","0.5222","45.1880","11.8000","0.7420","0.0000","112.9722"
"18.150","58.0919","14","-1.0159","0.0367","0.6327","138.5483","-35.3623","10.3160","14.9000","0.1800","26.1454","45.50357064","-75.54433498","20.0938","12.2679","860.5000","35.8781","13.1055","36.5687","44.0719","3.0000","0.2453","-1.0646","-1.1383","-1.1048","2.3546","-26.9453","100.0000","107.6000","10221.9600","6553.5000","580.2000","0.0000","62.1200","62.4600","0.0000","70.0000","580.2500","15.3000","100.0000","950.5049","0.0062","-0.0569","3.2757","0.5552","49.7880","11.8000","0.7550","0.0000","113.7794"
"18.200","58.3468","14","-1.0479","0.1084","0.6218","136.6460","-36.4800","10.3243","14.9000","0.1800","25.4555","45.50356568","-75.54432724","20.0938","12.2706","860.5250","35.0266","15.0809","37.7859","42.0859","3.0000","0.2927","-0.7808","-1.0829","-0.8693","2.2790","-28.6070","100.0000","134.8315","10334.0400","6553.5000","582.7000","0.0000","63.7000","62.1293","0.0000","70.0000","582.7500","15.2860","100.0000","950.5049","0.0284","-0.0458","3.2756","0.5881","53.8560","11.8000","0.7800","0.0000","114.5881"
"18.250","58.6370","14","-1.0760","0.1782","0.6099","134.7702","-37.4441","10.3320","14.9000","0.1795","24.9234","45.50356075","-75.54431944","20.0938","12.2733","860.7750","34.6937","15.1711","40.5359","42.6250","3.0000","0.3324","-0.9297","-0.9059","-0.7491","1.1483","-30.2531","100.0000","22.4719","10427.0400","6553.5000","585.1500","0.0000","63.7000","62.7000","0.0000","70.0000","585.1950","15.2360","100.0000","950.5049","0.0587","-0.0320","3.2956","0.6206","56.5560","11.8110","0.7990","0.0000","115.4009"
"18.300","59.2460","14","-1.0684","0.2310","0.5883","133.1338","-37.0252","10.3350","14.9000","0.1745","25.4673","45.50355597","-75.54431105","20.0938","12.2759","860.5000","36.9469","15.5430","41.3156","43.8984","3.0000","0.3019","-1.0983","-0.9019","-0.9287","-0.5352","-32.3906","100.0000","0.0000","10545.2402","6553.5000","587.4000","0.0000","64.4150","64.4600","0.0000","70.0000","587.4450","15.2000","100.0000","950.5049","0.0976","-0.0153","3.3508","0.6385","58.7100","11.8610","0.7940","0.0000","116.2202"
"18.350","59.8302","14","-1.0641","0.2817","0.5644","131.4494","-36.7078","10.3358","14.9000","0.1705","25.9408","45.50355124","-75.54430260","20.0938","12.2786","860.5000","37.3484","17.6023","40.0438","44.8750","3.0000","0.2732","-1.0086","-0.8383","-0.7662","-2.1738","-34.4781","100.0000","0.0000","10728.2402","6553.5000","589.6900","0.0000","65.8800","64.6200","0.0000","70.0000","589.7390","15.2000","100.0000","950.5049","0.1402","0.0127","3.3979","0.6190","59.4600","11.9000","0.7870","0.0000","117.0471"
"18.400","60.1919","14","-1.0894","0.3133","0.5199","129.3333","-37.3047","10.3175","14.9000","0.1755","25.6800","45.50354691","-75.54429365","20.0938","12.2813","860.5250","37.0187","17.6086","37.6359","45.4188","3.0000","0.2922","-0.9050","-0.7462","-0.0600","-3.1156","-35.1875","100.0000","88.0000","10854.9600","6553.5000","592.1400","0.0000","65.9951","65.6756","0.0000","70.0000","592.1890","15.2000","100.0000","950.5049","0.1847","0.0460","3.2962","0.6070","60.0700","11.9000","0.7720","0.0000","117.8803"
"18.450","60.5761","14","-1.1074","0.3406","0.4747","127.3166","-37.6491","10.2990","14.9000","0.1800","25.6075","45.50354259","-75.54428466","20.0938","12.2839","860.5000","37.0891","15.4301","33.3109","44.8672","3.0000","0.1341","-0.8176","-0.8243","1.4144","-2.5416","-33.6781","100.0000","98.7879","10836.9600","6553.5000","594.5200","0.0000","65.8436","65.3128","0.0000","70.0000","594.5620","15.2000","100.0000","950.5049","0.1851","0.0304","3.2219","0.6140","60.3200","11.9000","0.7600","0.0000","118.7196"
"18.500","61.1632","14","-1.0599","0.3290","0.4227","126.1939","-35.7210","10.2783","14.9000","0.1800","27.2512","45.50353829","-75.54427537","20.0938","12.2866","860.5000","35.0078","13.1070","34.9391","44.6656","3.0000","-0.0203","-0.8915","-1.1894","2.6539","-0.6012","-31.0156","100.0000","84.7727","10831.8398","6553.5000","596.6200","0.0000","65.2050","65.7650","0.0000","70.0000","596.6620","15.2000","100.0000","950.5049","0.1884","0.0198","3.2180","0.6215","60.5280","11.9000","0.7600","0.0000","119.5655"
"18.550","61.7244","14","-1.0119","0.3187","0.3759","124.9852","-33.7870","10.2601","14.9000","0.1800","29.0755","45.50353404","-75.54426602","20.0938","12.2895","860.5000","33.1297","12.6938","37.9469","43.9234","3.0000","0.1864","-1.2568","-1.2791","2.6098","1.4625","-28.4422","100.0000","79.1667","10859.8398","6553.5000","598.6200","0.0000","66.0000","65.8200","0.0000","70.0000","598.6520","15.2000","100.0000","950.5049","0.2940","0.1420","3.1528","0.6305","60.6280","11.8890","0.7600","0.0000","120.4189"
"18.600","62.0525","14","-0.9601","0.3191","0.3761","123.0028","-31.8000","10.2638","14.9000","0.1800","31.0565","45.50353035","-75.54425623","20.0938","12.2925","860.5000","33.6766","13.6664","40.1953","44.0938","3.0000","0.3946","-1.2030","-1.0924","1.1183","2.3969","-26.1938","100.0000","88.5088","10873.8398","6553.5000","600.2200","0.0000","65.5780","65.9927","0.0000","70.0000","600.2520","15.1860","100.0000","950.5049","0.5598","0.3887","3.0211","0.6306","60.7560","11.8390","0.7600","0.0000","121.2782"
"18.650","62.4006","14","-0.8994","0.3145","0.3690","121.0539","-29.5348","10.2636","14.9000","0.1800","33.6260","45.50352668","-75.54424639","20.0938","12.2956","860.5000","34.9047","16.1406","40.1516","44.0172","3.0000","0.4000","-0.9607","-0.8323","-1.2828","1.8059","-22.8828","100.0000","84.4024","10851.8398","6553.5000","601.9000","0.0000","66.3667","67.0103","0.0000","70.0000","601.9400","15.1360","100.0000","950.5049","1.2376","0.9553","3.1052","0.6076","60.9560","11.8000","0.7590","0.0000","122.1430"
"18.700","62.9290","14","-0.7596","0.2639","0.2959","119.4062","-24.7661","10.2273","14.9000","0.1800","40.4402","45.50352323","-75.54423611","20.0938","12.2986","860.5000","37.9234","16.2969","37.0016","43.3250","3.0000","0.1922","-0.4089","-0.4914","-3.8844","0.3084","-15.7437","100.0000","67.1784","10655.8203","6553.5000","603.9000","0.0000","65.0500","64.7250","0.0000","70.0000","603.9400","15.1000","100.0000","950.5049","1.7420","1.3807","3.2907","0.5353","57.2780","11.8000","0.7540","0.0000","123.0138"
"18.750","63.4305","14","-0.6114","0.2095","0.2265","117.9565","-19.7475","10.1931","14.9000","0.1800","51.1218","45.50351973","-75.54422585","20.0938","12.3017","860.5000","39.4281","15.6625","32.3367","41.8187","3.0000","0.1371","0.4804","-0.7760","-6.3633","-1.2936","-3.5203","100.0000","57.8038","10012.3203","6553.5000","604.0700","0.0000","65.3400","63.5400","0.0000","70.0000","603.9270","15.1000","98.2400","950.5049","2.0587","1.6529","3.2162","0.3363","43.6280","11.8000","0.7590","0.0000","123.8912"
"18.800","63.6909","14","-0.3876","0.1205","0.1909","118.2888","-12.4804","10.1783","14.9000","0.1800","81.2209","45.50351589","-75.54421586","20.0938","12.3047","860.5000","41.9266","15.6953","26.5117","38.0891","3.0000","-0.1818","1.0083","-1.1617","-7.8641","-2.7113","11.4937","100.0000","55.9859","9514.9805","6553.5000","596.9200","0.0000","64.7800","61.3100","0.0000","70.0000","596.7770","15.1000","90.2400","950.5049","2.2356","1.7513","3.1203","0.1833","29.5580","11.8000","0.8040","0.0000","124.7738"
"18.850","63.8817","14","-0.1572","0.0293","0.1579","118.6809","-5.0182","10.1642","14.9000","0.1800","202.6038","45.50351201","-75.54420592","20.0938","12.3077","860.5000","47.8219","16.4320","23.9422","40.3391","3.0000","-0.6469","1.1121","-1.2766","-7.2410","-3.1008","25.7812","100.0000","55.5770","9393.4805","6553.5000","590.1200","0.0000","59.4902","52.2049","0.0000","70.0000","590.0120","15.1000","82.2400","950.5049","2.3467","1.7680","3.1870","0.1488","14.4080","11.8000","0.8520","0.0000","125.6598"
"18.900","63.4470","14","0.1320","-0.0825","0.1485","119.6099","4.2001","10.1561","14.9000","0.1800","240.4196","45.50350785","-75.54419648","20.0938","12.3108","860.5000","48.0094","16.4211","23.2625","42.8531","3.0000","-0.9133","1.0672","-1.2405","-5.6227","-1.5812","36.8063","100.0000","55.9486","9284.8604","6553.5000","584.7200","0.0000","60.9692","52.9154","0.0000","70.0000","584.6120","15.1000","74.2400","950.5049","1.7587","1.2420","3.2509","0.1184","3.0100","11.8000","0.9120","0.0000","126.5435"
"18.950","62.9644","15","0.4151","-0.1928","0.1386","120.5455","13.2365","10.1476","14.9000","0.1830","75.7079","45.50350368","-75.54418711","20.0938","12.3138","860.5500","47.1125","17.8430","24.9672","40.2391","3.0000","-0.8229","1.0412","-1.2572","-4.2172","0.4834","42.8312","100.0000","56.7779","9209.3604","6553.5000","579.5800","0.0000","58.8400","52.8600","0.0000","70.0000","579.4980","15.1000","60.4100","950.5049","1.0944","0.6664","3.3075","0.0984","1.2600","11.8110","0.9500","0.0000","127.4209"
"19.000","62.0505","15","0.6428","-0.2899","0.1241","121.5407","20.6356","10.1348","14.9000","0.2130","47.8573","45.50349950","-75.54417826","20.0938","12.3169","860.5000","46.9781","20.3047","25.7031","38.0062","3.0000","-0.5807","1.1598","-1.0005","-2.9332","1.1570","44.2125","100.0000","57.1429","9104.5156","6553.5000","575.4800","0.0000","58.2537","51.9073","0.0000","70.0000","575.3980","15.1000","25.9100","950.5049","0.6500","0.3720","3.3114","0.0861","0.0000","11.8610","0.9000","0.0000","128.2890"
"19.050","61.1445","15","0.8603","-0.3811","0.1087","122.6447","27.7406","10.1227","14.9000","0.2400","35.0802","45.50349526","-75.54416950","20.0938","12.3199","860.5000","48.4156","21.0938","24.7297","39.3031","3.0000","-0.3709","1.3686","-0.8654","-1.7999","0.7867","43.4781","100.0000","59.9121","8924.2119","6553.5000","571.4600","0.0000","58.7500","50.0725","0.0000","70.0000","571.3860","15.1000","-1.0000","950.5049","0.3082","0.1351","3.2581","0.0937","0.0000","11.9000","0.8580","0.0000","129.1433"
"19.100","60.3080","15","0.9860","-0.4184","0.0848","124.7269","32.1983","10.1160","14.9000","0.2400","29.8100","45.50349051","-75.54416155","20.0938","12.3230","860.5000","48.6422","21.1094","24.2234","39.0094","3.0000","-0.2818","1.4098","-0.9321","-0.5240","0.5000","42.7062","100.0000","63.5459","8741.6670","6553.5000","567.7600","0.0000","57.4615","47.8462","0.0000","70.0000","567.6860","15.1000","-1.0000","950.5049","0.2304","0.0462","3.2875","0.1022","0.0000","11.9000","0.8480","0.0000","129.9861"
"19.150","59.4570","15","1.0874","-0.4546","0.0671","126.7944","35.8656","10.1114","14.9000","0.2400","26.3842","45.50348574","-75.54415367","20.0938","12.3260","860.7750","47.6437","21.3289","27.1633","39.1688","3.0000","-0.2188","1.2652","-0.8327","1.3144","-0.0224","39.9594","100.0000","66.1493","8553.8887","6553.5000","564.1200","0.0000","55.9200","48.4000","0.0000","70.0000","564.0520","15.1000","-1.0000","950.5049","0.1473","-0.0080","3.3558","0.1127","0.0000","11.9000","0.8400","0.0000","130.8174"
"19.200","58.4747","15","0.9705","-0.4812","0.1040","128.7297","32.4188","10.1266","14.9000","0.2400","28.7072","45.50348085","-75.54414646","20.0938","12.3291","860.5250","45.8453","21.7203","27.3336","41.1656","3.0000","-0.0523","0.4701","-0.5850","3.2809","-1.3912","31.9625","100.0000","84.9796","8452.3076","6553.5000","560.7200","0.0000","52.7171","50.8146","0.0000","70.0000","560.6520","15.0725","-1.0000","950.5049","0.0584","-0.0247","3.3972","0.1271","0.0000","11.9000","0.8400","0.0000","131.6366"
"19.250","57.5359","15","0.8433","-0.5045","0.1378","130.4680","28.5990","10.1401","14.9000","0.2385","32.0191","45.50347600","-75.54413921","20.0938","12.3321","860.7250","44.2687","19.5680","23.8492","44.9000","3.0000","-0.1416","-0.1671","-0.6988","4.6961","-2.6357","17.8844","100.0000","100.0000","8436.9229","6553.5000","557.3900","0.0000","51.1846","51.2692","0.0000","70.0000","557.3290","15.0176","-1.0000","950.5049","0.0942","-0.0036","3.4272","0.1452","0.0000","11.9000","0.8420","0.0000","132.4410"
"19.300","56.9878","15","0.6247","-0.4987","0.1431","130.4340","21.4220","10.1383","14.9000","0.2235","42.3390","45.50347153","-75.54413166","20.0938","12.3352","860.5250","43.7094","17.1344","23.8609","44.8828","3.0000","-0.2832","-0.4160","-0.9608","6.0461","-2.6918","-0.8988","100.0000","71.8750","8531.9600","6553.5000","554.3400","0.0000","51.7300","52.6900","0.0000","70.0000","554.2790","15.0000","-1.0000","950.5049","0.1887","0.0353","3.3672","0.1415","0.0000","11.9000","0.8520","0.0000","133.2359"
"19.350","56.3805","15","0.4071","-0.4912","0.1477","130.3524","14.2335","10.1368","14.9000","0.2090","63.0430","45.50346709","-75.54412413","20.0938","12.3382","860.5000","41.0484","16.1648","27.0633","44.2609","3.0000","-0.3796","-0.5129","-1.0324","7.4379","-1.8882","-19.2156","100.0000","19.7917","8678.9600","6553.5000","551.2900","0.0000","50.4800","54.3000","0.0000","70.0000","551.2290","15.0000","-1.0000","950.5049","0.2196","0.0693","3.3195","0.1275","0.0000","11.8890","0.8620","0.0000","134.0226"
"19.400","55.2416","15","0.1983","-0.4673","0.1459","129.8417","6.9409","10.1386","14.9000","0.1990","126.6689","45.50346303","-75.54411680","20.0938","12.3413","860.9750","40.6000","14.3582","30.8289","47.4609","3.0000","-0.3514","-0.3099","-1.0576","7.6039","-1.0284","-29.9813","100.0000","51.6667","8601.3330","6553.5000","548.2400","0.0000","49.7000","54.1050","0.0000","70.0000","548.1790","15.0000","-1.0000","950.5049","0.2342","0.0956","3.3034","0.1215","0.0000","11.8390","0.8720","0.0000","134.7977"
"19.450","54.1567","15","-0.0137","-0.4456","0.1423","129.4071","-0.5172","10.1396","14.9000","0.1900","1666.4752","45.50345896","-75.54410950","20.0938","12.3443","860.7250","40.4375","14.4227","31.5961","46.9641","3.0000","-0.3399","-0.1524","-0.8275","7.0031","-0.8629","-31.4734","100.0000","83.3333","8418.0000","6553.5000","545.2300","0.0000","51.1200","52.1200","0.0000","70.0000","545.1730","15.0000","3.7300","950.5049","0.1620","0.0400","3.3267","0.1193","0.0000","11.8110","0.8820","0.0000","135.5560"
"19.500","53.5590","15","-0.2550","-0.4443","0.1220","129.6580","-9.4649","10.1340","14.9000","0.1900","90.0608","45.50345478","-75.54410246","20.0938","12.3474","861.0000","39.6891","14.4301","33.5828","48.2016","3.0000","-0.3208","-0.7369","-0.7280","6.1898","-1.2932","-29.5156","100.0000","75.4314","8324.1338","6553.5000","542.3800","0.0000","49.2850","51.6450","0.0000","70.0000","542.3230","15.0000","25.2300","950.5049","0.0960","-0.0078","3.3928","0.1214","0.0000","11.8610","0.8920","0.0000","136.3037"
"19.550","52.9339","15","-0.4932","-0.4432","0.1065","129.6544","-18.3509","10.1300","14.9050","0.1900","45.9087","45.50345068","-75.54409535","20.0938","12.3504","860.7250","39.8563","14.3605","32.7188","49.2313","3.0000","-0.3466","-1.3018","-0.9975","5.6418","-1.5058","-30.1906","100.0000","79.7980","8228.8662","6553.5000","539.5001","0.0000","47.9800","52.2400","0.0000","70.0000","539.4401","15.0000","42.8800","950.5049","0.0460","-0.0356","3.3781","0.1246","0.0000","11.9000","0.9010","0.0000","137.0429"
"19.600","52.0629","15","-0.7041","-0.4453","0.1351","127.3613","-26.6821","10.1402","14.9550","0.1900","31.0548","45.50344745","-75.54408763","20.0938","12.3516","860.5000","39.2703","14.2820","35.4031","49.9734","3.0000","-0.3497","-1.3668","-1.0729","5.2688","-1.4738","-34.7859","100.0000","94.6524","7977.2002","6553.5000","536.5001","0.0000","45.8049","52.0756","0.0000","70.0000","536.4401","15.0000","46.8800","950.5049","0.0227","-0.0473","3.3253","0.1318","0.0000","11.9000","0.9060","0.0000","137.7721"
"19.650","51.2074","15","-0.9043","-0.4473","0.1628","125.0953","-34.6454","10.1504","15.0000","0.1900","23.5238","45.50344425","-75.54407991","20.0938","12.3509","861.0000","39.5906","14.3305","37.8234","50.1422","3.0000","-0.2969","-1.2451","-0.9476","4.6666","-1.6047","-41.3922","100.0000","-0.6289","7722.0801","6553.5000","533.5400","0.0000","42.2200","51.4075","0.0000","70.0000","533.4840","14.9860","50.0000","950.5049","0.0282","-0.0418","3.3249","0.1402","0.0000","11.9110","0.9110","0.0000","138.4881"
"19.700","50.4915","15","-1.0078","-0.4490","0.1833","123.0728","-39.2990","10.1608","15.0000","0.1900","20.4483","45.50344139","-75.54407216","20.0938","12.3501","860.9750","39.4656","14.1254","37.8359","50.1844","3.0000","-0.3266","-1.2449","-0.9415","3.7150","-1.8276","-47.7891","100.0000","-66.6667","7458.0801","6553.5000","530.7400","0.0000","40.3231","50.3615","0.0000","70.0000","530.6840","14.9360","50.0000","950.5049","0.0262","-0.0362","3.3319","0.1517","0.0000","11.9610","0.9160","0.0000","139.1938"
"19.750","49.7551","15","-1.1096","-0.4514","0.2002","121.0008","-43.9144","10.1705","15.0000","0.1900","18.0323","45.50343861","-75.54406440","20.0938","12.3493","861.0000","40.3406","12.9504","37.4719","50.4266","3.0000","-0.3524","-1.3738","-1.0303","2.8278","-1.7470","-53.1969","100.0000","-47.1381","7211.7202","6553.5000","527.9100","0.0000","37.4000","49.6600","0.0000","70.0000","527.8510","14.9000","50.0000","950.5049","0.0207","-0.0307","3.3430","0.1835","0.4340","11.9890","0.9220","0.0000","139.8896"
"19.800","48.8338","15","-1.1951","-0.4612","0.1860","118.4833","-48.1862","10.1741","15.0000","0.1900","16.1294","45.50343645","-75.54405658","20.0938","12.3486","861.0000","38.7406","12.9230","39.1641","50.0359","3.0000","-0.5112","-1.3813","-1.0070","2.1532","-1.7868","-57.1828","100.0000","-13.4680","7010.7202","6553.5000","524.9600","0.0000","36.5537","48.7659","0.0000","70.0000","524.9010","14.9000","50.0000","950.5049","0.0444","-0.0300","3.3468","0.2675","1.9840","11.9390","0.9320","0.0000","140.5743"
"19.850","47.9134","15","-1.2789","-0.4620","0.1768","115.8979","-52.4195","10.1788","15.0000","0.1910","14.5474","45.50343438","-75.54404875","20.0938","12.3478","861.0000","39.0281","12.9184","39.3578","50.2703","3.0000","-0.5874","-1.3586","-0.9391","1.2777","-2.0610","-60.0344","100.0000","0.0000","6906.9111","6553.5000","522.9700","0.0000","34.0103","47.9872","0.0000","70.0000","523.0070","14.9000","50.0000","950.5049","0.0731","-0.0269","3.3318","0.3734","6.1022","11.9000","0.9400","0.0000","141.2449"
"19.900","47.0018","15","-1.3461","-0.3814","0.2132","112.7020","-56.3072","10.1932","15.0000","0.2010","13.2853","45.50343303","-75.54404088","20.0938","12.3471","860.5000","39.3609","12.9223","38.9297","50.1859","3.0000","-0.4182","-1.4209","-0.9964","0.3229","-1.8856","-62.8516","100.0000","0.0000","7053.0225","6553.5000","524.8200","0.0000","34.9650","47.4800","0.0000","70.0000","524.8570","14.9000","50.0000","950.5049","0.1120","0.0120","3.3187","0.5356","16.8244","11.9000","0.9400","0.0000","141.9033"
"19.950","46.1207","15","-1.3974","-0.3021","0.2470","109.5120","-59.4910","10.2064","15.0000","0.2095","12.3386","45.50343174","-75.54403300","20.0938","12.3463","860.7250","40.3344","12.9281","39.5812","50.0219","3.0000","-0.3252","-1.3789","-1.1117","-0.6470","-0.9433","-64.8281","100.0000","105.0000","7402.3335","6553.5000","527.5600","0.0000","39.8200","47.5400","0.0000","70.0000","527.6860","14.9000","50.0000","950.5049","0.1680","0.0633","3.3076","0.6381","26.5067","11.8890","0.9250","0.0000","142.5499"
"20.000","45.5138","15","-1.3057","-0.2354","0.2575","106.3756","-56.3389","10.2076","15.0000","0.2045","12.8575","45.50343096","-75.54402501","20.0938","12.3455","860.5250","38.7141","11.7922","40.4641","48.4125","3.0000","-0.2350","-0.9621","-1.0592","-2.4480","0.1134","-62.0812","100.0000","146.1221","7971.7778","6553.5000","533.8600","0.0000","44.1781","47.0561","0.0000","70.0000","533.9860","14.9000","50.0000","950.5049","0.2680","0.1467","3.3131","0.6759","35.0622","11.8390","0.8500","0.0000","143.1866"
"20.050","44.9631","15","-1.1964","-0.1687","0.2644","103.4440","-52.3599","10.2082","15.0000","0.1990","13.6671","45.50343016","-75.54401704","20.0938","12.3448","861.0000","39.2859","11.6055","37.4922","45.4719","3.0000","0.0843","-0.1893","-0.9380","-4.2955","0.8241","-51.0438","100.0000","97.9923","8129.8223","6553.5000","539.7800","0.0000","47.1300","46.9700","0.0000","70.0000","539.8680","14.9000","50.0000","950.5049","0.2853","0.1500","3.3264","0.6940","40.1422","11.8220","0.7880","0.0000","143.8143"
"20.100","44.9178","15","-0.9294","-0.1019","0.2394","102.3568","-40.9381","10.2037","15.0000","0.1890","17.4627","45.50342924","-75.54400921","20.0938","12.3440","861.0000","38.3422","11.8914","37.4500","42.3187","3.0000","0.3744","0.0640","-0.9973","-5.3187","1.2504","-32.2094","100.0000","69.0588","8094.2666","6553.5000","544.1800","0.0000","49.3923","48.7846","0.0000","70.0000","544.2680","14.9000","50.0000","950.5049","0.2131","0.0667","3.2806","0.7029","43.5867","11.9220","0.7780","0.0000","144.4386"
"20.150","44.9480","15","-0.6666","-0.0320","0.2178","101.3717","-29.6594","10.2011","15.0000","0.1795","24.1195","45.50342830","-75.54400133","20.0938","12.3433","860.7250","37.3828","11.9430","38.0641","40.6609","3.0000","0.4942","0.1401","-1.0219","-6.7047","1.1688","-8.8969","100.0000","62.7451","7895.9111","6553.5000","548.4700","0.0000","48.3400","46.8400","0.0000","70.0000","548.5470","14.9000","50.0000","950.5049","0.1333","0.0022","3.2338","0.7441","45.2711","12.0000","0.7770","0.0000","145.0632"
"20.200","45.6584","15","-0.4415","0.0654","0.2281","101.3063","-19.6682","10.2147","15.0000","0.1745","36.9467","45.50342721","-75.54399299","20.0938","12.3425","861.0000","40.4875","15.5516","36.9875","40.7391","3.0000","0.3620","0.3488","-0.9789","-8.9891","0.4192","13.4438","100.0000","68.4485","7736.2891","6553.5000","552.3200","0.0000","48.2125","50.1975","0.0000","70.0000","552.3970","14.9000","50.0000","950.5049","0.0500","-0.0533","3.2694","0.7907","47.2178","12.0000","0.8120","0.0000","145.6927"
"20.250","46.3383","15","-0.2098","0.1595","0.2386","101.2836","-9.3830","10.2279","15.0000","0.1700","78.5994","45.50342610","-75.54398466","20.0938","12.3417","860.5000","44.6000","19.9500","30.9172","39.3125","3.0000","0.1460","0.4385","-0.8716","-9.8781","-0.4105","29.3750","100.0000","78.2820","8277.4004","6553.5000","556.0800","0.0000","48.8650","50.4575","0.0000","70.0000","556.1480","14.9000","50.0000","950.5049","0.0791","-0.0453","3.2805","0.8490","54.9400","11.9890","0.8440","0.0000","146.3324"
"20.300","46.7447","15","0.0816","0.2244","0.2508","101.6464","3.5487","10.2374","15.0000","0.1700","209.6467","45.50342480","-75.54397637","20.0938","12.3410","860.4750","44.8063","20.3141","28.0281","39.4047","3.0000","0.2088","0.5027","-1.0750","-8.8141","0.1007","37.5563","100.0000","-75.6522","8691.5781","6553.5000","559.4800","0.0000","51.3475","51.7150","0.0000","70.0000","559.5480","14.9000","50.0000","950.5049","0.1169","-0.0296","3.2289","0.8935","63.0667","11.9390","0.8640","0.0000","146.9791"
"20.350","47.1491","15","0.3605","0.2887","0.2610","102.1332","15.8890","10.2464","15.0000","0.1700","47.2277","45.50342344","-75.54396809","20.0938","12.3402","860.7250","42.0172","20.5180","29.2047","35.4938","3.0000","0.5667","0.8378","-1.1193","-7.3320","2.0725","41.0750","100.0000","-200.0000","8779.3555","6553.5000","562.8000","0.0000","53.2795","53.9872","0.0000","70.0000","562.8600","14.9000","50.0000","950.5049","0.0780","-0.0240","3.2564","0.9024","72.2333","11.9000","0.8790","0.0000","147.6312"
"20.400","47.5346","15","0.5264","0.3469","0.2534","103.7366","22.9074","10.2512","15.0000","0.1700","33.0259","45.50342167","-75.54395991","20.0938","12.3394","860.5000","42.0859","25.9914","32.1125","32.2844","3.0000","0.5205","1.2188","-0.8879","-5.6021","3.5284","42.7750","100.0000","-96.2963","8913.0000","6553.5000","565.8000","0.0000","54.4951","54.5244","0.0000","70.0000","565.8600","14.9000","50.0000","950.5049","0.0624","-0.0200","3.3697","0.8937","78.9467","11.9000","0.8740","0.0000","148.2887"
"20.450","47.9826","15","0.6803","0.4037","0.2462","105.3637","29.3749","10.2556","15.0000","0.1700","25.9972","45.50341984","-75.54395170","20.0938","12.3387","861.0000","41.9547","27.7687","34.8984","33.3156","3.0000","0.3427","1.0160","-0.6008","-3.5830","2.8020","43.2812","100.0000","88.8889","9096.3330","6553.5000","568.6900","0.0000","54.7103","55.4513","0.0000","70.0000","568.7390","14.9000","44.3900","950.5049","0.1069","-0.0200","3.3497","0.8659","83.0022","11.8890","0.8710","0.0000","148.9527"
"20.500","48.9931","15","0.7259","0.4479","0.2416","107.2055","30.8844","10.2574","15.0000","0.1700","25.2474","45.50341758","-75.54394324","20.0938","12.3379","860.5000","44.1984","28.9445","35.3937","36.7125","3.0000","0.4977","1.0319","-0.5188","-1.5075","0.4185","43.0297","100.0000","166.6667","9458.3555","6553.5000","571.1400","0.0000","57.2707","57.2976","0.0000","70.0000","571.1890","14.9000","18.8900","950.5049","0.1220","-0.0200","3.2669","0.8487","85.0556","11.8390","0.8760","0.0000","149.6271"
"20.550","49.9616","15","0.7662","0.4901","0.2328","108.9920","32.1567","10.2571","14.9950","0.1700","24.7278","45.50341529","-75.54393479","20.0938","12.3372","861.0000","43.5266","25.5859","32.4391","37.6406","3.0000","0.6980","0.8085","-0.9277","0.0519","-1.5216","42.1031","100.0000","138.5455","9904.4668","6553.5000","573.6901","0.0000","59.3564","59.4897","0.0000","70.0000","573.7490","14.9000","-1.0000","950.5049","0.1053","-0.0200","3.2883","0.8365","86.1667","11.8110","0.8830","0.0000","150.3143"
"20.600","50.5531","15","0.7581","0.5150","0.1864","110.2811","31.2944","10.2373","14.9450","0.1700","25.7099","45.50341277","-75.54392635","20.0938","12.3364","861.0000","41.2516","23.5859","28.9984","37.1781","3.0000","0.7289","0.3841","-1.3157","0.4696","-1.5906","39.5109","100.0000","118.1818","10053.3330","6553.5000","576.6400","0.0000","61.1750","62.4575","0.0000","70.0000","576.6990","14.9000","-1.0000","950.5049","0.0924","-0.0313","3.3182","0.7930","85.3222","11.8610","0.8980","0.0000","151.0119"
"20.650","51.2112","15","0.7540","0.5383","0.1470","111.5426","30.5917","10.2214","14.9000","0.1700","26.6429","45.50341022","-75.54391787","20.0938","12.3358","860.7250","39.9078","22.9383","30.2516","34.6172","3.0000","0.8343","0.4607","-1.2797","-0.6300","-0.2504","35.1969","99.9686","120.1791","10151.0449","6553.5000","579.4100","0.0000","60.4475","61.2125","0.0000","70.0000","579.4510","14.9000","-1.0000","950.5049","0.0813","-0.0480","3.2838","0.7502","84.2289","11.9000","0.9090","0.0000","151.7196"
"20.700","52.4696","15","0.7865","0.5460","0.1709","112.5557","31.3249","10.2400","14.9000","0.1700","26.6586","45.50340736","-75.54390902","20.0938","12.3354","860.5250","40.5375","25.0141","30.7648","31.7195","3.0000","0.8173","0.9264","-1.0291","-1.7183","1.0279","31.1539","99.9031","123.6226","10126.5996","6553.5000","581.4600","0.0000","61.3154","61.3308","0.0000","70.0000","581.5010","14.9000","-1.0000","950.5049","0.1142","-0.0256","3.2957","0.7658","83.3400","11.9000","0.9040","0.0000","152.4409"
"20.750","53.6995","15","0.8172","0.5495","0.1936","113.6833","31.9865","10.2574","14.9000","0.1700","26.7192","45.50340442","-75.54390018","20.0938","12.3351","861.0000","41.8937","26.9836","33.7453","33.4828","3.0000","0.7131","0.9468","-0.9178","-1.3289","0.9859","28.5398","99.8376","205.1887","9988.8799","6553.5000","583.1600","0.0000","61.9800","62.2600","0.0000","70.0000","583.1660","14.9000","-1.0000","950.5049","0.1509","0.0004","3.4268","0.7029","77.8840","11.9000","0.8920","0.0000","153.1783"
"20.800","54.6733","15","0.8325","0.5148","0.2052","115.8425","32.0038","10.2637","14.9000","0.1700","27.1891","45.50340083","-75.54389149","20.0938","12.3347","861.0000","42.4625","29.1102","36.9172","37.3766","3.0000","0.6799","0.7401","-0.8506","-0.7629","-1.2375","26.6195","99.7721","266.6667","9559.8799","6553.5000","583.4600","0.0000","61.7225","62.2075","0.0000","70.0000","583.4660","14.9000","-1.0000","950.5049","0.1620","0.0060","3.4494","0.4384","60.6840","11.9000","0.8520","0.0000","153.9304"
"20.850","55.5903","15","0.8489","0.4706","0.2088","117.9327","32.0728","10.2660","14.9000","0.1700","27.5856","45.50339722","-75.54388282","20.0938","12.3343","860.2250","45.4031","28.2242","32.2305","38.4797","3.0000","0.4048","0.7775","-0.8473","-0.8681","-3.9798","25.7594","99.7067","227.9167","9163.1523","6553.5000","582.4000","0.0000","58.4462","57.4436","0.0000","70.0000","582.7544","14.9000","-1.0000","950.5049","0.2073","0.0349","3.3544","0.2410","44.8287","11.9000","0.8260","0.0000","154.6973"
"20.900","55.9951","15","0.8763","0.3420","0.1414","119.4017","32.6075","10.2330","14.9000","0.1700","27.3308","45.50339335","-75.54387437","20.0938","12.3339","860.5250","48.3406","24.2930","25.0891","39.5266","3.0000","-0.0678","1.1892","-1.2333","-0.5071","-5.1961","27.2125","99.6412","156.1574","8849.4092","6553.5000","575.9000","0.0000","57.3050","54.1700","0.0000","70.0000","578.4562","14.9000","-1.0000","950.5049","0.3407","0.1238","3.3315","0.2158","32.4310","11.9000","0.8560","0.0000","155.4724"
"20.950","56.3017","14","0.9100","0.2129","0.0809","120.9708","33.3937","10.2038","14.9050","0.1705","26.8335","45.50338943","-75.54386602","20.0938","12.3335","860.5000","49.2969","21.4188","21.5734","39.5219","3.0000","-0.4425","1.5338","-1.4790","0.7615","-4.1325","31.0891","99.5757","91.9250","8535.6670","6553.5000","569.4000","0.0000","56.3783","52.8913","0.0000","70.0000","574.1579","14.9000","-1.0000","950.5049","0.3865","0.1700","3.3425","0.1907","20.0333","11.9000","0.8860","0.0000","156.2516"
"21.000","55.7239","14","0.9997","0.0791","0.0819","123.4401","36.4425","10.2084","14.9550","0.1755","24.3362","45.50338508","-75.54385851","20.0938","12.3332","860.4750","46.9016","21.1391","22.4039","38.5750","3.0000","-0.4710","1.4448","-1.3565","2.5291","-2.3226","34.9969","99.5102","73.9289","8221.9238","6553.5000","562.9000","0.0000","55.5630","51.3152","0.0000","70.0000","569.8597","14.9000","-1.0000","950.5049","0.3376","0.1700","3.3535","0.1655","7.6357","11.9000","0.9160","0.0000","157.0291"
"21.050","55.1523","14","1.0882","-0.0524","0.0824","125.8390","39.4777","10.2121","15.0000","0.1810","22.2347","45.50338072","-75.54385104","20.0938","12.3328","860.7250","46.6281","22.4133","28.0727","40.2687","3.0000","-0.3432","1.0058","-1.0158","3.1723","-1.8968","36.4313","99.4448","70.6897","8241.8486","6553.5000","556.9100","0.0000","52.6245","49.7755","0.0000","70.0000","563.0465","14.9000","-1.0000","950.5049","0.2743","0.1406","3.4036","0.1555","3.3374","11.9000","0.9350","0.0000","157.7983"
"21.100","54.6361","14","1.1652","-0.1640","0.0792","127.6031","42.3900","10.2074","15.0000","0.1910","20.5133","45.50337621","-75.54384396","20.0938","12.3324","860.9750","47.2625","22.4797","29.2789","40.9391","3.0000","-0.3557","0.9719","-0.8104","2.4857","-3.0414","35.8141","99.3793","68.5875","8316.0908","6553.5000","552.9600","0.0000","51.8683","48.6854","0.0000","70.0000","555.6046","14.9000","-1.0000","950.5049","0.2029","0.0947","3.4602","0.1479","0.3576","11.9000","0.9100","0.0000","158.5603"
"21.150","54.0893","14","1.2372","-0.2751","0.0705","129.4155","45.1523","10.2003","15.0000","0.2015","19.0656","45.50337167","-75.54383695","20.0938","12.3320","860.7250","50.7906","22.8211","26.4688","42.3391","3.0000","-0.4532","1.3049","-0.9755","1.7519","-3.7082","36.1016","99.3138","66.0239","8210.0967","6553.5000","549.5877","0.0000","53.1272","44.6384","0.0000","70.0000","549.5665","14.9000","-1.0000","950.5049","0.1882","0.0739","3.4549","0.1528","0.2263","11.8948","0.8924","0.0000","159.3150"
"21.200","53.2667","14","1.2628","-0.3829","0.0130","131.6621","46.5645","10.1728","15.0000","0.2165","18.2062","45.50336692","-75.54383073","20.0938","12.3316","861.0000","48.9391","21.6531","25.2367","42.7781","3.0000","-0.5387","1.4323","-1.2531","0.9071","-3.0169","38.0750","99.2483","68.1319","8079.5259","6553.5000","548.5264","0.0000","52.7960","45.2676","0.0000","70.0000","548.5052","14.9000","-1.0000","950.5049","0.2002","0.0648","3.4412","0.1594","0.4834","11.8712","0.9042","0.0000","160.0606"
"21.250","52.4536","14","1.2816","-0.4777","-0.0376","133.9690","47.7574","10.1483","15.0000","0.2300","17.4806","45.50336213","-75.54382461","20.0938","12.3312","860.5000","49.3375","23.3930","24.3531","40.1250","3.0000","-0.4992","1.5234","-1.2883","0.1808","-1.6187","41.9875","99.1829","69.2308","7948.9541","6553.5000","547.4651","0.0000","52.4649","45.8967","0.0000","70.0000","547.4438","14.9000","-1.0000","950.5049","0.2123","0.0558","3.4275","0.1659","0.7406","11.8476","0.9159","0.0000","160.7936"
"21.300","51.7263","14","1.2391","-0.4549","-0.0257","136.8182","46.9751","10.1509","15.0000","0.2300","17.5252","45.50335703","-75.54381934","20.0938","12.3309","860.5000","46.8672","24.1086","26.1852","39.6813","3.0000","-0.3885","1.4167","-1.1797","-0.0499","-1.2422","45.5219","99.1174","69.2308","8000.6001","6553.5000","546.4037","0.0000","51.8833","46.3000","0.0000","70.0000","546.3825","14.9000","-1.0000","950.5049","0.2123","0.0615","3.3938","0.2528","6.9200","11.8241","0.9277","0.0000","161.5165"
"21.350","50.9827","14","1.1993","-0.4239","-0.0181","139.6202","46.2871","10.1520","15.0000","0.2295","17.5300","45.50335194","-75.54381415","20.0938","12.3305","860.7250","49.1906","24.3438","25.8328","39.5156","3.0000","-0.2663","1.2978","-0.9588","1.1167","-1.8371","47.4875","99.0519","73.4714","8349.5479","6553.5000","545.3425","0.0000","50.3000","45.8000","0.0000","70.0000","545.3212","14.9000","-1.0000","950.5049","0.1911","0.0934","3.3275","0.4707","22.7621","11.8005","0.9395","0.0000","162.2294"
"21.400","50.0927","14","1.1838","-0.3187","-0.0481","141.9983","46.4480","10.1403","15.0000","0.2245","17.1643","45.50334685","-75.54380964","20.0938","12.3301","860.5000","47.1828","24.2984","27.5211","41.9516","3.0000","-0.0647","1.0690","-0.8742","2.8847","-2.0462","47.0047","98.9864","79.3612","8688.8662","6553.5000","550.0234","0.0000","49.8000","47.8400","0.0000","70.2606","550.1218","14.9000","-1.0000","950.5049","0.1640","0.0860","3.3151","0.6077","33.9067","11.8261","0.9221","0.0000","162.9315"
"21.450","49.2817","14","1.1641","-0.2154","-0.0778","144.2942","46.4027","10.1277","15.0000","0.2190","16.9029","45.50334174","-75.54380514","20.0938","12.3297","860.2750","45.3953","24.2953","28.7477","40.6266","3.0000","0.2347","0.7485","-0.8003","3.6005","-1.2558","42.9672","98.9210","69.0575","9017.7559","6553.5000","554.9436","0.0000","52.6000","53.0900","0.0000","70.5266","555.0420","14.9000","-1.0000","950.5049","0.1307","0.0360","3.3612","0.6572","39.9622","11.8527","0.9035","0.0000","163.6206"
"21.500","49.1819","14","1.1064","-0.1298","-0.1038","145.8512","44.5020","10.1068","15.0000","0.2090","17.5892","45.50333647","-75.54380079","20.0938","12.3293","860.0250","42.2922","24.4031","32.4547","37.6828","3.0000","0.4929","0.6627","-0.7808","2.6405","-0.3310","36.3578","98.8555","62.0690","8985.1113","6553.5000","559.8638","0.0000","54.3700","54.3700","0.0000","70.7926","559.9622","14.9000","-1.0000","950.5049","0.1200","0.0087","3.4055","0.6840","44.5067","11.8793","0.8849","0.0000","164.3045"
"21.550","49.1507","14","1.0559","-0.0450","-0.1318","147.4478","42.8657","10.0853","15.0000","0.1990","18.2490","45.50333116","-75.54379648","20.0938","12.3290","860.5000","42.0281","25.3117","32.1680","33.6469","3.0000","0.7376","0.9203","-0.7213","1.1499","-0.4876","29.8023","98.7900","74.9297","8782.3330","6553.5000","564.4500","0.0000","53.6200","53.7800","0.0000","71.0000","564.5150","14.9000","-1.0000","950.5049","0.1200","-0.0080","3.4488","0.7001","48.3400","11.9000","0.8650","0.0000","164.9879"
"21.600","49.7365","14","1.0706","0.0323","-0.1782","149.4015","43.6096","10.0586","15.0000","0.1890","18.1515","45.50332544","-75.54379256","20.0938","12.3286","860.5000","45.0547","25.9234","31.5375","36.3187","3.0000","0.3510","1.1876","-0.7138","0.6704","-1.6203","25.8438","98.7245","95.0245","8808.3555","6553.5000","567.7000","0.0000","53.6100","53.3850","0.0000","71.0000","567.7650","14.9000","-1.0000","950.5049","0.1347","-0.0149","3.3934","0.6516","47.9689","11.9000","0.8400","0.0000","165.6748"
"21.650","50.2818","14","1.0816","0.1042","-0.2275","151.4243","44.1770","10.0299","15.0000","0.1800","18.1149","45.50331969","-75.54378874","20.0938","12.3282","860.4500","44.9688","24.3422","29.1602","38.3109","3.0000","-0.1278","1.3029","-0.7474","1.0382","-2.3635","26.2516","98.6590","109.0909","8857.8447","6553.5000","570.7300","0.0000","53.9500","53.6400","0.0000","71.0000","570.7730","14.9000","-1.0000","950.5049","0.1544","-0.0173","3.3345","0.5939","46.6689","11.8890","0.8160","0.0000","166.3701"
"21.700","50.4630","14","1.0588","0.1269","-0.3028","154.0702","43.1558","9.9830","15.0000","0.1800","18.6103","45.50331370","-75.54378577","20.0984","12.3267","860.5000","45.4813","23.9234","26.5664","38.1484","3.0000","-0.2418","1.2406","-1.1828","1.6654","-2.0371","29.7656","98.6564","109.2168","8818.4004","6553.5000","572.8800","0.0000","53.9700","52.6450","0.0000","71.0000","572.9230","14.9000","-1.0000","950.5049","0.2100","0.0160","3.3912","0.5306","41.2800","11.8390","0.7960","0.0000","167.0698"
"21.750","50.6133","14","1.0449","0.1431","-0.3743","156.7069","42.4854","9.9377","15.0000","0.1800","18.9603","45.50330769","-75.54378287","20.1081","12.3241","860.2250","42.8906","25.0242","25.6703","36.7203","3.0000","-0.1786","1.1322","-1.4125","2.8584","-1.3341","33.8406","98.7219","115.1493","8694.7998","6553.5000","574.6201","0.0000","54.0200","53.7600","0.0000","71.0000","574.6220","14.9000","-1.0000","950.5049","0.2547","0.0478","3.4343","0.4547","35.4244","11.8110","0.7770","0.0000","167.7715"
"21.800","50.4863","14","1.1104","0.1012","-0.4103","159.2617","44.9720","9.9066","15.0000","0.1800","17.8670","45.50330156","-75.54378057","20.1177","12.3214","860.0000","44.3328","27.0258","26.2383","37.0422","3.0000","-0.0629","1.1233","-1.0581","4.5656","-0.9165","36.6937","98.7874","103.3841","8354.7998","6553.5000","574.7200","0.0000","52.6950","53.2150","0.0000","71.0000","574.7220","14.9000","-1.0000","950.5049","0.2713","0.0756","3.4427","0.3463","28.3689","11.8610","0.7620","0.0000","168.4734"
"21.850","50.3531","14","1.1802","0.0561","-0.4472","161.8128","47.6489","9.8759","15.0000","0.1805","16.8187","45.50329542","-75.54377835","20.1274","12.3187","860.5000","45.0922","24.0508","23.5609","38.9484","3.0000","-0.0677","1.2309","-0.9631","5.3801","0.0138","39.3531","98.8529","91.6189","7977.7334","6553.5000","573.6000","0.0000","52.4800","49.7600","0.0000","71.0000","573.4800","14.9000","-1.0000","950.5049","0.2960","0.1167","3.4659","0.2812","20.4867","11.9000","0.7610","0.0000","169.1735"
"21.900","50.1656","14","1.2894","-0.0177","-0.4915","164.3310","52.0390","9.8479","15.0000","0.1855","15.3425","45.50328926","-75.54377686","20.1371","12.3161","860.4750","46.9719","21.4820","23.6984","38.9703","3.0000","-0.3368","1.4936","-1.1815","4.8930","1.5381","43.0812","98.9183","80.5200","7560.5112","6553.5000","567.6000","0.0000","49.7250","46.2150","0.0000","71.0000","567.4800","14.9000","-1.0000","950.5049","0.3293","0.1722","3.5054","0.2629","11.7089","11.9000","0.8160","0.0000","169.8714"
"21.950","49.9104","15","1.3938","-0.0931","-0.5338","166.9103","56.2735","9.8217","15.0000","0.1900","14.1158","45.50328312","-75.54377547","20.1468","12.3134","860.7250","46.7953","21.0086","25.4750","37.6781","3.0000","-0.6152","1.4811","-1.1437","2.7350","2.3428","47.2969","98.9838","75.6757","7469.4297","6553.5000","562.9550","0.0000","48.0410","43.2525","0.0000","71.0000","562.1379","14.9000","-1.0000","950.5049","0.3344","0.1816","3.4778","0.2640","8.4504","11.8893","0.8570","0.0000","170.5658"
"22.000","49.0454","15","1.4556","-0.1820","-0.5577","170.0385","59.1077","9.8113","15.0000","0.1900","13.2061","45.50327718","-75.54377502","20.1564","12.3107","860.0250","47.9875","19.4219","22.3680","36.7000","3.0000","-0.7555","1.4461","-1.1043","0.0637","2.1492","51.8250","99.0493","72.3654","7531.8267","6553.5000","563.7300","0.0000","48.5738","43.3344","0.0000","71.0000","559.1282","14.9000","-1.0000","950.5049","0.3262","0.1693","3.4187","0.2744","7.7893","11.8408","0.8420","0.0000","171.2528"
"22.050","48.1942","15","1.5086","-0.2624","-0.5833","173.1858","61.6241","9.7991","15.0000","0.1905","12.4470","45.50327126","-75.54377467","20.1661","12.3081","860.5000","49.5578","19.1266","26.2906","37.9797","3.0000","-0.7622","1.6176","-1.2674","-1.8014","1.8541","56.5594","99.1148","66.2352","7708.9194","6553.5000","564.5050","0.0000","49.1818","42.8545","0.0000","71.0000","557.3671","14.8869","-1.0000","950.5049","0.3163","0.1502","3.3814","0.3327","11.3313","11.8000","0.8270","0.0000","171.9269"
"22.100","47.4670","15","1.4819","-0.2662","-0.6251","176.5061","61.2799","9.7705","15.0000","0.1955","12.3280","45.50326549","-75.54377526","20.1758","12.3054","860.0250","48.4562","21.0461","30.6148","38.0453","3.0000","-0.5075","1.3417","-1.2274","-3.2301","1.4809","59.7500","99.1802","64.1509","8212.4541","6553.5000","565.2800","0.0000","49.8593","42.7481","0.0000","71.0000","562.1608","14.8364","-1.0000","950.5049","0.3010","0.1094","3.4062","0.5276","26.8364","11.8000","0.8120","0.0000","172.5907"
"22.150","46.7902","15","1.4524","-0.2610","-0.6605","161.7725","60.8123","9.7449","14.9950","0.1995","12.2457","45.50325972","-75.54377591","20.1854","12.3027","860.5000","48.3531","23.6187","28.9047","37.8625","3.0000","-0.1789","1.1197","-1.1189","-3.6184","1.4067","60.3812","99.2457","65.8113","8616.2627","6553.5000","566.5334","0.0000","50.3529","48.9118","0.0000","71.0000","566.5967","14.8000","-1.0000","950.5049","0.2808","0.0745","3.4066","0.6638","38.6096","11.8000","0.8023","0.0000","173.2454"
"22.200","46.5667","15","1.3973","-0.1760","-0.6381","-15.4445","59.2334","9.7465","14.9450","0.1945","12.5121","45.50325399","-75.54377714","20.1951","12.3001","860.4750","48.2484","19.2867","25.8156","39.3328","3.0000","-0.0972","1.0799","-1.4329","-3.4098","3.2891","59.4250","99.3112","70.4933","8763.6318","6553.5000","569.7000","0.0000","51.8235","57.2941","0.0000","71.0000","569.7634","14.8000","-1.0000","950.5049","0.2479","0.0547","3.3445","0.6490","40.7866","11.8000","0.8140","0.0000","173.8941"
"22.250","46.3911","15","1.3390","-0.0882","-0.6138","-174.7415","57.4667","9.7497","14.9000","0.1895","12.8481","45.50324826","-75.54377843","20.2048","12.2974","860.2250","42.9969","18.2703","29.2836","34.6484","3.0000","-0.0403","0.8823","-1.4873","-4.2061","6.7156","57.5812","99.3767","76.2911","8911.0000","6553.5000","572.8667","0.0000","52.9180","57.0971","0.0000","71.0000","572.9301","14.8000","-1.0000","950.5049","0.2150","0.0350","3.2825","0.6342","42.9636","11.8000","0.8257","0.0000","174.5395"
"22.300","46.6478","15","1.2512","0.0244","-0.5728","-172.7576","54.0098","9.7667","14.9000","0.1845","13.7461","45.50324245","-75.54378011","20.2145","12.2947","860.5000","39.8828","22.0055","30.7195","28.4695","3.0000","0.3624","0.9629","-1.1963","-5.4719","8.7297","53.6000","99.4421","78.3784","9058.3682","6553.5000","576.0334","0.0000","53.9612","55.7302","0.0000","71.0000","576.0967","14.8000","-1.0000","950.5049","0.1949","0.0249","3.2367","0.6193","45.1407","11.8000","0.8373","0.0000","175.1859"
"22.350","46.9508","15","1.1543","0.1361","-0.5384","-170.7559","50.1127","9.7794","14.9000","0.1800","14.9113","45.50323664","-75.54378188","20.2241","12.2921","860.2250","42.0391","24.3281","31.6875","30.0867","3.0000","0.7119","1.0499","-0.9609","-4.9602","7.3574","46.8563","99.5076","78.3784","9186.8789","6553.5000","579.2000","0.0000","54.8630","54.4907","0.0000","71.0000","579.2634","14.8000","-1.0000","950.5049","0.2153","0.0453","3.2290","0.6139","47.5670","11.8000","0.8490","0.0000","175.8363"
"22.400","47.6705","15","0.9759","0.2404","-0.5635","-168.5940","42.2553","9.7539","14.9000","0.1800","17.9551","45.50323071","-75.54378429","20.2338","12.2894","860.5000","43.4766","24.4102","31.7180","36.6078","3.0000","0.6167","0.7755","-0.9567","-2.9539","3.9898","38.2125","99.5731","86.1210","9145.6699","6553.5000","582.3667","0.0000","54.5325","54.3975","0.0000","71.0000","582.4301","14.8000","-1.0000","950.5049","0.2284","0.0616","3.2293","0.6930","52.2374","11.8000","0.8607","0.0000","176.4935"
"22.450","48.3621","15","0.7914","0.3394","-0.5868","-166.5402","34.1343","9.7290","14.9000","0.1795","22.5494","45.50322477","-75.54378672","20.2435","12.2867","860.5000","43.9641","21.8344","31.0078","39.4000","3.0000","0.4169","0.5059","-1.0130","-1.1647","1.5835","28.0078","99.6386","86.8302","9086.9111","6553.5000","585.3300","0.0000","55.4897","54.3564","0.0000","71.0000","585.3730","14.8000","-1.0000","950.5049","0.2229","0.0671","3.2382","0.7407","55.7244","11.8000","0.8750","0.0000","177.1613"
"22.500","48.8008","15","0.5521","0.3923","-0.5931","-165.4584","23.6406","9.7085","14.9000","0.1745","32.8540","45.50321880","-75.54378930","20.2532","12.2841","860.5000","41.0703","18.8023","30.7398","36.8359","3.0000","0.4947","0.1119","-0.9678","-0.3279","1.3826","15.1016","99.7040","81.1333","8983.0225","6553.5000","587.4800","0.0000","54.4317","54.6610","0.0000","71.0000","587.5230","14.8000","-1.0000","950.5049","0.2360","0.0887","3.2561","0.7073","56.1689","11.8000","0.9000","0.0000","177.8363"
"22.550","49.3037","15","0.3166","0.4385","-0.5964","-164.5281","13.3475","9.6899","14.9000","0.1700","58.7896","45.50321278","-75.54379185","20.2628","12.2814","860.2750","37.6578","18.4156","34.9344","34.3078","3.0000","0.6443","-0.3947","-1.1402","0.1517","1.6183","-0.7406","99.7695","76.9655","8855.9336","6553.5000","589.6400","0.0000","53.6575","54.2575","0.0000","71.0000","589.6840","14.8000","-1.0000","950.5049","0.2693","0.1276","3.2783","0.6868","55.8133","11.8000","0.9110","0.0000","178.5182"
"22.600","50.3829","15","0.1141","0.4248","-0.5718","-164.9607","4.8583","9.6876","14.9000","0.1700","165.0525","45.50320638","-75.54379417","20.2725","12.2787","860.4750","36.0078","18.5320","41.8578","36.2156","3.0000","0.5664","-0.5986","-1.0378","0.5979","-0.3488","-16.6313","99.8350","75.8621","8703.7109","6553.5000","591.8400","0.0000","53.2700","54.1000","0.0000","71.0000","591.8840","14.8000","-1.0000","950.5049","0.2800","0.1551","3.2326","0.6801","54.5911","11.8000","0.8660","0.0000","179.2106"
"22.650","51.4007","15","-0.0874","0.4062","-0.5536","-165.4570","-3.5438","9.6813","14.9000","0.1700","230.8432","45.50319998","-75.54379646","20.2822","12.2761","860.2250","38.2516","18.1797","44.8516","44.3187","3.0000","0.1144","-0.6172","-0.8021","-0.2693","-4.1992","-29.0109","99.9005","72.8845","8953.4443","6553.5000","593.9500","0.0000","55.5769","53.9590","0.0000","71.0000","593.9850","14.8000","2.4100","950.5049","0.2800","0.1773","3.1826","0.6047","49.8178","11.8110","0.8290","0.0000","179.9187"
"22.700","51.8655","15","-0.2804","0.3426","-0.5926","-166.5259","-11.1619","9.6389","14.9000","0.1700","73.9536","45.50319350","-75.54379832","20.2918","12.2734","860.9750","43.9281","14.7937","42.3672","48.8500","3.0000","-0.1158","-0.9118","-0.9619","-2.4066","-6.8227","-37.8000","99.9660","68.5057","9392.3330","6553.5000","595.7000","0.0000","55.6268","54.9951","0.0000","71.0000","595.7350","14.8000","17.9100","950.5049","0.2262","0.1018","3.1898","0.4969","43.3733","11.8610","0.8240","0.0000","180.6361"
"22.750","52.2674","15","-0.4735","0.2755","-0.6343","-167.6900","-18.7544","9.5963","14.9000","0.1700","44.3556","45.50318702","-75.54380010","20.2969","12.2713","860.5000","43.4562","14.6434","40.2453","47.9172","3.0000","-0.2169","-1.2061","-1.1732","-3.8855","-6.4770","-44.1969","99.9957","63.3043","9425.9336","6553.5000","596.9800","0.0000","57.6850","57.7500","0.0000","71.0000","596.9680","14.7511","31.4300","950.5049","0.1633","0.0156","3.2020","0.4405","40.3511","11.8890","0.8180","0.0000","181.3589"
"22.800","52.1036","15","-0.6668","0.1774","-0.6993","-169.7112","-26.1160","9.5508","14.9000","0.1700","31.7527","45.50318057","-75.54380115","20.2969","12.2697","860.5000","36.8875","14.7254","41.5891","44.6797","3.0000","-0.1689","-1.0384","-1.0027","-3.8109","-4.9750","-47.2375","99.9868","60.8696","9336.0449","6553.5000","596.3800","0.0000","56.9488","57.9439","0.0000","71.0000","596.3680","14.7000","37.9300","950.5049","0.0800","-0.0400","3.2270","0.3965","37.4711","11.8390","0.8080","0.0000","182.0833"
"22.850","51.9841","15","-0.8554","0.0804","-0.7695","-171.6634","-33.3018","9.5025","14.9000","0.1695","24.8441","45.50317410","-75.54380217","20.2969","12.2682","860.2250","35.3703","14.7273","40.1656","44.8375","3.0000","-0.1294","-0.7845","-0.7621","-2.9293","-4.3914","-46.0062","99.9779","37.7180","8461.5996","6553.5000","594.8400","0.0000","53.3231","54.6180","0.0000","71.0000","594.7340","14.7000","43.0000","950.5049","0.0402","-0.0660","3.2691","0.4154","30.8600","11.8000","0.8110","0.0000","182.8061"
"22.900","52.2640","15","-1.0015","-0.0071","-0.8862","-172.9934","-38.9058","9.4290","14.9000","0.1645","21.3800","45.50316752","-75.54380293","20.2969","12.2667","860.9750","37.7141","12.7156","35.7781","47.6609","3.0000","-0.2955","-1.1800","-1.0246","-2.0686","-3.7832","-42.9313","99.9689","-2.1985","7872.7554","6553.5000","589.5400","0.0000","50.8488","53.3634","0.0000","71.0000","589.4340","14.7000","43.0000","950.5049","0.1124","-0.0160","3.3296","0.4363","25.9911","11.8000","0.8660","0.0000","183.5304"
"22.950","52.4023","14","-1.1350","-0.0915","-0.9934","-174.4702","-44.0457","9.3616","14.8950","0.1600","18.9351","45.50316099","-75.54380356","20.2969","12.2652","860.5500","39.4469","8.8043","34.2313","49.0156","3.0000","-0.5350","-1.5742","-1.3977","-1.5491","-1.6555","-41.5375","99.9600","-11.4909","8018.3110","6553.5000","585.6700","0.0000","43.5231","52.1846","0.0000","71.0000","585.7070","14.7000","43.0000","950.5049","0.1713","0.0287","3.3539","0.4624","25.6022","11.8000","0.8970","0.0000","184.2563"
"23.000","51.2661","14","-1.1546","-0.1479","-1.0160","-177.2679","-45.0090","9.3490","14.8450","0.1600","18.1280","45.50315488","-75.54380301","20.2969","12.2636","860.5000","38.1172","9.3723","37.6063","48.2828","3.0000","-0.5175","-1.5938","-1.3432","-1.7371","0.8816","-42.1375","99.9511","87.7930","8174.5332","6553.5000","587.5200","0.0000","47.0975","52.3900","0.0000","71.0000","587.5570","14.7000","43.0000","950.5049","0.2158","0.0676","3.3611","0.4901","26.2267","11.8000","0.8320","0.0000","184.9756"
"23.050","50.2197","14","-1.1714","-0.1983","-1.0332","-162.0405","-45.8829","9.3374","14.8000","0.1600","17.4198","45.50314876","-75.54380241","20.2969","12.2621","860.5500","36.4906","10.6445","43.9359","47.7797","3.0000","-0.5283","-1.3246","-1.0354","-2.9365","1.4594","-42.7094","99.9421","93.7500","8342.3115","6553.5000","589.6000","0.0000","47.5641","51.7744","0.0000","71.0000","589.6600","14.7000","43.0000","950.5049","0.2413","0.0800","3.3576","0.5196","27.9489","11.8000","0.7780","0.0000","185.6791"
"23.100","49.9822","14","-1.1633","-0.1952","-1.0013","15.4123","-45.9521","9.3336","14.8000","0.1600","17.3113","45.50314257","-75.54380124","20.2969","12.2606","860.9500","39.5156","13.3938","41.1797","45.5453","3.0000","-0.3829","-1.0029","-0.8717","-3.3664","-0.1414","-41.9250","99.9332","85.4693","8670.6445","6553.5000","592.6000","0.0000","49.2683","50.9854","0.0000","71.0000","592.6600","14.6622","43.0000","950.5049","0.2580","0.0800","3.3496","0.6064","32.5422","11.8000","0.7680","0.0000","186.3750"
"23.150","49.7617","14","-1.1539","-0.1813","-0.9800","174.9239","-45.9673","9.3262","14.8000","0.1600","17.2293","45.50313639","-75.54380003","20.2969","12.2591","860.5000","40.4078","13.3387","38.3766","50.8125","3.0000","-0.2308","-0.9313","-0.9742","-3.1898","-1.4126","-39.9062","99.9243","76.6601","9074.5332","6553.5000","595.5800","0.0000","51.8250","51.1100","0.0000","71.0000","595.6380","14.6067","43.0000","950.5049","0.2209","0.0604","3.3074","0.7203","38.4867","11.7890","0.7820","0.0000","187.0677"
"23.200","49.6950","14","-1.1327","-0.0692","-1.0542","172.9653","-45.4966","9.2864","14.8000","0.1600","17.3842","45.50313034","-75.54379835","20.2969","12.2576","860.5000","39.8922","13.8582","31.0836","48.2094","3.0000","-0.0293","-0.7485","-1.0786","-2.1809","-0.1658","-37.8187","99.9154","75.8330","9414.8662","6553.5000","598.4800","0.0000","61.1512","55.7463","0.0000","71.0000","598.5380","14.6000","43.0000","950.5049","0.1742","0.0364","3.2664","0.7619","51.6667","11.7390","0.8920","0.0000","187.7585"
"23.250","49.6802","14","-1.1104","0.0416","-1.1136","171.0513","-44.9428","9.2520","14.8000","0.1605","17.5931","45.50312426","-75.54379662","20.2969","12.2560","860.2250","35.0250","15.8945","33.8734","44.2031","3.0000","0.2660","-0.9408","-1.1902","0.2951","2.7336","-36.8906","99.9064","76.4706","9714.3115","6553.5000","601.3500","0.0000","58.9590","58.5154","0.0000","71.0000","601.4050","14.6000","43.0000","950.5049","0.1020","-0.0080","3.2286","0.7894","65.1578","11.7000","0.9770","0.0000","188.4487"
"23.300","50.1339","14","-1.0778","0.1414","-1.0406","169.5380","-43.6419","9.2659","14.8000","0.1655","18.2830","45.50311804","-75.54379445","20.2969","12.2545","860.5000","31.7219","18.2555","41.0250","40.9391","3.0000","0.4890","-1.1969","-1.1079","2.9508","4.0746","-37.0250","99.8975","50.4994","9643.2002","6553.5000","604.1000","0.0000","56.6250","58.0800","0.0000","71.0000","604.1550","14.6000","43.0000","950.5049","0.0531","-0.0384","3.1997","0.7688","70.8800","11.7000","0.9620","0.0000","189.1423"
"23.350","50.6644","14","-1.0452","0.2411","-0.9749","167.9546","-42.3097","9.2760","14.8000","0.1700","19.0582","45.50311179","-75.54379219","20.2969","12.2530","860.5000","31.6234","18.5695","43.7531","41.7750","3.0000","0.5700","-1.1414","-0.9374","3.9070","2.6555","-38.2438","99.8886","14.4284","9723.7559","6553.5000","606.6600","0.0000","58.8610","60.0073","0.0000","71.0000","606.6960","14.6000","43.0000","950.5049","0.0642","-0.0329","3.1802","0.7517","75.3422","11.7110","0.9460","0.0000","189.8430"
"23.400","51.8851","14","-1.0120","0.3403","-0.9747","165.7400","-40.6956","9.2514","14.8000","0.1700","20.2915","45.50310534","-75.54378920","20.2969","12.2515","860.5250","36.0906","18.5789","38.3234","44.7797","3.0000","0.4123","-1.2083","-0.8998","3.8719","0.5593","-41.0938","99.8796","0.0000","10194.3115","6553.5000","608.4600","0.0000","61.4950","61.9300","0.0000","71.0000","608.4960","14.6000","43.0000","950.5049","0.1500","0.0153","3.1770","0.7433","76.5644","11.7610","0.9260","0.0000","190.5553"
"23.450","53.0202","14","-0.9704","0.4373","-0.9761","163.5347","-38.7333","9.2274","14.8000","0.1700","21.7860","45.50309891","-75.54378613","20.2969","12.2499","860.5000","36.6500","17.3758","36.5328","45.6719","3.0000","0.2432","-1.1613","-1.0511","3.6158","0.0067","-44.0906","99.8707","105.0000","10504.5996","6553.5000","610.3600","0.0000","65.2282","63.1564","0.0000","71.0000","610.4060","14.5733","43.0000","950.5049","0.3167","0.1098","3.1815","0.7299","77.3600","11.8000","0.9050","0.0000","191.2852"
"23.500","53.3839","14","-0.8530","0.5140","-0.9914","161.4137","-33.6363","9.2088","14.8000","0.1700","25.2593","45.50309266","-75.54378244","20.2969","12.2484","860.5000","33.8250","15.8098","34.0078","41.5797","3.0000","0.2339","-0.6452","-1.1390","3.7266","0.6500","-43.8125","99.8618","144.2647","10641.2666","6553.5000","612.6600","0.0000","65.5200","64.2350","0.0000","71.0000","612.7060","14.5178","43.0000","950.5049","0.3398","0.1513","3.1356","0.7110","77.6933","11.8000","0.8800","0.0000","192.0242"
"23.550","53.8160","14","-0.7399","0.5813","-1.0046","159.4127","-28.7161","9.1899","14.8000","0.1700","29.8268","45.50308638","-75.54377872","20.2969","12.2469","860.5000","33.2203","16.8969","36.8328","41.3094","3.0000","0.6521","-0.2991","-0.9234","4.0041","0.8057","-38.2188","99.8529","93.0392","10688.0225","6553.5000","614.8500","0.0000","65.2317","64.4537","0.0000","71.0000","614.8850","14.5000","43.0000","950.5049","0.2953","0.1680","3.0879","0.7118","77.9133","11.7890","0.8590","0.0000","192.7693"
"23.600","54.8648","14","-0.6653","0.5646","-0.9985","158.4923","-25.3861","9.1680","14.8000","0.1700","34.3967","45.50307985","-75.54377476","20.2969","12.2454","860.0000","34.0703","17.8680","37.4250","42.6688","3.0000","0.8315","-0.2401","-0.8258","3.4832","0.0463","-28.1969","99.8439","72.5490","10692.4668","6553.5000","616.6000","0.0000","64.1244","63.9976","0.0000","71.0000","616.6350","14.5000","43.0000","950.5049","0.7153","0.4976","3.0990","0.7218","78.0800","11.7390","0.8540","0.0000","193.5241"
"23.650","55.8855","14","-0.5771","0.5427","-0.9926","157.6174","-21.5914","9.1464","14.7950","0.1700","41.1945","45.50307330","-75.54377079","20.2969","12.2438","860.5000","38.0953","17.9516","34.5516","43.7156","3.0000","0.6119","-0.1322","-0.7464","2.2600","-0.4959","-15.0688","99.8350","66.8457","10794.2002","6553.5000","618.3300","0.0000","64.3462","66.4359","0.0000","71.0000","618.3630","14.5000","43.0000","950.5049","1.2542","0.9093","3.1512","0.7005","77.9533","11.7110","0.8470","0.0000","194.2946"
"23.700","56.6542","14","-0.3670","0.4747","-0.9882","157.1514","-13.6134","9.1270","14.7450","0.1700","66.2347","45.50306667","-75.54376666","20.2969","12.2423","860.5000","38.4062","17.9688","33.1844","42.4609","3.0000","0.4031","0.4342","-0.9559","1.0456","0.0905","0.9764","99.8261","61.5304","10799.5107","6553.5000","619.9800","0.0000","64.8000","65.2700","0.0000","71.0000","620.0130","14.5000","43.0000","950.5049","2.4320","1.7760","3.3090","0.6553","75.7867","11.7610","0.8320","0.0000","195.0767"
"23.750","57.4117","14","-0.1541","0.3989","-0.9860","156.8268","-5.5853","9.1058","14.7000","0.1700","163.5977","45.50306001","-75.54376259","20.2969","12.2408","860.5000","36.2359","17.9602","31.7773","38.3984","3.0000","0.2569","0.7305","-0.9280","-0.6150","0.8124","18.8633","99.8171","59.0087","9543.4004","6553.5000","619.6700","0.0000","62.5800","60.1600","0.0000","71.0000","619.5070","14.5000","43.0000","950.5049","3.3982","2.4684","3.3819","0.3842","50.6200","11.8000","0.8250","0.0000","195.8690"
"23.800","58.0685","14","0.0842","0.2524","-1.0040","157.7743","2.8943","9.0687","14.7000","0.1700","319.3088","45.50305303","-75.54375897","20.2969","12.2422","860.5000","41.1813","18.8219","29.2320","37.9813","3.0000","0.0170","0.8509","-0.7439","-2.7645","-0.1747","36.1813","99.8168","57.8479","8568.5332","6553.5000","611.5200","0.0000","60.6725","55.1750","0.0000","71.0000","611.3570","14.4844","43.0000","950.5049","3.8204","2.7129","3.3630","0.1871","27.9889","11.8000","0.8500","0.0000","196.6706"
"23.850","58.6012","14","0.3199","0.1074","-1.0213","158.7877","11.2621","9.0334","14.7000","0.1705","82.8147","45.50304607","-75.54375544","20.2969","12.2468","860.5000","47.9938","21.9250","24.3594","39.8891","3.0000","-0.1593","1.1543","-0.8251","-2.7910","-2.2266","51.0687","99.8257","57.7465","8316.8662","6553.5000","603.8100","0.0000","56.3769","44.7641","0.0000","71.0000","603.6910","14.4289","41.5700","950.5049","3.7547","2.5840","3.3774","0.1805","11.8778","11.8000","0.8770","0.0000","197.4814"
"23.900","58.0166","14","0.5313","-0.0248","-1.0313","160.3934","18.6231","9.0138","14.7000","0.1755","49.5816","45.50303925","-75.54375262","20.2969","12.2513","860.5000","49.5766","20.8367","25.0031","45.2844","3.0000","-0.7298","1.1671","-1.0979","-1.2579","-2.6555","63.0875","99.8346","58.0388","8077.7334","6553.5000","597.8600","0.0000","54.9341","42.1561","0.0000","71.0000","597.7410","14.4000","35.0700","950.5049","3.1602","2.0507","3.4074","0.1719","2.5667","11.8000","0.9120","0.0000","198.2904"
"23.950","57.3798","15","0.7311","-0.1518","-1.0373","161.9866","25.6013","8.9973","14.7000","0.1805","35.6711","45.50303246","-75.54374986","20.2969","12.2559","860.5000","47.5250","20.4898","24.4820","44.5187","3.0000","-0.9039","0.8429","-1.1830","0.2644","-1.1053","70.7562","99.8436","58.5260","7852.1777","6553.5000","592.0700","0.0000","50.1850","44.0425","0.0000","71.0000","591.9670","14.4000","26.5900","950.5049","2.1653","1.3549","3.4232","0.1614","0.6222","11.8000","0.9340","0.0000","199.0912"
"24.000","56.2718","15","0.8275","-0.2319","-1.0060","163.4668","29.1337","9.0086","14.7000","0.1855","30.7408","45.50302587","-75.54374764","20.2969","12.2605","860.5000","44.2062","21.2344","25.5055","42.7266","3.0000","-0.7345","0.5304","-1.0734","0.6713","0.4493","71.9000","99.8525","60.1188","7736.5557","6553.5000","586.9200","0.0000","48.7725","45.1125","0.0000","71.0000","586.8170","14.3622","11.0900","950.5049","0.9820","0.5827","3.4348","0.1659","0.0000","11.8000","0.9040","0.0000","199.8804"
"24.050","55.2031","15","0.9189","-0.3150","-0.9791","164.9103","32.5147","9.0178","14.7000","0.1900","27.0212","45.50301930","-75.54374547","20.2969","12.2651","860.5000","43.4359","21.3594","22.7219","39.5156","3.0000","-0.4873","0.5673","-1.0502","0.2888","0.9099","67.3750","99.8614","61.2371","7672.6665","6553.5000","582.0400","0.0000","47.9538","45.3462","0.0000","71.0000","581.9640","14.3067","-1.0000","950.5049","0.7813","0.4802","3.4204","0.1776","0.0000","11.8000","0.8810","0.0000","200.6532"
"24.100","54.4878","15","0.9655","-0.4255","-0.9911","166.0242","34.5330","9.0092","14.7000","0.1900","25.1122","45.50301283","-75.54374364","20.2969","12.2696","860.4750","44.3516","21.3289","21.8336","38.9562","3.0000","-0.4583","0.9846","-1.1862","-0.1084","0.8320","60.4875","99.8704","61.7520","7560.3779","6553.5000","578.2400","0.0000","48.1171","43.9488","0.0000","71.0000","578.1640","14.3489","-1.0000","950.5049","0.7013","0.4536","3.4074","0.1668","0.0000","11.8000","0.8860","0.0000","201.4144"
"24.150","53.7433","15","1.0114","-0.5275","-0.9984","167.2599","36.5655","9.0023","14.7000","0.1900","23.3923","45.50300638","-75.54374192","20.2969","12.2742","860.7250","46.0359","21.7328","23.9414","38.7906","3.0000","-0.4933","1.1424","-1.0891","0.0353","0.7922","54.3125","99.8793","62.7421","7436.3335","6553.5000","574.4800","0.0000","47.1575","42.4475","0.0000","71.0000","574.4080","14.3956","-1.0000","950.5049","0.4680","0.2480","3.3979","0.1547","0.0000","11.8110","0.8930","0.0000","202.1656"
"24.200","52.7355","15","1.0514","-0.5523","-0.9635","169.5913","38.7262","9.0102","14.7000","0.1900","21.6730","45.50300008","-75.54374120","20.2969","12.2788","861.0000","46.4562","22.6875","26.6469","40.6234","3.0000","-0.3066","1.0693","-0.8350","0.1547","0.9303","50.0875","99.8882","61.6188","7253.0000","6553.5000","570.8800","0.0000","45.8317","41.8049","0.0000","71.0000","570.8080","14.3400","-1.0000","950.5049","0.2860","0.1000","3.4274","0.1636","0.0000","11.8610","0.9080","0.0000","202.9051"
"24.250","51.7625","15","1.0881","-0.5768","-0.9323","171.9007","40.7816","9.0169","14.7000","0.1895","20.2009","45.50299380","-75.54374055","20.2969","12.2833","860.7250","46.5172","22.6891","25.8531","40.5797","3.0000","-0.1745","1.1693","-0.8315","-0.1698","1.3794","48.0250","99.8971","68.9118","7085.6890","6553.5000","567.3900","0.0000","44.7256","41.5051","0.0000","71.0000","567.3290","14.3000","-1.0000","950.5049","0.2360","0.1000","3.4991","0.1723","0.0000","11.9000","0.9230","0.0000","203.6295"
"24.300","51.1025","15","1.0948","-0.5993","-0.9331","174.0117","41.8893","9.0129","14.7000","0.1845","19.4160","45.50298767","-75.54374043","20.2969","12.2879","861.0250","46.7781","22.6562","23.4898","38.7828","3.0000","-0.2831","1.3435","-0.9649","-0.5255","2.1328","47.5687","99.9061","75.0000","6959.5776","6553.5000","564.3400","0.0000","45.1927","39.1049","0.0000","71.0000","564.2790","14.3000","-1.0000","950.5049","0.2207","0.0920","3.4702","0.1807","0.0000","11.9000","0.9380","0.0000","204.3434"
"24.350","50.3540","15","1.1072","-0.6187","-0.9342","158.2073","43.2495","9.0094","14.7000","0.1805","18.5299","45.50298160","-75.54374041","20.2969","12.2925","861.0000","46.4437","22.5953","23.4188","37.3812","3.0000","-0.3929","1.4252","-1.0703","-0.4994","2.6207","47.6781","99.9150","72.6613","6813.4668","6553.5000","561.3900","0.0000","44.3846","38.4564","0.0000","71.0000","561.3391","14.3000","-1.0000","950.5049","0.2429","0.0753","3.3941","0.1826","0.0000","11.8890","0.9510","0.0000","205.0471"
"24.400","48.8090","15","1.1713","-0.6103","-0.9377","-18.8362","46.8832","9.0116","14.7000","0.1855","16.5693","45.50297600","-75.54374135","20.2969","12.2971","861.4750","47.2500","22.6391","23.2555","37.4516","3.0000","-0.4348","1.4353","-1.0835","0.4627","2.4371","47.7062","99.9239","68.6290","6645.6890","6553.5000","558.8400","0.0000","43.9317","37.1122","0.0000","71.0000","558.7890","14.3000","-1.0000","950.5049","0.1744","0.0209","3.3425","0.1776","0.0000","11.8390","0.9560","0.0000","205.7356"
"24.450","47.2641","15","1.2366","-0.6062","-0.9455","-177.9086","50.6002","9.0116","14.7000","0.1905","14.8662","45.50297044","-75.54374236","20.2969","12.3016","860.7250","48.0219","22.6320","26.7055","40.9391","3.0000","-0.4250","1.3150","-1.1146","1.0423","1.7312","47.4750","99.9329","75.8407","6454.1113","6553.5000","556.3300","0.0000","41.9795","35.8231","0.0000","71.0000","556.2830","14.2622","-1.0000","950.5049","0.0633","-0.0513","3.3000","0.1881","0.0000","11.8110","0.9610","0.0000","206.4007"
"24.500","45.7197","15","1.3119","-0.6413","-0.9918","-175.2401","55.0672","8.9931","14.7000","0.1955","13.2139","45.50296535","-75.54374398","20.2969","12.3062","860.5250","47.7969","22.6703","27.3570","41.3828","3.0000","-0.5473","1.2024","-1.0654","0.3137","0.7285","47.2562","99.9418","78.1250","6251.3335","6553.5000","553.9800","0.0000","40.5650","35.6900","0.0000","71.0000","553.9330","14.2067","-1.0000","950.5049","0.0402","-0.0502","3.3256","0.2059","0.0000","11.8610","0.9660","0.0000","207.0451"
"24.550","44.2059","15","1.3815","-0.6744","-1.0353","-172.5423","59.3412","8.9758","14.7000","0.2000","11.8562","45.50296029","-75.54374566","20.2969","12.3108","861.0000","48.9344","22.7445","25.4383","40.5328","3.0000","-0.3943","1.3057","-0.9711","-0.6455","0.0389","47.6562","99.9507","-136.6071","6053.9331","6553.5000","551.6700","0.0000","39.9000","33.5800","0.0000","71.0000","551.6270","14.2000","-1.0000","950.5049","0.0322","-0.0391","3.3600","0.2461","0.0000","11.9000","0.9700","0.0000","207.6694"
"24.600","42.9677","15","1.3989","-0.6904","-1.0531","-169.5811","61.8787","8.9700","14.7000","0.2000","11.0515","45.50295553","-75.54374788","20.2969","12.3153","860.9750","48.1859","22.5711","25.2484","41.5281","3.0000","-0.2558","1.3443","-0.7726","-1.9664","0.2827","48.9875","99.9596","-411.9047","5866.1113","6553.5000","549.5200","0.0000","38.3049","33.2463","0.0000","71.0000","549.4770","14.2000","-1.0000","950.5049","0.0600","-0.0280","3.4172","0.2994","0.3644","11.9000","0.9700","0.0000","208.2753"
"24.650","41.7321","15","1.4100","-0.7004","-1.0628","-166.5369","64.1531","8.9671","14.7000","0.2010","10.3532","45.50295082","-75.54375018","20.2969","12.3199","861.0000","48.1828","22.8023","24.3750","39.0625","3.0000","-0.1113","1.3586","-0.7518","-2.6889","1.1651","50.8812","99.9686","-160.0000","5780.0000","6553.5000","548.2400","0.0000","38.2872","31.8333","0.0000","71.0000","548.2840","14.2000","-1.0000","950.5049","0.0816","-0.0184","3.4161","0.4672","4.9200","11.8890","0.9690","0.0000","208.8618"
"24.700","40.5206","15","1.3643","-0.6564","-0.9997","-162.7447","64.0596","8.9894","14.7000","0.2110","10.0673","45.50294657","-75.54375319","20.2969","12.3245","861.0000","48.3172","23.1406","25.8180","39.4422","3.0000","-0.3687","1.3719","-1.0657","-2.4641","2.0699","52.7875","99.9775","90.6667","5854.5776","6553.5000","550.4400","0.0000","37.9450","32.1650","0.0000","71.0000","550.4840","14.2000","-1.0000","950.5049","0.0871","-0.0129","3.3516","0.6227","11.7933","11.8390","0.9640","0.0000","209.4320"
"24.750","39.3397","15","1.3221","-0.6064","-0.9349","-159.0531","64.1223","9.0124","14.7000","0.2200","9.7643","45.50294235","-75.54375623","20.2969","12.3291","860.7750","47.6734","23.1250","26.1992","38.5109","3.0000","-0.5616","1.4422","-1.2635","-2.3000","2.5863","54.1500","99.9864","126.4563","6342.3555","6553.5000","553.1400","0.0000","38.4600","34.2400","0.0000","71.0000","553.2340","14.2000","-1.0000","950.5049","0.0767","-0.0153","3.3352","0.7466","24.6267","11.8000","0.9460","0.0000","209.9864"
"24.800","38.4343","15","1.3122","-0.5035","-0.8537","-156.2661","65.5907","9.0415","14.7000","0.2200","9.3260","45.50293843","-75.54375951","20.2969","12.3336","861.0000","48.1094","24.2148","25.1688","37.1984","3.0000","-0.3000","1.4826","-1.2157","-1.3570","2.8266","54.9125","99.9954","116.3430","6855.7334","6553.5000","557.8400","0.0000","38.3146","38.6463","0.0000","71.0000","557.9340","14.1733","-1.0000","950.5049","0.0489","-0.0264","3.3413","0.8227","35.9400","11.8000","0.8760","0.0000","210.5270"
"24.850","37.5828","15","1.2969","-0.4005","-0.7758","-153.4276","66.7275","9.0690","14.7000","0.2200","8.9640","45.50293454","-75.54376285","20.2969","12.3358","861.0000","47.2438","24.3180","28.6063","37.4656","3.0000","-0.1291","1.3441","-1.1900","0.2580","3.1775","55.1125","99.7443","112.5000","7396.8442","6553.5000","562.5500","0.0000","43.4872","45.3436","0.0000","71.0000","562.6450","14.1178","-1.0000","950.5049","0.0362","-0.0413","3.3845","0.8472","45.6067","11.8000","0.8280","0.0000","211.0538"
"24.900","37.2171","15","1.2343","-0.2972","-0.7267","-150.1253","64.8806","9.0814","14.7000","0.2200","9.1295","45.50293096","-75.54376678","20.2969","12.3354","860.9750","43.2438","26.9625","32.8453","36.1328","3.0000","0.1599","1.0110","-1.0824","0.8597","3.1031","54.4188","99.2115","49.5000","7571.5112","6553.5000","567.3000","0.0000","45.6700","45.2550","0.0000","71.0000","567.3950","14.1000","-1.0000","950.5049","0.0307","-0.0580","3.4284","0.8626","52.5911","11.8000","0.8680","0.0000","211.5731"
"24.950","36.8726","14","1.1762","-0.1950","-0.6755","-146.8629","63.2052","9.0941","14.7000","0.2205","9.2848","45.50292741","-75.54377077","20.2969","12.3351","861.2750","43.8172","29.3734","32.9906","35.6422","3.0000","0.3920","1.0332","-0.9134","0.7751","1.9541","52.8844","98.6788","-22.7642","7573.7334","6553.5000","571.7000","0.0000","46.0400","45.0600","0.0000","71.0000","571.7600","14.1000","-1.0000","950.5049","0.0447","-0.0453","3.4212","0.8737","58.3133","11.8110","0.9000","0.0000","212.0876"
"25.000","36.7197","14","1.1590","-0.1033","-0.6054","-143.9585","63.0727","9.1105","14.7000","0.2255","9.2657","45.50292411","-75.54377517","20.2969","12.3347","861.0000","43.9641","29.2281","30.9156","36.1312","3.0000","0.4433","1.2087","-0.9301","1.2469","0.1736","51.7500","98.1461","-63.4146","7670.7998","6553.5000","574.7000","0.0000","46.5146","46.6951","0.0000","71.0000","574.7600","14.1000","-1.0000","950.5049","0.0609","-0.0304","3.3944","0.8877","60.4667","11.8610","0.9000","0.0000","212.5989"
"25.050","36.5964","14","1.1370","-0.0131","-0.5307","-141.0076","62.6121","9.1289","14.7000","0.2320","9.3025","45.50292085","-75.54377964","20.2969","12.3343","861.2250","44.3594","27.8281","30.4367","38.2641","3.0000","0.4459","1.2023","-0.9400","1.7266","-0.9987","51.9594","97.6133","-72.7273","7774.8442","6553.5000","577.6700","0.0000","46.8282","46.9385","0.0000","71.0000","577.7271","14.1000","-1.0000","950.5049","0.0720","-0.0360","3.3172","0.8989","62.0356","11.9000","0.8990","0.0000","213.1079"
"25.100","36.7405","14","1.0711","0.0636","-0.4148","-137.6375","59.1993","9.1642","14.7000","0.2520","9.8775","45.50291790","-75.54378472","20.2969","12.3339","860.5250","42.9125","27.3734","28.0164","36.4719","3.0000","0.3936","1.2064","-1.0455","1.9527","-0.8520","52.7875","97.0806","200.0000","7810.3999","6553.5000","580.5200","0.0000","47.0100","48.1300","0.0000","71.0000","580.5770","14.1000","-1.0000","950.5049","0.0738","-0.0416","3.2847","0.8728","62.4800","11.9000","0.8940","0.0000","213.6174"
"25.150","36.8926","14","1.0093","0.1398","-0.3004","-134.3363","55.9644","9.1993","14.7050","0.2710","10.4917","45.50291497","-75.54378984","20.2969","12.3335","861.0000","42.2094","27.0398","26.9523","35.6156","3.0000","0.4569","0.8484","-0.9773","2.6131","0.1786","50.6937","96.5479","200.0000","7823.7109","6553.5000","583.3200","0.0000","47.5000","47.0400","0.0000","71.0000","583.3720","14.0844","-1.0000","950.5049","0.0516","-0.0471","3.3008","0.8622","62.8778","11.9110","0.8900","0.0000","214.1288"
"25.200","37.1163","14","0.9837","0.2118","-0.1999","-131.6548","54.3304","9.2326","14.7550","0.2810","10.8728","45.50291229","-75.54379531","20.2969","12.3332","861.0000","40.2438","25.8937","30.6773","36.3281","3.0000","0.5861","0.3844","-1.0519","2.7766","1.1885","43.4313","96.0151","117.3554","7779.8223","6553.5000","585.9200","0.0000","47.3463","47.2049","0.0000","71.0000","585.9720","14.0289","-1.0000","950.5049","0.0347","-0.0447","3.3430","0.8917","63.1556","11.9610","0.8900","0.0000","214.6428"
"25.250","37.4090","14","0.9650","0.2818","-0.0974","-129.0556","53.0327","9.2673","14.8000","0.2905","11.2267","45.50290960","-75.54380083","20.2969","12.3328","861.0000","41.3531","26.0781","31.5359","36.7734","3.0000","0.5099","0.5293","-1.0648","2.0616","1.6458","33.0984","95.4824","34.7107","7705.0000","6553.5000","588.4800","0.0000","46.1026","47.1308","0.0000","71.0000","588.5280","14.0267","-1.0000","950.5049","0.0236","-0.0336","3.3975","0.9083","63.4867","11.9780","0.8910","0.0000","215.1608"
"25.300","38.3222","14","1.0077","0.3324","0.0236","-127.1967","54.7610","9.3150","14.8000","0.2955","11.1378","45.50290685","-75.54380681","20.2969","12.3324","861.0000","41.3016","26.5883","30.2508","35.1328","3.0000","0.3150","0.8792","-1.0560","1.5805","1.5363","23.4906","94.9496","0.0000","7596.6665","6553.5000","590.8800","0.0000","45.8750","47.0300","0.0000","71.0000","590.9280","14.0822","-1.0000","950.5049","0.0238","-0.0300","3.3781","0.9111","63.8756","11.8780","0.8960","0.0000","215.6877"
"25.350","39.1933","14","1.0458","0.3802","0.1442","-125.2325","56.2118","9.3630","14.8000","0.3000","11.0970","45.50290416","-75.54381285","20.2969","12.3320","861.0000","42.0656","26.6203","29.9289","35.7172","3.0000","0.2938","1.1207","-1.0031","1.7260","1.4289","17.4609","94.4169","0.0000","7547.9795","6553.5000","593.2250","0.0000","45.9400","45.6200","0.0000","71.0000","593.2675","14.0649","-1.0000","950.5049","0.0293","-0.0300","3.3520","0.9057","64.4907","11.8055","0.8990","0.0000","216.2259"
"25.400","39.6859","14","1.0418","0.4024","0.2607","-122.3209","55.1657","9.4137","14.8000","0.3000","11.4495","45.50290196","-75.54381935","20.2969","12.3316","860.5250","42.2078","25.6586","29.6938","35.4188","3.0000","0.3414","1.3004","-1.0934","2.0414","1.8469","16.1906","93.8842","0.0000","7527.3608","6553.5000","595.3500","0.0000","45.5111","45.4333","0.0000","71.0000","595.3925","14.0134","-1.0000","950.5049","0.0388","-0.0256","3.3642","0.8964","65.2124","11.8305","0.8940","0.0000","216.7733"
"25.450","40.2139","14","1.0374","0.4271","0.3709","-119.3335","54.0901","9.4614","14.8000","0.3000","11.8326","45.50289983","-75.54382594","20.2969","12.3312","861.0000","42.7812","25.3578","29.6359","35.3719","3.0000","0.2332","1.3822","-1.1582","2.1312","2.6838","19.0328","93.3514","0.0000","7591.6235","6553.5000","597.4750","0.0000","46.5633","45.8878","0.0000","71.0000","597.5175","14.0000","-1.0000","950.5049","0.0488","-0.0206","3.3765","0.9091","66.4742","11.8555","0.8890","0.0000","217.3290"
"25.500","41.0620","14","1.0285","0.4747","0.4234","-115.6652","52.7476","9.4822","14.8000","0.3000","12.3896","45.50289829","-75.54383326","20.2969","12.3309","860.5000","41.9266","24.2336","30.9438","34.3781","3.0000","0.3169","1.2934","-1.0687","2.1613","3.2484","23.5406","92.8187","0.0000","7685.7095","6553.5000","599.6000","0.0000","46.4450","46.9350","0.0000","71.0000","599.6425","14.0000","-1.0000","950.5049","0.0598","-0.0200","3.3719","0.9295","67.9258","11.8805","0.8840","0.0000","217.8942"
"25.550","41.9054","14","1.0177","0.5190","0.4687","-112.1249","51.2991","9.5002","14.8000","0.2990","13.0011","45.50289678","-75.54384062","20.2969","12.3305","861.0000","41.7453","24.4930","29.9602","35.2703","3.0000","0.3096","1.0936","-0.9552","2.6826","3.3287","26.7281","92.2859","103.3333","7782.5557","6553.5000","601.7500","0.0000","47.5700","47.6600","0.0000","71.0000","601.7950","14.0000","-1.0000","950.5049","0.0682","-0.0196","3.3668","0.9090","68.5400","11.9000","0.8810","0.0000","218.4706"
"25.600","42.7067","14","0.9894","0.5334","0.4491","-109.7375","48.8957","9.4936","14.8000","0.2890","13.9010","45.50289549","-75.54384835","20.2969","12.3301","861.0000","39.3578","23.1086","29.4367","36.5078","3.0000","0.3861","0.4900","-0.9588","3.3016","3.4477","26.2375","91.7532","166.6667","7877.2998","6553.5000","604.0000","0.0000","48.0350","48.3500","0.0000","71.0000","604.0450","14.0000","-1.0000","950.5049","0.0460","-0.0140","3.3640","0.8845","69.0133","11.9000","0.8860","0.0000","219.0579"
"25.650","43.5235","14","0.9628","0.5456","0.4295","-107.4987","46.5831","9.4876","14.8000","0.2785","14.8701","45.50289419","-75.54385610","20.2969","12.3297","861.0000","39.2812","22.1727","29.4297","36.6266","3.0000","0.4820","0.2959","-1.1535","3.3951","3.8600","23.0422","91.2205","161.5000","7943.5498","6553.5000","606.0600","0.0000","48.5400","48.0000","0.0000","71.0000","606.0860","14.0000","-1.0000","950.5049","0.0362","-0.0069","3.3576","0.8783","69.1800","11.9000","0.8880","0.0000","219.6579"
"25.700","44.4788","14","0.9514","0.5385","0.4091","-106.5975","45.0878","9.4875","14.8000","0.2635","15.7005","45.50289278","-75.54386413","20.2969","12.3293","861.0000","38.4984","21.7516","31.0094","35.2406","3.0000","0.5215","0.6325","-1.1449","2.5531","4.1453","20.5656","90.6877","153.1667","8009.7998","6553.5000","607.3600","0.0000","49.3563","48.7844","0.0000","71.0000","607.3860","14.0000","-1.0000","950.5049","0.0584","0.0042","3.3421","0.8720","69.3467","11.9000","0.8780","0.0000","220.2698"
"25.750","45.4165","14","0.9399","0.5278","0.3959","-105.5592","43.6044","9.4905","14.8000","0.2495","16.5769","45.50289143","-75.54387220","20.2969","12.3290","861.0000","38.9797","22.3445","33.1703","35.0484","3.0000","0.5471","0.8273","-0.9099","1.1076","3.5053","21.2437","90.1550","150.0000","8224.4219","6553.5000","608.6875","0.0000","50.0784","49.7541","0.0000","71.0000","608.7451","14.0000","-1.0000","950.5049","0.0745","0.0100","3.3178","0.8662","69.0222","11.9000","0.8675","0.0000","220.8942"
"25.800","46.1957","14","0.9280","0.4845","0.4476","-103.2879","42.2271","9.5206","14.8000","0.2445","17.4112","45.50289064","-75.54388060","20.2969","12.3286","860.5250","41.8438","22.8289","32.5766","36.4516","3.0000","0.4201","0.8666","-0.9015","-0.3917","2.1496","25.7062","89.6223","111.2500","8508.8662","6553.5000","610.1250","0.0000","51.0055","52.1055","0.0000","71.0000","610.3134","14.0000","-1.0000","950.5049","0.0838","0.0100","3.2840","0.8607","68.4667","11.9000","0.8550","0.0000","221.5301"
"25.850","46.9537","14","0.9180","0.4433","0.4939","-101.0196","40.9490","9.5484","14.8000","0.2400","18.2493","45.50288990","-75.54388904","20.2969","12.3282","861.0000","43.6031","22.3828","29.1562","37.8094","3.0000","0.2228","1.2078","-1.1611","-1.7744","1.7131","33.4984","89.0895","87.5000","8580.9854","6553.5000","611.5625","0.0000","51.2814","52.3814","0.0000","71.0000","611.8817","14.0000","-1.0000","950.5049","0.0931","0.0100","3.2503","0.8616","68.1151","11.9000","0.8425","0.0000","222.1780"
"25.900","47.5217","14","0.9238","0.4197","0.4913","-98.7794","40.5639","9.5553","14.8000","0.2400","18.6455","45.50288958","-75.54389779","20.2969","12.3278","861.0000","43.8312","22.1398","28.9898","36.9516","3.0000","-0.0323","1.2454","-1.2705","-3.1953","3.1426","42.7250","89.0682","87.5000","8624.1514","6553.5000","613.0000","0.0000","51.5572","52.6572","0.0000","71.0000","613.4500","14.0000","-1.0000","950.5049","0.0934","0.0074","3.2248","0.8634","67.7914","11.9000","0.8300","0.0000","222.8345"
"25.950","48.0703","15","0.9381","0.3968","0.4922","-96.4894","40.5435","9.5642","14.8000","0.2405","18.8702","45.50288933","-75.54390656","20.2969","12.3274","861.0000","41.3266","22.7188","28.8352","31.6445","3.0000","-0.0066","1.1030","-1.1616","-4.0379","4.8320","50.1937","89.6010","87.5000","8696.4111","6553.5000","614.4375","0.0000","52.5714","53.6371","0.0000","71.0000","615.0183","14.0000","-1.0000","950.5049","0.0682","-0.0027","3.2203","0.8501","66.8738","11.9000","0.8175","0.0000","223.4983"
"26.000","48.4435","15","1.0283","0.3796","0.5235","-93.7506","43.8066","9.5910","14.8000","0.2455","17.6001","45.50288966","-75.54391538","20.2969","12.3271","861.0000","41.8297","24.9109","30.4211","31.8719","3.0000","0.2855","1.1262","-1.0684","-3.5961","4.8672","53.9500","90.1337","89.7500","9030.5234","6553.5000","615.8750","0.0000","56.6769","57.4154","0.0000","71.0000","616.5867","14.0000","-1.0000","950.5049","0.0547","-0.0100","3.2332","0.7010","60.6122","11.9000","0.8050","0.0000","224.1683"
"26.050","48.8804","15","1.1171","0.3651","0.5498","-91.0272","47.0090","9.6153","14.8000","0.2490","16.5491","45.50289005","-75.54392427","20.2969","12.3267","861.2750","42.2453","24.7945","30.1203","34.6094","3.0000","0.3069","1.1584","-1.0725","-2.7287","3.6359","54.9313","90.6664","113.4091","9364.6357","6553.5000","617.3125","0.0000","57.5333","57.2191","0.0000","71.0000","618.1550","14.0000","-1.0000","950.5049","0.0713","-0.0100","3.2649","0.5520","54.3505","11.9000","0.7925","0.0000","224.8449"
"26.100","49.8898","15","1.1944","0.3742","0.5308","-88.4426","49.6645","9.6164","14.8000","0.2390","15.9877","45.50289094","-75.54393362","20.2969","12.3263","861.0000","44.2328","23.7687","27.8555","36.2234","3.0000","-0.0319","1.2149","-1.2201","-2.1543","2.7105","54.6312","91.1992","121.3170","9167.1064","6553.5000","618.7500","0.0000","57.8967","56.8377","0.0000","70.7809","618.3466","14.0000","-1.0000","950.5049","0.0747","-0.0127","3.2739","0.5062","45.5213","11.9000","0.7800","0.0000","225.5318"
"26.150","50.8254","15","1.2633","0.3768","0.5151","-85.8810","51.9650","9.6184","14.8000","0.2290","15.5665","45.50289187","-75.54394293","20.2969","12.3259","861.0000","44.1859","23.3281","27.3273","36.2000","3.0000","0.0133","1.0137","-1.2549","-2.1729","2.4404","51.9125","91.7319","115.7366","8942.0225","6553.5000","619.6900","0.0000","55.7868","54.4105","0.0000","70.5000","618.1500","14.0000","-1.0000","950.5049","0.0636","-0.0182","3.2722","0.4672","37.0644","11.9000","0.7720","0.0000","226.2310"
"26.200","51.0968","15","1.2559","0.3199","0.5302","-83.5260","51.0702","9.6280","14.8000","0.2190","15.9238","45.50289326","-75.54395190","20.2969","12.3255","861.0000","43.2672","22.6187","25.2062","35.3312","3.0000","0.1786","0.8968","-1.1698","-2.8488","2.1242","45.7250","92.2646","114.2857","8654.7998","6553.5000","618.6400","0.0000","53.8650","52.9500","0.0000","70.2191","617.9534","14.0000","-1.0000","950.5049","0.0864","-0.0011","3.3326","0.4566","34.1200","11.9000","0.7820","0.0000","226.9382"
"26.250","51.3290","15","1.2443","0.2583","0.5480","-81.2242","50.0326","9.6400","14.8000","0.2095","16.3279","45.50289468","-75.54396086","20.2969","12.3252","861.0000","46.3828","22.6250","26.1812","35.6562","3.0000","0.0151","1.2861","-1.2959","-3.0084","1.4999","37.8875","92.7974","140.7143","8389.2002","6553.5000","617.6900","0.0000","52.9951","51.7366","0.0000","70.0000","617.6790","14.0000","-1.0000","950.5049","0.1253","0.0267","3.3962","0.4492","31.0822","11.9000","0.7900","0.0000","227.6498"
"26.300","51.2078","15","1.1952","0.1538","0.5906","-79.4012","47.7107","9.6740","14.8000","0.2045","17.0821","45.50289636","-75.54396961","20.2969","12.3248","860.5250","46.8250","21.8336","26.7844","36.6234","3.0000","-0.1351","1.4503","-1.2485","-2.3699","0.9997","31.5031","93.3301","150.0000","8179.2002","6553.5000","617.1400","0.0000","52.5000","51.5846","0.0000","70.0000","617.1290","14.0000","-1.0000","950.5049","0.1447","0.0104","3.3990","0.4497","27.8044","11.9000","0.7900","0.0000","228.3616"
"26.350","51.0819","15","1.1545","0.0538","0.6303","-77.4843","45.7587","9.7071","14.7950","0.1995","17.7670","45.50289811","-75.54397832","20.2969","12.3244","861.0000","47.8094","21.7273","27.2578","38.4688","3.0000","-0.3090","1.2816","-1.2348","-1.5651","0.9270","28.5344","93.8629","126.4468","8132.6665","6553.5000","616.8900","0.0000","51.7800","49.5200","0.0000","70.0000","616.9090","14.0000","-1.0000","950.5049","0.1613","-0.0104","3.3834","0.4612","25.9400","11.9000","0.7890","0.0000","229.0719"
"26.400","50.9134","15","1.1898","-0.0047","0.6434","-74.7219","47.1365","9.7327","14.7450","0.1945","17.1908","45.50290051","-75.54398661","20.2969","12.3240","860.5000","47.7828","21.6586","27.7000","39.4938","3.0000","-0.2212","1.2025","-1.0342","-1.0990","1.0885","29.0680","94.3956","94.6181","8263.2227","6553.5000","617.8400","0.0000","51.2050","48.3050","0.0000","70.0000","617.8590","14.0000","-1.0000","950.5049","0.1780","-0.0160","3.3206","0.4845","25.6067","11.9000","0.7840","0.0000","229.7802"
"26.450","50.7134","15","1.2243","-0.0599","0.6577","-71.9736","48.5063","9.7574","14.7000","0.1895","16.6397","45.50290294","-75.54399485","20.2969","12.3236","861.2750","46.6531","21.6008","26.3844","38.1094","3.0000","-0.1132","1.3000","-0.9253","-1.0655","1.2779","32.4555","94.9283","95.9917","8734.1553","6553.5000","619.0500","0.0000","51.2400","48.4600","0.0000","70.0000","619.0950","14.0000","-1.0000","950.5049","0.1828","-0.0224","3.3213","0.5838","32.2244","11.8945","0.7890","0.0000","230.4856"
"26.500","50.2291","15","1.2522","-0.0850","0.6831","-69.3526","49.8036","9.7747","14.7000","0.1845","16.0515","45.50290574","-75.54400268","20.2969","12.3232","861.0000","47.4359","21.5633","26.3859","37.7469","3.0000","-0.1677","1.3926","-0.8994","-0.7717","1.8153","37.8172","95.4611","109.6235","9365.2666","6553.5000","621.3000","0.0000","51.8241","50.7443","0.0000","70.0000","621.3450","14.0000","-1.0000","950.5049","0.1572","-0.0309","3.3908","0.7188","42.1133","11.8695","0.8340","0.0000","231.1861"
"26.550","49.7808","15","1.2800","-0.1027","0.7107","-66.6949","51.1162","9.7934","14.7000","0.1805","15.4997","45.50290860","-75.54401046","20.2969","12.3229","861.0000","44.2078","21.7320","29.6570","36.6125","3.0000","0.0242","1.3572","-0.9724","-0.0510","2.8854","44.4609","95.9938","111.7647","9456.6445","6553.5000","623.5500","0.0000","53.4696","55.6177","0.0000","70.0000","623.5950","13.9511","-1.0000","950.5049","0.1315","-0.0395","3.4602","0.8142","57.2822","11.8445","0.8790","0.0000","231.8808"
"26.600","49.6558","15","1.3085","-0.0527","0.7576","-63.7072","52.5650","9.8250","14.7000","0.1855","15.0346","45.50291210","-75.54401774","20.2969","12.3225","860.5250","42.3906","23.0516","35.6078","36.6625","3.0000","0.4120","1.0107","-0.9089","-0.4259","3.2544","50.3094","96.5266","111.7647","9478.2891","6553.5000","625.8000","0.0000","57.3146","57.3341","0.0000","70.0000","625.8450","13.9000","-1.0000","950.5049","0.0896","-0.0451","3.3037","0.8922","72.3311","11.8195","0.9240","0.0000","232.5716"
"26.650","49.6149","15","1.3297","0.0040","0.7944","-60.8162","53.7030","9.8511","14.7000","0.1895","14.7039","45.50291564","-75.54402505","20.2969","12.3221","861.0000","43.1594","26.0328","34.9578","34.3469","3.0000","0.5242","0.8705","-0.7581","-1.6353","2.1046","54.2359","97.0593","128.1046","9544.4004","6553.5000","627.4906","0.0000","58.0400","57.5875","0.0000","70.0000","627.4796","13.9000","-1.0000","950.5049","0.0523","-0.0496","3.1536","0.8316","77.7200","11.8000","0.9605","0.0000","233.2611"
"26.700","50.3315","15","1.2856","0.1203","0.7405","-58.7960","52.0437","9.8287","14.7000","0.1845","15.3919","45.50291950","-75.54403258","20.2969","12.3217","861.0000","44.1797","23.9727","31.6281","36.3906","3.0000","0.3921","1.0469","-0.8398","-3.3791","0.7830","56.8828","97.5920","144.4444","9622.8770","6553.5000","626.9433","0.0000","59.0014","57.5500","0.0000","70.0000","626.9324","13.9000","-1.0000","950.5049","0.0809","-0.0449","3.1858","0.7949","81.7726","11.8000","0.9630","0.0000","233.9559"
"26.750","51.0008","15","1.2402","0.2309","0.6944","-56.7323","50.2908","9.8096","14.7000","0.1800","16.1402","45.50292341","-75.54404005","20.2969","12.3213","860.7250","44.8250","21.8297","27.0750","35.5969","3.0000","0.2585","1.1079","-1.1094","-4.7777","0.9245","58.4078","98.1248","147.1348","9733.1504","6553.5000","626.3961","0.0000","58.5284","60.0500","0.0000","70.0000","626.3851","13.9000","-1.0000","950.5049","0.1094","-0.0401","3.2180","0.8196","82.3890","11.8000","0.9655","0.0000","234.6595"
"26.800","51.2446","15","1.1832","0.2903","0.7174","-54.2771","47.6967","9.8200","14.7000","0.1800","17.0994","45.50292774","-75.54404700","20.2969","12.3210","861.0000","43.0312","21.1500","26.0883","32.5406","3.0000","0.3550","0.9644","-1.3711","-5.0000","2.2183","58.1016","98.6575","152.5155","9843.4248","6553.5000","625.8488","0.0000","58.9585","59.5695","0.0000","70.0000","625.8378","13.9000","-1.0000","950.5049","0.0791","-0.0348","3.2081","0.8442","83.0055","11.8000","0.9680","0.0000","235.3692"
"26.850","51.5290","15","1.1278","0.3449","0.7434","-51.8778","45.1569","9.8331","14.7000","0.1800","18.1613","45.50293212","-75.54405393","20.2969","12.3206","861.0000","41.4125","22.4359","32.8906","32.9297","3.0000","0.6121","0.8501","-1.3120","-4.7889","3.3417","55.0750","99.1902","157.1429","10022.7656","6553.5000","625.9850","0.0000","60.5273","60.3273","0.0000","70.0000","626.0500","13.9000","-1.0000","950.5049","0.0496","-0.0296","3.2002","0.8422","83.7830","11.8000","0.9637","0.0000","236.0833"
"26.900","52.1781","15","1.0875","0.3551","0.7966","-49.9813","43.1075","9.8707","14.7000","0.1800","19.2644","45.50293684","-75.54406071","20.2969","12.3202","861.0000","42.0891","24.6313","34.3547","32.8766","3.0000","0.6971","0.8325","-1.0464","-4.5404","2.5867","49.5812","99.7230","160.8571","10324.8936","6553.5000","629.2350","0.0000","63.9500","62.8575","0.0000","70.0000","629.3000","13.9000","-1.0000","950.5049","0.0440","-0.0240","3.2152","0.7927","84.8468","11.8000","0.9287","0.0000","236.8042"
"26.950","52.8357","14","1.0554","0.3653","0.8380","-48.0678","41.3802","9.9030","14.7000","0.1800","20.3214","45.50294162","-75.54406746","20.3015","12.3185","860.7750","43.9547","26.1141","37.8266","36.3531","3.0000","0.6488","0.7518","-0.8475","-4.8164","0.2639","44.2797","100.0000","249.3056","10562.6230","6553.5000","632.2910","0.0000","65.0590","64.2718","0.0000","70.0000","632.3344","13.9000","-1.0000","950.5049","0.0409","-0.0209","3.2416","0.7666","85.4719","11.8000","0.8985","0.0000","237.5337"
"27.000","53.5698","14","1.0976","0.3742","0.7731","-46.0012","42.5518","9.8863","14.7000","0.1800","20.0365","45.50294684","-75.54407399","20.3112","12.3155","861.0000","45.0281","24.0094","36.4531","37.6750","3.0000","0.7523","0.7129","-0.8467","-6.5303","-1.7107","42.1781","100.0000","231.9445","10730.5869","6553.5000","634.4626","0.0000","66.9215","69.3122","0.0000","70.0000","634.5061","13.9000","-1.0000","950.5049","0.0441","-0.0241","3.2973","0.7657","85.6216","11.8000","0.8901","0.0000","238.2724"
"27.050","54.2576","14","1.1400","0.3789","0.7149","-43.8894","43.7240","9.8733","14.7000","0.1800","19.7497","45.50295210","-75.54408042","20.3209","12.3124","861.0000","46.4031","22.4281","30.5172","37.0516","3.0000","0.4916","1.1960","-1.0854","-8.9520","-1.6886","44.7250","100.0000","214.5833","10898.5508","6553.5000","636.6343","0.0000","67.9975","69.9241","0.0000","70.0000","636.6778","13.9000","-1.0000","950.5049","0.0472","-0.0272","3.3531","0.7648","85.7713","11.8000","0.8816","0.0000","239.0221"
"27.100","54.5280","14","1.1842","0.3456","0.7159","-41.3696","44.9014","9.8937","14.7000","0.1800","19.3277","45.50295769","-75.54408608","20.3305","12.3094","861.4750","44.9391","23.5312","30.6133","33.9281","3.0000","0.4565","1.5329","-1.0704","-10.1109","-0.1922","50.8094","100.0000","200.0000","11059.4033","6553.5000","638.8061","0.0000","69.0734","70.5359","0.0000","70.0000","638.8495","13.9000","-1.0000","950.5049","0.0500","-0.0300","3.3952","0.7662","86.0306","11.8000","0.8732","0.0000","239.7777"
"27.150","54.8295","14","1.2277","0.3154","0.7162","-38.8149","46.0586","9.9148","14.6950","0.1795","18.9463","45.50296334","-75.54409165","20.3402","12.3063","860.7750","41.6672","25.6242","30.7258","31.8406","3.0000","0.4725","1.4491","-0.9661","-8.7414","0.9081","57.0594","100.0000","203.0000","11176.5674","6553.5000","640.9778","0.0000","70.1494","71.1477","0.0000","70.0000","641.0212","13.9000","-1.0000","950.5049","0.0500","-0.0300","3.3538","0.7819","86.9634","11.8000","0.8648","0.0000","240.5374"
"27.200","55.4096","14","1.2647","0.3129","0.7096","-35.9452","47.0337","9.9423","14.6450","0.1745","18.7498","45.50296951","-75.54409651","20.3499","12.3033","860.5250","43.4141","26.7430","31.8125","35.5609","3.0000","0.4009","1.2174","-0.8188","-4.8460","1.0979","61.5547","100.0000","250.0000","11293.7314","6553.5000","643.1495","0.0000","71.2253","71.7595","0.0000","70.0000","643.1929","13.9000","-1.0000","950.5049","0.0500","-0.0300","3.3124","0.7975","87.8963","11.8000","0.8564","0.0000","241.3030"
"27.250","55.9715","14","1.2922","0.3122","0.7010","-33.1902","47.6566","9.9682","14.6000","0.1695","18.6924","45.50297569","-75.54410135","20.3596","12.3003","861.0000","42.5125","25.0297","30.8695","37.6203","3.0000","0.3535","0.6461","-0.9965","-2.5762","1.1701","61.2656","100.0000","250.0000","11419.9697","6553.5000","645.3287","0.0000","71.8642","72.1321","0.0000","70.0000","645.3727","13.9000","-1.0000","950.5049","0.0516","-0.0300","3.2708","0.8059","89.9567","11.8000","0.8500","0.0000","242.0772"
"27.300","56.3700","14","1.2328","0.3268","0.6753","-31.4666","45.1089","9.9805","14.6000","0.1645","19.8887","45.50298200","-75.54410601","20.3692","12.2972","860.5870","42.1821","24.3281","29.1270","35.7255","3.0000","0.1537","0.5350","-1.2565","-2.5064","1.6103","56.9281","100.0000","250.0000","11556.8594","6553.5000","647.5317","0.0000","71.3794","71.8897","0.0000","70.0000","647.5757","13.9000","-1.0000","950.5049","0.0546","-0.0300","3.2290","0.8056","93.3409","11.8000","0.8500","0.0000","242.8577"
"27.350","56.7746","14","1.1738","0.3399","0.6582","-29.7372","42.5738","9.9981","14.6000","0.1600","21.2242","45.50298833","-75.54411061","20.3789","12.2942","860.8500","40.9469","24.1625","28.9781","32.7469","3.0000","0.3937","0.8933","-1.2195","-3.2993","2.0169","49.2594","100.0000","250.0000","11693.7500","6553.5000","649.7347","0.0000","70.8945","71.6473","0.0000","70.0000","649.7787","13.9000","-1.0000","950.5049","0.0575","-0.0300","3.1873","0.8053","96.7250","11.8000","0.8500","0.0000","243.6435"
"27.400","57.2353","14","1.1169","0.3394","0.7176","-27.9559","40.1513","10.0644","14.6000","0.1600","22.6874","45.50299491","-75.54411472","20.3886","12.2911","860.9000","41.3875","24.3375","29.5844","33.3563","3.0000","0.8360","0.9910","-1.1443","-3.0712","1.9238","39.3063","100.0000","250.0000","11778.9053","6553.5000","651.9376","0.0000","70.4097","71.4049","0.0000","70.0000","651.9817","13.9000","-1.0000","950.5049","0.0609","-0.0283","3.1593","0.8051","99.5379","11.8000","0.8500","0.0000","244.4352"
"27.450","57.7178","14","1.0568","0.3401","0.7702","-26.1766","37.6206","10.1256","14.6000","0.1600","24.4177","45.50300153","-75.54411879","20.3982","12.2881","860.8500","42.7375","24.3750","31.0328","36.6531","3.0000","0.8976","0.7210","-1.1706","-2.0927","1.4404","27.3687","100.0000","226.8041","11628.3789","6553.5000","653.9600","0.0000","70.2450","68.5175","0.0000","70.0000","653.9860","13.9000","-1.0000","950.5049","0.0662","-0.0177","3.1946","0.8056","99.7484","11.8000","0.8500","0.0000","245.2342"
"27.500","58.3960","14","0.9667","0.3515","0.7603","-24.4158","34.1150","10.1408","14.6000","0.1600","27.2431","45.50300845","-75.54412243","20.4079","12.2850","861.0000","42.7750","24.4156","33.1437","37.4375","3.0000","0.4136","0.6292","-1.2224","-1.4272","0.6267","13.8078","100.0000","201.0309","11473.0225","6553.5000","655.2600","0.0000","69.2600","69.4150","0.0000","70.0000","655.2860","13.9000","-1.0000","950.5049","0.0700","-0.0116","3.1705","0.8110","99.9000","11.8000","0.8500","0.0000","246.0411"
"27.550","59.0932","14","0.8811","0.3645","0.7471","-22.7526","30.7752","10.1550","14.5950","0.1600","30.5602","45.50301540","-75.54412609","20.4176","12.2820","861.0000","41.3094","25.5000","32.9250","36.8844","3.0000","0.3193","0.5118","-1.0283","-1.0971","-0.6135","-0.3590","100.0000","120.0000","11305.2441","6553.5000","656.5200","0.0000","68.4225","68.5750","0.0000","70.0000","656.5420","13.9000","-1.0000","950.5049","0.0700","-0.0171","2.9939","0.8288","99.9000","11.8000","0.8490","0.0000","246.8574"
"27.600","59.9616","14","0.8363","0.3917","0.7045","-21.9679","28.9270","10.1613","14.5450","0.1600","32.9906","45.50302260","-75.54412983","20.4273","12.2789","861.0000","42.0250","25.7656","31.8875","36.6312","3.0000","0.3799","0.4180","-0.9268","-0.4503","-1.5674","-10.6030","100.0000","116.6667","11143.5996","6553.5000","657.6200","0.0000","67.5098","68.8390","0.0000","70.0000","657.6420","13.9000","-1.0000","950.5049","0.0753","-0.0200","3.0591","0.8289","99.9000","11.8000","0.8440","0.0000","247.6840"
"27.650","60.7978","14","0.7945","0.4175","0.6702","-21.0970","27.1795","10.1716","14.5000","0.1600","35.6013","45.50302982","-75.54413350","20.4369","12.2759","861.0000","42.8875","24.8516","32.4344","37.2438","3.0000","0.5769","0.8750","-0.7966","0.2655","-1.7250","-17.2797","100.0000","127.2327","10988.5996","6553.5000","658.7300","0.0000","67.3975","66.3600","0.0000","70.0000","658.7530","13.9000","-1.0000","950.5049","0.0864","-0.0200","3.3863","0.8100","99.9000","11.8000","0.8400","0.0000","248.5237"
"27.700","61.3437","14","0.7788","0.4311","0.7106","-19.4494","26.3397","10.2181","14.5000","0.1600","37.0663","45.50303729","-75.54413641","20.4466","12.2728","860.9000","42.7188","23.8406","31.6781","35.9938","3.0000","0.7103","1.3538","-0.9766","0.8470","-0.6352","-17.1688","100.0000","138.2390","10871.7559","6553.5000","659.8800","0.0000","66.9150","66.0525","0.0000","70.0000","659.9030","13.9000","-1.0000","950.5049","0.0938","-0.0276","3.4423","0.8172","99.9000","11.8000","0.8400","0.0000","249.3723"
"27.750","61.9384","14","0.7608","0.4464","0.7466","-17.7910","25.4240","10.2629","14.5000","0.1600","38.7736","45.50304481","-75.54413927","20.4563","12.2698","860.8500","38.1437","23.8328","33.8750","33.4750","3.0000","0.7393","1.0942","-1.0308","1.5648","0.1516","-11.9656","100.0000","130.4000","10772.8662","6553.5000","661.0400","0.0000","66.0375","64.9750","0.0000","69.8900","661.0640","13.9000","-1.0000","950.5049","0.0993","-0.0387","3.3706","0.8367","99.9000","11.8000","0.8410","0.0000","250.2290"
"27.800","62.9724","14","0.7214","0.4762","0.7438","-16.0341","23.8259","10.2918","14.5000","0.1600","42.0651","45.50305276","-75.54414161","20.4660","12.2667","861.0000","37.9500","23.8219","35.2625","34.8750","3.0000","0.6949","0.5635","-0.9390","2.3566","-0.8516","-5.8297","100.0000","128.5714","10887.1338","6553.5000","662.2400","0.0000","66.0585","65.9293","0.0000","69.3900","662.2640","13.9000","-1.0000","950.5049","0.1000","-0.0253","3.2109","0.8102","99.9000","11.8000","0.8460","0.0000","251.0966"
"27.850","63.9833","14","0.6746","0.5013","0.7369","-14.4321","21.9983","10.3183","14.4950","0.1600","46.2912","45.50306072","-75.54414400","20.4756","12.2637","860.6500","40.0438","19.6875","32.5875","40.2687","3.0000","0.6190","0.2357","-1.0050","2.6193","-2.1864","-1.4782","100.0000","144.1054","11029.0449","6553.5000","663.4300","0.0000","67.1450","66.9400","0.0000","69.0000","663.4530","13.9000","-1.0000","950.5049","0.1004","-0.0096","3.0567","0.7813","99.9000","11.8000","0.8480","0.0000","251.9801"
"27.900","64.7857","14","0.5616","0.4834","0.6934","-14.2235","18.1052","10.3238","14.4450","0.1600","56.9502","45.50306875","-75.54414673","20.4853","12.2606","861.0000","40.3000","15.4000","30.6406","41.1000","3.0000","0.4061","-0.0625","-1.2217","1.8984","-1.5543","0.2687","100.0000","162.5983","11154.5996","6553.5000","664.5800","0.0000","67.6300","67.9950","0.0000","69.0000","664.6030","13.9000","-1.0000","950.5049","0.1060","-0.0040","3.1028","0.7974","99.9000","11.8000","0.8380","0.0000","252.8754"
"27.950","65.5599","15","0.4487","0.4663","0.6581","-14.0232","14.2368","10.3328","14.4000","0.1600","73.2901","45.50307680","-75.54414947","20.4950","12.2576","861.0000","35.2062","15.3562","33.9094","36.8312","3.0000","0.2471","-0.1093","-1.2600","0.4508","0.0581","0.4845","100.0000","125.7862","11281.5557","6553.5000","665.8000","0.0000","68.0450","68.5975","0.0000","69.0000","665.8300","13.9000","-1.0000","950.5049","0.1100","-0.0016","3.0907","0.8106","99.9156","11.8000","0.8330","0.0000","253.7810"
"28.000","66.0801","15","0.3368","0.4571","0.6965","-13.8975","10.5901","10.3741","14.4000","0.1600","99.3094","45.50308489","-75.54415220","20.5000","12.2562","861.0000","34.8125","17.5688","37.5938","35.6437","3.0000","0.5345","0.0663","-1.0300","-1.0416","0.1402","0.3623","100.0000","103.1111","11412.1113","6553.5000","667.3000","0.0000","69.3825","68.9175","0.0000","69.0000","667.3300","13.9000","-1.0000","950.5049","0.1100","-0.0071","2.9291","0.8161","99.9711","11.8000","0.8480","0.0000","254.6951"
"28.050","66.6540","15","0.2232","0.4487","0.7281","-13.7761","6.9103","10.4120","14.4000","0.1600","153.5143","45.50309303","-75.54415495","20.5000","12.2566","861.0000","39.6469","17.7297","35.2281","40.3844","3.0000","0.7479","0.1250","-0.8315","-2.1146","-0.9684","0.1124","100.0000","103.6000","11566.9336","6553.5000","668.8300","0.0000","69.4150","69.9575","0.0000","69.0000","668.8630","13.9267","3.8400","950.5049","0.1047","-0.0100","2.9538","0.8174","100.0000","11.8000","0.8560","0.0000","255.6181"
"28.100","67.7111","15","0.0945","0.4474","0.6979","-13.6936","2.9329","10.4195","14.4000","0.1600","367.4395","45.50310149","-75.54415777","20.5000","12.2569","860.9000","40.9500","17.7313","34.4250","41.7750","3.0000","0.3974","0.0322","-1.2725","-2.6773","-1.3295","-0.7486","100.0000","108.6000","11748.0449","6553.5000","670.4800","0.0000","71.3525","70.9525","0.0000","69.0000","670.5130","13.9822","25.8400","950.5049","0.0936","-0.0100","3.1805","0.8141","100.0000","11.8000","0.8360","0.0000","256.5527"
"28.150","68.7265","15","-0.0359","0.4455","0.6695","-13.6451","-1.0735","10.4277","14.4000","0.1600","1018.8824","45.50310997","-75.54416061","20.5000","12.2573","861.0000","36.1594","17.6984","35.0687","38.2781","3.0000","0.0068","-0.0374","-1.4280","-2.6367","-0.6863","-2.3053","100.0000","110.0000","11853.9775","6553.5000","672.0700","0.0000","72.0200","72.8600","0.0000","69.0000","672.0970","14.0000","43.0000","950.5049","0.0976","-0.0176","3.2447","0.8172","100.0000","11.8000","0.8210","0.0000","257.5007"
"28.200","69.3672","15","-0.1806","0.4384","0.6567","-13.9022","-5.3409","10.4430","14.4000","0.1600","206.7096","45.50311849","-75.54416364","20.5000","12.2577","860.9000","33.9875","17.6625","35.1125","37.6000","3.0000","0.1591","0.0635","-0.8376","-1.9441","-0.0980","-4.5492","100.0000","111.6500","11924.5332","6553.5000","673.4200","0.0000","71.8049","72.3439","0.0000","69.0000","673.4470","14.0000","43.0000","950.5049","0.1087","-0.0287","3.2325","0.8233","100.0000","11.8000","0.8260","0.0000","258.4596"
"28.250","70.0233","15","-0.3138","0.4300","0.6467","-14.1986","-9.2547","10.4598","14.3950","0.1595","120.4205","45.50312703","-75.54416671","20.5000","12.2581","860.5000","34.6500","16.6203","34.7156","39.3406","3.0000","0.2242","0.1027","-0.6980","-1.1876","-0.0510","-7.3473","100.0000","120.7500","12061.0889","6553.5000","674.8700","0.0000","72.2850","73.2275","0.0000","69.0000","674.9070","14.0000","43.0000","950.5049","0.1247","-0.0153","3.1821","0.8186","100.0000","11.8000","0.8300","0.0000","259.4289"
"28.300","70.8180","15","-0.3426","0.4098","0.6612","-14.8493","-9.9867","10.4901","14.3450","0.1545","112.8607","45.50313568","-75.54417020","20.5000","12.2585","861.0000","35.6063","16.5812","35.3812","40.1625","3.0000","0.1104","-0.0300","-0.6963","-0.9438","-0.2773","-10.1562","100.0000","133.2500","12201.8887","6553.5000","676.7200","0.0000","74.1400","74.0350","0.0000","69.0000","676.7570","14.0000","43.0000","950.5049","0.1387","-0.0018","3.1203","0.8131","100.0000","11.8000","0.8300","0.0000","260.4081"
"28.350","71.6005","15","-0.3699","0.3922","0.6725","-15.4909","-10.6769","10.5188","14.3000","0.1500","106.7307","45.50314433","-75.54417373","20.5000","12.2589","860.8500","36.2719","16.6719","36.6937","40.5094","3.0000","0.2534","-0.2296","-0.9482","-1.1018","-0.4570","-11.9930","100.0000","137.5000","12288.0000","6553.5000","678.5600","0.0000","74.5125","75.1650","0.0000","69.0000","678.5960","14.0000","43.0000","950.5049","0.1220","-0.0240","2.9870","0.8142","100.0000","11.8000","0.8260","0.0000","261.3977"
"28.400","72.2728","15","-0.3846","0.3982","0.6540","-16.0495","-10.9916","10.5336","14.3000","0.1500","104.6486","45.50315312","-75.54417754","20.5000","12.2592","861.0000","36.7062","16.7031","37.3125","41.0750","3.0000","0.4329","-0.7256","-0.8740","-1.1055","-0.2932","-12.6625","100.0000","115.7500","12364.7773","6553.5000","680.3600","0.0000","74.6585","73.9829","0.0000","69.0000","680.3960","14.0000","43.0000","950.5049","0.1069","-0.0338","2.9604","0.8141","99.9844","11.8000","0.8060","0.0000","262.3969"
"28.450","72.9262","15","-0.4061","0.4012","0.6384","-16.6312","-11.4929","10.5492","14.3000","0.1500","100.9885","45.50316191","-75.54418141","20.5000","12.2596","861.0000","35.5219","15.1414","36.5844","40.8937","3.0000","0.2649","-0.9355","-0.8177","-1.1237","0.2885","-13.2727","100.0000","133.1429","12417.5557","6553.5000","682.1900","0.0000","75.9100","75.9025","0.0000","69.0000","682.2290","14.0000","43.0000","950.5049","0.0958","-0.0116","3.2082","0.8107","99.9289","11.8000","0.7900","0.0000","263.4065"
"28.500","73.4089","15","-0.4885","0.3766","0.6497","-17.4203","-13.6741","10.5717","14.3000","0.1500","85.4419","45.50317069","-75.54418570","20.5000","12.2600","860.9000","33.9938","14.4000","36.4562","39.9250","3.0000","0.1678","-0.8494","-1.1816","-1.7510","0.8390","-14.3313","100.0000","139.5137","12523.6670","6553.5000","684.1400","0.0000","76.4625","76.5950","0.0000","69.0000","684.1790","14.0267","43.0000","950.5049","0.0980","-0.0027","3.2642","0.8026","99.9267","11.8000","0.7900","0.0000","264.4233"
"28.550","73.9004","15","-0.5659","0.3511","0.6606","-18.2191","-15.7108","10.5949","14.2950","0.1500","74.8632","45.50317947","-75.54419005","20.5000","12.2604","861.5000","34.7281","13.9758","34.9625","40.4281","3.0000","0.1788","-0.6526","-1.2913","-2.9523","1.0342","-14.8055","100.0000","109.1185","12687.5557","6553.5000","685.9900","0.0000","77.3975","76.3450","0.0000","69.0000","686.0190","14.0822","43.0000","950.5049","0.1147","-0.0082","3.1125","0.7893","99.9822","11.8000","0.7890","0.0000","265.4468"
"28.600","74.4704","15","-0.5976","0.3172","0.6679","-19.1056","-16.4478","10.6250","14.2450","0.1500","72.0601","45.50318824","-75.54419482","20.5000","12.2608","861.3000","36.0000","14.0891","36.4062","40.7125","3.0000","0.4103","-0.5734","-1.0299","-3.9137","0.7290","-13.7281","100.0000","100.0000","12730.9336","6553.5000","687.4400","0.0000","76.5951","78.3073","0.0000","69.0000","687.4691","14.1000","43.0000","950.5049","0.0860","-0.0251","3.0780","0.7948","100.0000","11.8000","0.7840","0.0000","266.4774"
"28.650","75.0476","15","-0.6270","0.2868","0.6731","-19.9758","-17.1255","10.6542","14.2000","0.1500","69.7451","45.50319703","-75.54419964","20.5000","12.2611","861.0000","35.7156","15.3148","38.2531","40.3719","3.0000","0.4605","-0.4057","-0.7739","-4.1883","-0.1166","-12.4336","100.0000","105.8182","12717.5996","6553.5000","689.0100","0.0000","76.9125","76.6100","0.0000","69.0000","689.0510","14.1000","43.0000","950.5049","0.0360","-0.0473","3.0985","0.8093","100.0000","11.8000","0.7800","0.0000","267.5168"
"28.700","75.6912","15","-0.6365","0.2880","0.6607","-20.6995","-17.2692","10.6758","14.2000","0.1500","69.7580","45.50320595","-75.54420475","20.5000","12.2615","860.6000","37.6000","20.5125","42.9062","42.8187","3.0000","0.2597","-0.6576","-0.5785","-3.4605","-0.9644","-13.4734","100.0000","27.8075","12832.3555","6553.5000","691.0600","0.0000","77.5275","77.7400","0.0000","69.0000","691.1010","14.1000","43.0000","950.5049","0.0740","-0.0207","3.2066","0.8046","100.0000","11.8000","0.7800","0.0000","268.5645"
"28.750","76.2826","15","-0.6477","0.2867","0.6489","-21.4573","-17.4596","10.6979","14.2000","0.1500","69.5364","45.50321484","-75.54420992","20.5000","12.2619","861.0000","39.5844","14.2383","34.1094","45.5563","3.0000","0.0520","-0.7943","-0.9219","-2.1141","-0.4799","-17.0125","100.0000","-99.1979","12958.9336","6553.5000","693.0800","0.0000","80.6650","78.8100","0.0000","69.0000","693.1180","14.1044","43.0000","950.5049","0.1182","0.0091","3.3152","0.7972","100.0000","11.8000","0.7790","0.0000","269.6200"
"28.800","76.4050","15","-0.6749","0.2634","0.6418","-22.5229","-18.0707","10.7237","14.2000","0.1500","67.2926","45.50322346","-75.54421552","20.5000","12.2623","861.0000","32.3875","11.8938","31.9906","41.5750","3.0000","0.0872","-0.5552","-1.2749","-0.8738","1.1503","-19.8281","100.0000","-150.0000","13020.5996","6553.5000","694.9800","0.0000","78.5854","79.5805","0.0000","69.0000","695.0180","14.1600","43.0000","950.5049","0.0960","-0.0020","3.2930","0.7866","100.0000","11.8000","0.7740","0.0000","270.6800"
"28.850","76.5725","15","-0.7021","0.2423","0.6375","-23.5770","-18.6833","10.7517","14.1950","0.1500","65.2290","45.50323208","-75.54422117","20.5000","12.2627","861.0000","29.1734","11.9570","37.7875","37.4594","3.0000","0.3902","-0.3608","-1.5273","-0.4649","1.7995","-19.4516","100.0000","-19.1539","13087.2441","6553.5000","696.9600","0.0000","78.6300","79.3100","0.0000","69.0000","697.0060","14.2000","43.0000","950.5049","0.0924","-0.0053","3.2739","0.7802","100.0000","11.8000","0.7710","0.0000","271.7428"
"28.900","77.1453","15","-0.7296","0.2405","0.6573","-24.5281","-19.3089","10.7993","14.1450","0.1500","63.5876","45.50324076","-75.54422727","20.5000","12.2630","861.0000","34.9875","12.3906","34.6813","45.2313","3.0000","0.4784","-0.5743","-1.4617","-0.4947","1.1812","-17.2281","100.0000","104.1758","13166.6885","6553.5000","699.2600","0.0000","78.9750","79.4950","0.0000","69.0000","699.3060","14.2000","43.0000","950.5049","0.1369","0.0113","3.2628","0.7847","100.0000","11.8000","0.7760","0.0000","272.8111"
"28.950","77.6933","15","-0.7542","0.2368","0.6775","-25.4808","-19.8571","10.8454","14.1000","0.1500","62.2714","45.50324944","-75.54423342","20.5000","12.2634","861.0000","37.1125","14.9734","34.4844","45.3031","3.0000","0.5363","-0.7751","-1.0295","0.4008","0.5147","-16.2250","100.0000","108.6651","13224.0000","6553.5000","701.5001","0.0000","79.0425","80.3300","0.0000","69.0000","701.5400","14.2000","43.0000","950.5049","0.1280","0.0093","3.2549","0.7862","100.0000","11.8000","0.7820","0.0000","273.8866"
"29.000","78.0186","15","-0.7524","0.2175","0.7011","-26.4487","-19.7082","10.8787","14.1000","0.1500","63.0045","45.50325805","-75.54424003","20.5000","12.2638","860.9000","36.4750","16.7844","37.0563","44.9500","3.0000","0.5155","-0.7799","-0.9487","2.2055","0.2044","-17.5938","100.0000","98.2566","13257.3330","6553.5000","703.5001","0.0000","79.2450","80.7900","0.0000","69.0000","703.5400","14.2000","43.0000","950.5049","0.0613","-0.0129","3.2504","0.7845","100.0000","11.8000","0.7920","0.0000","274.9679"
"29.050","78.3385","15","-0.7503","0.1974","0.7211","-27.4250","-19.5530","10.9105","14.1000","0.1500","63.7651","45.50326665","-75.54424670","20.5000","12.2629","861.0000","36.3500","16.6953","34.9594","44.9031","3.0000","0.5358","-0.7924","-0.9333","4.1145","0.1271","-19.5875","100.0000","98.1482","13312.9551","6553.5000","705.3900","0.0000","81.3025","80.5925","0.0000","69.0000","705.4190","14.2378","43.0000","950.5049","0.0589","-0.0200","3.2505","0.7825","100.0000","11.7560","0.7980","0.0000","276.0543"
"29.100","78.6099","15","-0.7453","0.1709","0.7077","-28.4778","-19.3407","10.9291","14.1000","0.1500","64.6883","45.50327508","-75.54425385","20.5000","12.2606","861.0000","34.0625","14.4484","34.5000","44.0812","3.0000","0.2450","-0.7002","-0.9762","5.3602","0.0725","-19.8406","100.0000","190.7407","13379.0664","6553.5000","706.8400","0.0000","81.6275","81.2050","0.0000","69.0000","706.8690","14.2933","43.0000","950.5049","0.0867","-0.0200","3.2527","0.7803","100.0000","11.5560","0.7880","0.0000","277.1446"
"29.150","78.8693","15","-0.7380","0.1448","0.6977","-29.5037","-19.0726","10.9487","14.1000","0.1500","65.8141","45.50328351","-75.54426104","20.5000","12.2583","861.0000","33.1219","12.8180","34.8187","42.8063","2.5200","0.1715","-0.4604","-1.1565","5.0465","-0.1721","-17.7234","100.0000","171.0425","12951.8887","6553.5000","706.4000","0.0000","79.9282","79.9487","0.0000","69.0000","706.2400","14.3000","43.0000","950.5049","0.0949","-0.0151","3.0266","0.7927","100.0000","11.3890","0.8140","0.0000","278.2383"
"29.200","79.0201","15","-0.7102","0.1222","0.7171","-30.2885","-18.3017","10.9776","14.1000","0.1500","68.7173","45.50329191","-75.54426848","20.5000","12.2560","861.0000","36.1375","12.5484","32.2500","43.7812","-0.4000","-0.0905","-0.5133","-1.1743","3.2329","0.0163","-14.2433","100.0000","138.8674","12432.9111","6553.5000","698.4000","0.0000","77.9805","80.1049","0.0000","69.0000","698.2400","14.3000","43.0000","950.5049","0.1000","-0.0091","2.8054","0.8068","100.0000","11.3390","0.9840","0.0000","279.3348"
"29.250","79.1595","15","-0.6810","0.1009","0.7355","-31.0749","-17.4955","11.0064","14.0950","0.1500","72.0105","45.50330030","-75.54427597","20.5000","12.2538","861.0000","36.5750","11.9453","30.5938","43.0500","4.0000","-0.1371","-0.6047","-1.1167","1.2801","1.1360","-10.9750","100.0000","128.5714","11631.7998","6553.5000","690.7000","0.0000","80.8125","80.2825","0.0000","69.0000","690.5700","14.3000","43.0000","950.5049","0.1000","0.0020","2.9982","0.8174","100.0000","11.3550","1.1310","0.0000","280.4335"
"29.300","79.1952","15","-0.6385","0.0908","0.7446","-31.8754","-16.3713","11.0346","14.0450","0.1500","76.9902","45.50330851","-75.54428373","20.5000","12.2515","861.0000","33.9437","13.2391","33.2062","39.9750","4.0000","-0.2078","-0.5225","-1.0356","0.2101","1.5058","-8.8691","100.0000","118.0952","11189.7109","6553.5000","684.2000","0.0000","79.2100","79.6075","0.0000","69.0000","684.0700","14.3000","43.0000","950.5049","0.1156","0.0147","3.1466","0.8244","100.0000","11.6050","1.1860","0.0000","281.5332"
"29.350","79.2382","15","-0.5987","0.0821","0.7522","-32.6577","-15.3183","11.0615","14.0000","0.1500","82.3275","45.50331672","-75.54429151","20.5000","12.2492","861.0000","35.4938","14.5078","34.0594","41.3750","4.0000","-0.2025","-0.4689","-0.8824","-0.0340","0.0066","-8.4145","100.0000","104.7009","11670.8223","6553.5000","679.4000","0.0000","79.1615","79.2769","0.0000","69.0000","679.4400","14.3000","43.0000","950.5049","0.1711","0.0313","3.1811","0.8222","100.0000","11.8000","1.1970","0.0000","282.6335"
"29.400","79.3460","15","-0.5835","0.0870","0.7463","-33.2754","-14.9057","11.0755","14.0000","0.1500","84.7214","45.50332487","-75.54429952","20.5000","12.2469","861.1000","39.8125","14.5688","32.6937","45.1312","4.0000","0.0993","-0.2702","-0.8668","-0.0243","-1.2335","-9.9242","100.0000","94.0171","11957.0000","6553.5000","681.4000","0.0000","81.4878","80.1366","0.0000","69.0000","681.4400","14.3000","43.0000","950.5049","0.1600","0.0293","3.1891","0.8205","100.0000","11.8000","1.0320","0.0000","283.7349"
"29.450","79.4668","15","-0.5655","0.0970","0.7426","-33.9022","-14.4207","11.0916","14.0000","0.1500","87.7042","45.50333302","-75.54430756","20.5000","12.2446","861.0000","39.5375","13.8562","32.6188","44.5000","4.0000","0.0828","-0.3319","-1.2922","0.1519","-0.1414","-12.2227","100.0000","83.3333","12032.0000","6553.5000","683.6400","0.0000","85.9175","82.6075","0.0000","69.0000","683.7040","14.3000","43.0000","950.5049","0.0767","0.0071","3.1686","0.8194","100.0000","11.8000","0.9040","0.0000","284.8380"
"29.500","79.7052","15","-0.5218","0.1540","0.7599","-34.6094","-13.2840","11.1262","14.0000","0.1500","95.4948","45.50334111","-75.54431590","20.5000","12.2423","861.0000","32.4250","14.6609","36.6312","39.9188","4.0000","-0.0277","-0.4113","-1.4980","0.4233","2.0246","-13.1246","100.0000","83.3333","12027.6670","6553.5000","686.8400","0.0000","82.0125","82.5200","0.0000","69.0000","686.9040","14.3000","43.0000","950.5049","0.0349","-0.0227","3.2258","0.8111","100.0000","11.8000","0.9240","0.0000","285.9437"
"29.550","80.0115","15","-0.4773","0.2096","0.7752","-35.3000","-12.1228","11.1598","14.0000","0.1500","105.0433","45.50334921","-75.54432429","20.5000","12.2400","860.8500","31.5391","16.2078","37.8937","38.6562","4.0000","-0.2419","-0.4134","-1.4536","0.2218","2.4716","-11.6027","100.0000","98.3333","11986.0000","6553.5000","689.9100","0.0000","83.3667","83.0590","0.0000","69.0000","689.9610","14.3000","43.0000","950.5049","0.0127","-0.0560","3.3197","0.7994","100.0000","11.8000","0.9300","0.0000","287.0536"
"29.600","80.9286","15","-0.4246","0.2538","0.7739","-35.8410","-10.7421","11.1841","14.0000","0.1500","119.9035","45.50335739","-75.54433310","20.5000","12.2378","861.4000","35.6875","17.0812","35.4313","41.2375","4.0000","-0.3513","-0.3549","-1.4463","-0.1501","0.8659","-8.5410","100.0000","54.2373","12062.1553","6553.5000","692.4600","0.0000","83.4244","82.3683","0.0000","69.0000","692.5110","14.3000","43.0000","950.5049","0.0198","-0.0502","3.2987","0.8044","100.0000","11.8000","0.8800","0.0000","288.1720"
"29.650","81.8120","15","-0.3694","0.2970","0.7697","-36.3513","-9.2998","11.2072","14.0000","0.1500","140.0121","45.50336559","-75.54434192","20.5000","12.2355","861.5000","37.7687","17.0984","33.8063","42.2812","4.0000","-0.0672","-0.3670","-1.4241","-0.1387","-0.8677","-5.5531","100.0000","3.3898","12151.4443","6553.5000","694.8100","0.0000","84.0375","83.9750","0.0000","69.0000","694.8410","14.3044","43.0000","950.5049","0.0291","-0.0404","3.2623","0.8107","100.0000","11.8000","0.8370","0.0000","289.3037"
"29.700","82.3910","15","-0.2915","0.3315","0.7405","-36.5841","-7.3022","11.2204","14.0000","0.1500","179.5761","45.50337388","-75.54435075","20.5000","12.2332","861.1000","37.0312","17.1000","32.0062","41.2562","4.0000","0.1720","-0.3746","-0.9016","0.2857","-1.4979","-2.9397","100.0000","-11.5625","12207.0000","6553.5000","696.3600","0.0000","83.9800","84.3850","0.0000","69.0000","696.3911","14.3600","43.0000","950.5049","0.0180","-0.0460","3.2284","0.8068","100.0000","11.8000","0.8220","0.0000","290.4448"
"29.750","82.9566","15","-0.2100","0.3624","0.7154","-36.8018","-5.2220","11.2348","13.9950","0.1500","252.8352","45.50338218","-75.54435960","20.5000","12.2309","861.0000","36.9125","17.2078","31.6922","39.9125","4.0000","0.0494","-0.1755","-0.5962","0.5445","-1.4153","-0.4129","100.0000","-6.2500","12263.0225","6553.5000","697.9301","0.0000","84.2200","85.9600","0.0000","69.0000","697.9630","14.4000","43.0000","950.5049","0.0116","-0.0484","3.1589","0.8054","100.0000","11.7890","0.8080","0.0000","291.5934"
"29.800","83.4008","15","-0.0964","0.3620","0.7279","-36.8832","-2.3982","11.2604","13.9450","0.1500","553.4778","45.50339054","-75.54436857","20.5000","12.2286","861.0000","37.7812","18.1219","32.5938","38.9625","4.0000","0.1551","0.2584","-0.9359","0.2859","-1.4696","1.8667","100.0000","-30.5369","12320.2441","6553.5000","699.5800","0.0000","85.8585","85.3293","0.0000","69.0000","699.6130","14.4000","43.0000","950.5049","0.0171","-0.0429","2.9978","0.8104","100.0000","11.7390","0.7980","0.0000","292.7487"
"29.850","83.8592","15","0.0151","0.3590","0.7366","-36.9131","0.3665","11.2832","13.9000","0.1500","3641.7737","45.50339894","-75.54437752","20.5000","12.2263","861.0000","39.1906","18.6797","30.9547","39.7344","4.0000","0.2361","0.6302","-1.3455","0.0978","-1.6137","4.0584","100.0000","-55.7047","12389.2002","6553.5000","701.2900","0.0000","86.8350","86.1200","0.0000","69.0000","701.3290","14.4000","43.0000","950.5049","0.0200","-0.0347","2.9924","0.8117","100.0000","11.7000","0.7940","0.0000","293.9112"
"29.900","84.4467","15","0.1078","0.3327","0.7120","-36.4809","2.6000","11.2818","13.9000","0.1500","516.9351","45.50340762","-75.54438635","20.5000","12.2240","861.4000","39.9313","19.0281","28.1688","39.3063","4.0000","0.3031","0.4832","-1.2996","0.5262","-1.0590","6.2955","100.0000","-80.8725","12470.8662","6553.5000","703.2400","0.0000","86.7150","86.3325","0.0000","69.0000","703.2790","14.4000","43.0000","950.5049","0.0200","-0.0236","3.1557","0.8089","100.0000","11.7000","0.8140","0.0000","295.0808"
"29.950","85.0165","15","0.1986","0.3066","0.6896","-36.0507","4.7832","11.2830","13.9000","0.1500","282.8798","45.50341632","-75.54439516","20.5000","12.2218","861.0000","37.9188","18.7219","27.0859","37.7719","4.0000","0.2442","0.3250","-1.0437","1.4560","0.0808","8.1412","100.0000","-82.0896","12546.4893","6553.5000","705.0900","0.0000","87.3974","87.0333","0.0000","69.0000","705.1190","14.4000","41.5700","950.5049","0.0200","-0.0276","3.1347","0.7993","100.0000","11.7110","0.8290","0.0000","296.2580"
"30.000","85.4281","15","0.2726","0.2812","0.6878","-35.6402","6.5147","11.3083","13.9000","0.1500","208.7023","45.50342520","-75.54440387","20.5000","12.2195","861.1000","36.7750","18.6562","26.5562","35.1813","4.0000","0.2144","0.3972","-1.2532","3.0571","1.0167","8.9502","100.0000","-7.4627","12619.2666","6553.5000","706.5400","0.0000","88.2512","88.1659","0.0000","69.0000","706.5690","14.4000","35.0700","950.5049","0.0200","-0.0387","3.0269","0.7865","100.0000","11.7610","0.8240","0.0000","297.4416"
"30.050","85.8429","15","0.3405","0.2573","0.6869","-35.2344","8.0989","11.3329","13.9000","0.1500","168.6933","45.50343410","-75.54441256","20.5000","12.2172","861.3500","36.4062","18.0328","27.3312","36.4156","4.0000","0.1304","0.3412","-1.2690","4.9170","1.3431","8.5750","100.0000","-41.6667","12686.1777","6553.5000","708.0300","0.0000","87.6025","87.8025","0.0000","69.0000","708.0630","14.4000","26.5900","950.5049","0.0249","-0.0400","3.0653","0.7840","100.0000","11.7890","0.9930","0.0000","298.6318"
"30.100","86.2855","15","0.3533","0.2470","0.6948","-34.8709","8.3580","11.3516","13.9000","0.1500","164.3074","45.50344311","-75.54442122","20.5000","12.2158","861.0000","36.3688","17.9844","29.8031","37.5000","4.0000","0.1758","0.3546","-0.9683","6.0443","0.9176","7.4928","100.0000","-87.9630","12750.0225","6553.5000","709.6800","0.0000","88.5050","88.4425","0.0000","69.0000","709.7130","14.4000","11.0900","950.5049","0.0304","-0.0387","3.1291","0.7836","100.0000","11.7390","1.8580","0.0000","299.8278"
"30.150","86.7314","15","0.3630","0.2391","0.7005","-34.5158","8.5465","11.3696","13.8950","0.1500","161.5135","45.50345213","-75.54442987","20.5000","12.2154","861.1500","36.6125","18.0984","31.8844","38.5906","4.0000","0.2749","0.2827","-0.9203","5.9709","-0.1134","6.4076","100.0000","-100.0000","12787.7998","6553.5000","711.3800","0.0000","88.9100","89.5400","0.0000","69.0000","711.4180","14.4000","-1.0000","950.5049","0.0360","-0.0220","3.2558","0.7914","100.0000","11.7110","2.5500","0.0000","301.0297"
"30.200","87.2077","15","0.3457","0.2524","0.6864","-34.2372","8.1002","11.3818","13.8450","0.1500","171.3473","45.50346133","-75.54443846","20.5000","12.2151","861.1000","38.7438","18.2094","33.4375","40.1750","4.0000","0.2742","0.2115","-0.9934","4.8430","-1.5592","6.3037","100.0000","-34.0000","12834.7559","6553.5000","713.2800","0.0000","88.2829","88.9805","0.0000","69.0000","713.3180","14.4000","-1.0000","950.5049","0.0369","-0.0131","3.3094","0.7959","100.0000","11.7610","2.5500","0.0000","302.2377"
"30.250","87.6901","15","0.3271","0.2625","0.6707","-33.9439","7.6259","11.3927","13.8000","0.1505","183.0124","45.50347054","-75.54444704","20.5000","12.2147","861.1500","40.2156","19.3953","34.3688","40.5094","4.0000","0.1497","0.3576","-1.1223","3.5150","-2.9422","6.9707","100.0000","45.8333","12905.3115","6553.5000","715.1300","0.0000","89.8450","88.9025","0.0000","69.0000","715.1630","14.4000","-1.0000","950.5049","0.0258","-0.0242","3.1749","0.7920","100.0000","11.7890","2.5500","0.0000","303.4532"
"30.300","88.2270","15","0.2973","0.2443","0.6415","-33.5181","6.8985","11.3915","13.8000","0.1555","203.5477","45.50347992","-75.54445555","20.5000","12.2143","861.0000","41.6750","19.6500","32.1813","42.0563","4.0000","0.1747","0.2324","-1.0911","2.9039","-3.2320","7.0162","100.0000","115.2778","12958.0000","6553.5000","716.7800","0.0000","90.0150","89.9625","0.0000","69.0000","716.8130","14.4000","-1.0000","950.5049","0.0280","-0.0273","3.0349","0.7855","100.0000","11.7390","2.5500","0.0000","304.6757"
"30.350","88.7298","15","0.2671","0.2266","0.6144","-33.1195","6.1619","11.3918","13.8000","0.1595","229.1797","45.50348931","-75.54446406","20.5000","12.2139","861.5000","39.1813","17.7047","29.2906","40.2812","4.0000","0.1109","-0.0366","-1.1750","2.9958","-1.7226","5.6229","100.0000","48.2759","12991.3330","6553.5000","718.5200","0.0000","91.0154","90.2000","0.0000","69.0000","718.5620","14.4000","-1.0000","950.5049","0.0447","-0.0218","2.8888","0.7760","100.0000","11.7000","2.5500","0.0000","305.9047"
"30.400","88.9256","15","0.2325","0.2138","0.6058","-32.9659","5.3419","11.4054","13.8000","0.1545","264.9404","45.50349868","-75.54447254","20.5000","12.2135","861.0000","34.7750","14.4922","25.6719","36.6437","4.0000","0.1181","-0.0458","-1.3740","3.3018","1.1818","4.1489","100.0000","0.0000","13063.5781","6553.5000","720.6200","0.0000","90.8610","90.7756","0.0000","69.0000","720.6620","14.4378","-1.0000","950.5049","0.1104","0.0178","2.9353","0.7768","100.0000","11.7000","2.5500","0.0000","307.1382"
"30.450","89.1199","15","0.2027","0.2020","0.6020","-32.7922","4.6334","11.4217","13.8000","0.1505","306.1250","45.50350808","-75.54448101","20.5000","12.2132","861.0000","31.3547","13.4852","25.0672","33.8187","4.0000","0.3638","0.3347","-1.5037","2.8446","4.0696","4.1370","100.0000","53.7037","13154.1338","6553.5000","722.6700","0.0000","90.5400","90.3825","0.0000","69.0000","722.7070","14.4933","-1.0000","950.5049","0.1993","0.0733","3.0725","0.7823","100.0000","11.7000","2.5500","0.0000","308.3751"
"30.500","89.3020","15","0.2164","0.1987","0.6410","-32.4376","4.9272","11.4621","13.8000","0.1555","288.4579","45.50351766","-75.54448937","20.5000","12.2128","861.4000","33.0312","12.5266","29.1750","31.9500","4.0000","0.4640","0.3777","-1.2542","0.9490","5.0730","4.9873","100.0000","146.2963","13182.1113","6553.5000","724.5200","0.0000","92.1200","91.0725","0.0000","69.0000","724.5570","14.5000","-1.0000","950.5049","0.2149","0.0604","3.0225","0.7850","100.0000","11.7000","2.5500","0.0000","309.6143"
"30.550","89.5284","15","0.2307","0.1942","0.6751","-32.1009","5.2309","11.5001","13.8000","0.1600","272.3993","45.50352725","-75.54449774","20.5000","12.2124","861.5000","35.0969","18.4094","38.2875","34.4125","4.0000","0.6385","0.2317","-0.5373","-1.4497","2.3229","5.2141","100.0000","98.5951","13215.0225","6553.5000","726.3600","0.0000","91.2282","91.2615","0.0000","69.0000","726.3960","14.4956","-1.0000","950.5049","0.2182","0.0391","2.9558","0.7856","99.9200","11.7000","2.5500","0.0000","310.8568"
"30.600","90.1542","15","0.2490","0.1797","0.6645","-31.9253","5.6235","11.5171","13.8000","0.1600","255.1539","45.50353691","-75.54450622","20.5000","12.2120","861.1000","44.1250","22.1875","41.2125","44.6500","4.0000","0.1848","0.1483","-0.3492","-3.0796","-2.9265","4.5996","100.0000","72.4138","13402.7998","6553.5000","728.1600","0.0000","91.9781","93.9732","0.0000","69.0000","728.1960","14.4400","-1.0000","950.5049","0.1960","0.0280","2.9914","0.7684","98.9200","11.7000","2.5500","0.0000","312.1050"
"30.650","90.7319","15","0.2685","0.1664","0.6505","-31.7302","6.0428","11.5309","13.8000","0.1600","238.9690","45.50354659","-75.54451467","20.5000","12.2116","861.0000","50.3531","20.2500","36.3500","51.0687","4.0000","-0.2619","0.3702","-0.7562","-4.0027","-6.3689","3.8809","100.0000","80.9549","13518.2441","6553.5000","729.9901","0.0000","92.6200","91.6375","0.0000","69.0000","730.0291","14.4000","-1.0000","950.5049","0.1722","0.0169","3.0767","0.7512","96.3333","11.7000","2.5500","0.0000","313.3622"
"30.700","90.8760","15","0.2989","0.1640","0.6061","-31.3596","6.7030","11.5161","13.8000","0.1600","215.7752","45.50355635","-75.54452285","20.5000","12.2112","861.5000","45.5875","16.8937","31.9188","44.8125","4.0000","-0.2616","0.5822","-1.1790","-4.5961","-5.3066","4.3963","100.0000","86.4275","13447.6885","6553.5000","731.9400","0.0000","91.9275","91.7900","0.0000","69.0000","731.9790","14.4000","-1.0000","950.5049","0.1444","0.0058","3.2901","0.7340","89.6667","11.7000","2.5500","0.0000","314.6235"
"30.750","91.0228","15","0.3313","0.1618","0.5644","-30.9648","7.4083","11.5031","13.7950","0.1600","195.5463","45.50356614","-75.54453100","20.5000","12.2109","861.5000","35.1312","16.2000","28.1891","35.5344","4.0000","-0.1308","0.6953","-1.2178","-4.6119","-2.0945","6.1752","100.0000","89.0163","13398.2002","6553.5000","733.8200","0.0000","93.0026","91.7590","0.0000","69.0000","733.8520","14.4267","-1.0000","950.5049","0.1327","0.0053","3.3685","0.7255","84.9200","11.7000","2.3740","0.0000","315.8868"
"30.800","91.1938","15","0.3824","0.1607","0.5480","-30.3519","8.5204","11.5065","13.7450","0.1600","170.3438","45.50357619","-75.54453889","20.5000","12.2105","861.0000","33.1937","16.4156","27.8219","30.5844","4.0000","0.0784","0.7089","-1.1626","-3.6095","-0.5253","7.9067","100.0000","95.7407","13371.5332","6553.5000","735.4200","0.0000","93.3805","92.5366","0.0000","69.0000","735.4520","14.4822","-1.0000","950.5049","0.1382","0.0164","3.3007","0.7266","82.2533","11.7000","1.4940","0.0000","317.1523"
"30.850","91.3752","15","0.4355","0.1562","0.5332","-29.7460","9.6772","11.5106","13.7000","0.1600","150.2797","45.50358624","-75.54454675","20.5000","12.2101","861.1500","37.9781","16.1313","26.5078","35.7000","4.0000","0.0771","0.5968","-1.0559","-2.2519","-0.7958","9.2934","100.0000","100.0000","13345.2441","6553.5000","737.0500","0.0000","93.3300","92.1800","0.0000","69.0000","737.0850","14.4622","-1.0000","950.5049","0.1400","0.0087","3.3088","0.6790","80.1911","11.7000","0.7890","0.0000","318.4205"
"30.900","91.6500","15","0.5073","0.1216","0.5338","-29.2029","11.2365","11.5204","13.7000","0.1600","129.8135","45.50359636","-75.54455444","20.5000","12.2097","861.1000","41.2062","15.2375","30.9656","39.2875","4.0000","0.0088","0.6750","-1.1372","-1.8910","-1.0542","10.7949","100.0000","96.4844","13319.1338","6553.5000","738.8000","0.0000","94.0950","93.6600","0.0000","69.0000","738.8350","14.4067","-1.0000","950.5049","0.1400","-0.0080","3.3527","0.6085","78.4133","11.7000","0.7840","0.0000","319.6919"
"30.950","91.8964","15","0.5772","0.0815","0.5317","-28.6426","12.7522","11.5290","13.7000","0.1600","114.6918","45.50360649","-75.54456208","20.5000","12.2093","861.0000","41.3344","17.2359","33.3500","39.3406","4.0000","0.0054","0.6973","-1.0679","-2.4998","-1.2368","12.7773","100.0000","89.9740","12923.4219","6553.5000","739.1000","0.0000","92.3308","92.9795","0.0000","69.0000","738.9900","14.4489","-1.0000","950.5049","0.1742","0.0389","3.3937","0.5316","65.9778","11.7110","0.7790","0.0000","320.9665"
"31.000","91.8873","15","0.6291","-0.0083","0.5059","-27.9281","13.8746","11.5264","13.7000","0.1600","105.4033","45.50361678","-75.54456936","20.5000","12.2090","861.5000","42.7125","19.8438","33.2250","39.9938","4.0000","0.0419","0.7792","-0.9304","-3.2758","-2.1924","15.6352","100.0000","99.0919","12513.0000","6553.5000","733.6000","0.0000","91.4829","89.7976","0.0000","69.0000","733.4900","14.4956","-1.0000","950.5049","0.2113","0.0900","3.4276","0.4587","52.6400","11.7610","0.7740","0.0000","322.2426"
"31.050","91.8331","15","0.6832","-0.0975","0.4785","-27.1840","15.0514","11.5226","13.7000","0.1595","97.1050","45.50362708","-75.54457657","20.5000","12.2086","861.0000","45.4469","19.1094","26.8516","41.1906","4.0000","-0.1089","0.6592","-0.9340","-3.6661","-3.4025","18.8945","100.0000","107.6923","12513.0000","6553.5000","727.7100","0.0000","89.1725","86.8650","0.0000","69.0000","727.5610","14.4400","-1.0000","950.5049","0.2280","0.0900","3.3854","0.4420","45.6400","11.8000","0.7930","0.0000","323.5182"
"31.100","91.3731","15","0.7573","-0.1808","0.4377","-26.1744","16.7179","11.5081","13.7000","0.1545","86.9874","45.50363735","-75.54458316","20.5000","12.2082","861.4000","45.8063","14.0047","22.1938","40.8250","4.0000","-0.5327","0.5447","-1.0581","-3.8570","-3.0625","20.5875","100.0000","99.4831","12520.4668","6553.5000","720.2600","0.0000","89.1000","84.9775","0.0000","69.0000","720.1110","14.4000","-1.0000","950.5049","0.2462","0.0978","3.3379","0.4260","40.2578","11.8000","0.9080","0.0000","324.7899"
"31.150","90.8389","15","0.8266","-0.2606","0.4037","-25.1773","18.2881","11.4974","13.7000","0.1500","79.0541","45.50364761","-75.54458969","20.5021","12.2084","861.0000","43.5563","13.7758","21.4750","38.2094","4.0000","-0.5306","0.7726","-1.1411","-3.8483","-1.0022","19.9039","100.0000","84.2809","12547.1338","6553.5000","713.0600","0.0000","89.4100","85.5775","0.0000","68.8900","712.9360","14.4000","-1.0000","950.5049","0.2684","0.1256","3.2768","0.4115","39.0356","11.8000","1.0330","0.0000","326.0542"
"31.200","89.6377","15","0.8538","-0.3091","0.4313","-24.2938","18.9912","11.5210","13.7000","0.1500","75.1204","45.50365773","-75.54459562","20.5066","12.2091","861.0000","42.7750","14.8969","23.4438","36.4437","4.0000","-0.3141","0.8998","-1.0989","-2.8827","0.7473","18.2273","100.0000","71.6253","12517.5332","6553.5000","706.8600","0.0000","87.8707","86.6951","0.0000","68.3900","706.7360","14.4000","-1.0000","950.5049","0.2640","0.1160","3.2087","0.4200","39.0133","11.8000","1.1980","0.0000","327.3067"
"31.250","88.5054","15","0.8820","-0.3565","0.4544","-23.3768","19.7223","11.5416","13.7000","0.1500","71.4222","45.50366786","-75.54460149","20.5111","12.2099","861.3500","43.9437","18.9844","27.8016","37.3656","4.0000","-0.4312","0.9381","-0.8600","-1.1236","0.7564","17.4984","100.0000","67.0340","12426.9775","6553.5000","701.8300","0.0000","87.4100","86.0500","0.0000","68.1100","701.8230","14.4000","-1.0000","950.5049","0.2307","0.0660","3.1332","0.4533","40.2911","11.8000","1.2870","0.0000","328.5417"
"31.300","87.9941","15","0.9190","-0.3932","0.4366","-22.1579","20.7039","11.5354","13.7000","0.1500","67.6427","45.50367812","-75.54460672","20.5155","12.2107","861.0000","46.4938","19.2437","27.5531","41.7313","4.0000","-0.5288","1.0942","-0.7906","0.3280","-0.0508","18.8305","100.0000","66.6667","12393.4668","6553.5000","701.4800","0.0000","86.7550","84.2325","0.0000","68.6100","701.4730","14.4000","-1.0000","950.5049","0.1936","0.0462","3.1630","0.4731","42.0222","11.8000","1.0720","0.0000","329.7668"
"31.350","87.4736","15","0.9569","-0.4228","0.4173","-20.9453","21.7138","11.5284","13.6950","0.1505","64.1152","45.50368838","-75.54461188","20.5200","12.2114","861.3500","46.7562","18.8531","23.6625","42.0187","4.0000","-0.4707","1.0913","-0.9401","0.9972","0.0470","20.6000","100.0000","73.3479","12386.7998","6553.5000","701.9700","0.0000","86.1325","84.4425","0.0000","69.0000","702.0470","14.4000","-1.0000","950.5049","0.1547","0.0407","3.2425","0.4864","43.9667","11.7890","0.8860","0.0000","330.9848"
"31.400","86.8701","15","1.0033","-0.3890","0.3835","-19.7881","22.9772","11.5136","13.6450","0.1555","60.1720","45.50369860","-75.54461644","20.5245","12.2122","861.4000","42.3750","17.8438","23.9937","37.0125","4.0000","-0.3179","0.7933","-1.1970","0.9883","0.7217","19.8070","100.0000","80.6100","12549.2891","6553.5000","705.8200","0.0000","85.9439","84.6829","0.0000","69.0000","705.8970","14.4000","-1.0000","950.5049","0.1793","0.0987","3.2442","0.5041","46.1556","11.7390","0.8160","0.0000","332.1953"
"31.450","86.2872","15","1.0466","-0.3510","0.3528","-18.6515","24.1711","11.5006","13.6000","0.1595","56.8158","45.50370881","-75.54462096","20.5289","12.2129","861.0000","40.9844","18.4672","26.5156","34.1562","4.0000","0.0522","0.8679","-1.1396","1.2324","0.2496","17.0680","100.0000","79.3777","12711.6885","6553.5000","709.6600","0.0000","86.2775","85.9975","0.0000","69.0000","709.7360","14.4000","-1.0000","950.5049","0.2073","0.1529","3.2427","0.5220","48.4133","11.7110","0.7600","0.0000","333.3967"
"31.500","85.8899","15","1.0629","-0.2759","0.3501","-17.6998","24.7408","11.5036","13.6000","0.1545","55.2521","45.50371905","-75.54462502","20.5334","12.2137","861.1000","43.3500","22.0156","30.6594","38.0625","4.0000","0.2458","1.1978","-1.0823","2.3227","-1.6893","16.1699","100.0000","78.9474","12607.7998","6553.5000","713.4600","0.0000","85.1625","86.0400","0.0000","69.0000","713.5360","14.4000","-1.0000","950.5049","0.1740","0.0640","3.3266","0.5348","51.0800","11.7610","0.7600","0.0000","334.5918"
"31.550","85.5290","15","1.0769","-0.2010","0.3450","-16.6875","25.2490","11.5049","13.6000","0.1505","53.9125","45.50372932","-75.54462900","20.5379","12.2145","861.5000","47.8750","23.0187","31.9000","45.7531","4.0000","0.0364","1.2427","-0.9535","3.6943","-3.2660","19.1844","100.0000","87.3275","12524.2891","6553.5000","717.0300","0.0000","85.7875","86.1800","0.0000","69.0000","717.0830","14.4000","-1.0000","950.5049","0.1453","0.0047","3.3620","0.5452","53.2956","11.8000","0.7610","0.0000","335.7822"
"31.600","85.4948","15","1.0699","-0.1278","0.3182","-15.1293","25.2042","11.4913","13.6000","0.1555","53.9867","45.50373978","-75.54463218","20.5423","12.2152","861.0000","47.5500","23.9937","30.3531","45.0625","4.0000","-0.0660","1.1799","-0.8593","4.6469","-3.3446","24.6834","100.0000","97.5473","12493.1777","6553.5000","719.6800","0.0000","87.8073","87.5951","0.0000","69.0000","719.7330","14.4000","-1.0000","950.5049","0.1287","0.0213","3.2725","0.5497","54.3511","11.8000","0.7660","0.0000","336.9701"
"31.650","85.4576","15","1.0631","-0.0575","0.2874","-13.5771","25.1569","11.4753","13.6000","0.1600","54.0648","45.50375024","-75.54463528","20.5468","12.2160","861.1500","43.8281","28.4375","27.6656","39.2375","4.0000","0.2305","1.2598","-0.7705","5.8195","-2.9219","29.3750","100.0000","100.0000","12458.0664","6553.5000","722.1800","0.0000","86.0550","87.0600","0.0000","68.8900","722.2180","14.4000","-1.0000","950.5049","0.1413","0.0273","3.2244","0.5531","55.1400","11.8000","0.7700","0.0000","338.1572"
"31.700","85.3939","15","1.0582","-0.0139","0.2199","-12.0798","25.0863","11.4370","13.6000","0.1600","54.1765","45.50376073","-75.54463767","20.5513","12.2167","861.5000","44.3250","30.1063","25.5031","36.9250","4.0000","0.2751","1.2896","-0.9297","8.2523","-3.1289","30.1750","100.0000","86.4000","12418.6221","6553.5000","724.0800","0.0000","85.8850","86.7925","0.0000","68.3900","724.1180","14.4000","-1.0000","950.5049","0.1858","0.0218","3.2211","0.5553","55.6400","11.8000","0.7700","0.0000","339.3436"
"31.750","85.3213","15","1.0542","0.0241","0.1565","-10.6359","25.0298","11.4005","13.6000","0.1600","54.2526","45.50377122","-75.54464002","20.5557","12.2175","861.0000","45.0781","23.9172","26.3953","38.7812","4.0000","0.1357","0.5891","-0.9688","10.3500","-3.5160","26.3516","100.0000","83.4343","12355.0000","6553.5000","725.9901","0.0000","85.2900","86.5925","0.0000","68.1100","726.0291","14.4000","-1.0000","950.5049","0.1584","-0.0027","3.2068","0.5738","56.2156","11.8000","0.7720","0.0000","340.5290"
"31.800","85.1685","15","1.0572","0.0121","0.1295","-9.6728","25.0997","11.3813","13.6000","0.1600","54.0046","45.50378167","-75.54464207","20.5602","12.2183","861.0000","43.7875","18.3406","29.2406","40.2812","4.0000","-0.2559","0.5359","-1.0940","9.7781","-3.0719","19.8031","100.0000","88.4849","12280.0000","6553.5000","727.9400","0.0000","85.0683","85.9317","0.0000","68.6100","727.9790","14.4000","-1.0000","950.5049","0.0973","-0.0360","3.1873","0.5999","56.8267","11.8000","0.7820","0.0000","341.7128"
"31.850","85.0398","15","1.0609","0.0044","0.0992","-8.7160","25.1886","11.3610","13.6000","0.1600","53.7327","45.50379212","-75.54464407","20.5646","12.2190","861.0000","41.5438","18.5203","30.7609","37.2469","4.0000","0.0663","1.0315","-1.1777","7.0516","-2.2049","14.1133","100.0000","124.0000","12397.1338","6553.5000","729.8762","0.0000","86.0700","84.6000","0.0000","69.0000","729.9139","14.4000","-1.0000","950.5049","0.0949","-0.0009","3.0452","0.6871","64.4778","11.8000","0.7989","0.0000","342.8947"
"31.900","85.1282","15","1.0714","0.0347","0.0386","-7.8163","25.4480","11.3300","13.6000","0.1600","53.2401","45.50380268","-75.54464567","20.5691","12.2198","861.0000","42.5062","19.7000","31.6594","38.2500","4.0000","0.4433","1.1187","-0.9906","3.2984","-1.3492","13.2469","100.0000","180.0000","12537.4893","6553.5000","731.7574","0.0000","86.3550","85.5450","0.0000","69.0000","731.7950","14.4000","-1.0000","950.5049","0.1017","0.0387","2.9112","0.7762","73.2800","11.8000","0.8435","0.0000","344.0765"
"31.950","85.2274","15","1.0802","0.0621","-0.0209","-6.8326","25.6662","11.2989","13.6000","0.1600","52.8491","45.50381324","-75.54464715","20.5736","12.2206","860.8000","44.1688","19.9172","28.2000","37.1813","4.0000","0.2329","1.2659","-0.9343","-0.5600","-0.4992","18.2125","100.0000","176.4865","12643.5996","6553.5000","733.6182","0.0000","87.1116","87.4093","0.0000","69.0000","733.6535","14.4000","-1.0000","950.5049","0.1235","0.0224","3.0640","0.7912","84.2800","11.8000","0.8764","0.0000","345.2597"
"32.000","85.4244","15","1.0746","0.0621","-0.0699","-5.0918","25.5124","11.2653","13.6000","0.1600","53.2906","45.50382395","-75.54464764","20.5780","12.2213","861.0000","43.3937","20.6437","28.5875","34.7313","4.0000","-0.0305","1.2305","-0.8126","-3.4524","-0.2261","26.5864","100.0000","147.2072","12739.7559","6553.5000","735.3859","0.0000","87.4103","88.2795","0.0000","69.0000","735.4212","14.4000","-1.0000","950.5049","0.1376","0.0088","3.1793","0.7981","93.1645","11.8000","0.8562","0.0000","346.4448"
"32.050","85.5965","15","1.0693","0.0636","-0.1174","-3.3798","25.3674","11.2325","13.6000","0.1605","53.7033","45.50383465","-75.54464806","20.5825","12.2221","861.1500","45.2531","22.4578","28.2188","35.3250","4.0000","0.0688","1.1636","-0.8336","-4.5594","-0.6915","32.8266","100.0000","117.9279","12810.3115","6553.5000","737.1300","0.0000","88.1220","87.6463","0.0000","69.0000","737.1630","14.4000","-1.0000","950.5049","0.1273","0.0037","3.1982","0.7842","96.6089","11.8000","0.8390","0.0000","347.6327"
"32.100","85.5440","15","1.0674","0.0776","-0.1515","-1.9265","25.3013","11.2061","13.6000","0.1655","53.8105","45.50384529","-75.54464779","20.5870","12.2228","861.4000","44.9125","20.4875","28.8062","37.0938","4.0000","0.2505","0.7455","-0.8063","-5.1822","-1.1281","32.9781","100.0000","94.2373","12813.1338","6553.5000","738.7800","0.0000","88.6900","89.2075","0.0000","69.0000","738.8130","14.4000","-1.0000","950.5049","0.1184","-0.0078","3.2077","0.7826","98.7467","11.8000","0.8340","0.0000","348.8211"
"32.150","85.5350","15","1.0675","0.0948","-0.1883","-0.5421","25.2836","11.1781","13.5950","0.1695","53.8426","45.50385595","-75.54464751","20.5914","12.2236","861.0000","44.9688","19.5063","30.1703","36.6625","4.0000","0.2825","0.6140","-0.9504","-6.7354","-1.0168","28.2023","100.0000","99.8870","12742.5781","6553.5000","740.3200","0.0000","87.8800","88.1300","0.0000","69.0000","740.3420","14.4000","-1.0000","950.5049","0.1129","-0.0356","3.2072","0.7943","99.4689","11.8000","0.8310","0.0000","350.0095"
"32.200","85.9172","15","1.0866","0.1399","-0.2503","0.2220","25.7009","11.1365","13.5450","0.1645","53.2049","45.50386673","-75.54464704","20.5938","12.2244","861.0000","44.9625","19.5344","26.1125","35.4688","4.0000","0.2725","0.8960","-1.0708","-8.2184","-0.0939","22.1547","100.0000","133.7466","12709.4219","6553.5000","741.4200","0.0000","88.7051","87.2103","0.0000","69.0000","741.4420","14.4000","-1.0000","950.5049","0.1127","-0.0367","3.2410","0.7957","99.7378","11.8000","0.8360","0.0000","351.2003"
"32.250","86.2903","15","1.0940","0.1814","-0.3091","1.0549","25.8361","11.0965","13.5000","0.1600","53.1563","45.50387751","-75.54464647","20.5938","12.2251","861.0000","43.8906","19.5109","27.2031","34.0719","4.0000","0.1765","1.1821","-1.0464","-8.3906","1.1063","17.5219","100.0000","168.1818","12693.8662","6553.5000","742.6500","0.0000","88.9000","88.3024","0.0000","69.0000","742.6850","14.4000","-1.0000","950.5049","0.1182","-0.0089","3.2910","0.7924","99.7933","11.8000","0.8420","0.0000","352.3969"
"32.300","86.5824","15","0.9951","0.1900","-0.3386","2.5057","23.4323","11.0719","13.5000","0.1600","58.8079","45.50388833","-75.54464504","20.5938","12.2259","860.9000","43.0250","19.5500","28.9594","33.7188","4.0000","0.1772","1.1172","-1.1562","-7.3100","1.3504","14.2289","100.0000","183.3333","12697.8662","6553.5000","744.4000","0.0000","88.2175","88.6350","0.0000","69.0000","744.4350","14.4000","-1.0000","950.5049","0.1313","0.0113","3.2706","0.7920","99.8489","11.8000","0.8520","0.0000","353.5977"
"32.350","86.8793","15","0.8865","0.1955","-0.3679","3.8844","20.8021","11.0472","13.5000","0.1605","66.4704","45.50389915","-75.54464359","20.5938","12.2267","861.0000","42.2687","20.1203","33.6156","35.8625","4.0000","0.2325","0.7932","-0.9379","-5.9572","0.4349","11.0867","100.0000","136.6667","12703.6445","6553.5000","745.9700","0.0000","87.9100","88.4075","0.0000","69.0000","745.9870","14.4000","-1.0000","950.5049","0.1480","0.0280","3.2393","0.7920","99.9000","11.7890","0.8680","0.0000","354.8025"
"32.400","87.2191","15","0.6896","0.1732","-0.3956","4.6132","16.1358","11.0211","13.5000","0.1655","86.0281","45.50391004","-75.54464200","20.5938","12.2274","861.0000","44.0938","17.4906","32.4062","39.9750","4.0000","0.1196","0.4564","-0.8323","-5.2157","-0.1065","6.6603","100.0000","94.6970","12699.2002","6553.5000","746.8200","0.0000","88.0256","87.9180","0.0000","69.0000","746.8370","14.4000","-1.0000","950.5049","0.1598","0.0202","3.1926","0.7914","99.9000","11.7390","0.9080","0.0000","356.0115"
"32.450","87.5353","15","0.4910","0.1520","-0.4220","5.2507","11.4358","10.9946","13.5000","0.1700","121.8246","45.50392094","-75.54464045","20.5938","12.2282","861.1500","39.8719","14.5219","32.3547","39.8844","4.0000","-0.0350","-0.0074","-1.0818","-4.5777","0.3620","0.2689","100.0000","85.2273","12721.3555","6553.5000","747.8200","0.0000","88.8244","88.8049","0.0000","69.0000","747.8520","14.3844","-1.0000","950.5049","0.1749","0.0153","3.1554","0.7885","99.9000","11.7110","1.1010","0.0000","357.2256"
"32.500","87.6376","15","0.2764","0.1406","-0.4369","5.0676","6.4327","10.9641","13.5000","0.1700","216.8301","45.50393188","-75.54463917","20.5938","12.2289","861.0000","34.7750","12.2875","34.6063","39.0250","4.0000","-0.0036","-0.5956","-1.1440","-3.8219","1.2141","-6.9117","100.0000","83.3333","12811.9111","6553.5000","749.4200","0.0000","88.9250","89.8250","0.0000","69.0000","749.4520","14.3289","-1.0000","950.5049","0.2360","0.0820","3.1426","0.7796","99.9000","11.7610","1.9060","0.0000","358.4421"
"32.550","87.7440","15","0.0671","0.1294","-0.4536","4.8457","1.5550","10.9340","13.5000","0.1700","898.0623","45.50394281","-75.54463794","20.5938","12.2297","861.1500","33.9562","11.3766","35.9562","40.4500","4.0000","0.1377","-0.6611","-1.0439","-3.7867","1.6200","-11.4453","100.0000","91.3333","12865.4004","6553.5000","750.9800","0.0000","89.8650","89.9900","0.0000","69.0000","751.0080","14.3267","3.7300","950.5049","0.2707","0.1144","3.1664","0.7790","99.9000","11.7890","2.5500","0.0000","359.6601"
"32.600","87.8866","15","-0.0954","0.1194","-0.4873","4.2742","-2.1931","10.9069","13.5000","0.1700","637.7973","45.50395378","-75.54463719","20.5938","12.2305","861.0000","35.7062","11.5234","34.5187","40.9875","4.0000","0.4782","-0.2292","-1.1470","-4.7133","1.3973","-11.0094","100.0000","85.9628","12878.7334","6553.5000","752.3800","0.0000","89.9846","88.8923","0.0000","69.0000","752.4080","14.3822","25.2300","950.5049","0.2373","0.0589","3.2297","0.7873","99.9000","11.7390","2.5500","0.0000","360.8798"
"32.650","88.0484","15","-0.2589","0.1081","-0.5195","3.7522","-5.9608","10.8796","13.5000","0.1700","235.0903","45.50396476","-75.54463642","20.5938","12.2312","861.0000","37.1125","11.7391","32.5781","40.4000","4.0000","0.4615","-0.2623","-1.1904","-5.4258","1.2089","-8.6375","100.0000","74.1827","12883.0000","6553.5000","753.7200","0.0000","89.4585","88.8634","0.0000","69.0000","753.7420","14.4000","42.1100","950.5049","0.2413","0.0620","3.2477","0.7881","99.9000","11.7110","2.5500","0.0000","362.1019"
"32.700","88.3835","15","-0.4314","0.0852","-0.5389","3.6742","-9.9051","10.8512","13.5000","0.1700","142.0148","45.50397587","-75.54463550","20.5938","12.2320","861.0000","36.3438","11.8531","32.2906","40.1063","4.0000","0.1285","-0.8721","-1.3718","-4.5523","1.5697","-10.0281","100.0000","75.9909","12883.0000","6553.5000","754.8200","0.0000","89.0750","90.0775","0.0000","69.0000","754.8420","14.4000","42.6100","950.5049","0.2858","0.1287","3.2444","0.7853","99.9000","11.7610","2.5500","0.0000","363.3275"
"32.750","88.6851","15","-0.6004","0.0669","-0.5552","3.4618","-13.7667","10.8254","13.5000","0.1700","102.5274","45.50398698","-75.54463470","20.5938","12.2327","861.0000","32.3438","11.8766","34.9938","40.3688","4.0000","0.3104","-1.1833","-1.3372","-2.6686","2.0653","-15.7133","100.0000","83.3987","13061.4443","6553.5000","755.9300","0.0000","90.9250","90.5225","0.0000","69.0000","755.9530","14.4000","43.0000","950.5049","0.3944","0.2067","3.1594","0.7791","99.9000","11.8000","2.5500","0.0000","364.5571"
"32.800","88.6848","15","-0.7373","0.0909","-0.5432","2.0392","-16.8852","10.8227","13.5000","0.1700","83.5916","45.50399811","-75.54463503","20.5938","12.2335","861.1000","34.1000","11.1500","36.7000","42.0563","4.0000","0.3207","-0.9236","-1.2637","-1.2221","2.2703","-21.6535","100.0000","66.5123","13244.3115","6553.5000","757.0800","0.0000","91.1077","91.3846","0.0000","69.0000","757.1030","14.4000","43.0000","950.5049","0.5333","0.2900","3.0778","0.7740","99.9000","11.8000","2.5500","0.0000","365.7886"
"32.850","88.6943","15","-0.8613","0.1130","-0.5332","0.6654","-19.7048","10.8184","13.5000","0.1700","71.6380","45.50400924","-75.54463538","20.5938","12.2343","861.3500","34.8344","10.3461","34.3125","43.2531","4.0000","0.2993","-0.5374","-1.4875","-0.8567","2.4530","-23.6266","100.0000","65.7403","13198.2002","6553.5000","758.2500","0.0000","91.5463","91.0341","0.0000","69.0000","758.2750","14.4000","43.0000","950.5049","0.4473","0.2609","3.1622","0.7862","99.9000","11.8000","2.5500","0.0000","367.0204"
"32.900","88.7910","15","-0.8686","0.1178","-0.5422","-0.2695","-19.8341","10.7999","13.5000","0.1700","71.2485","45.50402039","-75.54463606","20.5938","12.2350","861.0000","33.6000","10.0344","32.7250","42.0312","4.0000","0.0258","-0.5617","-1.3467","-1.1380","2.9439","-20.9000","100.0000","64.9684","13162.5107","6553.5000","759.5000","0.0000","91.2700","91.2325","0.0000","69.0000","759.5250","14.4000","43.0000","950.5049","0.3484","0.2204","3.2144","0.7952","99.9000","11.8000","2.5500","0.0000","368.2531"
"32.950","88.9173","15","-0.8801","0.1229","-0.5511","-1.1894","-20.0573","10.7812","13.5000","0.1700","70.5560","45.50403155","-75.54463677","20.5938","12.2358","861.1500","32.7687","10.2516","32.2859","41.2313","4.0000","0.0307","-0.7954","-1.1362","-1.4595","3.5813","-16.1828","100.0000","64.7059","13153.6221","6553.5000","760.7800","0.0000","90.9325","91.0550","0.0000","69.0000","760.8080","14.4000","43.0000","950.5049","0.4540","0.2260","3.1839","0.7957","99.9000","11.7890","2.5500","0.0000","369.4875"
"33.000","89.3091","15","-0.9290","0.1315","-0.5595","-1.9733","-21.1246","10.7612","13.5000","0.1700","67.2864","45.50404284","-75.54463780","20.5938","12.2366","861.4000","33.4188","10.6281","31.0812","40.2562","4.0000","0.0036","-1.0369","-1.1882","-0.6110","4.0241","-13.2324","100.0000","62.3908","13164.7334","6553.5000","762.1800","0.0000","91.3231","90.5256","0.0000","69.0000","762.2080","14.4000","43.0000","950.5049","0.5456","0.2596","3.2112","0.7973","99.9000","11.7390","2.5500","0.0000","370.7253"
"33.050","89.6748","15","-0.9795","0.1375","-0.5635","-2.8207","-22.2290","10.7434","13.5000","0.1700","64.2053","45.50405412","-75.54463893","20.5938","12.2373","861.3500","31.7078","11.3977","31.3453","40.9594","4.0000","0.1297","-1.3994","-1.2256","1.5675","4.1705","-14.7457","100.0000","63.4398","13197.5107","6553.5000","763.5800","0.0000","92.0244","91.3537","0.0000","69.0000","763.6080","14.4000","43.0000","950.5049","0.6011","0.3651","3.3012","0.8001","99.9000","11.7110","2.3720","0.0000","371.9688"
"33.100","89.8048","15","-1.0455","0.1209","-0.5287","-4.2396","-23.6669","10.7454","13.5000","0.1700","60.3919","45.50406533","-75.54464096","20.5938","12.2381","861.0000","31.6000","10.5359","31.5969","42.0875","4.0000","-0.0575","-1.5742","-1.3748","4.0238","4.3938","-20.5992","100.0000","68.1391","13287.7109","6553.5000","764.9800","0.0000","93.1225","91.8925","0.0000","69.0000","765.0080","14.4000","43.0000","950.5049","0.8033","0.5720","3.2915","0.7912","99.5978","11.7610","1.4820","0.0000","373.2153"
"33.150","89.9020","15","-1.1062","0.0989","-0.4937","-5.6608","-24.9880","10.7493","13.5000","0.1695","57.2609","45.50407653","-75.54464306","20.5938","12.2388","861.0000","31.5922","8.8500","33.4813","43.0531","4.0000","-0.4420","-1.4395","-1.1592","5.5533","4.6586","-26.9719","100.0000","63.7866","13404.9336","6553.5000","766.3800","0.0000","93.4925","92.4675","0.0000","69.0000","766.4080","14.4000","43.0000","950.5049","1.1644","0.8887","3.2348","0.7767","99.1533","11.8000","0.7690","0.0000","374.4631"
"33.200","89.7028","15","-1.1199","0.0300","-0.4573","-7.1022","-25.2577","10.7697","13.5000","0.1645","56.5239","45.50408758","-75.54464584","20.5938","12.2396","861.4000","31.2313","9.2891","35.3500","43.5187","4.0000","-0.4261","-1.1431","-0.8805","5.5855","3.8723","-29.1383","100.0000","60.0000","13096.3330","6553.5000","767.7800","0.0000","93.3231","92.5744","0.0000","69.0000","767.8080","14.4000","43.0000","950.5049","1.9411","1.5227","3.2784","0.5995","87.1711","11.8000","0.7640","0.0000","375.7101"
"33.250","89.5121","15","-1.1250","-0.0461","-0.4226","-8.4983","-25.3376","10.7885","13.5000","0.1600","56.2259","45.50409861","-75.54464865","20.5938","12.2371","861.1500","34.1562","10.3281","35.0656","45.4469","4.0000","-0.4869","-0.9878","-0.8235","4.6596","1.7933","-26.2602","100.0000","58.9730","12700.9111","6553.5000","767.4400","0.0000","90.0195","90.6341","0.0000","69.0000","767.2940","14.4000","43.0000","950.5049","2.9133","2.3060","3.3331","0.4041","72.2778","11.8000","0.7660","0.0000","376.9544"
"33.300","89.3973","15","-1.0516","-0.1858","-0.4037","-9.4874","-23.7089","10.7928","13.5000","0.1600","60.0114","45.50410955","-75.54465181","20.5938","12.2310","860.9000","38.3563","10.3000","32.1250","48.7000","4.0000","-0.4229","-1.0640","-1.0425","3.7032","-0.5313","-21.3141","100.0000","57.2022","11974.7998","6553.5000","760.1400","0.0000","87.0000","88.7725","0.0000","69.0000","759.9940","14.4000","43.0000","950.5049","5.3082","4.9667","3.3592","0.2558","42.0000","11.8000","0.7960","0.0000","378.1967"
"33.350","89.1400","15","-0.9875","-0.3277","-0.3844","-10.5025","-22.3035","10.7978","13.5000","0.1600","63.6093","45.50412042","-75.54465503","20.5938","12.2249","861.3500","40.2250","8.6645","29.8844","49.7438","4.0000","-0.8170","-1.0215","-1.3113","2.7586","-1.7292","-17.9367","100.0000","56.1548","11388.3779","6553.5000","752.9100","0.0000","76.1100","84.4725","0.0000","69.0000","752.7710","14.4000","43.0000","950.5049","7.6900","7.6518","3.3876","0.1420","17.3067","11.8000","0.8310","0.0000","379.4353"
"33.400","87.6000","15","-1.0075","-0.4900","-0.3623","-11.7522","-22.9082","10.8088","13.5000","0.1600","60.8602","45.50413072","-75.54465877","20.5938","12.2188","861.4000","41.7938","7.3086","28.0969","49.6750","4.0000","-1.0884","-0.8723","-1.3652","2.0502","-1.2561","-16.8813","100.0000","54.8196","11161.1553","6553.5000","745.9600","0.0000","73.0180","83.1718","0.0000","69.0000","745.8210","14.4000","43.0000","950.5049","7.6900","7.6740","3.4221","0.1170","6.9733","11.8000","0.8860","0.0000","380.6618"
"33.450","86.0096","15","-1.0147","-0.6524","-0.3391","-12.9591","-23.2292","10.8213","13.4950","0.1600","58.9295","45.50414096","-75.54466252","20.5938","12.2127","861.1500","40.9625","7.3172","28.5547","48.7406","4.0000","-1.1765","-0.5753","-1.2747","1.7200","-0.3346","-16.3848","100.0000","50.1234","10984.5996","6553.5000","739.4100","0.0000","74.3732","80.3146","0.0000","69.0000","739.3110","14.4000","43.0000","950.5049","7.6900","7.4551","3.4283","0.0997","1.1733","11.8000","0.9310","0.0000","381.8647"
"33.500","83.9659","15","-0.9063","-0.8156","-0.3049","-13.7808","-20.9970","10.8465","13.4450","0.1600","63.6453","45.50415068","-75.54466631","20.5938","12.2066","861.4000","41.1813","7.3250","26.3062","48.8500","4.0000","-1.2358","-0.5077","-1.2495","1.6404","0.3257","-14.7285","100.0000","50.0737","10862.9336","6553.5000","734.4600","0.0000","73.4275","76.3150","0.0000","69.0000","734.3610","14.4000","43.0000","950.5049","7.6900","6.6162","3.4038","0.0908","0.2844","11.8000","0.9360","0.0000","383.0427"
"33.550","81.9275","15","-0.7929","-0.9730","-0.2714","-14.5773","-18.6417","10.8710","13.4000","0.1600","69.9463","45.50416034","-75.54467011","20.5938","12.2005","861.1500","42.7750","7.3934","27.2250","49.4750","4.0000","-1.2188","-0.3943","-1.0500","1.6934","0.8031","-11.7578","100.0000","50.0239","10664.9551","6553.5000","729.6600","0.0000","73.6575","76.2125","0.0000","69.0000","729.5760","14.4000","43.0000","950.5049","7.6900","6.5800","3.3726","0.0850","0.0000","11.8000","0.9210","0.0000","384.1937"
"33.600","79.9370","15","-0.6352","-1.0780","-0.2432","-15.1472","-15.1789","10.8894","13.4000","0.1600","83.8163","45.50416948","-75.54467391","20.5938","12.1944","861.0000","42.7000","7.5086","28.5250","49.9062","4.0000","-1.2661","-0.3604","-1.0542","1.7028","0.8620","-8.9600","100.0000","52.1124","10431.0664","6553.5000","725.4600","0.0000","72.6231","72.9820","0.0000","69.0000","725.3760","14.4000","43.0000","950.5049","7.6900","7.4133","3.3381","0.0805","0.0000","11.8000","0.8260","0.0000","385.3178"
"33.650","77.9540","15","-0.4819","-1.1766","-0.2144","-15.7321","-11.8025","10.9077","13.4000","0.1605","105.1194","45.50417857","-75.54467772","20.5938","12.1883","860.6500","42.7062","8.7352","29.5578","49.8031","4.0000","-1.2202","-0.3511","-1.0449","1.3016","0.1117","-6.8334","100.0000","55.0272","10109.6670","6553.5000","721.2900","0.0000","69.5537","71.1585","0.0000","69.0000","721.2090","14.4000","43.0000","950.5049","7.6900","7.6838","3.3501","0.0678","0.0000","11.7450","0.7490","0.0000","386.4109"
"33.700","76.0392","15","-0.3686","-1.2175","-0.1807","-16.4512","-9.2049","10.9247","13.4000","0.1655","131.4740","45.50418720","-75.54468164","20.5938","12.1822","861.4000","45.1063","9.1766","26.5500","49.6937","4.0000","-1.1672","-0.0225","-0.9902","0.8561","-0.9787","-4.5246","100.0000","52.7148","9772.1113","6553.5000","717.2400","0.0000","67.7300","67.8750","0.0000","69.0000","717.1590","14.4000","43.0000","950.5049","7.6900","7.6893","3.3502","0.0570","0.0000","11.4950","0.7440","0.0000","387.4782"
"33.750","74.0979","15","-0.2537","-1.2535","-0.1501","-17.0633","-6.5339","10.9401","13.4000","0.1695","180.4898","45.50419579","-75.54468551","20.5938","12.1761","861.3500","46.4313","9.6539","25.2781","49.9219","4.0000","-1.1687","0.4060","-1.0806","0.6550","-1.3159","-0.6300","100.0000","50.4025","9386.0000","6553.5000","713.2800","0.0000","65.1600","64.9200","0.0000","69.0000","713.2080","14.4000","38.1600","950.5049","7.6900","7.6900","3.1396","0.0820","0.0000","11.3000","0.7440","0.0000","388.5196"
"33.800","71.9175","15","-0.1242","-1.2453","-0.1476","-16.7130","-3.2033","10.9403","13.4000","0.1645","357.3220","45.50420394","-75.54468886","20.5938","12.1700","861.0000","46.6562","9.9828","24.8250","48.7125","4.0000","-1.2256","0.5405","-1.1609","0.4029","-1.1691","5.3908","100.0000","50.0094","9038.7773","6553.5000","709.6800","0.0000","63.8615","61.3769","0.0000","69.0000","709.6080","14.4000","16.1600","950.5049","7.6900","7.6767","3.0207","0.1017","0.0000","11.3000","0.7640","0.0000","389.5334"
"33.850","69.7563","15","0.0062","-1.2316","-0.1437","-16.3381","0.1924","10.9412","13.4000","0.1600","5771.4878","45.50421205","-75.54469215","20.5938","12.1639","861.0000","46.0531","11.2867","25.3687","46.4688","4.0000","-1.1462","0.3785","-1.0277","0.4045","-1.4910","11.6977","100.0000","50.0000","8791.5557","6553.5000","705.9300","0.0000","61.1415","60.3537","0.0000","69.0000","705.8430","14.4000","-1.0000","950.5049","7.6900","7.5100","3.1373","0.1078","0.0000","11.3000","0.7860","0.0000","390.5137"
"33.900","67.7681","15","0.1437","-1.1683","-0.1265","-15.7418","4.1731","10.9468","13.4000","0.1600","258.4572","45.50421983","-75.54469489","20.5938","12.1578","861.0000","46.9625","11.5797","25.3219","48.5625","4.0000","-1.1733","0.2357","-0.9423","0.9525","-2.0494","15.4801","100.0000","50.3384","8612.0664","6553.5000","701.5800","0.0000","57.6800","59.0025","0.0000","69.0000","701.4930","14.4000","-1.0000","950.5049","7.6900","7.2889","3.1769","0.3241","7.6267","11.3000","0.8160","0.0000","391.4666"
"33.950","65.7952","15","0.2698","-1.1043","-0.1129","-15.1906","7.8500","10.9514","13.4000","0.1600","133.3970","45.50422757","-75.54469763","20.5938","12.1517","861.0000","47.2375","11.5906","25.2875","49.9219","3.8800","-1.1587","0.1001","-1.0310","1.2548","-1.9254","15.5160","100.0000","50.8511","8505.9551","6553.5000","699.0800","0.0000","57.6875","56.8600","0.0000","69.0000","699.1780","14.4000","-1.0000","950.5049","7.6900","6.9278","3.1330","0.7680","23.5156","11.3330","0.8460","0.0000","392.3931"
"34.000","63.9603","15","0.2929","-1.0331","-0.1310","-15.0463","8.7925","10.9462","13.4000","0.1600","115.7762","45.50423487","-75.54470040","20.5938","12.1456","861.0000","46.6188","12.8594","24.8563","47.3625","3.0000","-1.1262","0.0828","-1.0408","0.9196","-1.0299","12.6309","100.0000","50.9947","9263.0664","6553.5000","703.9800","0.0000","59.0641","58.4692","0.0000","69.0000","704.0780","14.4000","-1.0000","950.5049","7.6900","6.8600","2.9853","0.8938","50.5111","11.4830","0.8760","0.0000","393.2943"
"34.050","62.1373","15","0.3137","-0.9566","-0.1466","-14.8445","9.6660","10.9418","13.4000","0.1605","102.3118","45.50424213","-75.54470311","20.5938","12.1396","861.0000","46.7812","14.3070","24.8438","45.3812","3.0000","-1.0331","0.3170","-0.9199","1.0183","0.2779","9.4809","100.0000","52.4648","10426.4004","6553.5000","708.7400","0.0000","57.7293","57.2122","0.0000","69.0000","708.8240","14.4000","-1.0000","950.5049","7.6900","7.1100","2.7886","0.8699","82.7333","11.6110","0.8970","0.0000","394.1669"
"34.100","60.4226","15","0.3133","-0.8329","-0.1397","-14.1253","9.9188","10.9446","13.4000","0.1655","96.9528","45.50424910","-75.54470533","20.5938","12.1335","861.0000","46.0000","15.8719","26.5375","43.8000","3.0000","-0.7003","0.5242","-1.0311","2.6681","1.8427","7.7205","100.0000","54.5716","10649.5996","6553.5000","712.9400","0.0000","63.0500","63.6675","0.0000","69.0000","713.0240","14.4000","-1.0000","950.5049","7.5351","6.3778","3.0119","0.8382","92.5156","11.6610","0.8820","0.0000","395.0161"
"34.150","58.8288","15","0.3101","-0.7095","-0.1287","-13.4418","10.0717","10.9489","13.4000","0.1695","92.9620","45.50425608","-75.54470754","20.5938","12.1274","861.5000","40.2281","16.1938","32.1437","42.9219","3.0000","-0.5853","0.0700","-1.3306","4.4959","3.0746","6.1742","100.0000","56.5713","10699.3555","6553.5000","716.6300","0.0000","65.0100","69.7000","0.0000","69.0000","716.6630","14.4000","-1.0000","950.5049","7.3073","5.1833","3.2788","0.7921","98.0778","11.7110","0.8700","0.0000","395.8443"
"34.200","58.3224","15","0.2816","-0.5893","-0.0813","-13.0804","9.3258","10.9667","13.4000","0.1645","99.5331","45.50426311","-75.54470970","20.5938","12.1213","861.0000","38.5250","17.7938","33.3563","41.7000","3.0000","-0.1971","-0.3549","-1.2598","4.9406","3.0586","3.5412","100.0000","58.5710","10228.7998","6553.5000","718.2800","0.0000","67.6846","64.5333","0.0000","69.0000","718.3130","14.4000","-1.0000","950.5049","6.9524","4.7956","3.3894","0.5938","90.3000","11.7610","0.8700","0.0000","396.6586"
"34.250","57.8878","15","0.2542","-0.4772","-0.0388","-12.7658","8.6030","10.9821","13.4000","0.1605","107.0916","45.50427014","-75.54471189","20.5938","12.1152","861.5000","38.9625","17.8766","34.0344","41.5219","3.0000","-0.0889","-0.3135","-1.0634","4.1718","1.2745","0.5786","100.0000","59.0909","9579.2002","6553.5000","718.4500","0.0000","61.3976","60.8585","0.0000","69.0000","718.3350","14.4000","-1.0000","950.5049","6.6158","4.5480","3.4496","0.4283","76.0200","11.8000","0.8620","0.0000","397.4650"
"34.300","58.0996","15","0.2357","-0.4369","-0.0413","-12.8717","8.0881","10.9757","13.4000","0.1655","114.3258","45.50427726","-75.54471424","20.5938","12.1166","861.9000","41.4688","17.9094","33.7188","43.2938","3.0000","-0.2914","0.1463","-0.8922","2.6286","-2.1022","-0.0645","100.0000","59.0158","8469.2002","6553.5000","712.7000","0.0000","56.0650","56.9975","0.0000","69.0000","712.5850","14.4000","-1.0000","950.5049","6.6880","4.6480","3.3801","0.3472","45.0200","11.8000","0.8220","0.0000","398.2708"
"34.350","58.1462","15","0.2318","-0.4064","-0.0465","-12.8547","8.0886","10.9686","13.4000","0.1700","114.4117","45.50428434","-75.54471652","20.5938","12.1261","861.6500","46.4281","14.0562","25.7219","47.1406","3.0000","-0.8285","0.6476","-1.0972","0.9352","-4.6367","3.5463","100.0000","58.9020","7736.2666","6553.5000","706.9901","0.0000","44.7050","44.9175","0.0000","69.0000","706.8790","14.4000","-1.0000","950.5049","6.7276","4.6951","3.3427","0.2903","23.1933","11.8000","0.8070","0.0000","399.0769"
"34.400","56.7071","15","0.3592","-0.4641","-0.0758","-11.7308","12.7268","10.9553","13.4000","0.1700","70.9150","45.50429101","-75.54471811","20.5938","12.1356","861.5000","47.8625","13.3047","26.3500","48.8312","3.0000","-1.1711","0.8103","-1.2739","-0.4950","-4.2885","11.8090","100.0000","58.8133","7411.8223","6553.5000","701.4400","0.0000","49.3667","49.6026","0.0000","69.0000","701.3290","14.4000","-1.0000","950.5049","6.6831","4.6062","3.3399","0.2598","11.3044","11.8000","0.8920","0.0000","399.8735"
"34.450","55.2416","15","0.4892","-0.5244","-0.1015","-10.5626","17.4976","10.9436","13.4000","0.1700","50.2467","45.50429763","-75.54471964","20.5938","12.1451","861.5000","47.4219","13.9758","26.3375","44.9875","3.0000","-1.3254","0.9127","-1.2031","-1.7419","-2.3160","22.4828","100.0000","58.8896","7169.7334","6553.5000","696.2100","0.0000","43.3049","41.9829","0.0000","69.0000","696.1310","14.4000","-1.0000","950.5049","6.4040","4.3280","3.3643","0.2379","5.6489","11.8000","0.9610","0.0000","400.6484"
"34.500","53.5383","15","0.6431","-0.6086","-0.0950","-8.9951","23.4613","10.9477","13.4000","0.1700","36.3190","45.50430389","-75.54472052","20.5938","12.1547","861.5000","48.1813","15.0656","25.6750","44.9250","3.0000","-1.1436","1.1482","-1.2234","-2.8473","-0.2383","34.2758","100.0000","59.4330","6966.3999","6553.5000","692.2600","0.0000","41.6350","41.1225","0.0000","69.0000","692.1810","14.4000","-1.0000","950.5049","5.8707","3.8447","3.4015","0.2201","2.9267","11.8000","0.9660","0.0000","401.4019"
"34.550","51.8203","15","0.7947","-0.6915","-0.0907","-7.3617","29.4055","10.9501","13.4000","0.1700","28.0473","45.50431010","-75.54472133","20.5938","12.1642","861.5000","50.7250","15.6648","23.8969","44.3375","3.0000","-1.0847","1.3015","-1.2646","-3.7723","1.2524","45.6094","100.0000","59.9666","6730.3110","6553.5000","688.4301","0.0000","45.3225","36.8025","0.0000","69.0000","688.3630","14.4489","-1.0000","950.5049","4.5327","2.8551","3.4744","0.2239","2.2089","11.8000","0.9720","0.0000","402.1325"
"34.600","49.9695","15","0.9262","-0.7613","-0.1058","-5.1346","35.1749","10.9368","13.4000","0.1700","22.6096","45.50431593","-75.54472142","20.5938","12.1737","861.5000","50.6312","19.8406","26.1719","41.3125","3.0000","-0.9154","1.3450","-1.0430","-3.5392","1.5612","54.9125","100.0000","60.5001","6480.5557","6553.5000","685.0800","0.0000","46.8231","31.2821","0.0000","69.0000","685.0130","14.4956","-1.0000","950.5049","2.8160","1.6273","3.5410","0.2332","1.7911","11.8000","0.9820","0.0000","402.8393"
"34.650","48.1955","15","1.0573","-0.8241","-0.1200","-2.8319","41.0222","10.9239","13.3950","0.1710","18.6985","45.50432174","-75.54472142","20.5938","12.1832","861.5000","50.4031","21.6656","27.0609","41.2781","3.0000","-0.5229","1.3279","-0.9105","-2.0718","0.9374","61.8922","100.0000","62.0063","6125.0000","6553.5000","681.8700","0.0000","46.5000","27.6780","0.0000","69.0000","681.8170","14.4400","-1.0000","950.5049","1.3536","0.7711","3.4788","0.2726","1.6800","11.8110","0.9870","0.0000","403.5182"
"34.700","47.1125","15","1.1862","-0.8242","-0.1271","0.1523","47.5719","10.9140","13.3450","0.1810","15.7618","45.50432736","-75.54472052","20.5938","12.1928","861.1000","48.3563","22.2781","28.8312","42.0812","3.0000","-0.1621","1.0583","-0.6433","-0.8370","-0.3322","66.8313","100.0000","63.8142","5839.9111","6553.5000","679.2200","0.0000","41.9200","29.8000","0.0000","69.0000","679.1671","14.4156","-1.0000","950.5049","0.0373","0.0251","3.4296","0.3169","1.7556","11.8610","0.9720","0.0000","404.1790"
"34.750","46.0550","15","1.3022","-0.8145","-0.1380","3.0471","53.6449","10.9032","13.3000","0.1905","13.6637","45.50433295","-75.54471958","20.5938","12.2023","861.5000","48.9437","22.6250","27.2203","41.7750","3.0000","-0.2110","0.8518","-0.6888","-0.2707","-1.8572","69.7125","100.0000","61.7695","5736.0225","6553.5000","676.8500","0.0000","41.0975","28.4825","0.0000","69.0000","676.8250","14.4711","-1.0000","950.5049","0.0040","-0.0360","3.4141","0.3735","2.3111","11.9000","0.9650","0.0000","404.8255"
"34.800","45.2261","15","1.3015","-0.7160","-0.1838","5.1376","55.4282","10.8851","13.3000","0.1955","12.9861","45.50433838","-75.54471825","20.5938","12.2118","861.5000","48.8750","22.5688","26.2062","40.6250","3.0000","-0.3682","0.9121","-1.0463","-0.2146","-2.9125","70.3451","100.0000","47.1648","5710.7998","6553.5000","675.6000","0.0000","40.3205","28.0051","0.0000","69.0000","675.5750","14.5000","-1.0000","950.5049","-0.0184","-0.0769","3.3924","0.4961","6.2267","11.9000","0.9900","0.0000","405.4596"
"34.850","44.3803","15","1.2929","-0.6151","-0.2273","7.2852","56.8194","10.8684","13.3000","0.2005","12.4312","45.50434376","-75.54471686","20.5938","12.2213","861.5000","49.4437","22.0578","27.2797","40.8906","3.0000","-0.0734","1.0503","-1.0310","-0.7954","-3.0070","69.7875","100.0000","32.5601","5770.7998","6553.5000","675.2800","0.0000","41.3049","28.0829","0.0000","69.0000","675.3480","14.5000","-1.0000","950.5049","-0.0129","-0.0658","3.3641","0.6900","13.7822","11.9000","0.9940","0.0000","406.0804"
"34.900","43.3820","15","1.2124","-0.4922","-0.2497","9.9464","54.6831","10.8633","13.3000","0.2055","12.6263","45.50434875","-75.54471488","20.5938","12.2309","861.5000","49.3125","22.0750","27.9844","39.1562","3.0000","-0.3051","1.0920","-1.1243","-1.6959","-2.2562","68.2625","100.0000","19.3333","6276.2002","6553.5000","678.6801","0.0000","41.5900","29.9000","0.0000","69.0000","678.7480","14.5000","-1.0000","950.5049","-0.0073","-0.0547","3.3792","0.8124","29.1956","11.9000","0.9140","0.0000","406.6887"
"34.950","42.3770","15","1.1409","-0.3749","-0.2680","12.6355","52.8954","10.8588","13.3000","0.2100","12.7507","45.50435370","-75.54471284","20.5938","12.2404","861.3500","48.9375","24.4922","26.6125","38.6750","3.0000","-0.2571","1.1599","-1.0818","-1.5884","-1.0221","66.2688","100.0000","14.5714","6991.2002","6553.5000","682.0700","0.0000","41.3225","37.3800","0.0000","69.0000","682.1370","14.5000","-1.0000","950.5049","-0.0018","-0.0436","3.4147","0.9013","48.3067","11.8890","0.8720","0.0000","407.2837"
"35.000","41.3124","15","1.1490","-0.3073","-0.2490","15.5747","54.2458","10.8598","13.3000","0.2100","12.1209","45.50435825","-75.54471020","20.5938","12.2499","861.5000","47.6562","25.3531","26.7344","40.1688","3.0000","-0.2007","1.2029","-0.9542","-0.4896","0.8227","64.3625","100.0000","8.3439","7539.4888","6553.5000","685.4200","0.0000","42.8333","42.9179","0.0000","69.0000","685.4871","14.5000","-1.0000","950.5049","-0.0113","-0.0362","3.3603","0.9096","60.5244","11.8390","0.9820","0.0000","407.8648"
"35.050","40.3443","15","1.1581","-0.2404","-0.2345","18.5468","55.6224","10.8594","13.3000","0.2095","11.5439","45.50436278","-75.54470748","20.5938","12.2594","861.5000","43.5594","27.5766","28.8531","37.6344","3.0000","0.1675","0.9299","-0.9414","0.3050","2.5248","61.6063","100.0000","2.0228","8018.9111","6553.5000","688.5900","0.0000","47.9878","47.7805","0.0000","69.0000","688.6390","14.5044","-1.0000","950.5049","-0.0280","-0.0307","3.2994","0.9080","71.1089","11.8000","1.0490","0.0000","408.4305"
"35.100","40.2457","15","1.1761","-0.1789","-0.2601","21.8152","57.2348","10.8465","13.3000","0.2045","11.1913","45.50436720","-75.54470405","20.5938","12.2690","861.5000","43.0938","33.1813","31.0187","34.7625","3.0000","0.5189","0.7421","-0.9768","0.4384","2.4227","56.1625","100.0000","0.0000","7967.7998","6553.5000","691.0400","0.0000","48.3050","48.3325","0.0000","69.0000","691.0890","14.5600","-1.0000","950.5049","-0.0153","-0.0349","3.3044","0.9208","73.7200","11.8000","0.9440","0.0000","408.9902"
"35.150","40.2116","15","1.1985","-0.1159","-0.2883","25.0117","59.0407","10.8316","13.3000","0.1995","10.8398","45.50437162","-75.54470055","20.5938","12.2785","861.3500","43.0969","35.1594","31.4188","34.7344","3.0000","0.5280","0.8174","-0.8656","0.6253","0.4257","49.0938","100.0000","30.0000","7958.2222","6553.5000","693.4000","0.0000","48.1675","48.5425","0.0000","69.0000","693.4400","14.6000","-1.0000","950.5049","0.0000","-0.0400","3.3004","0.9266","75.1333","11.8110","0.8600","0.0000","409.5493"
"35.200","40.7580","15","1.2597","-0.0384","-0.3390","27.5598","62.5883","10.7988","13.3000","0.1945","10.3643","45.50437603","-75.54469648","20.5938","12.2880","861.5000","45.4313","32.7812","30.6875","36.9688","3.0000","0.4447","1.1614","-0.7904","1.4721","-1.6754","43.7000","100.0000","35.0000","8055.4443","6553.5000","695.4000","0.0000","48.6462","48.3359","0.0000","69.0000","695.4400","14.6000","-1.0000","950.5049","0.0000","-0.0400","3.2732","0.9144","73.4667","11.8610","0.8600","0.0000","410.1120"
"35.250","41.2409","15","1.3169","0.0427","-0.3874","30.2186","65.9005","10.7687","13.3000","0.1900","9.9600","45.50438038","-75.54469233","20.5938","12.2975","861.5000","45.5281","27.4234","29.1250","38.7375","3.0000","0.4981","1.3086","-0.7792","2.0575","-1.9022","42.1875","100.0000","10.0000","8138.7998","6553.5000","697.2800","0.0000","50.3122","50.0219","0.0000","69.0000","697.3080","14.6000","-1.0000","950.5049","0.0000","-0.0369","3.2955","0.8893","71.0800","11.8890","0.8590","0.0000","410.6822"
"35.300","41.1536","15","1.3380","0.1560","-0.4146","33.8744","67.0935","10.7617","13.3000","0.1900","9.7622","45.50438423","-75.54468748","20.5938","12.3070","861.4000","44.8438","25.3156","26.6313","36.6813","3.0000","0.5593","1.3662","-0.9894","1.2283","-0.0042","44.1688","100.0000","0.0000","8207.1338","6553.5000","698.6800","0.0000","49.7325","50.4325","0.0000","69.0000","698.7080","14.6000","-1.0000","950.5049","0.0000","-0.0258","3.3716","0.8504","67.9133","11.8390","0.8540","0.0000","411.2542"
"35.350","41.0992","15","1.3520","0.2615","-0.4383","37.5514","67.8699","10.7549","13.3000","0.1900","9.6378","45.50438804","-75.54468254","20.5938","12.3138","861.5000","43.8187","27.5578","28.1797","33.6969","3.0000","0.6235","1.4211","-1.1064","-0.0560","1.9619","46.6688","99.8700","0.0000","8117.9331","6553.5000","700.1500","0.0000","49.2450","49.4800","0.0000","69.0000","700.1850","14.6000","-1.0000","950.5049","0.0000","-0.0200","3.3881","0.8493","66.2956","11.8110","0.8540","0.0000","411.8256"
"35.400","41.3416","15","1.3027","0.2960","-0.4305","41.4201","64.8970","10.7490","13.3000","0.1900","10.1387","45.50439150","-75.54467687","20.5938","12.3176","861.4000","43.8625","29.8438","30.8937","32.8750","3.0000","0.4620","1.2529","-0.9946","-0.3689","1.7945","46.9500","99.5992","0.0000","7954.6001","6553.5000","701.9000","0.0000","48.3026","48.2128","0.0000","69.0000","701.9350","14.6000","-1.0000","950.5049","0.0000","-0.0200","3.3764","0.8660","65.4067","11.8610","0.8740","0.0000","412.3983"
"35.450","41.6293","15","1.2559","0.3264","-0.4326","45.1721","62.0361","10.7393","13.3000","0.1900","10.6801","45.50439493","-75.54467114","20.5938","12.3214","861.1500","46.3094","29.3578","33.1875","37.1969","3.0000","0.3430","1.0920","-0.8625","0.3836","-0.2398","45.0938","99.3283","0.0000","8026.4224","6553.5000","703.5700","0.0000","48.5463","48.7000","0.0000","69.0000","703.5970","14.6000","-1.0000","950.5049","0.0000","-0.0238","3.4014","0.8103","63.8822","11.9000","0.8870","0.0000","412.9750"
"35.500","42.3239","15","1.2317","0.3199","-0.5243","47.8740","60.1827","10.6947","13.3000","0.1900","11.1927","45.50439816","-75.54466490","20.5938","12.3253","861.4000","46.1875","25.8219","32.2562","39.8750","3.0000","0.3683","0.9644","-0.9342","0.5581","-1.8252","42.3125","99.0575","0.0000","8103.1113","6553.5000","704.9200","0.0000","48.7950","49.0675","0.0000","69.0000","704.9470","14.6000","-1.0000","950.5049","0.0000","-0.0293","3.4273","0.7435","61.4444","11.9000","0.8720","0.0000","413.5589"
"35.550","42.9543","15","1.2086","0.3079","-0.6066","50.5227","58.3891","10.6538","13.3000","0.1895","11.7083","45.50440136","-75.54465865","20.5938","12.3291","861.5000","45.4625","23.5109","26.7719","39.1344","3.0000","0.3343","0.8600","-1.1646","-0.7172","-1.4187","38.8406","98.7867","0.0000","7867.0000","6553.5000","706.2500","0.0000","48.3900","48.5475","0.0000","69.0000","706.2750","14.6000","-1.0000","950.5049","0.0147","-0.0202","3.4062","0.6618","49.5000","11.9000","0.8570","0.0000","414.1509"
"35.600","43.0064","15","1.1950","0.2457","-0.6054","52.6915","57.1333","10.6450","13.3000","0.1845","11.9802","45.50440427","-75.54465219","20.5938","12.3329","861.5000","43.2125","23.7563","26.2875","35.6937","3.0000","0.2941","0.8983","-1.2227","-3.0027","0.1906","34.3250","98.5158","0.0000","7606.7778","6553.5000","707.5000","0.0000","46.4744","47.1641","0.0000","69.0000","707.5250","14.6000","-1.0000","950.5049","0.0300","-0.0100","3.4010","0.5857","38.5356","11.9000","0.8420","0.0000","414.7475"
"35.650","43.0699","15","1.1805","0.1822","-0.6049","54.9037","55.8661","10.6355","13.3000","0.1795","12.2700","45.50440713","-75.54464567","20.5938","12.3367","861.5000","46.2625","24.1812","26.4266","32.9969","3.0000","0.3135","1.2134","-1.0964","-3.6691","0.9974","29.0031","98.2450","61.4754","7284.5557","6553.5000","708.4300","0.0000","45.2659","45.3317","0.0000","69.0000","708.4230","14.6000","-1.0000","950.5049","0.0300","-0.0100","3.4365","0.5241","30.0911","11.9110","0.8250","0.0000","415.3454"
"35.700","43.2360","15","1.1578","0.1083","-0.6104","57.5062","54.4957","10.6196","13.3000","0.1745","12.6271","45.50440958","-75.54463872","20.5938","12.3405","861.1000","48.0500","24.3156","30.2969","36.7938","3.0000","0.1439","1.3843","-0.9946","-1.7563","0.0768","23.7156","97.9742","122.9508","6909.2666","6553.5000","708.0800","0.0000","44.2275","43.0975","0.0000","69.0000","708.0730","14.6267","-1.0000","950.5049","0.0269","-0.0116","3.4467","0.4571","22.0467","11.9610","0.8000","0.0000","415.9449"
"35.750","43.3559","15","1.1362","0.0304","-0.6227","60.1318","53.2115","10.6023","13.3000","0.1705","12.9677","45.50441198","-75.54463175","20.5938","12.3443","861.3500","48.0938","22.2844","30.3781","41.0719","3.0000","-0.1024","1.2817","-0.9766","-0.2304","-1.3440","20.6437","97.7033","150.0000","6476.4888","6553.5000","707.0000","0.0000","43.5675","42.2550","0.0000","69.0000","706.9200","14.6822","-1.0000","950.5049","0.0158","-0.0171","3.4295","0.3843","14.4356","11.9890","0.7790","0.0000","416.5460"
"35.800","43.0601","15","1.1248","-0.0840","-0.6953","62.9653","52.7035","10.5710","13.3000","0.1755","13.0034","45.50441387","-75.54462464","20.5938","12.3481","861.5000","49.0500","20.4969","25.9750","41.2375","3.0000","-0.3223","1.4209","-0.9828","-0.0441","-1.5168","22.6781","97.4325","150.0000","6213.3335","6553.5000","703.0000","0.0000","41.7282","38.3128","0.0000","69.0000","702.9200","14.7000","-1.0000","950.5049","0.0260","-0.0200","3.3775","0.3618","8.0333","11.9390","0.7740","0.0000","417.1458"
"35.850","42.6936","15","1.1247","-0.1964","-0.7676","65.8953","52.7791","10.5389","13.3000","0.1805","12.8742","45.50441567","-75.54461755","20.5938","12.3519","861.1500","48.6656","18.9453","25.3281","40.9594","3.0000","-0.8219","1.6914","-1.1377","-0.2963","-0.4655","29.4297","97.1617","104.8387","6030.0000","6553.5000","698.8200","0.0000","42.3610","31.3463","0.0000","69.0000","698.7220","14.7000","-1.0000","950.5049","0.0593","-0.0200","3.3092","0.3629","2.2000","11.9110","0.7790","0.0000","417.7406"
"35.900","41.6913","15","1.2249","-0.2908","-0.8365","69.6930","58.1084","10.4992","13.3000","0.1855","11.4190","45.50441668","-75.54461059","20.5938","12.3557","861.5000","48.2938","19.2563","25.2406","39.6937","3.0000","-1.2041","1.7014","-1.4541","-0.0795","0.4487","38.2812","96.8908","24.1935","5963.5112","6553.5000","693.9200","0.0000","40.5650","31.5425","0.0000","69.0000","693.8220","14.7000","-1.0000","950.5049","0.0587","-0.0162","3.3386","0.3596","0.7667","11.9610","0.8240","0.0000","418.3253"
"35.950","40.6813","15","1.3213","-0.3776","-0.9026","73.4341","63.3343","10.4618","13.3000","0.1900","10.2230","45.50441763","-75.54460364","20.5938","12.3595","861.1500","47.2687","20.0781","24.7156","40.5438","3.0000","-1.3174","1.5547","-1.5596","0.5283","0.6217","46.9437","96.6200","90.7407","5901.0889","6553.5000","689.2700","0.0000","38.6600","32.9500","0.0000","69.0000","689.1970","14.7000","-1.0000","950.5049","0.0420","-0.0107","3.3794","0.3562","0.0000","11.9890","0.8720","0.0000","418.8968"
"36.000","39.6020","15","1.3827","-0.3961","-0.9436","76.6649","67.6289","10.4449","13.3000","0.1900","9.3198","45.50441811","-75.54459687","20.5938","12.3634","861.4000","48.2687","20.0969","23.9250","42.6375","3.0000","-1.3413","1.4954","-1.4817","1.1256","0.7974","55.0625","96.3492","140.0000","5702.2002","6553.5000","685.6200","0.0000","37.7846","32.2282","0.0000","69.0000","685.5470","14.7000","-1.0000","950.5049","0.0302","-0.0100","3.3966","0.3590","0.0000","11.9390","0.9320","0.0000","419.4543"
"36.050","38.5493","15","1.4352","-0.4130","-0.9866","79.9224","71.5089","10.4262","13.3000","0.1900","8.5798","45.50441853","-75.54459013","20.5938","12.3672","861.6500","49.1594","20.1656","26.9922","42.7313","3.0000","-0.8889","1.4500","-1.1492","1.4877","1.2849","62.3250","96.0783","137.9739","5529.2891","6553.5000","682.5200","0.0000","37.3463","28.9146","0.0000","69.0000","682.5020","14.7156","-1.0000","950.5049","0.0200","-0.0096","3.4190","0.3980","1.4000","11.9000","0.9890","0.0000","419.9953"
"36.100","37.7367","15","1.4067","-0.4159","-1.0476","83.4207","71.6574","10.3913","13.3000","0.1900","8.3815","45.50441846","-75.54458366","20.5938","12.3710","861.5000","48.1250","20.5156","29.3281","40.2125","3.0000","-0.6233","1.1279","-0.8890","0.8418","0.8244","67.2375","95.8075","134.7059","5423.1777","6553.5000","681.6200","0.0000","37.1750","27.7100","0.0000","69.0000","681.6020","14.7711","-1.0000","950.5049","0.0200","-0.0040","3.4545","0.5302","6.4000","11.9000","1.0340","0.0000","420.5242"
"36.150","36.9396","15","1.3771","-0.4194","-1.1104","86.9156","71.7439","10.3568","13.3000","0.1895","8.1946","45.50441834","-75.54457721","20.5938","12.3748","861.3500","48.6906","20.6469","27.3875","39.0062","3.0000","-0.5740","1.0564","-0.8922","-0.4730","-0.8075","69.5625","95.5367","61.7284","5432.7998","6553.5000","681.4600","0.0000","37.0100","27.6675","0.0000","69.0000","681.5160","14.8000","-1.0000","950.5049","0.0200","-0.0016","3.4375","0.6345","11.9333","11.9110","1.0460","0.0000","421.0424"
"36.200","36.2832","15","1.3369","-0.4287","-1.1905","90.3814","71.2724","10.3264","13.3000","0.1845","8.1022","45.50441772","-75.54457096","20.5938","12.3786","861.1000","50.2188","20.6000","25.4594","39.9188","3.0000","-0.4479","1.2029","-1.0480","-1.3539","-1.7082","70.9750","95.2658","50.0000","5567.7998","6553.5000","684.2600","0.0000","36.6026","28.3051","0.0000","69.0000","684.3160","14.8000","-1.0000","950.5049","0.0200","-0.0071","3.3636","0.7084","18.0444","11.9610","0.9260","0.0000","421.5510"
"36.250","35.6136","15","1.2958","-0.4314","-1.2627","93.7983","70.7479","10.2982","13.3000","0.1800","8.0117","45.50441707","-75.54456476","20.5938","12.3824","861.5000","49.5687","20.6141","26.5953","39.8969","3.0000","-0.5653","1.2886","-1.1887","-1.8399","-0.9708","72.3812","94.9950","77.8761","5729.6221","6553.5000","686.9800","0.0000","36.6122","32.3878","0.0000","69.0000","687.0280","14.8000","-1.0000","950.5049","0.0173","-0.0127","3.3415","0.7970","22.9089","11.9890","0.8310","0.0000","422.0492"
"36.300","34.8248","15","1.2465","-0.3749","-1.2641","96.7753","69.7465","10.2902","13.3000","0.1800","7.9467","45.50441612","-75.54455897","20.5938","12.3862","861.4000","48.9688","21.9375","28.4688","39.5312","3.0000","-0.2687","1.2358","-0.9945","-2.0105","0.3751","73.2125","94.7242","33.6283","5904.0669","6553.5000","689.3800","0.0000","35.7175","33.3350","0.0000","69.0000","689.4280","14.8000","-1.0000","950.5049","0.0118","-0.0182","3.3437","0.8925","27.1867","11.9390","0.8360","0.0000","422.5374"
"36.350","34.0463","15","1.2001","-0.3168","-1.2723","99.8686","68.8682","10.2804","13.3000","0.1805","7.8681","45.50441510","-75.54455324","20.5938","12.3900","861.5000","48.9406","22.8328","29.4266","39.6375","3.0000","-0.0359","1.0325","-0.7629","-1.8874","1.2093","72.7250","94.4533","0.0000","6332.7334","6553.5000","691.6400","0.0000","35.9525","34.3100","0.0000","69.0000","691.6740","14.8000","-1.0000","950.5049","0.0100","-0.0200","3.3020","0.9475","43.9800","11.9000","0.8520","0.0000","423.0153"
"36.400","33.3595","15","1.1801","-0.2455","-1.3413","104.0088","69.0973","10.2549","13.3000","0.1855","7.6838","45.50441354","-75.54454798","20.5938","12.3904","861.5000","47.2438","22.8312","28.3156","38.3500","3.0000","0.0093","1.1257","-0.9437","-1.6391","1.5578","71.3625","94.4425","0.0000","6760.2446","6553.5000","693.3400","0.0000","38.7769","42.4692","0.0000","69.0000","693.3740","14.8000","-1.0000","950.5049","0.0100","-0.0200","3.2661","0.9917","62.3022","11.9000","0.9120","0.0000","423.4835"
"36.450","32.7384","15","1.1639","-0.1727","-1.4065","108.0817","69.5036","10.2295","13.3000","0.1900","7.4967","45.50441193","-75.54454273","20.5938","12.3869","861.5000","45.7875","23.3641","27.2984","36.8688","3.0000","0.1621","1.2751","-1.1118","-1.0694","2.0538","70.2875","94.7133","0.0000","6775.7998","6553.5000","694.8700","0.0000","41.8171","41.0073","0.0000","69.0000","694.8870","14.8000","-1.0000","950.5049","0.0051","-0.0347","3.3672","0.9756","78.5800","11.8890","0.9490","0.0000","423.9416"
"36.500","32.7088","15","1.1812","-0.0873","-1.4366","111.5478","71.5053","10.2053","13.3000","0.1900","7.2802","45.50440990","-75.54453765","20.5938","12.3835","861.5000","43.4000","24.2750","28.4750","35.7625","3.0000","0.2465","1.1411","-1.0784","-0.3712","2.6531","69.0750","94.9842","0.0000","6795.0889","6553.5000","695.7200","0.0000","41.7325","40.9300","0.0000","69.0000","695.7370","14.8000","-1.0000","950.5049","0.0004","-0.0496","3.4257","0.9691","91.6067","11.8390","0.8940","0.0000","424.3961"
"36.550","32.7201","15","1.1913","-0.0029","-1.4616","115.0011","73.0006","10.1825","13.3000","0.1895","7.1336","45.50440783","-75.54453259","20.5938","12.3801","861.5000","43.4750","27.3094","30.8047","37.6219","3.0000","0.2777","0.9532","-1.0095","0.1081","2.7668","66.6188","95.2550","0.0000","6823.9775","6553.5000","696.5900","0.0000","41.0125","41.9650","0.0000","69.0000","696.6090","14.8000","-1.0000","950.5049","0.0060","-0.0440","3.3746","0.9875","96.2733","11.8110","0.8500","0.0000","424.8508"
"36.600","33.0999","15","1.1365","0.0729","-1.4411","118.3388","69.9389","10.1719","13.3000","0.1845","7.5323","45.50440536","-75.54452759","20.5938","12.3766","861.5000","43.7250","27.6562","31.8906","36.8500","3.0000","0.2950","0.9242","-0.8173","-0.0869","1.9281","62.7875","95.5258","0.0000","6815.5332","6553.5000","697.5400","0.0000","41.3974","41.4000","0.0000","69.0000","697.5590","14.8267","-1.0000","950.5049","0.0131","-0.0353","3.3805","0.9895","98.9667","11.8610","0.8500","0.0000","425.3082"
"36.650","33.4789","15","1.0799","0.1492","-1.4220","121.6579","66.7091","10.1600","13.3000","0.1800","7.9874","45.50440285","-75.54452264","20.5938","12.3732","861.5000","43.9094","27.3094","29.2484","35.7313","3.0000","0.3817","0.9780","-0.8926","-0.4591","0.6780","59.0719","95.7967","-18.6667","6766.6445","6553.5000","698.4500","0.0000","41.2415","41.6341","0.0000","69.0000","698.4650","14.8822","-1.0000","950.5049","0.0242","-0.0187","3.4483","0.9740","99.5222","11.9110","0.8500","0.0000","425.7711"
"36.700","33.8501","15","1.0073","0.2304","-1.4147","124.8093","61.9675","10.1368","13.3000","0.1800","8.6939","45.50439998","-75.54451805","20.5938","12.3698","861.4000","45.6688","26.2844","27.3906","36.2375","3.0000","0.2819","1.1252","-1.0181","0.0320","0.4010","56.1875","96.0675","20.7018","6798.9775","6553.5000","699.2000","0.0000","41.4675","42.3575","0.0000","69.0000","699.2150","14.9000","-1.0000","950.5049","0.0167","-0.0207","3.4420","0.9803","99.7378","11.9610","0.8500","0.0000","426.2391"
"36.750","34.2135","15","0.9352","0.3081","-1.3996","127.8763","57.2161","10.1167","13.3000","0.1800","9.5170","45.50439709","-75.54451348","20.5938","12.3664","861.5000","42.9156","23.8937","27.4391","36.5500","3.0000","0.3673","0.6362","-1.0447","0.9551","1.4637","51.4656","96.3383","117.1930","6869.5332","6553.5000","699.9900","0.0000","41.4900","41.9575","0.0000","69.0000","700.0090","14.9000","-1.0000","950.5049","-0.0111","-0.0429","3.4009","0.9970","99.7933","11.9890","0.8490","0.0000","426.7119"
"36.800","34.5066","15","0.8671","0.3550","-1.3137","130.1842","52.3771","10.1241","13.3000","0.1800","10.4853","45.50439394","-75.54450903","20.5938","12.3629","861.4000","42.2313","23.2969","29.4500","36.5750","3.0000","0.6693","0.1496","-1.0234","1.1453","2.8977","41.5563","96.6092","150.0000","6796.3555","6553.5000","700.9400","0.0000","40.8821","41.3615","0.0000","69.0000","700.9590","14.9000","-1.0000","950.5049","-0.0162","-0.0424","3.3945","0.9775","99.8000","11.9390","0.8440","0.0000","427.1891"
"36.850","34.8612","15","0.8031","0.3961","-1.2354","132.3928","47.7769","10.1292","13.3000","0.1805","11.6130","45.50439077","-75.54450457","20.5938","12.3595","861.5000","41.0625","23.3531","30.6766","35.2906","3.0000","0.7115","0.5086","-1.0159","0.1828","3.8441","28.7453","96.8800","79.5714","6706.6001","6553.5000","701.7700","0.0000","40.0829","40.0463","0.0000","69.0000","701.7770","14.9000","-1.0000","950.5049","-0.0107","-0.0313","3.3934","0.9574","99.8000","11.9000","0.8430","0.0000","427.6715"
"36.900","35.7704","15","0.7757","0.3863","-1.2251","133.7077","45.3269","10.1143","13.3000","0.1855","12.5599","45.50438737","-75.54449994","20.5938","12.3561","861.5000","42.2812","24.0844","29.3969","34.0938","3.0000","0.4973","1.1614","-1.0601","-0.3962","3.9609","18.6313","97.1508","27.5357","6651.6001","6553.5000","702.1200","0.0000","40.0100","39.9275","0.0000","69.0000","702.1270","14.9000","-1.0000","950.5049","-0.0149","-0.0398","3.3984","0.9880","99.8000","11.9000","0.8580","0.0000","428.1631"
"36.950","36.6440","16","0.7566","0.3760","-1.2105","135.2109","43.3553","10.1005","13.3000","0.1900","13.4518","45.50438392","-75.54449538","20.5938","12.3526","861.5000","42.5438","24.1344","31.2625","35.0375","3.0000","0.3299","1.2976","-1.0823","0.0219","3.3020","14.1281","97.4217","25.7500","6639.2222","6553.5000","702.4600","0.0000","40.4325","40.1200","0.0000","69.0000","702.4660","14.9156","-1.0000","950.5049","-0.0196","-0.0496","3.4042","1.0050","99.8000","11.9000","0.8700","0.0000","428.6663"
"37.000","37.1983","16","0.8118","0.3605","-1.1578","138.4073","45.6903","10.0975","13.3000","0.1900","12.9575","45.50437990","-75.54449146","20.5938","12.3492","861.5000","42.7562","24.1938","35.1688","36.2250","3.0000","0.4202","1.0226","-0.9545","0.5044","1.7012","14.9219","97.6925","26.9180","6736.4443","6553.5000","702.7600","0.0000","41.0154","41.6718","0.0000","69.0000","702.7660","14.9711","-1.0000","950.5049","-0.0140","-0.0440","3.4120","0.9872","99.8000","11.9000","0.8700","0.0000","429.1788"
"37.050","37.7697","16","0.8665","0.3444","-1.1093","141.5032","47.9990","10.0932","13.3000","0.1895","12.5237","45.50437586","-75.54448757","20.5938","12.3458","861.5000","42.8250","23.1063","36.8906","35.7500","3.0000","0.4001","0.8069","-0.8717","-0.2684","-0.7279","19.1469","97.9633","28.5714","6846.4668","6553.5000","703.1400","0.0000","41.7463","40.9805","0.0000","69.0000","703.1540","14.9733","-1.0000","950.5049","-0.0053","-0.0369","3.4037","0.9849","99.8000","11.9000","0.8690","0.0000","429.7004"
"37.100","38.4943","16","0.9179","0.3228","-1.0996","143.6952","50.0721","10.0773","13.3000","0.1845","12.2355","45.50437157","-75.54448383","20.5938","12.3424","861.1000","44.0438","19.3062","33.1813","34.6500","3.0000","0.1071","1.0801","-0.9806","-2.5543","-2.7816","26.6688","98.2342","24.2857","6970.3555","6553.5000","703.8400","0.0000","42.4150","43.1075","0.0000","69.0000","703.8540","14.9178","-1.0000","950.5049","0.0113","-0.0258","3.3782","0.9994","99.8000","11.9000","0.8640","0.0000","430.2309"
"37.150","39.1563","16","0.9680","0.3036","-1.0865","146.0021","52.0857","10.0629","13.3000","0.1800","11.9647","45.50436726","-75.54448018","20.5938","12.3389","861.3500","48.1344","17.3703","27.7953","36.5844","3.0000","-0.1149","1.3840","-1.2725","-5.1367","-2.5459","37.0531","98.5050","14.9495","7217.0225","6553.5000","704.6100","0.0000","43.9400","43.8900","0.0000","69.0000","704.6310","14.9378","-1.0000","950.5049","0.0173","-0.0200","3.3896","1.0002","99.8378","11.9000","0.8600","0.0000","430.7700"
"37.200","39.2542","16","1.0078","0.3072","-1.0420","149.3439","53.5648","10.0633","13.3000","0.1800","11.6635","45.50436270","-75.54447734","20.5938","12.3355","861.4000","47.6063","17.8125","27.1688","36.2750","3.0000","-0.0240","1.3352","-1.4551","-6.7493","0.6079","48.6581","98.7758","4.8485","7521.4668","6553.5000","705.6600","0.0000","45.3256","45.6154","0.0000","69.0000","705.6810","14.9933","-1.0000","950.5049","0.0118","-0.0200","3.4185","0.9947","99.8933","11.9000","0.8600","0.0000","431.3141"
"37.250","39.3751","16","1.0426","0.3111","-1.0017","152.6371","54.7773","10.0620","13.3000","0.1800","11.4404","45.50435811","-75.54447457","20.5938","12.3321","861.5000","45.5844","24.3516","30.5750","34.5312","3.0000","0.1213","1.1831","-1.2708","-6.6021","3.8186","57.2141","99.0467","0.0000","7590.7554","6553.5000","706.7400","0.0000","46.3878","46.2000","0.0000","69.0000","706.7640","15.0000","-1.0000","950.5049","0.0024","-0.0200","3.4367","0.9896","99.9000","11.8890","0.8630","0.0000","431.8604"
"37.300","39.7030","16","1.0320","0.3169","-0.9997","155.4920","53.5913","10.0465","13.3000","0.1800","11.7909","45.50435325","-75.54447237","20.5938","12.3286","861.5000","43.2875","27.6313","33.1813","33.8500","3.0000","0.3478","1.0403","-0.9813","-4.7914","3.9316","59.6672","99.3175","0.0000","7630.1558","6553.5000","707.9400","0.0000","46.9150","46.7775","0.0000","69.0000","707.9640","15.0000","-1.0000","950.5049","-0.0087","-0.0200","3.4457","0.9855","99.9000","11.8390","0.8780","0.0000","432.4100"
"37.350","40.0609","16","1.0147","0.3219","-0.9975","158.2480","52.0689","10.0305","13.3000","0.1800","12.2451","45.50434836","-75.54447018","20.5938","12.3252","861.5000","44.4250","28.7391","33.1844","36.2438","3.0000","0.3920","0.9138","-0.8090","-2.0414","1.2981","56.9469","99.5883","0.9272","7694.6001","6553.5000","709.0500","0.0000","47.0450","46.1375","0.0000","69.0000","709.0650","15.0000","-1.0000","950.5049","-0.0100","-0.0298","3.3674","0.9922","99.9000","11.8000","0.8890","0.0000","432.9643"
"37.400","40.6898","16","0.9368","0.3201","-0.9940","160.1145","47.5184","10.0100","13.3000","0.1800","13.6284","45.50434329","-75.54446809","20.5938","12.3218","861.5000","43.8000","26.4125","30.7687","38.1688","3.0000","0.4841","0.5568","-0.7560","0.4707","-1.7905","49.8875","99.8592","7.5497","7765.7334","6553.5000","709.8000","0.0000","47.6000","47.5000","0.0000","69.0000","709.8150","15.0000","-1.0000","950.5049","-0.0100","-0.0396","3.3054","0.9878","99.8844","11.8000","0.8840","0.0000","433.5253"
"37.450","41.3267","16","0.8556","0.3198","-0.9859","161.8717","42.8346","9.9913","13.3000","0.1800","15.3552","45.50433819","-75.54446601","20.5984","12.3189","861.3500","43.3594","21.5031","28.5781","39.0250","3.0000","0.2975","0.1405","-0.8446","1.5077","-2.9538","39.5734","100.0000","14.1722","7854.0669","6553.5000","710.6100","0.0000","47.3951","47.7634","0.0000","69.0000","710.6310","15.0000","-1.0000","950.5049","-0.0100","-0.0340","3.2854","0.9550","99.8289","11.8000","0.8750","0.0000","434.0959"
"37.500","42.0365","16","0.7463","0.3339","-0.9358","162.6451","36.9519","9.9886","13.3000","0.1800","18.1055","45.50433295","-75.54446393","20.6081","12.3166","861.1000","41.5000","20.8219","28.1344","36.7250","3.0000","0.4818","0.1947","-0.9897","0.8442","-1.3946","27.5594","100.0000","20.5263","7812.0000","6553.5000","711.6600","0.0000","47.0050","47.8750","0.0000","69.0000","711.6810","15.0000","-1.0000","950.5049","-0.0084","-0.0300","3.2777","0.9423","99.8000","11.8000","0.8500","0.0000","434.6756"
"37.550","42.7482","16","0.6450","0.3497","-0.8874","163.4998","31.4810","9.9865","13.3000","0.1800","21.6117","45.50432768","-75.54446190","20.6177","12.3143","861.5000","40.5656","21.2281","30.8609","33.5500","3.0000","0.6036","0.6116","-1.0382","-0.1993","0.7100","17.0809","100.0000","24.9123","7628.6665","6553.5000","712.6600","0.0000","46.7125","46.7025","0.0000","69.0000","712.6760","15.0000","-1.0000","950.5049","-0.0029","-0.0300","3.2832","0.9512","99.8000","11.8110","0.8290","0.0000","435.2648"
"37.600","43.4773","16","0.6170","0.3810","-0.8539","165.0857","29.7172","9.9890","13.3000","0.1800","23.2849","45.50432214","-75.54446025","20.6274","12.3120","861.5000","40.7062","23.9562","34.6000","33.4813","3.0000","0.6135","0.7601","-0.8324","-0.2473","1.0394","11.2565","100.0000","13.6574","7690.1333","6553.5000","713.4600","0.0000","47.1051","46.1282","0.0000","69.0000","713.4760","15.0378","-1.0000","950.5049","-0.0027","-0.0327","3.3148","0.9487","99.8378","11.8610","0.8240","0.0000","435.8636"
"37.650","44.2110","16","0.5867","0.4114","-0.8232","166.6941","27.8467","9.9900","13.3000","0.1800","25.2683","45.50431657","-75.54445866","20.6371","12.3098","861.5000","42.3906","24.2297","35.4688","37.7469","3.0000","0.5375","0.7175","-0.7760","0.0884","-0.0126","10.2969","100.0000","2.0833","7866.7998","6553.5000","714.1901","0.0000","47.5049","47.6683","0.0000","69.0000","714.1990","15.0933","-1.0000","950.5049","-0.0082","-0.0382","3.3587","0.9409","99.8933","11.9000","0.8210","0.0000","436.4738"
"37.700","44.9868","16","0.5349","0.4346","-0.8173","168.5043","25.0167","9.9776","13.3000","0.1800","28.6204","45.50431078","-75.54445757","20.6468","12.3075","861.5000","42.5062","23.6500","32.4375","38.4562","3.0000","0.5739","0.8202","-0.7900","-0.0002","-0.8220","13.6906","100.0000","0.0000","8082.0889","6553.5000","714.6400","0.0000","48.7350","49.1150","0.0000","69.0000","714.6490","15.1000","-1.0000","950.5049","-0.0062","-0.0362","3.3596","0.9576","99.8511","11.9000","0.8260","0.0000","437.0941"
"37.750","45.7399","16","0.4950","0.4564","-0.8104","170.2883","22.7277","9.9651","13.3000","0.1800","32.0302","45.50430498","-75.54445651","20.6564","12.3052","861.5000","41.1000","21.7406","29.9344","37.0312","3.0000","0.4769","0.8201","-1.0045","-0.3333","-0.5763","18.1797","100.0000","14.8000","8292.4219","6553.5000","715.1800","0.0000","50.4075","49.8650","0.0000","69.0000","715.1980","15.1000","-1.0000","950.5049","-0.0007","-0.0307","3.3561","0.9760","99.8045","11.8890","0.8300","0.0000","437.7244"
"37.800","46.2891","16","0.5618","0.4656","-0.7950","171.8364","25.3085","9.9514","13.3000","0.1800","29.1094","45.50429907","-75.54445578","20.6661","12.3029","861.0000","39.0812","21.7875","31.0469","34.4188","3.0000","0.4249","0.5902","-1.1560","-0.6505","-0.0920","20.2344","100.0000","20.0000","8385.2002","6553.5000","716.0800","0.0000","50.9051","50.9077","0.0000","69.0000","716.0980","15.1000","-1.0000","950.5049","-0.0049","-0.0300","3.3694","0.9760","99.8600","11.8390","0.8300","0.0000","438.3633"
"37.850","46.8947","16","0.6277","0.4757","-0.7752","173.2952","27.8353","9.9392","13.3000","0.1800","26.8132","45.50429312","-75.54445505","20.6758","12.3006","861.5000","39.1656","21.8219","32.3312","34.2188","3.0000","0.4973","0.5140","-1.1221","-0.8235","-0.2399","19.8453","100.0000","21.5417","8521.8447","6553.5000","716.9000","0.0000","51.3341","51.5219","0.0000","69.0000","716.9100","15.1000","-1.0000","950.5049","-0.0091","-0.0296","3.3916","0.9642","99.9000","11.8000","0.8300","0.0000","439.0116"
"37.900","48.0086","16","0.6863","0.4943","-0.7158","173.9498","29.8766","9.9402","13.3000","0.1800","25.5745","45.50428682","-75.54445432","20.6854","12.2983","861.5000","41.7750","21.8969","34.3812","37.2500","3.0000","0.4450","0.6624","-1.0508","-1.1850","-0.7463","19.8719","100.0000","23.6250","8771.2891","6553.5000","717.4000","0.0000","52.6350","52.0375","0.0000","69.0000","717.4100","15.1000","-1.0000","950.5049","0.0020","-0.0240","3.4366","0.9220","99.9000","11.8000","0.8300","0.0000","439.6719"
"37.950","49.1123","15","0.7407","0.5131","-0.6606","174.7151","31.7242","9.9404","13.3000","0.1800","24.6388","45.50428050","-75.54445367","20.6951","12.2960","861.1500","42.2062","21.9859","33.6344","37.4719","3.0000","0.1058","0.7789","-1.0967","-1.9953","-0.8470","22.5219","100.0000","19.4805","9049.2666","6553.5000","717.9500","0.0000","54.7725","54.7450","0.0000","69.0000","717.9650","15.1000","-1.0000","950.5049","0.0131","-0.0169","3.4080","0.8931","99.9000","11.7890","0.8340","0.0000","440.3469"
"38.000","50.1233","15","0.7568","0.5330","-0.6436","176.4757","31.8273","9.9343","13.3000","0.1800","25.0646","45.50427394","-75.54445372","20.7048","12.2938","861.1000","42.1562","22.2156","32.8688","36.7500","3.0000","-0.0806","1.0358","-1.0942","-3.1588","-0.3369","28.0910","100.0000","3.2468","9358.1553","6553.5000","718.7000","0.0000","57.8872","56.3769","0.0000","69.0000","718.7150","15.1000","-1.0000","950.5049","0.0242","-0.0058","3.2997","0.8786","99.9000","11.7390","0.8540","0.0000","441.0360"
"38.050","51.1112","15","0.7698","0.5537","-0.6272","160.2691","31.8053","9.9274","13.3000","0.1795","25.5763","45.50426737","-75.54445384","20.7145","12.2915","861.0000","40.9906","22.7703","31.6187","33.9188","3.0000","0.1675","1.1047","-1.0065","-3.8610","0.1475","34.3500","100.0000","33.8983","9589.2227","6553.5000","719.3700","0.0000","57.8098","59.2415","0.0000","69.0000","719.3770","15.1000","-1.0000","950.5049","0.0327","0.0053","3.2484","0.8827","99.9000","11.7110","0.8770","0.0000","441.7406"
"38.100","51.8900","15","0.7558","0.5802","-0.6147","-17.6424","30.6567","9.9145","13.3000","0.1745","26.9388","45.50426069","-75.54445463","20.7241","12.2892","861.0000","40.9188","24.5031","31.8563","33.9188","3.0000","0.6355","0.9204","-0.9360","-3.1077","-0.2854","38.0687","100.0000","76.2712","9783.6670","6553.5000","719.7200","0.0000","59.0625","59.6250","0.0000","69.0000","719.7270","15.1000","-1.0000","950.5049","0.0382","0.0164","3.2239","0.8955","99.9000","11.7610","0.9120","0.0000","442.4567"
"38.150","52.7070","15","0.7426","0.6067","-0.6036","-177.6419","29.5464","9.9008","13.3000","0.1700","28.3912","45.50425397","-75.54445546","20.7338","12.2869","861.3000","41.4344","24.5891","31.6734","35.9156","3.0000","0.9054","0.5741","-0.8163","-1.1935","-1.2167","37.4562","100.0000","90.9465","10048.0225","6553.5000","720.1600","0.0000","61.9350","60.4875","0.0000","69.0000","720.1760","15.1000","-1.0000","950.5049","0.0702","0.0389","3.2205","0.8750","99.9000","11.8000","0.9370","0.0000","443.1838"
"38.200","53.8681","15","0.7378","0.6318","-0.6051","-176.4329","28.7800","9.8800","13.3000","0.1700","29.7893","45.50424697","-75.54445658","20.7435","12.2846","861.5000","40.3750","23.1719","31.6281","37.7500","3.0000","0.9039","0.2366","-0.8473","0.1994","-1.3443","32.5711","100.0000","70.3704","10298.7559","6553.5000","720.9600","0.0000","61.6513","63.2564","0.0000","69.0000","720.9760","15.1000","-1.0000","950.5049","0.1147","0.0667","3.2245","0.8503","99.8067","11.8000","0.9220","0.0000","443.9242"
"38.250","55.0048","15","0.7238","0.6482","-0.6016","-175.2606","27.6800","9.8618","13.3000","0.1700","31.6267","45.50423996","-75.54445772","20.7532","12.2823","861.0000","40.0031","22.5766","31.4234","35.0969","3.0000","0.5809","0.5076","-1.0400","0.5280","-0.7384","25.5586","100.0000","66.6667","10283.2002","6553.5000","721.6400","0.0000","63.4537","62.1854","0.0000","69.0000","721.6440","15.1000","-1.0000","950.5049","0.8484","0.6713","3.2806","0.8292","98.6400","11.8000","0.9030","0.0000","444.6821"
"38.300","55.9220","15","0.6278","0.5865","-0.5535","-174.4192","23.5784","9.8675","13.3000","0.1700","37.7475","45.50423278","-75.54445901","20.7628","12.2800","861.4000","38.4750","22.9344","32.5812","33.6875","3.0000","0.5739","0.5623","-1.1235","0.6329","-0.8813","17.1199","100.0000","65.4157","10090.3115","6553.5000","721.8400","0.0000","62.3650","62.2350","0.0000","69.0000","721.8440","15.1000","-1.0000","950.5049","1.6567","1.3360","3.3166","0.7351","91.5622","11.8000","0.8680","0.0000","445.4534"
"38.350","56.8602","15","0.5209","0.5150","-0.5095","-173.6044","19.1250","9.8710","13.3000","0.1700","47.3182","45.50422558","-75.54446033","20.7725","12.2778","861.3500","39.1094","23.0953","32.7031","36.0375","3.0000","0.5618","0.2036","-1.0374","1.7885","-2.6427","7.6740","100.0000","63.8902","9441.4219","6553.5000","720.8400","0.0000","61.4675","61.0000","0.0000","69.0000","720.7240","15.1000","-1.0000","950.5049","2.2400","1.7860","3.3011","0.4535","69.2844","11.8110","0.8390","0.0000","446.2373"
"38.400","57.9876","15","0.3155","0.3541","-0.5035","-173.0290","11.5048","9.8558","13.3000","0.1700","80.2190","45.50421814","-75.54446184","20.7822","12.2755","861.0000","40.5438","18.3188","32.6625","42.3688","3.0000","0.1990","-0.2122","-0.8624","3.5519","-5.3519","-1.6281","100.0000","60.3313","8922.6670","6553.5000","715.0400","0.0000","57.9154","59.6667","0.0000","69.0000","714.9240","15.1000","-1.0000","950.5049","2.8358","2.2531","3.3018","0.2715","44.9267","11.8610","0.8340","0.0000","447.0350"
"38.450","58.9130","15","0.1004","0.1928","-0.5014","-172.6115","3.5773","9.8398","13.3000","0.1695","262.1044","45.50421075","-75.54446329","20.7918","12.2732","861.5000","42.4625","11.3094","30.2188","47.6719","3.0000","-0.0975","-0.6990","-0.9374","4.7234","-7.0402","-11.1629","100.0000","55.7652","8544.8887","6553.5000","709.1200","0.0000","52.0951","58.1659","0.0000","69.0000","708.9920","15.1000","-1.0000","950.5049","3.4636","2.7642","3.3201","0.1976","18.3156","11.9000","1.0020","0.0000","447.8479"
"38.500","58.0213","15","-0.2035","0.0273","-0.5350","-173.6162","-7.1154","9.8164","13.3000","0.1645","129.7805","45.50420371","-75.54446408","20.7969","12.2746","861.5000","41.7188","8.4344","29.3469","48.9062","3.0000","-0.4615","-1.2749","-1.1958","5.1234","-5.9586","-22.2656","99.9086","56.1366","8335.5996","6553.5000","702.7200","0.0000","44.3825","57.0225","0.0000","69.0000","702.5920","15.1000","-1.0000","950.5049","3.2353","2.4913","3.3271","0.1649","6.2111","11.9000","1.8620","0.0000","448.6586"
"38.550","57.0938","15","-0.4993","-0.1353","-0.5636","-174.7261","-17.5339","9.7955","13.3000","0.1605","51.8241","45.50419670","-75.54446477","20.7969","12.2799","861.5000","39.8531","8.4547","33.9781","49.5719","3.0000","-0.4725","-1.4290","-1.2136","5.0387","-3.0129","-33.3281","99.7181","58.4576","8205.5996","6553.5000","696.4901","0.0000","41.0075","56.5000","0.0000","69.0000","696.3790","15.1000","-1.0000","950.5049","2.0798","1.3691","3.3288","0.1516","0.9333","11.9000","2.5500","0.0000","449.4573"
"38.600","55.8439","15","-0.7221","-0.2722","-0.5467","-176.7827","-25.4844","9.7969","13.3000","0.1655","34.8756","45.50419001","-75.54446454","20.7969","12.2852","861.0000","38.6937","10.7937","38.4062","49.6813","3.0000","-0.3243","-1.2698","-1.0500","4.1914","-0.5859","-41.9000","99.5276","60.7787","7871.2446","6553.5000","690.9400","0.0000","39.6333","56.5744","0.0000","69.0000","690.8290","15.1000","-1.0000","950.5049","1.0867","0.6284","3.3251","0.1500","0.1533","11.9000","2.5500","0.0000","450.2413"
"38.650","54.6512","15","-0.9388","-0.4038","-0.5335","-160.8518","-33.2732","9.7968","13.3000","0.1705","26.1412","45.50418333","-75.54446425","20.7969","12.2906","861.5000","39.1250","12.5172","38.9375","49.8563","3.0000","-0.3304","-1.2368","-0.8519","2.9535","0.1223","-47.4094","99.3371","65.7240","7520.1777","6553.5000","685.8200","0.0000","37.2463","54.9854","0.0000","69.0000","685.7520","15.1000","-1.0000","950.5049","0.1700","0.0673","3.3242","0.1504","0.0000","11.9000","2.5500","0.0000","451.0068"
"38.700","53.9733","15","-1.1008","-0.4885","-0.5543","16.9669","-39.6069","9.7821","13.3000","0.1755","21.6885","45.50417673","-75.54446337","20.7969","12.2959","861.5000","40.4188","12.9422","37.6813","49.9375","3.0000","-0.4241","-1.2419","-1.0066","2.1926","-0.4120","-51.1000","99.1467","94.2873","7297.3999","6553.5000","682.4200","0.0000","35.7100","53.7625","0.0000","69.0000","682.3520","15.1000","-1.0000","950.5049","0.0600","-0.0049","3.3642","0.1548","0.0000","11.9000","2.5500","0.0000","451.7605"
"38.750","53.2824","15","-1.2591","-0.5638","-0.5690","176.7258","-45.8730","9.7702","13.3000","0.1800","18.4862","45.50417015","-75.54446237","20.7969","12.3012","861.5000","39.6344","10.8797","38.0156","49.5312","3.0000","-0.4459","-1.4761","-1.1377","1.4324","-1.0787","-54.2250","98.9562","100.0000","7133.8887","6553.5000","679.0600","0.0000","34.7750","52.4500","0.0000","69.0000","678.9960","15.1000","-1.0000","950.5049","0.0596","-0.0096","3.3860","0.1582","0.0000","11.8890","2.5500","0.0000","452.5048"
"38.800","52.4745","15","-1.3841","-0.5549","-0.5286","173.9461","-51.5309","9.7820","13.3000","0.1800","16.2069","45.50416381","-75.54446035","20.7969","12.3066","861.4000","39.6813","9.1203","38.2687","48.7250","3.0000","-0.4329","-1.3662","-1.0400","-0.2673","-1.5966","-56.2059","98.7657","100.0000","7122.7778","6553.5000","675.8600","0.0000","36.6128","50.2641","0.0000","69.0000","675.7960","15.1000","-1.0000","950.5049","0.0540","-0.0040","3.3610","0.1587","0.0000","11.8390","2.5500","0.0000","453.2392"
"38.850","51.6613","15","-1.4941","-0.5419","-0.4888","171.2312","-56.6497","9.7940","13.3000","0.1795","14.5140","45.50415752","-75.54445830","20.7969","12.3119","861.5000","40.8187","9.6539","36.1781","47.2875","3.0000","-0.3870","-1.0479","-1.0055","-1.3610","-1.7640","-56.9156","98.5752","112.5926","7112.7334","6553.5000","672.7500","0.0000","41.0171","44.9829","0.0000","69.0000","672.6950","15.1000","-1.0000","950.5049","0.0469","-0.0031","3.3573","0.1649","0.0000","11.8220","2.5500","0.0000","453.9610"
"38.900","50.8018","15","-1.4702","-0.4910","-0.4543","169.1004","-56.9154","9.8069","13.3000","0.1745","14.2059","45.50415156","-75.54445593","20.7969","12.3172","861.4000","41.0438","9.7328","37.8812","48.8250","3.0000","-0.3626","-1.1863","-1.1558","-1.2323","-1.2802","-57.5641","98.3848","108.0000","7103.8442","6553.5000","670.0000","0.0000","40.3025","45.9600","0.0000","69.0000","669.9450","15.1000","-1.0000","950.5049","0.0358","-0.0142","3.3768","0.1771","0.0000","11.9220","2.5500","0.0000","454.6716"
"38.950","49.9193","15","-1.4296","-0.4388","-0.4211","166.9018","-56.4789","9.8198","13.3000","0.1700","14.0671","45.50414565","-75.54445348","20.7969","12.3226","861.3500","39.9406","9.8906","40.3563","48.9250","3.0000","-0.3351","-1.4895","-1.0801","-1.0184","-0.8015","-58.7141","98.1943","72.7273","7000.5112","6553.5000","667.2300","0.0000","37.5400","47.2550","0.0000","69.0000","667.1730","15.1000","2.4100","950.5049","0.0300","-0.0200","3.3860","0.1821","0.0000","11.9890","2.5500","0.0000","455.3704"
"39.000","48.8296","15","-1.2391","-0.3756","-0.3995","164.0921","-49.7216","9.8319","13.3000","0.1700","15.6300","45.50414021","-75.54445037","20.7969","12.3279","861.5000","39.8875","10.0500","40.7625","48.8563","3.0000","-0.3568","-1.5037","-0.9442","-1.5120","-0.9432","-59.8078","98.0038","27.2727","6852.7334","6553.5000","664.3800","0.0000","37.0846","45.8872","0.0000","69.0000","664.3230","15.1000","17.9100","950.5049","0.0300","-0.0200","3.3905","0.1838","0.0000","11.9390","2.5500","0.0000","456.0560"
"39.050","47.7781","15","-1.0473","-0.3212","-0.3760","161.3279","-42.8486","9.8436","13.3000","0.1700","17.7465","45.50413480","-75.54444721","20.7969","12.3332","861.1500","40.6000","10.0750","39.4531","48.8156","3.0000","-0.4153","-1.1844","-0.8933","-3.0968","-1.4811","-58.5187","97.8133","0.0000","6689.3110","6553.5000","661.5800","0.0000","36.7341","44.7268","0.0000","69.0000","661.5280","15.0511","30.0000","950.5049","0.0451","-0.0087","3.3783","0.1938","0.0000","11.9000","2.5500","0.0000","456.7252"
"39.100","47.0705","15","-0.8452","-0.3476","-0.3357","158.9714","-34.9329","9.8523","13.3000","0.1700","21.4454","45.50412965","-75.54444355","20.7969","12.3386","861.4000","41.6188","10.1875","35.2313","45.5250","3.0000","-0.5001","-0.2726","-0.8528","-4.6355","-2.4374","-50.2984","97.6229","0.0000","6533.7998","6553.5000","658.9800","0.0000","38.6125","41.3675","0.0000","69.0000","658.9280","15.0000","30.0000","950.5049","0.0673","0.0080","3.3678","0.2038","0.0000","11.9000","2.5500","0.0000","457.3831"
"39.150","46.3941","15","-0.6343","-0.3725","-0.2985","156.9491","-26.5994","9.8597","13.3000","0.1705","27.7594","45.50412449","-75.54443999","20.7969","12.3439","861.5000","41.9000","9.6898","31.4312","44.6719","3.0000","-0.6537","0.5967","-0.9727","-5.2852","-3.3612","-32.3344","97.4324","0.7415","6493.7998","6553.5000","656.4000","0.0000","39.4900","39.1025","0.0000","69.0000","656.3500","15.0000","30.0000","950.5049","0.1091","0.0296","3.4022","0.2016","0.0000","11.9000","2.3860","0.0000","458.0320"
"39.200","45.9990","15","-0.3446","-0.3851","-0.2892","157.9336","-14.5058","9.8554","13.3000","0.1755","50.4692","45.50411920","-75.54443727","20.7969","12.3492","861.5000","43.4375","9.0469","28.5469","44.9813","3.0000","-0.7272","0.9288","-1.0991","-5.5596","-3.2690","-4.9688","97.2419","37.8178","6495.3335","6553.5000","653.9000","0.0000","39.7000","39.0103","0.0000","69.0000","653.8500","15.0000","30.0000","950.5049","0.1469","0.0509","3.4174","0.2016","0.0000","11.9000","1.5660","0.0000","458.6739"
"39.250","45.5888","15","-0.0500","-0.3954","-0.2784","158.9733","-2.1164","9.8532","13.3000","0.1805","342.8268","45.50411391","-75.54443461","20.7969","12.3546","861.6500","43.9031","10.4195","29.3937","44.8969","3.0000","-0.6978","0.8594","-1.0732","-6.6797","-2.5314","26.3453","97.0514","74.8941","6603.6665","6553.5000","651.3600","0.0000","41.2220","38.7268","0.0000","69.0000","651.3060","15.0000","30.0000","950.5049","0.1080","0.0620","3.3829","0.2071","0.0000","11.9110","0.9110","0.0000","459.3091"
"39.300","45.0429","15","0.2897","-0.3844","-0.2553","160.5099","12.9352","9.8687","13.3000","0.1855","55.4208","45.50410863","-75.54443252","20.7969","12.3599","861.5000","47.6437","17.0672","28.2094","42.2375","3.0000","-0.7732","0.8876","-0.9603","-8.0969","-2.1020","55.2625","96.8610","79.8611","6584.7998","6553.5000","648.6600","0.0000","45.3725","35.1050","0.0000","69.0000","648.6060","15.0000","30.0000","950.5049","0.0800","0.0638","3.3671","0.2113","0.0000","11.9610","0.9160","0.0000","459.9379"
"39.350","44.4671","15","0.6186","-0.3739","-0.2327","162.1327","27.5899","9.8831","13.3000","0.1900","25.6512","45.50410337","-75.54443052","20.7969","12.3652","861.1500","50.2094","21.1281","27.1719","41.4781","3.0000","-0.7197","1.1968","-0.9252","-8.1375","-1.9810","76.3438","96.6705","62.4333","6428.1333","6553.5000","646.0700","0.0000","45.6450","32.9900","0.0000","69.0000","646.0270","15.0000","26.5900","950.5049","0.0800","0.0416","3.3716","0.2141","0.0000","12.0000","0.9200","0.0000","460.5590"
"39.400","43.6219","15","0.8509","-0.3679","-0.2160","164.5310","38.6722","9.8873","13.3000","0.1900","17.9526","45.50409819","-75.54442924","20.7969","12.3706","861.5000","49.9375","21.2156","26.3219","41.0938","3.0000","-0.7021","1.3025","-0.9963","-6.9477","-1.6703","88.9875","96.4800","58.7938","6223.1113","6553.5000","643.9200","0.0000","43.8744","32.6256","0.0000","69.0000","643.8770","15.0000","11.0900","950.5049","0.0880","0.0300","3.4229","0.2282","0.0000","12.0000","0.9200","0.0000","461.1705"
"39.450","42.7886","15","1.0725","-0.3635","-0.1924","166.9889","49.3313","9.8944","13.3000","0.1905","13.8047","45.50409303","-75.54442805","20.7969","12.3759","861.5000","50.2781","22.2281","26.6641","39.8719","3.0000","-0.7286","1.3723","-1.1707","-5.1230","-1.1906","95.5563","96.2895","68.2083","5995.3335","6553.5000","641.8100","0.0000","42.7537","29.4488","0.0000","69.0000","641.7710","15.0000","-1.0000","950.5049","0.1047","0.0300","3.4962","0.2477","0.0000","12.0000","0.9700","0.0000","461.7692"
"39.500","42.0621","15","1.1991","-0.3728","-0.1066","169.9828","56.1821","9.9281","13.3000","0.1955","11.9155","45.50408797","-75.54442774","20.7969","12.3812","861.5000","49.5000","22.8344","27.6656","39.7938","3.0000","-0.7286","1.3003","-1.2375","-3.9367","-1.0668","98.0750","96.0990","75.7662","5795.4224","6553.5000","639.8600","0.0000","41.0875","29.1250","0.0000","69.0000","639.8210","15.0000","-1.0000","950.5049","0.1138","0.0149","3.4703","0.2744","0.0000","12.0000","1.2200","0.0000","462.3577"
"39.550","41.2812","15","1.3071","-0.3868","-0.0264","172.9703","62.1759","9.9589","13.3000","0.2020","10.5670","45.50408296","-75.54442749","20.7969","12.3864","861.3500","48.7188","22.8594","25.8750","38.8719","3.0000","-0.6774","1.4172","-1.0679","-3.6494","-1.5359","98.8562","96.0914","78.5714","5596.6001","6553.5000","637.9500","0.0000","39.8225","27.9725","0.0000","69.0000","637.9150","14.9956","-1.0000","950.5049","0.1193","-0.0073","3.4400","0.3018","0.0000","12.0000","1.3930","0.0000","462.9356"
"39.600","40.0105","15","1.2478","-0.4430","0.0044","175.8995","60.4566","9.9639","13.3000","0.2220","10.5330","45.50407836","-75.54442792","20.7969","12.3913","861.5000","49.4938","22.9219","25.2250","39.0750","3.0000","-0.6871","1.4888","-0.9745","-2.4058","-1.9201","98.7610","96.2819","94.4416","5366.6001","6553.5000","636.2000","0.0000","38.9538","26.6179","0.0000","69.0000","636.1650","14.9400","-1.0000","950.5049","0.0662","-0.0296","3.5156","0.3240","0.0000","12.0000","1.2580","0.0000","463.4998"
"39.650","38.7566","15","1.1823","-0.4969","0.0382","160.7386","58.4280","9.9695","13.3000","0.2400","10.5571","45.50407377","-75.54442837","20.7969","12.3963","861.0000","47.0906","22.8906","27.4500","39.8500","3.0000","-0.7050","0.9592","-1.0266","-0.6544","-2.0755","95.6875","96.4724","73.8751","5165.8442","6553.5000","634.4400","0.0000","36.4098","27.3878","0.0000","69.0000","634.4040","14.9000","-1.0000","950.5049","0.0100","-0.0491","3.5422","0.3470","0.0000","12.0000","1.1350","0.0000","464.0447"
"39.700","37.6526","15","1.0612","-0.5314","0.0995","-17.2326","53.6165","9.9810","13.3000","0.2400","11.1768","45.50406937","-75.54442908","20.7969","12.4012","861.4000","46.2375","22.8875","27.8469","39.9938","3.0000","-0.3252","0.5243","-0.9939","0.1697","-2.4938","87.8344","96.6629","6.1524","5040.2891","6553.5000","632.6400","0.0000","33.5550","27.4950","0.0000","69.0000","632.6040","14.9000","-1.0000","950.5049","0.0100","-0.0380","3.4427","0.3720","0.0000","12.0000","1.0600","0.0000","464.5742"
"39.750","36.5714","15","0.9439","-0.5571","0.1556","-177.1730","48.9728","9.9911","13.3000","0.2390","11.8852","45.50406499","-75.54442985","20.7969","12.4062","861.5000","46.9375","22.8344","26.4016","41.0156","3.0000","0.0563","0.6427","-0.9980","0.3344","-2.5934","76.5500","96.8533","-32.6705","4906.2002","6553.5000","630.8700","0.0000","32.0800","27.5550","0.0000","69.0000","630.8370","14.9000","-1.0000","950.5049","0.0116","-0.0284","3.3894","0.3847","0.0000","12.0110","1.1550","0.0000","465.0891"
"39.800","35.6954","15","0.8609","-0.5032","0.1662","-174.8355","45.8403","9.9884","13.3000","0.2290","12.3932","45.50406091","-75.54443104","20.7969","12.4111","861.4000","45.9125","22.1219","25.2563","40.3937","3.0000","0.0706","0.5278","-1.0110","0.2212","-2.0820","62.4266","97.0438","-46.8750","4762.8667","6553.5000","629.2200","0.0000","30.7615","27.6949","0.0000","69.0000","629.1870","14.9000","-1.0000","950.5049","0.0171","-0.0229","3.3861","0.3842","0.0000","12.0610","1.9300","0.0000","465.5910"
"39.850","34.8527","15","0.7689","-0.4521","0.1781","-172.6002","42.1335","9.9868","13.3050","0.2190","13.1652","45.50405683","-75.54443224","20.7969","12.4161","861.5000","45.4031","22.0938","25.3281","39.7844","3.0000","-0.0863","0.2745","-0.9773","0.2345","-1.5706","45.4031","97.2343","-34.0164","4669.0225","6553.5000","627.6700","0.0000","28.9781","27.7341","0.0000","69.0000","627.6470","14.9000","-1.0000","950.5049","0.0173","-0.0253","3.3778","0.3980","0.0000","12.1000","2.5500","0.0000","466.0792"
"39.900","34.3088","15","0.5961","-0.4260","0.2013","-171.2836","33.2573","9.9938","13.3550","0.2090","16.4187","45.50405278","-75.54443351","20.7969","12.4210","861.5000","45.9875","22.0844","25.7188","41.2250","3.0000","-0.2713","0.2686","-0.9786","0.4965","-1.0611","25.8023","97.4248","-13.5246","4598.4668","6553.5000","626.5200","0.0000","28.0425","27.9850","0.0000","69.0000","626.4970","14.9000","-1.0000","950.5049","0.0118","-0.0364","3.3673","0.4185","0.0000","12.1000","2.5500","0.0000","466.5585"
"39.950","33.7760","14","0.4220","-0.4011","0.2171","-170.0590","24.2083","9.9984","13.4000","0.1990","22.2057","45.50404875","-75.54443477","20.7969","12.4260","861.5000","46.3906","21.5625","25.8000","41.2281","3.0000","-0.1352","0.2759","-0.9250","1.4164","-0.6515","4.5389","97.6152","-7.2650","4620.7998","6553.5000","625.4301","0.0000","28.1325","27.7775","0.0000","69.0000","625.4130","14.8511","-1.0000","950.5049","0.0402","-0.0211","3.4071","0.4386","0.0000","12.0890","2.4020","0.0000","467.0309"
"40.000","33.3428","14","0.2356","-0.3873","0.1673","-169.6620","13.6032","9.9822","13.4000","0.1890","39.0104","45.50404479","-75.54443590","20.7969","12.4309","861.4000","44.8063","21.4125","26.8375","42.1437","3.0000","-0.4562","-0.0497","-0.8766","3.1804","-0.9184","-17.6155","97.8057","-28.6325","4665.5332","6553.5000","624.5800","0.0000","27.7821","29.4487","0.0000","69.0000","624.5630","14.8000","-1.0000","950.5049","0.0847","0.0067","3.4500","0.4568","0.0178","12.0390","1.6620","0.0000","467.4968"
"40.050","32.8874","14","0.0474","-0.3730","0.1308","-169.4118","2.7907","9.9696","13.4000","0.1800","187.5568","45.50404084","-75.54443698","20.7969","12.4359","861.5000","43.7719","19.0719","26.7062","44.3937","3.0000","-0.7720","-0.4214","-0.9436","6.0625","-1.6574","-39.3203","97.9962","6.4187","4822.2002","6553.5000","623.8600","0.0000","26.8366","31.8268","0.0000","69.0000","623.8560","14.8000","-1.0000","950.5049","0.0949","0.0002","3.4500","0.4546","0.2400","12.0110","1.2180","0.0000","467.9557"
"40.100","32.2322","14","-0.1577","-0.3552","0.2148","-170.4843","-9.8890","9.9896","13.4000","0.1800","51.8748","45.50403700","-75.54443757","20.7969","12.4409","861.5000","40.9125","12.8000","31.0625","49.2500","3.0000","-0.8265","-0.7882","-1.0713","8.8219","-1.9350","-58.0000","98.1867","57.3829","4970.3110","6553.5000","623.6600","0.0000","25.2025","33.3100","0.0000","69.0000","623.6560","14.8000","-1.0000","950.5049","0.0973","-0.0104","3.4523","0.4871","2.3600","12.0610","1.9580","0.0000","468.4068"
"40.150","31.5467","14","-0.3635","-0.3383","0.2996","-171.7263","-22.7222","10.0102","13.4000","0.1795","22.0965","45.50403318","-75.54443809","20.7969","12.4458","861.1500","39.5625","12.0422","35.0344","50.3750","3.0000","-0.7079","-1.0342","-1.0728","9.3875","-1.3327","-70.4750","98.3771","114.7500","5096.4224","6553.5000","624.1500","0.0000","24.9200","33.1125","0.0000","69.0000","624.2150","14.8000","2.4100","950.5049","0.0640","-0.0160","3.4607","0.6087","9.3600","12.1000","2.5500","0.0000","468.8487"
"40.200","30.5881","14","-0.5765","-0.3303","0.3922","-174.4954","-36.9363","10.0363","13.4000","0.1745","13.1802","45.50402954","-75.54443797","20.7969","12.4508","861.9000","38.5750","13.2109","38.5062","50.4313","3.0000","-0.3289","-1.0803","-1.0330","8.0141","-0.5663","-75.9625","98.5676","183.5000","5387.6001","6553.5000","627.4000","0.0000","30.6795","31.9103","0.0000","69.0000","627.4650","14.8000","17.9100","950.5049","0.0369","-0.0216","3.4351","0.6997","16.5200","12.1000","2.5500","0.0000","469.2795"
"40.250","29.6790","14","-0.7879","-0.3164","0.4756","-159.3710","-51.1639","10.0592","13.4000","0.1700","9.2322","45.50402591","-75.54443778","20.7969","12.4557","861.5000","39.0375","13.4477","39.6562","50.5312","3.0000","-0.1329","-1.0916","-0.9996","5.8551","-0.1593","-76.8812","98.7581","139.2000","5857.6001","6553.5000","630.6500","0.0000","33.7878","32.1537","0.0000","69.0000","630.7150","14.8000","32.2000","950.5049","0.0258","-0.0271","3.3729","0.7575","23.8533","12.0890","2.5500","0.0000","469.6961"
"40.300","29.2149","14","-0.9841","-0.2500","0.4772","16.7949","-65.5141","10.0536","13.4000","0.1700","7.0972","45.50402236","-75.54443684","20.7969","12.4607","861.5000","39.0812","13.5188","38.9875","50.4062","3.0000","-0.1878","-1.2676","-1.1638","3.4383","0.3853","-76.7375","98.9486","59.2000","5947.9331","6553.5000","633.9000","0.0000","35.4700","33.0075","0.0000","69.0000","633.9650","14.8000","42.2000","950.5049","0.0040","-0.0407","3.3239","0.7972","28.9578","12.0390","2.5500","0.0000","470.1043"
"40.350","28.8218","14","-1.1664","-0.1784","0.4799","174.8943","-78.9565","10.0490","13.4000","0.1700","5.8097","45.50401882","-75.54443581","20.7969","12.4656","861.5000","37.7500","14.4344","38.8719","47.0687","3.0000","0.0557","-1.4841","-1.0513","1.8066","1.3428","-77.6937","99.1390","6.3882","5859.6001","6553.5000","636.8600","0.0000","36.2575","35.9600","0.0000","69.0000","636.8960","14.8000","50.0000","950.5049","-0.0293","-0.0629","3.2811","0.8283","33.0133","12.0110","2.5500","0.0000","470.5075"
"40.400","29.0686","14","-1.2229","-0.0599","0.4927","170.3954","-84.2281","10.0534","13.4000","0.1700","5.4927","45.50401525","-75.54443392","20.7969","12.4706","861.4000","36.3625","15.5875","41.6375","45.1000","3.0000","0.3594","-1.3958","-0.6781","1.7227","1.6286","-78.9007","99.3295","30.9582","5767.3555","6553.5000","638.6600","0.0000","34.9974","35.0821","0.0000","69.0000","638.6960","14.8000","50.0000","950.5049","-0.0173","-0.0511","3.3664","0.8354","34.6244","12.0610","2.5500","0.0000","470.9100"
"40.450","29.3324","14","-1.2643","0.0606","0.5022","165.9696","-88.3284","10.0574","13.4000","0.1705","5.2853","45.50401168","-75.54443196","20.7969","12.4755","861.5000","35.4781","15.6047","44.3000","46.3406","3.0000","0.0975","-1.2725","-0.7057","1.4128","0.5566","-78.3375","99.5200","36.3636","5695.7778","6553.5000","640.6700","0.0000","35.3390","34.6634","0.0000","69.0000","640.7271","14.8000","50.0000","950.5049","0.0160","-0.0233","3.4575","0.8433","36.1956","12.0890","2.5500","0.0000","471.3162"
"40.500","29.7500","14","-1.1692","0.2003","0.4819","162.2017","-81.8872","10.0586","13.4000","0.1755","5.7822","45.50400814","-75.54442952","20.7969","12.4805","861.1000","39.3438","15.6109","41.2750","47.7438","3.0000","0.2289","-1.2812","-0.9043","0.0731","-0.4835","-75.8063","99.7105","20.9486","5868.0000","6553.5000","643.5200","0.0000","36.4000","35.5100","0.0000","69.0000","643.5770","14.8000","50.0000","950.5049","0.0102","-0.0200","3.4136","0.8966","41.1400","12.0390","2.5500","0.0000","471.7272"
"40.550","30.1420","14","-1.0582","0.3315","0.4554","158.5408","-74.2393","10.0575","13.4000","0.1800","6.4619","45.50400462","-75.54442706","20.7969","12.4854","861.3500","39.7469","15.6141","41.5187","45.3812","3.0000","0.1875","-0.9102","-1.2422","-1.4712","-0.4721","-70.7125","99.9010","1.1858","5973.4888","6553.5000","646.0300","0.0000","35.8575","36.0875","0.0000","69.0000","646.0530","14.8000","50.0000","950.5049","-0.0018","-0.0222","3.3649","0.9376","46.1000","12.0000","2.3860","0.0000","472.1433"
"40.600","30.3048","14","-0.8039","0.3868","0.3737","155.8441","-55.7319","10.0367","13.4000","0.1800","8.6542","45.50400128","-75.54442438","20.7969","12.4871","861.5000","37.4375","15.6313","40.8688","42.4562","3.0000","0.5615","-0.5349","-1.3181","-3.0603","0.0770","-60.3219","100.0000","0.0000","5907.3779","6553.5000","647.1800","0.0000","36.4692","35.6949","0.0000","69.0000","647.2030","14.8000","50.0000","950.5049","-0.0240","-0.0500","3.3038","0.9471","51.1000","12.0000","1.5660","0.0000","472.5630"
"40.650","30.5735","14","-0.5446","0.4348","0.3024","153.4701","-37.0135","10.0190","13.4000","0.1795","13.1463","45.50399788","-75.54442171","20.7969","12.4852","861.3500","37.3656","15.3352","38.8469","39.9188","3.0000","0.6241","-0.1356","-1.4153","-5.1881","0.2743","-43.2641","100.0000","0.0000","5804.2002","6553.5000","648.3200","0.0000","35.1537","35.1781","0.0000","69.0000","648.3420","14.8000","50.0000","950.5049","-0.0322","-0.0653","3.2872","0.9515","54.2600","12.0000","0.9100","0.0000","472.9866"
"40.700","31.7954","14","-0.2404","0.4165","0.3245","154.0011","-16.3968","10.0297","13.4000","0.1745","30.8620","45.50399400","-75.54441912","20.7969","12.4833","861.5000","38.2875","15.5109","36.2687","38.6750","3.0000","0.1705","0.4320","-1.3821","-8.3357","-0.1630","-20.9430","100.0000","-8.0292","5660.8667","6553.5000","649.4200","0.0000","35.0100","34.4525","0.0000","69.0000","649.4420","14.8000","50.0000","950.5049","-0.0044","-0.0487","3.3189","0.9504","55.4267","12.0000","0.9100","0.0000","473.4218"
"40.750","32.9687","14","0.0615","0.3970","0.3432","154.7438","3.8986","10.0399","13.4000","0.1700","134.5916","45.50399009","-75.54441660","20.7969","12.4814","861.5000","45.1281","19.1344","32.5828","38.2094","3.0000","-0.0325","0.9054","-1.1970","-10.7297","-0.7421","2.5017","100.0000","-20.1946","6045.6665","6553.5000","650.5500","0.0000","36.2075","37.1350","0.0000","69.0000","650.5750","14.8000","50.0000","950.5049","0.0100","-0.0400","3.3577","0.9356","56.0267","12.0000","0.9130","0.0000","473.8724"
"40.800","33.7050","14","0.3432","0.3667","0.3322","157.3927","21.3021","10.0444","13.4000","0.1700","25.1821","45.50398594","-75.54441472","20.7969","12.4795","861.5000","47.2562","19.5938","30.5063","38.3563","3.0000","-0.3171","1.2168","-1.2939","-11.0039","-0.4210","23.9539","100.0000","-32.3601","6679.0000","6553.5000","651.8000","0.0000","38.1692","39.3718","0.0000","69.0000","651.8250","14.8000","50.0000","950.5049","0.0100","-0.0400","3.3999","0.9145","56.3600","12.0000","0.9280","0.0000","474.3356"
"40.850","34.3907","14","0.6180","0.3407","0.3275","160.1110","38.1868","10.0500","13.4000","0.1700","14.3334","45.50398176","-75.54441293","20.7969","12.4776","861.1500","45.9844","21.2797","30.4672","35.5375","3.0000","-0.0717","1.3806","-1.2864","-9.7270","0.7452","41.7219","100.0000","-33.3333","6739.3555","6553.5000","652.9600","0.0000","40.8878","41.7780","0.0000","69.0000","652.9760","14.8000","49.2300","950.5049","0.0138","-0.0287","3.4206","0.9125","56.6933","12.0000","0.9280","0.0000","474.8099"
"40.900","34.6200","14","0.8317","0.3540","0.3807","163.4541","50.4009","10.0649","13.4000","0.1700","10.9322","45.50397739","-75.54441186","20.7969","12.4757","861.5000","46.0000","24.8813","32.7125","34.9875","3.0000","0.1632","1.2117","-1.0823","-7.7250","1.3418","54.0203","100.0000","-33.3333","6732.0225","6553.5000","653.7600","0.0000","41.2050","40.8950","0.0000","69.0000","653.7760","14.8000","45.7300","950.5049","0.0193","-0.0120","3.4307","0.9135","57.0222","12.0000","0.8680","0.0000","475.2895"
"40.950","34.8969","14","1.0320","0.3689","0.4256","166.7407","61.7664","10.0773","13.3950","0.1700","8.9920","45.50397300","-75.54441084","20.7969","12.4738","861.5000","45.6375","25.4266","33.5469","35.7938","3.0000","0.2300","0.9097","-0.8613","-5.7752","0.5237","61.0547","100.0000","-20.9440","6844.7998","6553.5000","654.6500","0.0000","41.5325","41.6525","0.0000","69.0000","654.6750","14.8000","38.1600","950.5049","0.0200","-0.0100","3.3518","0.9196","57.3000","12.0000","0.8200","0.0000","475.7729"
"41.000","35.6021","14","1.1126","0.3985","0.3957","169.5173","65.4938","10.0670","13.3450","0.1700","8.6516","45.50396840","-75.54441030","20.7969","12.4718","861.0000","46.2375","25.4969","31.2750","36.3750","3.0000","0.2182","1.0474","-0.9222","-4.4170","-0.9727","64.5500","100.0000","-6.1947","6957.5776","6553.5000","655.9000","0.0000","41.8179","41.4282","0.0000","69.0000","655.9250","14.8000","16.1600","950.5049","0.0200","-0.0100","3.2920","0.9248","57.7644","12.0000","0.8200","0.0000","476.2632"
"41.050","36.2814","14","1.1850","0.4225","0.3721","172.3437","68.7265","10.0597","13.3000","0.1695","8.4019","45.50396380","-75.54440984","20.7969","12.4699","861.5000","45.9344","25.3719","28.9344","36.3406","3.0000","0.1063","1.3040","-1.0125","-3.5661","-1.6847","66.3906","100.0000","0.0000","7070.3555","6553.5000","657.2800","0.0000","42.7341","42.9683","0.0000","69.0000","657.3180","14.8000","-1.0000","950.5049","0.0200","-0.0100","3.2815","0.9276","58.7089","12.0000","0.8360","0.0000","476.7639"
"41.100","36.7275","14","1.1846","0.3953","0.4057","175.6170","67.5062","10.0783","13.3000","0.1645","8.6590","45.50395907","-75.54441006","20.7969","12.4680","861.1000","46.1937","25.3094","27.3937","35.7062","3.0000","0.0751","1.2490","-1.0537","-2.1229","-0.8990","66.2875","100.0000","0.0000","7175.6665","6553.5000","659.1800","0.0000","43.6150","43.8900","0.0000","69.0000","659.2180","14.8000","-1.0000","950.5049","0.0169","-0.0147","3.2907","0.9399","65.6533","12.0000","0.9160","0.0000","477.2716"
"41.150","37.1617","14","1.1799","0.3657","0.4407","160.8216","66.0774","10.0976","13.3000","0.1600","8.9508","45.50395434","-75.54441034","20.7969","12.4661","861.5000","42.7625","24.2281","30.7422","35.6156","3.0000","0.1197","0.9849","-1.0284","-1.2679","0.5729","63.5703","100.0000","0.0000","7272.8887","6553.5000","661.0400","0.0000","44.2100","44.4750","0.0000","69.0000","661.0740","14.8000","-1.0000","950.5049","0.0058","-0.0313","3.3212","0.9627","79.0978","12.0110","1.0490","0.0000","477.7851"
"41.200","37.4879","14","1.1369","0.3146","0.4889","-16.5931","62.7722","10.1221","13.3000","0.1600","9.5048","45.50394963","-75.54441117","20.7969","12.4642","861.0000","43.7875","24.9562","31.0812","34.8000","3.0000","0.1460","0.9546","-0.8937","-1.1938","1.4957","58.7859","100.0000","0.0000","7351.9775","6553.5000","662.7401","0.0000","44.4282","45.3718","0.0000","69.0000","662.7740","14.8000","-1.0000","950.5049","0.0053","-0.0320","3.3219","0.9666","88.8022","12.0610","1.3940","0.0000","478.3036"
"41.250","37.8504","14","1.0882","0.2748","0.5360","-176.0096","59.2015","10.1458","13.3000","0.1600","10.1756","45.50394489","-75.54441206","20.7969","12.4623","861.5000","44.0906","25.8641","31.8750","34.6781","3.0000","0.2352","1.0684","-0.8145","-1.0799","1.4311","53.6578","100.0000","0.0000","7422.5332","6553.5000","664.3701","0.0000","45.4122","44.7390","0.0000","69.0000","664.3970","14.8000","-1.0000","950.5049","0.0164","-0.0153","3.3086","0.9616","96.7467","12.1000","1.7580","0.0000","478.8277"
"41.300","38.5396","14","0.9878","0.3353","0.5735","-173.4422","53.2417","10.1618","13.3000","0.1600","11.5206","45.50393999","-75.54441351","20.7969","12.4604","861.4000","44.3250","26.1437","32.0375","35.0062","3.0000","0.4105","1.0859","-0.8832","-0.7593","0.7403","49.4594","100.0000","0.0000","7559.0889","6553.5000","665.7200","0.0000","45.9350","45.5375","0.0000","69.0000","665.7470","14.8000","-1.0000","950.5049","0.0200","-0.0176","3.3588","0.9786","98.6778","12.1000","2.1980","0.0000","479.3593"
"41.350","39.2255","14","0.8831","0.3916","0.6084","-170.8644","47.0572","10.1775","13.3000","0.1600","13.2667","45.50393509","-75.54441503","20.7969","12.4585","861.5000","43.7062","26.1203","31.1594","35.2469","3.0000","0.4435","1.0752","-0.8856","-0.1880","0.1887","46.1094","100.0000","0.0000","7697.5776","6553.5000","667.1000","0.0000","46.5225","46.1525","0.0000","69.0000","667.1300","14.8000","-1.0000","950.5049","0.0200","-0.0287","3.4096","0.9958","99.7089","12.0890","2.5500","0.0000","479.9001"
"41.400","39.8823","14","0.7391","0.4106","0.6192","-168.1941","38.8499","10.1905","13.3000","0.1600","16.3384","45.50393016","-75.54441721","20.7969","12.4566","861.0000","43.0625","26.1281","29.7313","35.3937","3.0000","0.4275","0.7758","-0.9351","1.2811","0.0065","40.9500","100.0000","0.0000","7754.7998","6553.5000","668.6000","0.0000","47.0026","47.0692","0.0000","69.0000","668.6300","14.8000","-1.0000","950.5049","0.0200","-0.0251","3.3674","0.9814","99.8200","12.0390","2.5500","0.0000","480.4498"
"41.450","40.5636","14","0.5911","0.4265","0.6275","-165.7766","30.4894","10.2030","13.3000","0.1605","21.1742","45.50392520","-75.54441937","20.7969","12.4547","861.5000","39.6500","24.6109","30.3984","36.1031","3.0000","0.4872","-0.0036","-1.0737","3.6584","0.0122","30.0922","100.0000","0.0000","7748.3999","6553.5000","670.0200","0.0000","47.0415","46.1341","0.0000","69.0000","670.0420","14.8000","-1.0000","950.5049","0.0218","-0.0182","3.3499","0.9741","99.9156","12.0110","2.5500","0.0000","481.0100"
"41.500","41.4646","14","0.4068","0.4132","0.6141","-165.6340","20.7501","10.2118","13.3000","0.1655","31.8037","45.50391998","-75.54442135","20.7969","12.4528","861.5000","36.9750","24.0938","32.1937","37.5812","3.0000","0.6155","-0.6017","-1.0159","6.6074","-0.2101","11.3773","100.0000","0.0000","7578.3999","6553.5000","671.1200","0.0000","46.2700","46.5950","0.0000","69.0000","671.1420","14.8000","-1.0000","950.5049","0.0440","0.0040","3.3960","0.9852","99.9711","12.0610","2.5500","0.0000","481.5811"
"41.550","42.3707","14","0.2193","0.4029","0.6009","-165.6568","10.9291","10.2197","13.3000","0.1705","61.7023","45.50391473","-75.54442327","20.7969","12.4509","861.5000","33.8094","22.8859","34.8531","40.7844","3.0000","0.5155","-0.8297","-0.9014","9.2578","-1.0814","-10.5852","100.0000","0.0000","7743.3335","6553.5000","672.3500","0.0000","45.8550","46.5775","0.0000","69.0000","672.3850","14.8000","-1.0000","950.5049","0.0647","0.0184","3.3992","0.9878","100.0000","12.0890","2.5500","0.0000","482.1644"
"41.600","43.3221","14","0.0040","0.4200","0.5898","-167.1685","0.3723","10.2191","13.3000","0.1755","1851.7875","45.50390915","-75.54442466","20.7969","12.4490","861.5000","35.8063","19.8687","35.8875","46.0125","3.0000","0.2546","-0.8086","-0.9172","9.9672","-1.7141","-29.2000","100.0000","70.5000","8271.1113","6553.5000","674.1000","0.0000","49.4692","48.2615","0.0000","69.0000","674.1350","14.8000","-1.0000","950.5049","0.0813","0.0129","3.3559","0.9811","100.0000","12.0390","2.5500","0.0000","482.7600"
"41.650","44.1866","14","-0.2024","0.4368","0.5771","-168.6195","-9.6978","10.2180","13.3000","0.1800","72.5169","45.50390358","-75.54442603","20.7969","12.4465","861.1500","36.3219","17.6187","34.1375","46.6219","3.0000","0.1711","-0.6151","-1.0593","8.8035","-0.8400","-40.3172","100.0000","81.6509","8557.1113","6553.5000","675.7500","0.0000","52.1878","51.6244","0.0000","69.0000","675.7750","14.8000","6.5900","950.5049","0.0580","-0.0087","3.3866","0.9601","100.0000","12.0000","2.3790","0.0000","483.3695"
"41.700","44.2702","14","-0.3285","0.4508","0.5498","-169.5239","-15.3877","10.2125","13.3000","0.1800","45.7886","45.50389811","-75.54442725","20.7969","12.4435","861.0000","35.9938","17.9281","34.7188","42.6000","3.0000","0.1806","-0.2477","-1.1821","7.8336","0.8726","-42.4203","100.0000","88.7264","8729.3330","6553.5000","677.0000","0.0000","52.7150","53.1550","0.0000","69.0000","677.0250","14.8000","41.0900","950.5049","-0.0087","-0.0476","3.4521","0.9323","100.0000","12.0000","1.5240","0.0000","483.9839"
"41.750","44.4815","14","-0.4477","0.4648","0.5247","-170.3999","-20.7328","10.2092","13.3000","0.1795","34.1461","45.50389259","-75.54442847","20.7969","12.4404","861.5000","32.4813","19.0359","40.3219","41.3031","3.0000","0.3720","-0.1170","-1.1658","6.8746","1.2425","-37.4562","100.0000","90.0000","8538.3115","6553.5000","678.2300","0.0000","53.8525","52.3000","0.0000","69.0000","678.2530","14.8000","71.5200","950.5049","-0.0262","-0.0562","3.3304","0.9246","100.0000","12.0000","0.8450","0.0000","484.6016"
"41.800","45.8414","14","-0.5059","0.4789","0.5195","-171.0219","-22.9732","10.2257","13.3000","0.1745","31.7582","45.50388653","-75.54442970","20.7969","12.4374","861.4000","34.0750","19.5969","41.5625","41.2938","3.0000","0.6555","-0.2267","-1.0269","5.0420","-0.8566","-28.3531","100.0000","46.9333","8337.6670","6553.5000","679.3800","0.0000","52.7590","51.4179","0.0000","69.0000","679.4030","14.8000","87.5200","950.5049","-0.0207","-0.0507","3.1910","0.9223","100.0000","12.0000","0.8700","0.0000","485.2303"
"41.850","47.1639","14","-0.5561","0.4942","0.5123","-171.6871","-24.8487","10.2400","13.3000","0.1700","30.2083","45.50388045","-75.54443088","20.7969","12.4343","861.5000","38.4250","19.8594","38.8656","44.9250","3.0000","0.6729","-0.3770","-0.9226","3.0770","-3.5925","-19.2219","100.0000","31.6422","8596.0000","6553.5000","680.4300","0.0000","51.6976","52.0122","0.0000","69.0000","680.4430","14.8000","98.2400","950.5049","-0.0200","-0.0353","3.1416","0.9506","100.0000","11.9890","1.0560","0.0000","485.8790"
"41.900","48.1502","14","-0.5339","0.5201","0.4870","-172.7405","-23.4394","10.2344","13.3000","0.1700","32.6943","45.50387422","-75.54443164","20.7969","12.4313","861.5000","39.0000","19.8500","34.7313","45.0625","3.0000","0.7845","-0.4473","-0.9340","1.8729","-4.2281","-12.4672","100.0000","29.4170","8801.1338","6553.5000","681.0800","0.0000","53.4775","52.5350","0.0000","69.0000","681.0930","14.7844","90.2400","950.5049","-0.0196","-0.0200","3.1664","0.9595","100.0000","11.9390","1.8860","0.0000","486.5425"
"41.950","49.1183","13","-0.5075","0.5442","0.4650","-173.7606","-21.8651","10.2312","13.3000","0.1700","35.7529","45.50386795","-75.54443238","20.7969","12.4283","861.8500","36.9437","19.0812","32.8187","41.5469","3.0000","0.8687","-0.4909","-0.9009","1.6634","-2.5053","-8.1002","100.0000","28.5714","8869.4668","6553.5000","681.7600","0.0000","53.4575","53.8975","0.0000","69.0000","681.7761","14.7289","84.0000","950.5049","-0.0140","-0.0200","3.3819","0.9184","100.0000","11.9000","2.5500","0.0000","487.2190"
"42.000","49.9225","13","-0.4442","0.5530","0.4730","-174.4812","-18.8072","10.2494","13.3000","0.1700","42.2467","45.50386150","-75.54443299","20.7969","12.4252","861.5000","33.4125","19.0219","34.4562","38.2812","3.0000","0.7672","-0.5979","-0.7478","2.1367","-0.3781","-6.1604","100.0000","31.1429","8987.6670","6553.5000","682.5600","0.0000","55.2897","54.5179","0.0000","69.0000","682.5760","14.7267","84.0000","950.5049","-0.0116","-0.0200","3.4679","0.8850","100.0000","11.9000","2.5500","0.0000","487.9071"
"42.050","50.7651","13","-0.3885","0.5648","0.4805","-175.2284","-16.0784","10.2674","13.3000","0.1705","50.2507","45.50385500","-75.54443357","20.7969","12.4222","861.1500","33.3906","19.1453","35.8469","38.3094","3.0000","0.6689","-0.6963","-0.6827","2.6047","0.6378","-7.2191","100.0000","37.3156","9159.8887","6553.5000","683.3200","0.0000","55.2220","55.4341","0.0000","69.0000","683.3320","14.7822","84.0000","950.5049","-0.0171","-0.0200","3.4134","0.8600","100.0000","11.9000","2.3810","0.0000","488.6082"
"42.100","51.9527","13","-0.4021","0.6043","0.4827","-176.2148","-16.3126","10.2831","13.3000","0.1755","50.6880","45.50384818","-75.54443387","20.7969","12.4191","861.4000","34.0563","19.1562","37.1813","40.6688","3.0000","0.5089","-0.7616","-0.7390","2.4085","0.8452","-11.6684","100.0000","44.6903","9492.6670","6553.5000","683.9200","0.0000","57.5750","57.1550","0.0000","69.0000","683.9320","14.8000","84.0000","950.5049","-0.0227","-0.0227","3.3288","0.8482","100.0000","11.9000","1.5360","0.0000","489.3235"
"42.150","53.1251","13","-0.4187","0.6423","0.4882","-159.2551","-16.6534","10.3002","13.3000","0.1795","50.7713","45.50384134","-75.54443409","20.7969","12.4161","861.5000","35.9125","18.8594","37.8125","41.1906","3.0000","0.4906","-0.6449","-0.8615","1.5529","1.0673","-16.9156","100.0000","50.0000","9901.0000","6553.5000","684.5500","0.0000","59.1550","59.3625","0.0000","69.0000","684.5650","14.8000","84.0000","950.5049","-0.0282","-0.0282","3.2299","0.8427","100.0000","11.9110","0.8680","0.0000","490.0544"
"42.200","54.1611","13","-0.4619","0.6677","0.5221","19.2202","-17.9535","10.3304","13.3000","0.1745","48.0130","45.50383426","-75.54443363","20.7969","12.4130","861.1000","35.1250","18.9062","39.1750","39.7875","3.0000","0.6533","-0.3972","-0.8650","-0.0092","0.9881","-18.9484","100.0000","50.0000","9979.3330","6553.5000","685.3000","0.0000","60.5000","61.5513","0.0000","69.0000","685.3150","14.7511","84.0000","950.5049","-0.0300","-0.0300","3.1652","0.8616","100.0000","11.9610","0.9080","0.0000","490.8000"
"42.250","55.2283","13","-0.4997","0.6866","0.5576","179.8335","-19.0434","10.3615","13.3000","0.1695","46.1570","45.50382714","-75.54443321","20.7969","12.4100","861.5000","34.9625","18.9328","37.7594","38.7875","3.0000","0.8265","-0.3537","-0.7150","-1.4721","0.2341","-16.3352","100.0000","50.0000","10020.4004","6553.5000","685.9600","0.0000","60.2659","60.1976","0.0000","69.0000","685.9660","14.7000","84.0000","950.5049","-0.0300","-0.0300","3.1128","0.8789","100.0000","11.9890","0.9360","0.0000","491.5620"
"42.300","56.5775","13","-0.4892","0.6468","0.6067","179.6885","-18.2421","10.4019","13.3000","0.1645","49.3615","45.50381971","-75.54443306","20.7969","12.4069","861.0000","36.0812","18.3813","36.2750","39.3875","3.0000","0.9154","-0.3155","-0.7286","-2.2584","-0.6013","-10.9469","100.0000","50.0000","10150.4004","6553.5000","686.2600","0.0000","60.7500","61.3475","0.0000","69.0000","686.2660","14.7000","84.0000","950.5049","-0.0153","-0.0251","3.1472","0.8400","100.0000","11.9390","0.9160","0.0000","492.3407"
"42.350","57.9026","13","-0.4747","0.6141","0.6509","179.4806","-17.3125","10.4400","13.3000","0.1600","53.2303","45.50381226","-75.54443287","20.7969","12.4039","861.5000","36.1531","18.4219","36.1875","38.9875","3.0000","0.8585","-0.3795","-0.8804","-2.2902","-1.0330","-6.9684","100.0000","50.0000","10277.4443","6553.5000","686.6300","0.0000","62.7850","62.0750","0.0000","69.0000","686.6430","14.7000","84.0000","950.5049","0.0000","-0.0200","3.1865","0.8103","100.0000","11.9000","0.8930","0.0000","493.1370"
"42.400","59.0115","13","-0.4246","0.6459","0.6509","178.7062","-15.2274","10.4581","13.3000","0.1600","61.6781","45.50380458","-75.54443228","20.7969","12.4008","861.4000","34.6625","18.6344","37.2750","38.5438","3.0000","0.7941","-0.4586","-1.0010","-1.7165","-1.4113","-6.7787","100.0000","11.1111","10396.8887","6553.5000","687.2800","0.0000","63.4154","63.6000","0.0000","69.0000","687.2930","14.7000","84.0000","950.5049","0.0000","-0.0200","3.2381","0.8042","100.0000","11.9000","0.8580","0.0000","493.9494"
"42.450","60.1078","13","-0.3772","0.6718","0.6528","177.9135","-13.2425","10.4769","13.3000","0.1600","72.2408","45.50379689","-75.54443164","20.7969","12.3978","861.0000","35.5656","18.9844","37.5750","39.7250","3.0000","0.7411","-0.3652","-1.1829","-0.8785","-1.9611","-8.9187","100.0000","0.0000","10570.2002","6553.5000","688.0100","0.0000","64.9951","64.1561","0.0000","69.0000","688.0310","14.6733","84.0000","950.5049","-0.0016","-0.0184","3.2834","0.7965","100.0000","11.9000","0.8440","0.0000","494.7790"
"42.500","61.0918","13","-0.3529","0.6450","0.6705","176.9555","-12.1587","10.5017","13.3000","0.1600","79.9681","45.50378902","-75.54443058","20.7969","12.3947","861.0000","36.8812","18.9875","37.6437","41.3125","3.0000","0.5530","-0.3923","-1.0410","-0.3629","-2.5070","-11.0312","100.0000","0.0000","10801.8662","6553.5000","689.0600","0.0000","67.2950","65.7625","0.0000","69.0000","689.0810","14.6178","84.0000","950.5049","-0.0071","-0.0129","3.3217","0.7870","100.0000","11.9000","0.9140","0.0000","495.6223"
"42.550","62.0639","13","-0.3309","0.6163","0.6853","176.0706","-11.1594","10.5249","13.3000","0.1600","88.5153","45.50378114","-75.54442954","20.7969","12.3917","861.5000","36.2438","18.9844","35.6188","40.4406","3.0000","0.4080","-0.3108","-0.9640","-0.2171","-2.8764","-11.0516","100.0000","15.3226","10945.1338","6553.5000","690.1600","0.0000","67.4325","66.9300","0.0000","69.0000","690.1860","14.6378","83.8900","950.5049","-0.0100","-0.0153","3.2532","0.7832","100.0000","11.9000","1.1280","0.0000","496.4785"
"42.600","62.9285","13","-0.3296","0.5705","0.6734","175.8442","-10.9205","10.5335","13.3000","0.1600","91.7119","45.50377310","-75.54442862","20.7969","12.3886","861.1000","36.2250","19.0063","35.0500","40.2812","3.0000","0.4900","-0.0932","-0.8036","0.0060","-3.1137","-8.8500","100.0000","35.4839","11046.7998","6553.5000","691.4600","0.0000","66.9128","65.5462","0.0000","69.0000","691.4860","14.6933","83.3900","950.5049","-0.0100","-0.0264","3.1343","0.7821","100.0000","11.9000","1.9180","0.0000","497.3470"
"42.650","63.8139","13","-0.3346","0.5271","0.6633","175.5913","-10.8839","10.5436","13.3000","0.1600","93.3152","45.50376504","-75.54442767","20.7969","12.3856","861.3500","36.5219","19.0109","34.9938","40.5062","3.0000","0.5205","-0.2418","-0.7207","0.3822","-3.0166","-6.3316","100.0000","45.2055","11177.3115","6553.5000","692.6500","0.0000","67.7805","67.7683","0.0000","69.0000","692.6650","14.6511","83.1100","950.5049","-0.0024","-0.0262","3.1567","0.7976","100.0000","11.9000","2.5500","0.0000","498.2291"
"42.700","64.8867","13","-0.3958","0.5054","0.6696","175.0992","-12.6679","10.5682","13.3000","0.1600","81.5210","45.50375672","-75.54442640","20.7969","12.3849","861.4000","37.4062","18.9719","34.2375","40.6000","3.0000","0.3176","-0.3739","-0.9568","0.7788","-2.2051","-5.9234","100.0000","28.0822","11311.9336","6553.5000","693.4000","0.0000","68.6475","69.0050","0.0000","69.0000","693.4150","14.6000","83.6100","950.5049","0.0087","-0.0207","3.1885","0.8153","100.0000","11.9000","2.5500","0.0000","499.1246"
"42.750","65.9144","13","-0.4589","0.4838","0.6761","174.5493","-14.4998","10.5921","13.3000","0.1605","72.3499","45.50374840","-75.54442507","20.7969","12.3868","861.1500","35.2031","17.7609","35.1000","39.8750","3.0000","0.1511","-0.6191","-1.1855","1.1619","-1.2199","-8.4230","100.0000","15.8482","11448.5996","6553.5000","694.3500","0.0000","70.0725","69.7975","0.0000","69.0000","694.3850","14.6000","84.0000","950.5049","0.0149","-0.0102","3.1068","0.8320","100.0000","11.9000","2.5500","0.0000","500.0338"
"42.800","66.5371","13","-0.5382","0.4623","0.6846","173.4795","-16.7618","10.6107","13.3000","0.1655","63.1775","45.50374002","-75.54442321","20.7969","12.3887","861.4000","33.8563","17.7812","37.3875","40.2875","3.0000","0.6368","-0.6027","-1.1597","1.5299","-1.0822","-13.1422","100.0000","4.6875","11619.9551","6553.5000","696.1000","0.0000","70.3154","69.6461","0.0000","69.0000","696.1350","14.6000","84.0000","950.5049","0.0222","-0.0004","3.0401","0.8384","100.0000","11.9000","2.5500","0.0000","500.9536"
"42.850","67.1730","13","-0.6093","0.4429","0.6945","172.3695","-18.7664","10.6303","13.3000","0.1695","56.9684","45.50373161","-75.54442127","20.7969","12.3906","861.1500","35.1063","17.8656","41.2406","42.1375","3.0000","1.0535","-0.7384","-1.2776","1.0529","-1.9821","-18.4344","100.0000","41.2602","11880.5107","6553.5000","697.8500","0.0000","70.8122","71.6341","0.0000","69.0000","697.8850","14.6000","85.7600","950.5049","0.0500","-0.0060","3.0117","0.8184","100.0000","11.9000","2.5500","0.0000","501.8836"
"42.900","67.9274","13","-0.6060","0.4422","0.7170","170.8969","-18.4537","10.6600","13.3000","0.1645","58.5845","45.50372306","-75.54441862","20.7969","12.3925","861.5000","38.0687","17.8563","41.2500","43.3625","3.0000","1.2939","-0.6630","-1.6855","-0.9626","-3.1328","-22.3469","100.0000","112.3984","12069.0664","6553.5000","699.6000","0.0000","71.5975","72.9350","0.0000","69.0000","699.6350","14.6000","93.7600","950.5049","0.0700","-0.0100","2.9893","0.8083","100.0000","11.9000","2.5500","0.0000","502.8231"
"42.950","68.6759","13","-0.6089","0.4411","0.7343","169.4995","-18.3228","10.6870","13.3000","0.1600","59.6531","45.50371450","-75.54441596","20.7969","12.3944","861.3500","39.6719","16.9281","38.7500","43.7687","3.0000","1.0452","-0.5560","-1.4956","-3.1467","-3.4400","-23.0594","100.0000","116.6667","12179.6221","6553.5000","701.3200","0.0000","74.0500","73.8325","0.0000","69.0000","701.3520","14.6000","100.0000","950.5049","0.0700","-0.0100","2.9732","0.8088","100.0000","11.9000","2.5500","0.0000","503.7725"
"43.000","69.3700","13","-0.6668","0.4365","0.7058","168.7796","-19.8284","10.6895","13.3000","0.1600","55.6807","45.50370588","-75.54441320","20.7969","12.3963","861.5000","37.1000","15.1328","37.3750","42.0938","3.0000","0.8285","-0.7297","-1.1118","-3.9746","-2.8301","-20.0969","100.0000","116.6667","12148.8887","6553.5000","702.9200","0.0000","72.5000","72.8923","0.0000","69.0000","702.9520","14.5622","100.0000","950.5049","0.1100","0.0167","3.1187","0.8098","100.0000","11.9000","2.5500","0.0000","504.7315"
"43.050","70.0638","13","-0.7245","0.4297","0.6806","168.0495","-21.3202","10.6938","13.3000","0.1605","52.3024","45.50369724","-75.54441040","20.7969","12.3982","861.5000","33.8500","15.2094","38.2656","40.6969","3.0000","0.9030","-0.8640","-0.8024","-3.8459","-2.4195","-15.8883","100.0000","116.6667","12051.6670","6553.5000","704.5700","0.0000","72.7341","73.0390","0.0000","69.0000","704.6070","14.5067","100.0000","950.5049","0.1933","0.0722","3.3404","0.8109","100.0000","11.9000","2.5500","0.0000","505.7013"
"43.100","70.7545","13","-0.7796","0.4021","0.6853","167.2271","-22.6885","10.7128","13.3000","0.1655","49.6328","45.50368853","-75.54440724","20.7969","12.4002","861.5000","35.2812","16.7781","38.4375","42.0438","3.0000","0.5296","-0.6813","-0.6825","-3.7797","-2.7773","-13.4937","100.0000","97.6255","12158.7998","6553.5000","706.4200","0.0000","72.8275","74.2050","0.0000","69.0000","706.4570","14.5000","100.0000","950.5049","0.4920","0.2940","3.3778","0.8090","100.0000","11.9000","2.5500","0.0000","506.6804"
"43.150","71.4326","13","-0.8294","0.3694","0.6862","166.3546","-23.9017","10.7289","13.3000","0.1700","47.5650","45.50367982","-75.54440400","20.7969","12.4021","861.0000","39.4094","16.9641","37.7062","43.9062","3.0000","-0.1587","-0.6310","-0.7377","-3.6455","-3.1123","-14.2750","100.0000","68.1469","12274.1553","6553.5000","708.1600","0.0000","73.8725","74.4550","0.0000","69.0000","708.1860","14.5000","100.0000","950.5049","0.8920","0.5940","3.3797","0.7958","99.4800","11.9000","2.5500","0.0000","507.6685"
"43.200","71.9956","13","-0.8305","0.2909","0.6537","165.0312","-23.7194","10.7187","13.3000","0.1700","48.3083","45.50367112","-75.54440011","20.7969","12.4040","861.1000","39.1625","16.4469","36.9813","44.0500","3.0000","-0.2626","-0.7836","-0.9803","-2.7738","-2.7887","-17.4906","100.0000","59.7165","12163.5996","6553.5000","709.4600","0.0000","75.9179","75.6692","0.0000","69.0000","709.4860","14.5000","100.0000","950.5049","1.1111","0.8011","3.2636","0.6564","92.9800","11.9000","2.5500","0.0000","508.6647"
"43.250","72.5025","13","-0.8336","0.2108","0.6226","163.6991","-23.6037","10.7096","13.3000","0.1695","48.8869","45.50366244","-75.54439616","20.7969","12.4059","861.0000","34.9031","13.5312","37.2938","42.8281","3.0000","0.2380","-1.1208","-1.1438","-1.4193","-2.4803","-21.2703","100.0000","58.4155","11878.2002","6553.5000","709.1300","0.0000","72.2439","74.5293","0.0000","69.0000","708.9930","14.5000","100.0000","950.5049","1.3087","0.9920","3.1988","0.5059","79.5889","11.9000","2.5500","0.0000","509.6692"
"43.300","72.5046","13","-0.8550","0.1166","0.6052","162.2894","-24.0876","10.7106","13.3000","0.1645","47.9062","45.50365396","-75.54439171","20.7969","12.4078","861.4000","35.3250","11.7188","38.4625","45.2000","3.0000","-0.0387","-1.4333","-1.1680","-1.1412","-2.9875","-24.9688","100.0000","57.1144","11143.2002","6553.5000","702.2800","0.0000","70.6900","74.5475","0.0000","69.0000","702.1430","14.5000","100.0000","950.5049","1.5420","1.1420","3.2660","0.3270","48.4778","11.9000","2.5500","0.0000","510.6762"
"43.350","72.4479","13","-0.8813","0.0197","0.5880","160.8438","-24.7184","10.7108","13.3000","0.1600","46.6471","45.50364553","-75.54438718","20.7969","12.4097","861.5000","39.8875","11.7078","36.7625","47.3500","3.0000","-0.4441","-1.3894","-1.0306","-2.4816","-3.8170","-28.8266","100.0000","56.8282","10688.7334","6553.5000","695.6800","0.0000","62.3625","67.2925","0.0000","69.0000","695.5680","14.5000","100.0000","950.5049","1.6727","1.2220","3.2914","0.2047","25.5000","11.9110","2.5500","0.0000","511.6822"
"43.400","71.8610","13","-0.9512","-0.1014","0.5735","159.0761","-26.6716","10.7038","13.3000","0.1600","42.8809","45.50363750","-75.54438200","20.7969","12.4116","861.5000","43.6688","11.7828","34.1562","49.3063","3.0000","-0.6174","-0.9026","-0.9486","-3.8664","-3.9477","-32.4688","100.0000","57.4876","10538.1777","6553.5000","690.0800","0.0000","62.0744","66.4359","0.0000","69.0000","689.9680","14.5000","100.0000","950.5049","1.5393","1.1220","3.2714","0.1436","11.3333","11.9610","2.5500","0.0000","512.6837"
"43.450","71.2366","13","-1.0212","-0.2189","0.5603","157.3745","-28.6479","10.6980","13.3000","0.1600","39.5758","45.50362951","-75.54437680","20.7969","12.4135","861.0000","42.7406","12.0117","32.1375","48.4188","3.0000","-0.7109","-0.5276","-1.1956","-3.5730","-3.2510","-34.7781","100.0000","57.8055","10434.4668","6553.5000","684.6901","0.0000","61.0122","66.6000","0.0000","69.0000","684.5991","14.5000","100.0000","950.5049","1.2780","0.9207","3.2193","0.1123","4.4200","12.0000","2.5500","0.0000","513.6760"
"43.500","70.2755","13","-1.0923","-0.3026","0.5585","156.2691","-30.8321","10.7033","13.3000","0.1600","36.2761","45.50362183","-75.54437149","20.7969","12.4154","861.5000","40.6875","10.0969","31.4406","48.2062","3.0000","-0.7081","-0.8101","-1.4094","-1.5664","-1.9742","-35.3625","100.0000","57.8559","10352.7998","6553.5000","680.1400","0.0000","60.1700","65.0650","0.0000","69.0000","680.0490","14.5000","100.0000","950.5049","0.8780","0.6096","3.1521","0.0951","0.9200","12.0000","2.5500","0.0000","514.6571"
"43.550","69.3329","13","-1.1560","-0.3845","0.5541","155.1166","-32.8254","10.7067","13.3000","0.1605","33.6162","45.50361418","-75.54436612","20.7969","12.4173","861.5000","38.7156","9.7875","34.9781","48.6813","3.0000","-0.5950","-1.3342","-1.3606","0.3301","-0.7096","-35.0750","100.0000","57.8740","10214.9111","6553.5000","675.6800","0.0000","57.4300","66.6100","0.0000","69.0000","675.5980","14.4511","100.0000","950.5049","0.5422","0.3664","3.1885","0.0832","0.2556","12.0000","2.5500","0.0000","515.6257"
"43.600","68.5571","13","-1.1538","-0.4499","0.5259","153.5408","-33.1007","10.6941","13.3000","0.1655","32.9637","45.50360691","-75.54436026","20.7969","12.4192","861.1000","38.4188","9.9500","37.0875","48.9313","3.0000","-0.3126","-1.5698","-1.1531","0.6593","0.0469","-35.0382","100.0000","58.7979","10061.5781","6553.5000","671.5800","0.0000","56.3462","66.2359","0.0000","69.0000","671.4980","14.4000","100.0000","950.5049","0.2367","0.1553","3.2444","0.0729","0.0000","12.0000","2.5500","0.0000","516.5829"
"43.650","67.7706","13","-1.1526","-0.5096","0.5012","151.9146","-33.4213","10.6825","13.3000","0.1700","32.2729","45.50359970","-75.54435433","20.7969","12.4211","861.6500","39.9500","11.7414","37.2406","49.2219","3.0000","-0.2729","-1.4236","-0.9587","0.1930","0.3689","-35.9688","100.0000","59.7920","9818.7998","6553.5000","667.5800","0.0000","54.1829","63.8293","0.0000","69.0000","667.5080","14.4000","100.0000","950.5049","0.1707","0.0860","3.3622","0.0718","0.0000","11.9890","2.5500","0.0000","517.5279"
"43.700","66.8878","13","-1.1613","-0.5176","0.5076","149.8352","-34.1507","10.6796","13.3000","0.1700","31.1722","45.50359299","-75.54434775","20.7969","12.4230","861.5000","39.4813","11.8844","36.3625","49.1937","3.0000","-0.1986","-1.3777","-0.9028","0.0060","0.5280","-37.5938","100.0000","60.2709","9615.5332","6553.5000","663.9800","0.0000","53.2700","64.2150","0.0000","69.0000","663.9080","14.4000","100.0000","950.5049","0.1396","0.0391","3.4100","0.0741","0.0000","11.9390","2.5500","0.0000","518.4615"
"43.750","66.0086","13","-1.1723","-0.5220","0.5114","147.7782","-34.9552","10.6763","13.3000","0.1700","30.0544","45.50358633","-75.54434115","20.8015","12.4247","861.5000","39.0000","10.7484","34.6969","48.6344","3.0000","-0.2312","-1.3835","-0.9749","0.0570","0.7070","-38.5625","100.0000","65.4321","9513.8662","6553.5000","660.5100","0.0000","52.0800","63.0275","0.0000","69.0000","660.4510","14.4000","100.0000","950.5049","0.1340","0.0280","3.2778","0.0852","0.0000","11.9110","2.5500","0.0000","519.3835"
"43.800","65.1617","13","-1.2035","-0.4944","0.4917","145.9242","-36.4357","10.6704","13.3000","0.1700","28.4633","45.50358009","-75.54433424","20.8112","12.4263","861.1000","37.8563","9.2172","33.1375","48.1312","3.0000","-0.3550","-1.2534","-1.0029","0.5695","0.9954","-37.8906","100.0000","81.5189","9410.3330","6553.5000","657.5600","0.0000","53.9385","60.4103","0.0000","69.0000","657.5010","14.3733","100.0000","950.5049","0.1222","0.0153","3.2410","0.0910","0.0000","11.9610","2.5500","0.0000","520.2940"
"43.850","64.3117","13","-1.2341","-0.4676","0.4735","144.0608","-37.9004","10.6647","13.3000","0.1700","27.0064","45.50357391","-75.54432729","20.8209","12.4278","861.6500","37.8438","9.3148","35.2812","48.9000","3.0000","-0.4805","-1.2512","-1.0532","1.1406","1.4355","-36.2812","100.0000","94.3638","9304.7773","6553.5000","654.4700","0.0000","50.9561","61.1220","0.0000","69.0000","654.3970","14.3178","100.0000","950.5049","0.0944","-0.0013","3.3077","0.0910","0.0000","12.0000","2.5500","0.0000","521.1912"
"43.900","63.4333","13","-1.2591","-0.4476","0.4697","142.1127","-39.2225","10.6613","13.3000","0.1700","25.7396","45.50356823","-75.54431991","20.8305","12.4293","861.5000","38.0687","10.6656","38.9313","49.2188","3.0000","-0.5795","-1.3862","-0.9713","0.6548","1.5454","-34.7344","100.0000","105.6831","9083.2441","6553.5000","650.8200","0.0000","48.8750","61.9000","0.0000","69.0000","650.7470","14.3378","100.0000","950.5049","0.0720","-0.0047","3.3668","0.0967","0.0000","12.0000","2.5500","0.0000","522.0768"
"43.950","62.5601","13","-1.2838","-0.4280","0.4629","140.1493","-40.5344","10.6574","13.3000","0.1700","24.5637","45.50356260","-75.54431250","20.8402","12.4308","861.1500","39.0031","12.1914","39.5219","48.9813","3.0000","-0.5509","-1.2463","-0.7013","-0.4255","0.8081","-33.8750","100.0000","109.2664","8807.1338","6553.5000","647.1700","0.0000","49.0200","59.4975","0.0000","69.0000","647.0970","14.3933","100.0000","950.5049","0.0553","0.0064","3.4223","0.1050","0.0000","12.0000","2.5500","0.0000","522.9509"
"44.000","61.7344","13","-1.3047","-0.4116","0.4284","138.0479","-41.7557","10.6478","13.3000","0.1700","23.5305","45.50355749","-75.54430476","20.8499","12.4324","861.4000","39.9437","12.2156","38.3312","48.9938","3.0000","-0.4909","-1.2375","-0.8245","-1.0501","-0.5053","-34.6414","100.0000","88.3526","8672.7998","6553.5000","643.5200","0.0000","47.2641","58.0256","0.0000","69.0000","643.4470","14.3511","100.0000","950.5049","0.0576","0.0062","3.3899","0.2664","7.5778","12.0000","2.5500","0.0000","523.8136"
"44.050","60.9041","13","-1.3192","-0.3954","0.3974","135.9435","-42.7656","10.6383","13.3000","0.1705","22.6659","45.50355244","-75.54429699","20.8596","12.4339","861.5000","39.9469","11.9578","37.8125","49.4906","3.0000","-0.5210","-1.3557","-0.9595","-0.9267","-1.6048","-36.6594","100.0000","83.3333","8617.1777","6553.5000","641.4000","0.0000","46.0171","59.0878","0.0000","69.0000","641.4800","14.3000","100.0000","950.5049","0.0687","0.0007","3.3526","0.4382","16.5044","11.9890","2.5500","0.0000","524.6635"
"44.100","60.0327","13","-1.2757","-0.3808","0.3986","133.8111","-41.8734","10.6296","13.3000","0.1755","22.8176","45.50354789","-75.54428891","20.8692","12.4354","861.4000","38.5125","12.1734","37.4375","48.7812","3.0000","-0.4307","-1.1919","-0.7310","-0.2384","-2.5578","-37.6219","100.0000","90.0709","9244.4004","6553.5000","645.4000","0.0000","49.8175","59.3525","0.0000","69.0000","645.4800","14.3000","100.0000","950.5049","0.0749","0.0000","3.3982","0.4904","29.0600","11.9390","2.5500","0.0000","525.5018"
"44.150","59.2162","13","-1.2347","-0.3587","0.3920","131.6929","-41.0576","10.6184","13.3000","0.1800","22.9544","45.50354339","-75.54428079","20.8789","12.4369","861.5000","39.3812","12.2414","36.8969","50.1625","3.0000","-0.1891","-1.0671","-0.6631","0.4003","-2.7622","-36.4906","100.0000","98.9362","9851.7109","6553.5000","649.3300","0.0000","55.0150","58.8575","0.0000","69.0000","649.4030","14.3000","100.0000","950.5049","0.0778","-0.0022","3.4074","0.5165","39.1578","11.9110","2.5500","0.0000","526.3295"
"44.200","58.8937","13","-1.2162","-0.2689","0.3156","129.7021","-40.9291","10.5855","13.3000","0.1800","22.9011","45.50353920","-75.54427237","20.8886","12.4384","861.9000","40.3187","12.2719","35.6750","50.1500","3.0000","-0.0466","-0.9987","-0.9351","0.9880","-0.8897","-34.2625","100.0000","100.0000","10407.8223","6553.5000","652.9800","0.0000","61.8359","59.4179","0.0000","69.0000","653.0530","14.3000","100.0000","950.5049","0.0500","-0.0300","3.3229","0.4754","42.9356","11.9610","2.5500","0.0000","527.1498"
"44.250","58.5820","13","-1.1984","-0.1775","0.2466","127.7164","-40.8013","10.5547","13.3000","0.1795","22.8513","45.50353505","-75.54426390","20.8982","12.4400","861.5000","36.0656","12.3203","38.7500","47.0594","3.0000","0.2459","-1.0525","-1.1606","1.3363","2.1594","-31.3719","100.0000","100.0000","10511.6670","6553.5000","656.5000","0.0000","62.7610","63.5488","0.0000","69.0000","656.5600","14.3000","100.0000","950.5049","0.0284","-0.0469","3.2819","0.4679","45.1933","12.0000","2.5500","0.0000","527.9650"
"44.300","58.3677","13","-1.1867","-0.0730","0.2439","125.7777","-40.6808","10.5440","13.3000","0.1745","22.8351","45.50353130","-75.54425515","20.9079","12.4415","861.5000","33.5625","12.4031","40.8187","43.6125","3.0000","0.4838","-1.0251","-1.1733","1.1196","3.8259","-26.4562","100.0000","12.3711","10125.5557","6553.5000","659.5000","0.0000","61.4900","62.1225","0.0000","69.0000","659.5600","14.3000","100.0000","950.5049","0.0229","-0.0358","3.2880","0.4968","45.8044","12.0000","2.5500","0.0000","528.7767"
"44.350","58.2333","13","-1.1677","0.0269","0.2393","123.8581","-40.2822","10.5333","13.3000","0.1700","23.0080","45.50352756","-75.54424634","20.9176","12.4430","861.5000","33.5375","13.2508","40.8969","43.9719","3.0000","0.3582","-0.8806","-1.0258","-0.1474","2.9918","-19.4141","100.0000","-116.4949","10024.2891","6553.5000","662.3500","0.0000","60.1375","60.2050","0.0000","69.0000","662.3950","14.3000","100.0000","950.5049","0.0867","0.0020","3.2949","0.5007","46.1133","12.0000","2.5500","0.0000","529.5870"
"44.400","58.8186","13","-1.0830","0.0848","0.2176","122.1112","-37.3801","10.5233","13.3000","0.1700","25.0435","45.50352399","-75.54423701","20.9273","12.4445","861.1000","36.3812","13.7172","37.7438","44.9688","3.0000","0.2814","-0.8490","-0.9580","-2.0809","1.0315","-12.6082","100.0000","-49.0909","10057.0664","6553.5000","664.6000","0.0000","60.5846","60.5128","0.0000","69.0000","664.6450","14.3000","100.0000","950.5049","0.2256","0.0687","3.3021","0.4929","46.2800","12.0000","2.5500","0.0000","530.4006"
"44.450","59.3732","13","-0.9914","0.1352","0.1970","120.4042","-34.2268","10.5137","13.3000","0.1700","27.6086","45.50352046","-75.54422765","20.9369","12.4461","861.3500","38.6750","14.5781","34.4219","44.5469","3.0000","0.1988","-0.8035","-0.9829","-3.3702","-0.2633","-8.6156","100.0000","0.0000","9686.0225","6553.5000","665.5300","0.0000","59.8829","60.9415","0.0000","69.0000","665.4430","14.3000","100.0000","950.5049","0.4287","0.2147","3.2654","0.4216","42.1933","12.0000","2.5500","0.0000","531.2226"
"44.500","59.6515","13","-0.8370","0.1178","0.1867","119.0564","-28.8137","10.5072","13.3000","0.1700","32.9490","45.50351718","-75.54421805","20.9466","12.4476","861.4000","38.2188","14.6297","33.9313","42.9188","3.0000","0.1224","-0.7032","-0.9766","-3.6088","-0.9962","-7.7758","100.0000","14.4144","9279.0225","6553.5000","661.1800","0.0000","59.7575","60.2225","0.0000","69.0000","661.0930","14.3000","100.0000","950.5049","0.6620","0.3980","3.2322","0.3436","36.9356","12.0000","2.5500","0.0000","532.0496"
"44.550","59.8756","13","-0.6758","0.0932","0.1730","117.7486","-23.1782","10.4998","13.3000","0.1700","41.1141","45.50351392","-75.54420846","20.9563","12.4491","861.5000","38.3406","14.4875","32.2719","42.7031","3.0000","-0.1091","-0.5625","-0.9448","-3.4267","-2.0380","-8.0676","100.0000","36.9369","9091.7998","6553.5000","656.4300","0.0000","57.5750","58.7700","0.0000","69.0000","656.3030","14.3000","98.1300","950.5049","1.0958","0.7769","3.3094","0.2892","24.8800","12.0000","2.5500","0.0000","532.8795"
"44.600","59.6117","13","-0.4538","0.0029","0.1283","116.8018","-15.5407","10.4851","13.3000","0.1700","61.0493","45.50351084","-75.54419892","20.9660","12.4506","861.5000","42.8500","12.4859","28.2406","44.8187","3.0000","-0.4209","-0.0063","-0.8698","-3.7003","-2.6158","-6.1912","100.0000","59.4595","8973.6445","6553.5000","650.0800","0.0000","54.1026","49.7872","0.0000","69.0000","649.9530","14.3000","89.6300","950.5049","1.5169","1.1536","3.3608","0.2357","14.5511","12.0000","2.5500","0.0000","533.7088"
"44.650","59.2748","13","-0.2303","-0.0904","0.0869","116.0428","-7.8527","10.4711","13.3000","0.1700","120.1356","45.50350774","-75.54418947","20.9756","12.4522","861.5000","45.0156","11.2258","24.6109","43.7844","3.0000","-0.5826","0.6862","-0.8906","-4.5947","-1.4294","0.8662","100.0000","62.1622","9033.0889","6553.5000","644.1200","0.0000","54.3463","53.2171","0.0000","69.0000","644.0320","14.3000","81.3500","950.5049","1.4780","1.1980","3.3458","0.1846","8.6622","12.0000","2.5500","0.0000","534.5335"
"44.700","58.2805","13","0.0079","-0.2101","0.0752","116.9747","0.2905","10.4630","13.3000","0.1700","3193.4690","45.50350435","-75.54418076","20.9853","12.4537","861.5000","44.8250","13.6094","25.6344","41.4188","3.0000","-0.5397","1.1851","-1.0573","-5.7207","0.7580","13.0578","100.0000","55.5549","9044.7998","6553.5000","639.7200","0.0000","55.9600","52.9750","0.0000","69.0000","639.6320","14.3000","73.8500","950.5049","1.3131","1.1009","3.3356","0.1489","4.4533","12.0000","2.5500","0.0000","535.3481"
"44.750","57.3049","13","0.2440","-0.3251","0.0655","117.9801","8.3845","10.4559","13.3000","0.1705","108.7766","45.50350091","-75.54417211","20.9950","12.4552","861.5000","46.4688","19.4094","26.1063","38.2687","3.0000","-0.6820","1.4006","-1.1270","-5.9361","1.9907","26.2328","100.0000","55.9410","9004.7998","6553.5000","635.4300","0.0000","57.3325","51.3375","0.0000","69.0000","635.3530","14.3000","66.0200","950.5049","0.8242","0.6398","3.3306","0.1300","2.0644","12.0000","2.5500","0.0000","536.1499"
"44.800","56.4982","13","0.4607","-0.3968","0.0747","119.6465","16.0363","10.4569","13.3000","0.1755","56.0724","45.50349712","-75.54416406","21.0000","12.4573","861.1000","47.2625","21.1969","26.7188","38.8563","3.0000","-0.5114","1.1709","-0.9620","-4.5520","1.6492","36.4266","100.0000","58.1806","8778.9336","6553.5000","631.5800","0.0000","55.7872","51.4026","0.0000","69.0000","631.5030","14.3000","57.0200","950.5049","0.4207","0.2747","3.3981","0.1244","0.8089","12.0000","2.5500","0.0000","536.9399"
"44.850","55.7044","13","0.6716","-0.4638","0.0820","121.3046","23.5259","10.4570","13.3000","0.1805","37.6845","45.50349330","-75.54415604","21.0000","12.4599","861.5000","48.6906","21.4375","25.4703","40.5312","3.0000","-0.4182","0.7095","-0.9056","-2.2131","0.6938","41.4500","100.0000","58.7629","8465.5996","6553.5000","627.7900","0.0000","54.8902","47.9927","0.0000","69.0000","627.7190","14.3000","44.3900","950.5049","0.1096","0.0136","3.4998","0.1249","0.0867","12.0110","2.3870","0.0000","537.7173"
"44.900","55.0264","13","0.8295","-0.4876","0.0721","122.8876","29.5549","10.4487","13.3000","0.1855","29.6321","45.50348933","-75.54414841","21.0000","12.4626","861.5000","46.9750","21.0812","26.4656","40.8063","3.0000","-0.4672","0.3893","-0.8066","-0.5503","-0.2911","40.0609","100.0000","8.9794","8360.0449","6553.5000","624.2400","0.0000","53.0075","48.6475","0.0000","69.0000","624.1690","14.3000","18.8900","950.5049","0.0176","-0.0511","3.4768","0.1289","0.0000","12.0610","1.5720","0.0000","538.4852"
"44.950","54.3556","13","0.9746","-0.5030","0.0655","124.4147","35.1555","10.4425","13.3050","0.1900","24.6077","45.50348536","-75.54414080","21.0000","12.4653","861.3000","47.6094","21.0063","25.7469","40.4406","3.0000","-0.4920","0.5195","-0.6920","0.3923","-1.1020","34.0641","100.0000","-12.0833","8288.2891","6553.5000","620.7800","0.0000","52.2775","47.8250","0.0000","69.0000","620.7180","14.3000","-1.0000","950.5049","0.0287","-0.0233","3.4367","0.1339","0.0000","12.0890","0.9120","0.0000","539.2441"
"45.000","53.7493","13","1.0049","-0.4417","0.0897","125.4376","36.9015","10.4548","13.3550","0.1900","23.1819","45.50348133","-75.54413349","21.0000","12.4679","861.4000","46.4000","20.3750","23.0938","40.2875","3.0000","-0.4200","0.6406","-0.7754","1.3594","-1.2802","26.2945","100.0000","-5.1389","8279.4004","6553.5000","617.6800","0.0000","51.0692","49.8872","0.0000","69.0000","617.6180","14.3000","-1.0000","950.5049","0.0496","-0.0151","3.3950","0.1456","0.0000","12.0390","0.8720","0.0000","539.9945"
"45.050","53.1161","13","1.0172","-0.3840","0.1123","126.5419","37.9496","10.4661","13.4000","0.1900","22.2761","45.50347728","-75.54412626","21.0000","12.4706","861.5000","46.4656","20.1734","24.4766","41.8563","3.0000","-0.3043","0.8542","-0.9158","2.2788","-0.7351","20.0664","100.0000","21.0648","8244.5332","6553.5000","614.5600","0.0000","50.1927","49.4585","0.0000","69.0000","614.4960","14.3000","-1.0000","950.5049","0.0718","-0.0091","3.3762","0.1509","0.0000","12.0110","0.8430","0.0000","540.7352"
"45.100","52.2413","13","0.8666","-0.3580","0.1218","128.3785","32.7168","10.4679","13.4000","0.1900","25.4135","45.50347303","-75.54411971","21.0000","12.4733","861.9000","45.2250","20.2313","26.9125","40.7500","3.0000","-0.2727","0.9803","-0.8665","3.0521","-0.2040","17.6477","100.0000","102.0833","8142.8667","6553.5000","611.3600","0.0000","50.8475","49.1275","0.0000","69.0000","611.2960","14.3000","-1.0000","950.5049","0.0940","0.0020","3.4162","0.1398","0.0000","12.0610","0.8580","0.0000","541.4654"
"45.150","51.3849","13","0.7043","-0.3366","0.1303","130.1817","26.9909","10.4695","13.4000","0.1900","30.2996","45.50346876","-75.54411321","21.0000","12.4759","861.5000","45.2625","20.4688","27.5688","40.8812","3.0000","-0.3369","0.8156","-0.8541","4.2533","-0.3535","16.9797","100.0000","107.4324","8035.0669","6553.5000","608.2700","0.0000","49.7925","48.1575","0.0000","69.0000","608.2170","14.3000","-1.0000","950.5049","0.0944","-0.0009","3.4261","0.1372","0.0000","12.1000","0.8870","0.0000","542.1842"
"45.200","50.6934","13","0.4367","-0.3565","0.1305","131.6840","16.8282","10.4691","13.4000","0.1900","47.9440","45.50346440","-75.54410708","21.0000","12.4786","861.5000","43.3500","20.2906","27.3375","43.5625","3.0000","-0.3254","-0.0687","-0.8701","6.4934","-1.0069","12.2605","100.0000","96.1712","7920.6221","6553.5000","605.6200","0.0000","48.8462","48.1154","0.0000","69.0000","605.5670","14.3000","-1.0000","950.5049","0.0389","-0.0398","3.4033","0.1439","0.0000","12.1000","0.9720","0.0000","542.8928"
"45.250","50.0071","13","0.1717","-0.3780","0.1327","132.8894","6.7170","10.4696","13.4000","0.1900","118.4894","45.50346011","-75.54410089","21.0000","12.4813","861.5000","39.6625","15.8016","28.9094","45.7562","3.0000","-0.3500","-0.9426","-0.9827","9.0668","-1.5500","1.0286","100.0000","91.6667","7828.4668","6553.5000","603.0000","0.0000","46.2439","48.9927","0.0000","69.0000","602.9500","14.3000","-1.0000","950.5049","0.0207","-0.0520","3.4251","0.1452","0.0000","12.1000","1.0440","0.0000","543.5906"
"45.300","49.3673","13","-0.0705","-0.4148","0.1531","131.4232","-2.9307","10.4774","13.4000","0.1900","268.0912","45.50345644","-75.54409414","21.0000","12.4839","861.5000","37.9250","14.2984","32.6000","47.9125","3.0000","-0.3240","-1.3271","-1.0603","10.8109","-1.8467","-14.9383","100.0000","31.3667","7746.7998","6553.5000","600.5000","0.0000","44.1125","49.5425","0.0000","69.0000","600.4500","14.3000","-1.0000","950.5049","0.0429","-0.0353","3.4679","0.1441","0.0000","12.1000","1.0640","0.0000","544.2797"
"45.350","48.7154","13","-0.3129","-0.4482","0.1773","129.8632","-12.6467","10.4866","13.4000","0.1900","61.3071","45.50345284","-75.54408736","21.0000","12.4866","861.5000","38.0594","14.2023","37.1344","50.2188","3.0000","-0.3445","-1.4104","-1.0806","10.9855","-2.1187","-31.1445","100.0000","42.8448","7474.4668","6553.5000","598.1400","0.0000","41.3850","49.0900","0.0000","69.0000","598.1040","14.3489","3.8400","950.5049","0.0311","-0.0376","3.4099","0.1508","0.0000","12.1000","1.1100","0.0000","544.9600"
"45.400","47.9548","13","-0.5566","-0.4512","0.2362","127.4594","-22.9768","10.5085","13.4000","0.1900","33.2172","45.50344982","-75.54408033","21.0000","12.4893","861.5000","38.7062","14.2125","39.4313","50.4437","3.0000","-0.5751","-1.4116","-0.9760","9.2875","-2.5225","-43.9344","100.0000","159.2242","7174.3999","6553.5000","596.3400","0.0000","39.8925","49.5575","0.0000","69.0000","596.3040","14.4000","25.8400","950.5049","0.0033","-0.0487","3.3434","0.1601","0.0311","12.1000","1.2600","0.0000","545.6307"
"45.450","47.2063","13","-0.7951","-0.4494","0.2895","125.0793","-33.1561","10.5294","13.4000","0.1910","22.6598","45.50344683","-75.54407330","21.0000","12.4919","861.5000","39.9813","14.3031","40.7625","50.7250","3.0000","-0.6006","-1.3220","-0.8175","6.4742","-2.8517","-52.6906","100.0000","210.7143","6854.3999","6553.5000","594.5200","0.0000","35.3700","47.6250","0.0000","69.1100","594.4821","14.4000","43.0000","950.5049","0.0049","-0.0402","3.3362","0.1862","0.4200","12.1000","1.3390","0.0000","546.2900"
"45.500","46.5676","13","-0.9861","-0.4044","0.2922","122.9135","-41.9780","10.5419","13.4000","0.2010","17.6556","45.50344422","-75.54406615","21.0000","12.4946","861.5000","40.5000","14.3266","38.6312","50.8375","3.0000","-0.4503","-1.3293","-0.8423","3.8920","-2.6519","-58.1297","100.0000","32.1429","6672.2222","6553.5000","592.6201","0.0000","33.9750","46.6375","0.0000","69.6100","592.5820","14.4000","43.0000","950.5049","0.0122","-0.0287","3.3301","0.3039","3.8578","12.1000","1.1340","0.0000","546.9401"
"45.550","45.9058","13","-1.1670","-0.3540","0.3000","120.6738","-50.4044","10.5552","13.4000","0.2115","14.4950","45.50344167","-75.54405899","21.0000","12.4973","861.8500","39.5656","12.2125","38.3875","50.2687","3.0000","-0.3044","-1.3342","-0.9850","2.0354","-2.0599","-60.4859","100.0000","0.0000","6844.4443","6553.5000","592.1300","0.0000","32.2600","46.1675","0.0000","70.0000","592.2330","14.4000","43.0000","950.5049","0.0400","-0.0120","3.3267","0.6573","15.1356","12.1000","0.9890","0.0000","547.5814"
"45.600","45.0363","13","-1.2580","-0.2538","0.3547","117.7681","-55.2715","10.5759","13.4000","0.2265","12.9683","45.50343982","-75.54405173","21.0000","12.4999","861.5000","39.2375","11.1250","36.7500","49.2750","3.0000","-0.3163","-1.0419","-1.0696","0.6287","-1.4901","-58.0149","100.0000","212.0689","7419.3335","6553.5000","597.2800","0.0000","38.9154","45.6000","0.0000","70.0000","597.3831","14.4000","43.0000","950.5049","0.0522","-0.0078","3.3501","0.8591","33.6667","12.1000","1.0840","0.0000","548.2123"
"45.650","44.2326","13","-1.3316","-0.1545","0.4078","114.9724","-59.3288","10.5963","13.4000","0.2400","11.8658","45.50343797","-75.54404446","21.0000","12.5026","861.5000","39.2094","11.1734","37.8219","47.9969","3.0000","-0.1939","-0.6931","-1.0366","-0.4951","-0.8232","-51.3125","100.0000","470.6895","8430.4443","6553.5000","602.3800","0.0000","47.2512","46.3610","0.0000","70.0000","602.4780","14.4000","43.0000","950.5049","0.0244","-0.0356","3.4023","0.8969","60.0556","12.0890","1.1330","0.0000","548.8305"
"45.700","44.0215","13","-1.2484","-0.0643","0.4465","113.1661","-56.0981","10.6147","13.4000","0.2400","12.4893","45.50343619","-75.54403710","21.0000","12.5053","861.4000","38.8250","13.4469","39.5438","47.2188","3.0000","0.0316","-0.7170","-1.1023","-1.8862","0.5785","-43.5625","100.0000","343.8524","8602.5107","6553.5000","607.2800","0.0000","54.6475","50.4050","0.0000","70.0000","607.3780","14.4000","43.0000","950.5049","-0.0007","-0.0527","3.3850","0.9090","77.0756","12.0390","0.9980","0.0000","549.4431"
"45.750","43.8976","13","-1.1593","0.0275","0.4824","111.3061","-52.5477","10.6328","13.4050","0.2410","13.2956","45.50343447","-75.54402968","21.0000","12.5079","861.5000","37.8563","18.0641","42.6813","43.4469","3.0000","0.2682","-0.8152","-1.0859","-2.7520","2.0469","-37.1562","100.0000","-18.9506","8379.7334","6553.5000","611.9100","0.0000","50.5300","51.1600","0.0000","70.0000","611.9810","14.4000","43.0000","950.5049","-0.0229","-0.0582","3.3350","0.9090","89.6867","12.0000","1.0560","0.0000","550.0542"
"45.800","44.5582","13","-1.0164","0.1321","0.4933","108.9628","-46.1191","10.6492","13.4550","0.2510","15.3768","45.50343316","-75.54402167","21.0000","12.5106","861.5000","37.1937","19.8625","44.3937","43.0312","3.0000","0.6155","-0.8037","-0.8225","-2.4922","2.1992","-31.9531","100.0000","2.6543","8366.2002","6553.5000","615.4600","0.0000","49.7205","50.0282","0.0000","70.0000","615.5310","14.4000","43.0000","950.5049","0.0078","-0.0336","3.3490","0.9114","93.6444","12.0000","1.8860","0.0000","550.6694"
"45.850","45.2696","13","-0.8747","0.2395","0.4980","106.6631","-39.7158","10.6623","13.5000","0.2605","18.1411","45.50343188","-75.54401360","21.0000","12.5105","861.3500","36.1375","18.2516","42.2219","43.2875","3.0000","0.7535","-0.8093","-0.8434","-2.3926","1.2607","-27.0156","100.0000","24.2593","8387.0664","6553.5000","618.8400","0.0000","50.6756","51.4220","0.0000","70.0000","618.8940","14.4044","43.0000","950.5049","0.0633","0.0053","3.3598","0.9168","96.2756","12.0000","2.5500","0.0000","551.2948"
"45.900","46.4374","13","-0.7436","0.3715","0.4464","104.7553","-33.5397","10.6464","13.5000","0.2655","22.0358","45.50343081","-75.54400506","21.0000","12.5075","861.5000","36.8250","17.3344","38.9062","42.3375","3.0000","0.7092","-0.6018","-0.9832","-3.2021","0.4634","-21.1875","100.0000","64.7500","8475.4004","6553.5000","621.5400","0.0000","51.1000","51.6225","0.0000","70.0000","621.5940","14.4600","43.0000","950.5049","0.0504","-0.0144","3.2326","0.9524","97.2200","12.0000","2.5500","0.0000","551.9336"
"45.950","47.5906","13","-0.6053","0.4962","0.3998","102.9690","-27.0498","10.6328","13.5000","0.2700","28.0012","45.50342973","-75.54399649","21.0000","12.5044","861.5000","35.3031","16.1922","38.1406","39.7781","3.0000","0.5811","-0.2615","-0.9363","-4.9531","0.2067","-13.8359","100.0000","87.5000","8562.4893","6553.5000","624.2900","0.0000","52.0300","51.6425","0.0000","70.0000","624.3490","14.4844","43.0000","950.5049","0.0309","-0.0387","3.1765","0.9656","98.1489","12.0000","2.5500","0.0000","552.5878"
"46.000","48.6128","13","-0.4009","0.5555","0.3973","102.2761","-17.7367","10.6395","13.5000","0.2700","43.6213","45.50342857","-75.54398762","21.0000","12.5014","861.5000","36.9437","16.8687","36.6688","37.7750","3.0000","0.3663","0.0990","-0.9342","-7.2832","0.0328","-4.5547","100.0000","36.7500","8646.3779","6553.5000","627.2401","0.0000","52.3077","51.4487","0.0000","70.0000","627.2990","14.4289","43.0000","950.5049","0.0420","-0.0220","3.3031","0.9211","99.0378","12.0000","2.5500","0.0000","553.2563"
"46.050","49.6103","13","-0.1947","0.6092","0.3955","101.7390","-8.4156","10.6466","13.5000","0.2700","93.8229","45.50342737","-75.54397875","21.0000","12.4983","861.5000","40.7313","19.7359","34.1562","37.2781","3.0000","0.1716","0.6066","-0.8787","-8.8594","-0.2113","6.5703","100.0000","35.1942","8899.8662","6553.5000","629.9500","0.0000","53.1854","54.1488","0.0000","70.0000","629.9850","14.4267","43.0000","950.5049","0.0453","-0.0147","3.3786","0.8892","99.5800","12.0110","2.5500","0.0000","553.9406"
"46.100","50.3866","13","0.0282","0.6126","0.4003","102.6028","0.9769","10.6581","13.5000","0.2700","820.8790","45.50342573","-75.54396982","21.0000","12.4953","861.5000","42.4562","22.1437","31.8813","37.1437","3.0000","0.1416","1.0931","-0.7695","-8.7812","-0.0486","19.3828","100.0000","95.8738","9337.0889","6553.5000","631.7000","0.0000","56.0175","57.0925","0.0000","70.0000","631.7350","14.4822","43.0000","950.5049","0.0287","-0.0313","3.3986","0.8709","99.7467","12.0610","2.5500","0.0000","554.6364"
"46.150","51.1694","13","0.2454","0.6124","0.4033","103.5834","10.0671","10.6686","13.5000","0.2685","80.8956","45.50342402","-75.54396089","21.0000","12.4923","861.5000","43.5750","23.6547","31.6203","36.1156","3.0000","0.2861","1.2095","-0.8140","-7.4219","0.7432","32.1875","100.0000","51.8750","9727.8447","6553.5000","633.5200","0.0000","59.0050","59.9925","0.0000","70.0000","633.5620","14.5000","43.0000","950.5049","0.0307","-0.0347","3.3616","0.8616","99.8378","12.0890","2.5500","0.0000","555.3425"
"46.200","52.0106","13","0.4117","0.5801","0.3910","105.6147","16.4369","10.6707","13.5000","0.2535","50.3608","45.50342175","-75.54395191","21.0000","12.4892","861.5000","42.7750","25.5781","31.4094","34.3937","3.0000","0.4094","1.1045","-0.8458","-4.9199","1.5054","41.7656","100.0000","-88.7500","10096.7334","6553.5000","635.6200","0.0000","60.9231","61.4641","0.0000","70.0000","635.6620","14.5000","43.0000","950.5049","0.0529","-0.0236","3.2977","0.8566","99.8933","12.0390","2.5500","0.0000","556.0595"
"46.250","52.8700","13","0.5794","0.5495","0.3784","107.5327","22.8136","10.6728","13.5000","0.2385","36.8838","45.50341947","-75.54394290","21.0000","12.4862","861.5000","40.7250","25.6406","32.3719","34.2656","3.0000","0.6813","0.5045","-0.7148","-2.4219","1.2930","45.4688","100.0000","-4.9587","10296.4668","6553.5000","637.6100","0.0000","62.3268","61.0073","0.0000","70.0000","637.6410","14.5000","38.1600","950.5049","0.0411","-0.0238","3.2954","0.8594","99.9000","12.0000","2.5500","0.0000","556.7898"
"46.300","53.8932","13","0.7588","0.5347","0.3635","108.4310","29.2531","10.6754","13.5000","0.2235","29.3213","45.50341707","-75.54393362","21.0000","12.4831","861.1000","40.8125","25.6031","33.5250","34.7875","3.0000","0.7017","0.3077","-0.5388","-1.5464","0.0690","43.1562","100.0000","98.3471","10474.8662","6553.5000","639.1600","0.0000","63.6000","63.3575","0.0000","70.0000","639.1910","14.5000","16.1600","950.5049","0.0133","-0.0293","3.3001","0.8621","99.9000","12.0000","2.5500","0.0000","557.5330"
"46.350","54.9241","13","0.9248","0.5230","0.3496","109.3884","35.1622","10.6777","13.5000","0.2100","24.8603","45.50341462","-75.54392432","21.0000","12.4801","861.1500","41.8063","25.5891","31.1000","35.0125","3.0000","0.4933","0.8893","-0.4244","-2.1016","-0.8936","39.4375","100.0000","78.5714","10673.2002","6553.5000","640.8600","0.0000","65.5375","65.1275","0.0000","70.0000","640.9060","14.5000","-1.0000","950.5049","0.0393","-0.0251","3.2890","0.8510","99.9000","12.0000","2.5500","0.0000","558.2898"
"46.400","56.0246","13","0.9707","0.5396","0.3445","110.8772","36.2983","10.6762","13.5000","0.2100","24.5648","45.50341161","-75.54391487","21.0000","12.4770","861.5000","42.8812","25.5594","30.4656","34.7562","3.0000","0.4004","1.3838","-0.6738","-2.5371","-0.7754","38.2344","100.0000","-50.0000","10854.4219","6553.5000","643.1600","0.0000","64.9538","66.9564","0.0000","70.0000","643.2060","14.5000","-1.0000","950.5049","0.0700","-0.0204","3.2670","0.8369","99.9000","12.0000","2.5500","0.0000","559.0610"
"46.450","57.0943","13","1.0118","0.5541","0.3427","112.4369","37.2542","10.6773","13.5000","0.2100","24.3914","45.50340855","-75.54390543","21.0000","12.4740","861.0000","42.7656","26.4719","31.8094","33.6906","3.0000","0.4065","1.4465","-1.0664","-2.3672","-0.2473","39.4688","100.0000","-41.0000","10991.6445","6553.5000","645.4800","0.0000","66.7366","66.3537","0.0000","70.0000","645.5280","14.5000","-1.0000","950.5049","0.0700","-0.0260","3.2170","0.8153","99.9000","12.0000","2.5500","0.0000","559.8488"
"46.500","57.8864","13","1.0101","0.5511","0.3710","114.6348","36.5889","10.7019","13.5000","0.2100","25.1795","45.50340492","-75.54389619","21.0000","12.4709","861.5000","43.7188","26.9594","31.6219","33.9000","3.0000","0.5189","1.1765","-1.0720","-1.3975","-0.2331","41.7812","100.0000","49.0000","11168.8662","6553.5000","647.8800","0.0000","67.3075","68.5850","0.0000","70.0000","647.9280","14.5267","-1.0000","950.5049","0.0778","-0.0269","3.1990","0.7907","99.1800","12.0000","2.5500","0.0000","560.6486"
"46.550","58.6586","13","1.0101","0.5437","0.3976","116.8212","35.9850","10.7258","13.5000","0.2105","25.9436","45.50340123","-75.54388699","21.0000","12.4679","861.5000","43.4250","28.7219","33.1031","35.3312","3.0000","0.5490","1.0891","-0.7571","0.0728","-1.0098","43.5000","100.0000","139.0000","11389.4219","6553.5000","650.3300","0.0000","69.4075","69.7725","0.0000","70.0000","650.3830","14.5822","-1.0000","950.5049","0.1056","-0.0158","3.2157","0.7629","97.6800","12.0000","2.5500","0.0000","561.4586"
"46.600","59.2515","13","1.0248","0.4971","0.4073","118.9044","35.9333","10.7436","13.5000","0.2155","26.2435","45.50339703","-75.54387802","21.0000","12.4648","861.5000","42.0563","28.7844","31.6625","35.6813","3.0000","0.4730","0.8833","-0.8181","1.3950","-2.2607","42.7344","100.0000","137.6930","11517.0449","6553.5000","652.9800","0.0000","70.4100","70.0750","0.0000","70.0000","653.0330","14.6000","-1.0000","950.5049","0.0907","-0.0180","3.1515","0.7177","91.4200","12.0000","2.5500","0.0000","562.2776"
"46.650","59.8504","13","1.0436","0.4474","0.4159","120.9249","36.0300","10.7602","13.5000","0.2195","26.4377","45.50339279","-75.54386906","21.0000","12.4618","861.5000","42.4906","26.4719","29.4641","36.7156","3.0000","0.7441","0.9913","-1.1216","1.2510","-2.9238","39.7812","100.0000","109.0909","11600.9336","6553.5000","655.0900","0.0000","70.3600","69.6775","0.0000","70.0000","655.0891","14.6000","-1.0000","950.5049","0.0296","-0.0347","3.0493","0.6644","82.9200","12.0000","2.5500","0.0000","563.1061"
"46.700","60.5039","13","1.0992","0.3699","0.4143","122.3802","37.4608","10.7667","13.5000","0.2145","25.7055","45.50338830","-75.54386014","21.0000","12.4587","861.1000","43.7250","25.8594","27.6250","35.3000","3.0000","0.6143","1.2874","-1.2390","-0.4722","-2.4209","36.2656","100.0000","67.2925","10904.0664","6553.5000","655.0400","0.0000","68.0450","69.2050","0.0000","70.0000","655.0390","14.6000","-1.0000","950.5049","0.0440","-0.0287","3.3206","0.4453","62.3933","12.0000","2.5500","0.0000","563.9430"
"46.750","61.1117","13","1.1553","0.2910","0.4134","123.9300","38.9181","10.7731","13.5000","0.2100","24.9915","45.50338375","-75.54385129","21.0000","12.4557","861.1500","45.1312","26.2188","25.3687","33.7281","3.0000","0.2890","1.3269","-1.0555","-1.1777","-2.0410","32.9375","100.0000","-10.1120","10119.5781","6553.5000","653.5200","0.0000","64.9850","64.6875","0.0000","70.0000","653.3720","14.6000","-1.0000","950.5049","0.0940","-0.0120","3.6161","0.2184","40.4178","12.0000","2.5500","0.0000","564.7878"
"46.800","61.3093","13","1.2151","0.1998","0.4179","126.3291","40.6132","10.7775","13.5000","0.2100","24.0258","45.50337857","-75.54384307","21.0000","12.4526","861.0000","46.6875","27.1469","27.2125","36.1063","3.0000","0.0987","1.2954","-0.8291","1.1113","-3.6637","28.6690","100.0000","60.2881","9551.7998","6553.5000","646.1200","0.0000","61.6641","60.2795","0.0000","70.0000","645.9720","14.6000","-1.0000","950.5049","0.0853","-0.0002","3.6050","0.1606","20.6400","12.0000","2.5500","0.0000","565.6378"
"46.850","61.4468","13","1.2661","0.1045","0.4145","128.6645","42.0387","10.7774","13.5000","0.2095","23.2632","45.50337339","-75.54383492","21.0000","12.4496","861.3000","48.7750","26.3047","29.4844","41.2219","3.0000","-0.0866","1.1335","-0.6942","3.5993","-5.9412","25.7258","100.0000","111.1111","9111.3740","6553.5000","639.2200","0.0000","59.3927","57.3049","0.0000","70.0000","639.1220","14.6000","-1.0000","950.5049","0.0706","0.0100","3.5941","0.1163","5.7554","12.0000","2.5500","0.0000","566.4905"
"46.900","61.0440","13","1.2385","-0.0278","0.3388","130.4268","41.0375","10.7369","13.5000","0.2045","23.6746","45.50336811","-75.54382735","21.0000","12.4480","861.5000","49.8063","21.3125","26.1156","45.3187","3.0000","-0.5005","1.1976","-0.9168","4.1297","-6.2721","26.1047","100.0000","103.6423","8998.4248","6553.5000","634.3200","0.0000","57.5150","50.5825","0.0000","70.0000","634.2220","14.6000","-1.0000","950.5049","0.0783","0.0100","3.5836","0.1066","3.4532","12.0000","2.5500","0.0000","567.3405"
"46.950","60.5885","12","1.2158","-0.1571","0.2703","132.2506","40.2307","10.7008","13.5000","0.2000","23.9692","45.50336280","-75.54381988","21.0000","12.4480","861.5000","50.0219","20.1516","22.9984","43.1625","3.0000","-0.6610","1.3972","-1.1930","2.9686","-4.0548","29.9930","100.0000","91.5958","8885.4746","6553.5000","629.4200","0.0000","57.3350","48.7962","0.0000","70.0000","629.3220","14.6000","-1.0000","950.5049","0.0860","0.0100","3.5732","0.0969","1.1511","12.0000","2.5500","0.0000","568.1841"
"47.000","59.6586","12","1.2373","-0.2597","0.2667","134.6287","41.1739","10.7044","13.5000","0.2000","23.0607","45.50335725","-75.54381328","21.0000","12.4480","861.5000","46.5563","22.9750","24.4719","37.6125","3.0000","-0.6860","1.3258","-1.1899","1.8427","-2.4069","34.3266","100.0000","87.5000","8805.7969","6553.5000","624.5200","0.0000","56.6025","48.0150","0.0000","70.0000","624.4221","14.6150","-1.0000","950.5049","0.0957","0.0086","3.5538","0.0933","0.0000","12.0000","2.5500","0.0000","569.0184"
"47.050","58.7398","12","1.2629","-0.3591","0.2616","137.0026","42.2854","10.7053","13.5000","0.2000","22.1086","45.50335168","-75.54380677","21.0000","12.4480","861.5000","48.0250","24.6422","24.3188","37.1781","3.0000","-0.4936","1.1528","-0.7812","2.3418","-2.9767","37.3844","100.0000","88.9500","8759.3896","6553.5000","619.8800","0.0000","56.4892","48.3250","0.0000","70.0000","619.8080","14.6449","-1.0000","950.5049","0.1077","0.0056","3.5253","0.0960","0.0000","12.0000","2.5500","0.0000","569.8386"
"47.100","57.9197","12","1.3249","-0.4294","0.2435","139.3379","44.9117","10.6819","13.5000","0.2000","20.5252","45.50334592","-75.54380109","21.0000","12.4480","861.5000","49.5812","24.0063","25.1375","41.4375","3.0000","-0.2124","1.2219","-0.7050","3.8858","-4.0527","40.2812","100.0000","90.0000","8712.9824","6553.5000","616.2800","0.0000","55.5308","47.0750","0.0000","70.0000","616.2080","14.6749","-1.0000","950.5049","0.1197","0.0026","3.4969","0.0987","0.0000","12.0000","2.5500","0.0000","570.6473"
"47.150","57.0626","12","1.3826","-0.4953","0.2218","141.6666","47.4230","10.6576","13.5000","0.2005","19.1506","45.50334017","-75.54379549","21.0000","12.4480","861.5000","49.7125","23.2125","27.9047","43.7719","3.0000","-0.1908","1.2749","-0.8254","4.2531","-4.2941","44.1203","100.0000","90.0000","8605.4043","6553.5000","612.6801","0.0000","54.5725","45.8250","0.0000","70.0000","612.6080","14.6915","-1.0000","950.5049","0.1270","0.0000","3.4649","0.1041","0.0000","12.0000","2.5500","0.0000","571.4446"
"47.200","55.8729","12","1.4015","-0.5212","0.1681","143.9353","48.8999","10.6261","13.5000","0.2055","18.1850","45.50333442","-75.54379064","21.0000","12.4480","861.5000","49.4250","23.4500","27.5000","40.9625","3.0000","-0.3682","1.3032","-0.8861","3.3976","-4.2346","47.6800","100.0000","90.0000","8176.6807","6553.5000","609.0800","0.0000","53.2400","43.3450","0.0000","70.0000","609.0080","14.6383","-1.0000","950.5049","0.1055","0.0000","3.4144","0.1232","0.0000","12.0000","2.5500","0.0000","572.2280"
"47.250","54.7152","12","1.4155","-0.5436","0.1137","146.2423","50.2118","10.5942","13.5000","0.2100","17.3429","45.50332866","-75.54378590","21.0000","12.4480","861.5000","49.8594","23.4031","25.6812","39.9562","3.0000","-0.5426","1.3928","-0.8999","2.3203","-4.0898","51.0625","100.0000","93.8028","7798.1558","6553.5000","605.8047","0.0000","54.6721","40.9314","0.0000","70.0000","605.7685","14.6156","-1.0000","950.5049","0.0884","-0.0047","3.4042","0.1361","0.0000","12.0000","2.5500","0.0000","572.9934"
"47.300","53.8453","12","1.3842","-0.5345","0.0528","148.8941","50.0397","10.5591","13.5000","0.2100","17.1259","45.50332276","-75.54378208","21.0000","12.4480","861.5000","49.6688","22.2594","24.4250","39.8812","3.0000","-0.6689","1.5875","-1.0159","1.7134","-3.2539","54.4844","100.0000","100.0000","7548.7109","6553.5000","603.8279","0.0000","54.0907","39.7105","0.0000","70.0000","603.8069","14.6711","-1.0000","950.5049","0.0829","-0.0213","3.4976","0.1327","0.0000","12.0000","2.5500","0.0000","573.7459"
"47.350","52.9689","12","1.3585","-0.5237","-0.0026","151.5619","50.0729","10.5267","13.5050","0.2100","16.8360","45.50331685","-75.54377835","21.0000","12.4480","861.6500","49.3781","22.1031","24.5094","39.0531","3.0000","-0.4857","1.5644","-1.0163","2.0527","-1.9189","57.5000","100.0000","102.8571","7351.2061","6553.5000","601.8512","0.0000","52.6372","37.3558","0.0000","70.0000","601.8454","14.7000","-1.0000","950.5049","0.0751","-0.0300","3.5458","0.1402","0.0000","12.0000","2.5500","0.0000","574.4866"
"47.400","52.0339","12","1.3821","-0.4982","-0.0085","154.3737","51.9537","10.5182","13.5550","0.2100","15.9401","45.50331089","-75.54377546","21.0000","12.4480","861.6000","45.4437","23.2375","25.9375","39.3125","3.0000","-0.3513","1.2456","-0.8962","2.9756","-1.1514","58.6719","100.0000","126.6667","7209.9692","6553.5000","601.9148","0.0000","48.5333","38.5000","0.0000","70.0684","601.9165","14.7000","-1.0000","950.5049","0.0647","-0.0300","3.5412","0.1592","0.0000","12.0000","2.4407","0.0000","575.2153"
"47.450","51.1035","12","1.4016","-0.4776","-0.0188","157.1318","53.6770","10.5088","13.6000","0.2100","15.1524","45.50330494","-75.54377263","21.0000","12.4480","861.3500","46.8969","23.2781","25.5703","40.0344","3.0000","-0.2768","1.1990","-0.8672","3.5078","-1.1328","57.9375","100.0000","150.4762","7125.7998","6553.5000","603.2289","0.0000","46.6507","39.7453","0.0000","70.1752","603.2335","14.7000","-1.0000","950.5049","0.0640","-0.0280","3.5398","0.1694","0.0800","12.0000","2.2644","0.0000","575.9294"
"47.500","50.2142","12","1.3840","-0.5018","-0.0690","159.4065","53.9821","10.4915","13.6000","0.2100","14.8046","45.50329907","-75.54377036","21.0000","12.4480","861.5000","46.2438","23.2719","23.8344","39.6750","3.0000","-0.2694","1.2988","-0.9403","2.8379","-0.9006","56.7656","100.0000","182.6415","7090.2446","6553.5000","604.5430","0.0000","46.2840","39.8120","0.0000","70.2821","604.5504","14.7000","-1.0000","950.5049","0.0713","-0.0243","3.5413","0.1720","0.2281","12.0000","2.0881","0.0000","576.6316"
"47.550","49.3033","12","1.3682","-0.5206","-0.1156","161.7781","54.3747","10.4734","13.6000","0.2100","14.4311","45.50329320","-75.54376822","21.0000","12.4480","861.5000","46.9062","22.9469","20.7875","38.1188","3.0000","-0.3843","1.4521","-1.0723","1.9922","0.2834","56.4062","100.0000","200.0000","7054.6890","6553.5000","605.8571","0.0000","45.9173","39.8787","0.0000","70.3889","605.8672","14.7000","-1.0000","950.5049","0.0787","-0.0207","3.5428","0.1746","0.3763","12.0000","1.9119","0.0000","577.3214"
"47.600","48.1967","12","1.3688","-0.4912","-0.1308","165.0212","55.5544","10.4490","13.6000","0.2100","13.8076","45.50328746","-75.54376722","21.0000","12.4480","861.1000","47.2625","23.3219","24.7656","38.0000","3.0000","-0.3118","1.4277","-1.0750","1.4315","1.6987","56.5000","100.0000","181.2500","7228.4946","6553.5000","607.1712","0.0000","46.1400","38.0640","0.0000","70.4957","607.1842","14.7000","-1.0000","950.5049","0.1062","-0.0113","3.4568","0.3987","11.3642","12.0000","1.7356","0.0000","577.9978"
"47.650","47.0960","12","1.3653","-0.4572","-0.1429","168.2412","56.5522","10.4282","13.6000","0.2105","13.2542","45.50328174","-75.54376630","21.0000","12.4480","861.8500","47.4062","23.6625","25.9578","37.9406","3.0000","-0.1727","1.3135","-0.9807","0.4379","2.4262","56.2578","100.0000","146.5278","7442.1787","6553.5000","608.4853","0.0000","45.9505","38.3439","0.0000","70.6026","608.5011","14.7000","-1.0000","950.5049","0.1381","-0.0006","3.3542","0.6650","24.4168","12.0000","1.5593","0.0000","578.6571"
"47.700","46.0474","12","1.3242","-0.3825","-0.1276","171.2529","55.9129","10.4398","13.6000","0.2155","13.1073","45.50327624","-75.54376604","21.0000","12.4480","861.5000","49.1562","23.6531","26.2313","38.1750","3.0000","-0.1356","1.3977","-0.9233","-0.4088","2.6386","55.3438","100.0000","113.8365","8058.2529","6553.5000","609.7994","0.0000","45.4364","40.0262","0.0000","70.7094","609.8180","14.7000","-1.0000","950.5049","0.1400","-0.0052","3.3805","0.7492","36.7692","12.0000","1.3830","0.0000","579.3022"
"47.750","45.0795","12","1.2848","-0.3064","-0.1160","174.2130","55.3110","10.4494","13.6000","0.2190","12.9714","45.50327073","-75.54376585","21.0000","12.4480","861.3500","46.8187","23.5469","28.0109","37.1344","3.0000","-0.0261","1.1546","-0.9691","-0.4323","2.7883","52.2438","100.0000","100.0000","8644.3936","6553.5000","611.1135","0.0000","48.7151","46.8113","0.0000","70.8162","611.1349","14.7000","-1.0000","950.5049","0.1291","-0.0147","3.4036","0.8185","49.0061","12.0000","1.2067","0.0000","579.9346"
"47.800","44.8383","12","1.2606","-0.2180","-0.1383","176.7077","55.0447","10.4414","13.6000","0.2090","12.9644","45.50326516","-75.54376624","21.0000","12.4480","862.0000","43.2375","23.9969","32.4813","36.5125","3.0000","0.3464","0.7124","-0.9979","-0.7024","2.7013","44.7188","100.0000","104.3077","8822.6768","6553.5000","612.4276","0.0000","53.0600","53.3200","0.0000","70.9231","612.4518","14.7000","-1.0000","950.5049","0.0513","-0.0480","3.3420","0.8639","60.7232","12.0000","1.0304","0.0000","580.5594"
"47.850","44.6836","12","1.2382","-0.1251","-0.1592","161.1260","54.8204","10.4336","13.6000","0.1990","12.9726","45.50325956","-75.54376665","21.0000","12.4480","862.0000","41.3469","23.9969","31.3469","35.9281","3.0000","0.5756","0.5149","-1.0290","-1.9234","2.6731","35.0969","100.0000","82.1382","8991.4775","6553.5000","614.3100","0.0000","54.5500","53.3750","0.0000","71.0000","614.3800","14.6922","-1.0000","950.5049","0.0076","-0.0662","3.2840","0.8997","71.2278","12.0000","0.9052","0.0000","581.1809"
"47.900","45.3073","12","1.2322","0.0087","-0.1686","-17.1431","54.9748","10.4284","13.6000","0.1890","13.1167","45.50325377","-75.54376736","21.0000","12.4480","861.5000","43.6875","22.0656","28.8969","35.5062","3.0000","0.3134","0.9094","-1.0784","-3.7094","3.9998","28.1602","100.0000","36.5059","9102.0332","6553.5000","617.8100","0.0000","56.2100","55.8600","0.0000","71.0000","617.8800","14.6367","-1.0000","950.5049","0.0298","-0.0551","3.2485","0.8758","74.2833","12.0000","0.9252","0.0000","581.8069"
"47.950","45.9194","13","1.2232","0.1414","-0.1704","-177.2503","54.9371","10.4259","13.6000","0.1805","13.3030","45.50324798","-75.54376820","21.0000","12.4475","861.5000","43.3031","22.0078","31.1688","32.7719","3.0000","0.1804","1.4897","-0.8771","-5.2518","6.1387","25.9656","100.0000","0.0000","9155.5449","6553.5000","621.0500","0.0000","55.7150","55.9450","0.0000","71.0000","621.1000","14.6189","-1.0000","950.5049","0.0430","-0.0440","3.2592","0.8581","76.5078","11.9860","1.1493","0.0000","582.4409"
"48.000","46.4278","13","1.1871","0.2642","-0.1049","-173.9000","53.1700","10.4489","13.6000","0.1855","13.8973","45.50324218","-75.54377023","21.0000","12.4463","861.5000","41.4813","22.9438","32.1063","28.9375","3.0000","0.5579","1.5777","-0.9472","-5.7065","6.9654","27.4866","100.0000","0.0000","9098.3223","6553.5000","623.5500","0.0000","55.7600","55.0400","0.0000","71.0000","623.6000","14.6744","-1.0000","950.5049","0.0486","-0.0329","3.3597","0.8526","77.1189","11.9360","1.9543","0.0000","583.0825"
"48.050","46.9548","13","1.1434","0.3839","-0.0475","-170.6248","51.0269","10.4679","13.6000","0.1900","14.6454","45.50323638","-75.54377234","21.0000","12.4452","861.5000","42.5250","23.5312","32.7250","30.9937","3.0000","0.8156","1.4937","-1.0277","-5.0086","5.8234","30.5953","100.0000","79.8319","9206.7002","6553.5000","626.1670","0.0000","56.0800","55.4250","0.0000","71.0000","626.2260","14.7000","-1.0000","950.5049","0.0829","-0.0259","3.3631","0.8326","77.5200","11.9000","2.5500","0.0000","583.7322"
"48.100","47.6502","13","1.0314","0.4760","-0.0641","-168.0255","45.4999","10.4522","13.6000","0.1900","16.6677","45.50323056","-75.54377508","21.0000","12.4440","861.5000","43.7938","23.6281","31.9937","34.7812","3.0000","0.7983","1.3773","-0.9545","-3.3523","3.6391","33.6250","100.0000","184.8740","9456.1445","6553.5000","629.1170","0.0000","57.2100","57.9900","0.0000","71.0000","629.1760","14.7000","-1.0000","950.5049","0.1273","-0.0203","3.2837","0.8004","77.7422","11.9000","2.5500","0.0000","584.3903"
"48.150","48.3653","13","0.9168","0.5622","-0.0829","-165.5151","39.8745","10.4355","13.6000","0.1890","19.3045","45.50322472","-75.54377786","21.0000","12.4429","861.5000","41.9719","23.5234","31.5625","35.5969","3.0000","0.9039","0.6432","-1.0085","-1.4003","1.7325","32.9938","100.0000","219.0797","9535.7998","6553.5000","631.6250","0.0000","57.7100","56.6250","0.0000","71.0000","631.6500","14.7000","-1.0000","950.5049","0.0987","-0.0304","3.2478","0.8158","77.8822","11.9000","2.3407","0.0000","585.0580"
"48.200","49.2577","13","0.7801","0.5957","-0.1218","-163.8046","33.3638","10.4104","13.6000","0.1790","23.4974","45.50321872","-75.54378102","21.0000","12.4417","861.5000","40.5500","19.9750","30.9406","35.4375","3.0000","1.0357","-0.2320","-1.1453","-0.0750","1.0412","23.5688","100.0000","137.7104","9555.7998","6553.5000","632.8750","0.0000","57.7000","57.6000","0.0000","71.0000","632.9000","14.7000","-1.0000","950.5049","0.0723","-0.0384","3.2272","0.8481","77.9933","11.9000","1.5357","0.0000","585.7366"
"48.250","50.1695","13","0.6361","0.6186","-0.1519","-162.3160","26.6081","10.3898","13.6000","0.1700","30.0086","45.50321268","-75.54378413","21.0000","12.4406","861.6500","38.1969","19.0766","35.3500","35.2219","3.0000","1.0540","-0.6341","-1.1178","0.3192","1.3006","5.5195","100.0000","157.2511","9423.8330","6553.5000","634.1640","0.0000","56.5150","57.6000","0.0000","71.0000","634.1920","14.7000","-1.0000","950.5049","0.0890","-0.0273","3.3722","0.7476","76.9033","11.9140","0.9335","0.0000","586.4291"
"48.300","51.2561","13","0.4272","0.5461","-0.1031","-162.8243","17.6478","10.4091","13.6000","0.1700","46.2249","45.50320628","-75.54378671","21.0000","12.4395","861.5000","37.1688","19.1906","41.8438","35.7000","3.0000","0.9516","-0.7096","-0.8156","0.4962","0.7644","-15.9516","100.0000","208.6580","9236.8223","6553.5000","635.5640","0.0000","57.2700","57.2000","0.0000","71.0000","635.5920","14.7000","-1.0000","950.5049","0.0943","-0.0143","3.4992","0.6218","72.8044","11.9640","0.9085","0.0000","587.1353"
"48.350","52.3239","13","0.2137","0.4693","-0.0649","-163.3439","8.5776","10.4235","13.6000","0.1700","97.0855","45.50319985","-75.54378928","21.0000","12.4383","861.8500","37.6844","20.0906","48.3719","41.8875","3.0000","0.6429","-0.5965","-0.5120","0.7503","-2.0029","-33.6094","100.0000","191.9118","8771.2666","6553.5000","635.4561","0.0000","57.2600","56.9550","0.0000","71.0000","635.3680","14.7000","2.7800","950.5049","0.0777","0.0023","3.4509","0.3918","50.6933","12.0000","0.8718","0.0000","587.8556"
"48.400","53.2229","13","-0.0418","0.3531","-0.1214","-163.9658","-1.4810","10.3935","13.6000","0.1700","571.9767","45.50319319","-75.54379181","21.0000","12.4372","861.5000","39.9938","16.6094","49.3688","48.4062","3.0000","0.1774","-0.7751","-0.6101","-1.0091","-6.1398","-44.0016","100.0000","119.0000","8322.9004","6553.5000","631.0560","0.0000","53.7400","55.6600","0.0000","71.0000","630.9680","14.7000","16.2800","950.5049","0.1240","0.0340","3.4003","0.2266","30.2444","12.0000","0.8018","0.0000","588.5890"
"48.450","53.9726","13","-0.2948","0.2364","-0.1778","-164.6797","-11.4042","10.3640","13.6000","0.1700","75.3231","45.50318656","-75.54379425","21.0000","12.4360","861.5000","45.0219","13.2875","40.8906","50.1344","3.0000","-0.1586","-0.9115","-0.8991","-4.6117","-8.9305","-48.5391","100.0000","86.6533","7907.8999","6553.5000","626.3180","0.0000","47.3500","48.8950","0.0000","71.0000","626.2040","14.7000","26.5600","950.5049","0.2240","0.0784","3.3453","0.1871","13.0222","11.9860","0.7695","0.0000","589.3348"
"48.500","53.3793","13","-0.5252","0.1152","-0.2330","-166.2212","-20.1099","10.3392","13.6000","0.1700","42.2457","45.50318011","-75.54379588","21.0000","12.4349","861.5000","43.4062","12.6734","33.3438","46.2875","3.0000","-0.3282","-0.4711","-1.0894","-6.4998","-9.1387","-47.6000","100.0000","81.3614","7712.2002","6553.5000","620.6180","0.0000","46.8000","48.6400","0.0000","71.0000","620.5040","14.7000","28.5600","950.5049","0.2993","0.1229","3.3023","0.1612","3.5700","11.9360","0.8445","0.0000","590.0793"
"48.550","52.7925","13","-0.7384","-0.0077","-0.2846","-167.6859","-28.1670","10.3156","13.6000","0.1700","29.8299","45.50317367","-75.54379749","21.0000","12.4337","861.5000","40.7969","9.1750","30.1313","46.6188","3.0000","-0.4018","-0.3883","-1.1283","-5.5094","-7.4104","-42.6188","100.0000","76.0695","7703.3110","6553.5000","615.2430","0.0000","45.0000","48.3100","0.0000","71.0000","615.1540","14.7000","31.8200","950.5049","0.3660","0.1673","3.2695","0.1468","0.7367","11.9140","0.9052","0.0000","590.8160"
"48.600","52.2649","13","-0.7962","-0.1452","-0.3041","-168.4577","-30.3858","10.3035","13.6000","0.1700","27.3753","45.50316737","-75.54379898","21.0000","12.4326","861.9000","39.3063","8.7125","31.5219","47.6813","3.0000","-0.6080","-0.9922","-1.2953","-3.0308","-3.8233","-36.7594","100.0000","71.3580","7635.6333","6553.5000","610.7930","0.0000","43.7400","49.6000","0.0000","71.0000","610.7040","14.7000","38.3200","950.5049","0.2499","0.1021","3.2988","0.1471","0.0000","11.9640","0.9252","0.0000","591.5453"
"48.650","51.6803","13","-0.8530","-0.2810","-0.3171","-169.3894","-32.6037","10.2946","13.6000","0.1700","25.2277","45.50316108","-75.54380036","21.0000","12.4315","861.5000","39.3125","8.6727","35.8406","48.3750","3.0000","-0.6183","-1.3342","-1.3665","-1.1119","0.5104","-32.6594","100.0000","68.5185","7547.2998","6553.5000","606.6550","0.0000","41.8800","49.0100","0.0000","71.0000","606.5900","14.7000","43.0000","950.5049","0.1384","0.0392","3.3499","0.1527","0.0000","12.0000","0.9478","0.0000","592.2657"
"48.700","50.5831","13","-0.9014","-0.4009","-0.2711","-171.7591","-34.8133","10.3157","13.6000","0.1700","23.1250","45.50315498","-75.54380075","21.0000","12.4303","861.5000","39.2375","10.6938","39.3125","48.6063","3.0000","-0.5007","-1.2654","-1.1067","-1.0509","3.2626","-30.6078","100.0000","69.2361","7415.6221","6553.5000","603.4050","0.0000","40.7900","49.0900","0.0000","71.0000","603.3400","14.7000","43.0000","950.5049","0.1273","0.0337","3.3352","0.1875","0.9400","12.0000","0.9778","0.0000","592.9741"
"48.750","49.5250","13","-0.9503","-0.5115","-0.2262","-174.0879","-37.0890","10.3360","13.6000","0.1710","21.2520","45.50314890","-75.54380109","21.0000","12.4292","861.6500","39.3531","13.1086","40.9313","48.5500","3.0000","-0.3253","-1.1042","-0.8074","-2.0354","3.0146","-29.4555","100.0000","73.2227","7318.5112","6553.5000","600.6230","0.0000","41.6800","48.2650","0.0000","71.0000","600.5940","14.7000","43.0000","950.5049","0.1332","0.0376","3.3256","0.2411","2.7489","11.9860","1.0182","0.0000","593.6684"
"48.800","48.8183","13","-1.0040","-0.5387","-0.1910","-176.0477","-39.9607","10.3498","13.6000","0.1810","19.4432","45.50314293","-75.54380096","21.0000","12.4280","861.6000","39.9688","12.7266","38.5312","47.7500","3.0000","-0.3469","-0.9925","-0.7235","-2.2497","0.4538","-29.7828","100.0000","77.2094","7450.7334","6553.5000","599.1730","0.0000","42.9600","46.4200","0.0000","71.0000","599.1440","14.7000","43.0000","950.5049","0.1721","0.0598","3.3728","0.3989","9.5267","11.9360","1.0882","0.0000","594.3512"
"48.850","48.0943","13","-1.0625","-0.5517","-0.1612","-160.0527","-43.0760","10.3614","13.6000","0.1905","17.7696","45.50313699","-75.54380076","21.0000","12.4269","861.5000","41.0687","10.7961","36.2500","49.9156","3.0000","-0.3275","-1.1438","-0.8664","-1.6565","-1.9089","-32.3109","100.0000","78.5775","7715.9331","6553.5000","599.5040","0.0000","41.6650","47.7150","0.0000","71.0000","599.6121","14.7000","43.0000","950.5049","0.1510","0.0460","3.3891","0.5442","18.2689","11.9000","1.1179","0.0000","595.0225"
"48.900","47.2157","13","-1.1655","-0.4369","-0.1793","17.5360","-48.3831","10.3536","13.6000","0.1955","15.5315","45.50313128","-75.54379985","21.0000","12.4257","861.6000","38.9000","11.3719","36.1375","49.4750","3.0000","-0.4301","-1.2406","-0.9940","-0.8325","-2.5009","-36.4266","100.0000","73.8356","8239.2666","6553.5000","604.9041","0.0000","46.0300","47.7100","0.0000","71.0000","605.0120","14.7000","43.0000","950.5049","0.0788","0.0016","3.3452","0.6653","30.8244","11.9000","1.0329","0.0000","595.6830"
"48.950","46.3931","13","-1.2581","-0.3185","-0.1936","177.0494","-53.2314","10.3469","13.6000","0.2005","13.8709","45.50312559","-75.54379884","21.0000","12.4246","861.5000","38.7000","12.6289","35.1625","49.6063","3.0000","-0.3526","-1.1779","-1.0984","-0.1443","-1.2407","-40.9391","100.0000","87.8947","8608.7002","6553.5000","609.9790","0.0000","50.0000","48.5000","0.0000","71.0000","610.0620","14.7000","43.0000","950.5049","0.0682","-0.0141","3.2311","0.6973","39.4800","11.9000","0.9648","0.0000","596.3326"
"49.000","46.0751","13","-1.2564","-0.1673","-0.1731","173.8849","-53.9513","10.3502","13.6000","0.2055","13.5921","45.50311997","-75.54379688","21.0000","12.4231","861.9000","38.7500","15.1438","36.0750","48.7812","3.0000","-0.1847","-1.2147","-1.1864","0.6322","1.4892","-45.6109","99.9629","105.5350","8847.0332","6553.5000","614.1290","0.0000","53.8800","52.1400","0.0000","71.0000","614.2120","14.7000","43.0000","950.5049","0.0793","-0.0197","3.0572","0.6534","44.8133","11.9000","0.9448","0.0000","596.9749"
"49.050","45.8601","13","-1.2523","-0.0201","-0.1507","170.7716","-54.5028","10.3556","13.6000","0.2090","13.3917","45.50311434","-75.54379485","21.0000","12.4212","861.1500","35.3625","17.7375","39.3625","43.9031","3.0000","0.0576","-1.1182","-1.0841","2.0637","3.7865","-49.5578","99.8855","121.7647","8765.1113","6553.5000","618.0450","0.0000","52.4900","53.7850","0.0000","71.1400","618.1100","14.7000","43.0000","950.5049","0.0904","-0.0148","3.1612","0.6609","47.2689","11.9140","1.1406","0.0000","597.6130"
"49.100","46.5710","13","-1.2260","0.0911","-0.1112","168.1187","-53.5399","10.3805","13.6000","0.1990","13.8439","45.50310853","-75.54379213","21.0000","12.4193","861.5000","33.6312","17.9875","42.0187","43.3563","3.0000","0.1675","-0.9668","-0.8665","3.1017","3.5160","-51.0172","99.8081","131.5686","8570.6670","6553.5000","621.2950","0.0000","51.7200","52.3900","0.0000","71.6400","621.3600","14.7000","43.0000","950.5049","0.1117","-0.0022","3.3629","0.6865","48.7133","11.9640","1.9506","0.0000","598.2561"
"49.150","47.2558","13","-1.1902","0.1992","-0.0822","165.5231","-52.1142","10.3990","13.6000","0.1895","14.4318","45.50310273","-75.54378938","21.0000","12.4174","861.6500","34.4344","15.8695","38.5375","44.8656","3.0000","0.2018","-0.8898","-0.9838","2.6177","1.4700","-49.3391","99.7307","112.0119","8718.7998","6553.5000","624.4150","0.0000","52.3200","52.9300","0.0000","72.0000","624.4700","14.7000","43.0000","950.5049","0.1950","0.0533","3.4220","0.6817","49.2700","11.9860","2.5500","0.0000","598.9082"
"49.200","47.7052","13","-1.0677","0.2803","-0.1471","163.4432","-46.5225","10.3608","13.6000","0.1845","16.3201","45.50309704","-75.54378628","21.0000","12.4155","861.5000","37.9500","14.8156","34.2438","45.5312","3.0000","0.2911","-0.6394","-1.0904","2.1018","0.0789","-43.8839","99.6533","86.0102","8859.4775","6553.5000","627.1650","0.0000","53.3400","54.2800","0.0000","72.0000","627.2200","14.7000","43.0000","950.5049","0.2349","0.0824","3.4444","0.6748","49.7233","11.9360","2.5500","0.0000","599.5677"
"49.250","48.1592","13","-0.9502","0.3583","-0.2075","161.4801","-41.1322","10.3252","13.6000","0.1795","18.6345","45.50309135","-75.54378318","21.0000","12.4136","861.5000","36.1813","15.7227","34.2750","44.4375","3.0000","0.5221","-0.5915","-1.0579","2.6373","0.0181","-35.4062","99.5760","74.8626","8820.0332","6553.5000","629.7200","0.0000","54.1800","53.7200","0.0000","72.0000","629.7600","14.7000","43.0000","950.5049","0.1904","0.0602","3.2972","0.6659","49.8900","11.9000","2.5500","0.0000","600.2345"
"49.300","48.6551","13","-0.8772","0.4079","-0.2278","160.5683","-37.5538","10.3137","13.6000","0.1745","20.6203","45.50308555","-75.54377997","21.0000","12.4117","861.5000","34.6688","16.7000","36.1250","43.9250","3.0000","0.7098","-0.7340","-0.9047","3.2945","0.2843","-25.5719","99.4986","77.2727","8768.5000","6553.5000","631.7200","0.0000","53.8400","53.4400","0.0000","72.0000","631.7600","14.7000","43.0000","950.5049","0.2120","0.0860","3.2204","0.6653","50.0378","11.9000","2.5500","0.0000","600.9077"
"49.350","49.1817","13","-0.7942","0.4509","-0.2496","159.5866","-33.5680","10.3007","13.6000","0.1700","23.3184","45.50307975","-75.54377670","21.0000","12.4098","861.5000","35.4437","18.5063","36.0844","43.9906","3.0000","0.4854","-0.7344","-0.8823","3.6686","0.2264","-16.8344","99.4212","77.0102","8693.5000","6553.5000","633.7330","0.0000","52.8800","53.0050","0.0000","72.0000","633.7740","14.7000","43.0000","950.5049","0.2898","0.1527","3.2804","0.6808","50.1489","11.9000","2.5500","0.0000","601.5879"
"49.400","49.9842","13","-0.6205","0.4352","-0.2847","157.9749","-25.9153","10.2739","13.6000","0.1700","30.6971","45.50307396","-75.54377280","21.0000","12.4078","861.5000","35.6188","18.4750","36.4437","44.1375","3.0000","0.3092","-0.6656","-0.9304","3.3363","0.0830","-10.4328","99.3438","72.6345","8698.2998","6553.5000","635.7830","0.0000","53.3000","53.1400","0.0000","72.0000","635.8240","14.7300","43.0000","950.5049","0.8444","0.5770","3.3296","0.6904","50.2300","11.9000","2.5500","0.0000","602.2772"
"49.450","50.7669","13","-0.4479","0.4146","-0.3191","156.4437","-18.3503","10.2472","13.6000","0.1700","44.0309","45.50306817","-75.54376889","21.0000","12.4059","861.5000","36.5281","17.3531","33.0062","43.0125","3.0000","0.2789","-0.3611","-0.9935","2.1125","0.1844","-5.3457","99.2664","68.2589","8771.0781","6553.5000","637.8070","0.0000","53.0800","53.1850","0.0000","72.0000","637.8460","14.7856","43.0000","950.5049","1.5667","1.1270","3.3696","0.6948","50.2856","11.9000","2.5500","0.0000","602.9785"
"49.500","51.3702","13","-0.2846","0.3505","-0.3480","155.6366","-11.5750","10.2219","13.6000","0.1700","70.6332","45.50306230","-75.54376489","21.0000","12.4040","861.9000","36.2625","17.2750","30.7281","40.4625","3.0000","0.2450","0.2468","-1.0691","0.5152","0.5077","0.5092","99.1890","63.6922","8804.3887","6553.5000","639.7570","0.0000","54.1500","53.3500","0.0000","72.0000","639.7960","14.7589","43.0000","950.5049","2.2680","1.7606","3.3463","0.7129","50.3411","11.9000","2.5500","0.0000","603.6888"
"49.550","51.9473","13","-0.1207","0.2865","-0.3745","155.0038","-4.8130","10.1974","13.6000","0.1705","171.7793","45.50305641","-75.54376093","21.0000","12.4021","861.5000","38.3875","17.6359","27.4016","37.8187","3.0000","0.0149","0.5441","-1.1931","-0.6973","0.8079","7.7996","99.1117","58.1227","8823.8330","6553.5000","641.5770","0.0000","54.4600","53.8700","0.0000","72.0000","641.6060","14.7033","43.0000","950.5049","2.8292","2.2623","3.3007","0.7356","50.3967","11.9000","2.5500","0.0000","604.4067"
"49.600","52.2883","13","0.0482","0.2234","-0.3793","155.9416","1.8306","10.1800","13.6000","0.1755","454.6030","45.50305028","-75.54375740","21.0000","12.4002","861.9000","40.6000","21.2844","27.4781","37.8625","3.0000","0.0744","0.5458","-1.3329","-0.6341","0.7847","15.9281","99.0343","55.4054","9024.4893","6553.5000","643.0270","0.0000","54.6800","54.3600","0.0000","72.0000","643.0560","14.7000","43.0000","950.5049","2.5380","1.9216","3.3539","0.6158","47.8933","11.9000","2.5500","0.0000","605.1306"
"49.650","52.5897","13","0.2207","0.1596","-0.3883","156.9315","8.5971","10.1616","13.6000","0.1800","97.3576","45.50304413","-75.54375394","21.0000","12.3983","861.5000","42.0625","23.4969","29.3391","38.9344","3.0000","0.0842","0.7529","-1.3223","0.3932","0.3517","23.4234","98.9569","56.4863","9124.7891","6553.5000","643.4760","0.0000","55.4250","55.1950","0.0000","72.0000","643.4280","14.7000","41.1800","950.5049","2.1913","1.5462","3.4079","0.4820","43.6400","11.9140","2.5500","0.0000","605.8596"
"49.700","52.5348","13","0.4258","0.0895","-0.4349","158.3916","16.4699","10.1348","13.6000","0.1800","50.7663","45.50303790","-75.54375109","21.0000","12.3964","861.5000","44.2062","24.4688","29.5969","39.6500","3.0000","0.0244","0.9740","-1.0644","1.4852","-0.4097","29.1875","98.8795","57.5673","8537.5664","6553.5000","641.0760","0.0000","54.2600","53.6400","0.0000","72.0000","641.0280","14.7000","34.6800","950.5049","1.7267","1.0967","3.4284","0.3175","29.6400","11.9640","2.5500","0.0000","606.5895"
"49.750","52.4657","13","0.6296","0.0159","-0.4819","159.8782","24.2981","10.1074","13.6000","0.1800","34.3656","45.50303165","-75.54374828","21.0000","12.3945","861.6500","45.1750","24.0516","26.6203","40.5000","3.0000","-0.1574","1.0692","-1.0930","2.0216","-1.0916","33.6437","98.8021","60.0556","8095.2222","6553.5000","637.7400","0.0000","53.8300","51.3350","0.0000","72.0000","637.6200","14.7000","25.6600","950.5049","1.3123","0.7452","3.4358","0.2014","17.0567","12.0000","2.5500","0.0000","607.3185"
"49.800","52.2691","13","0.8223","-0.0897","-0.5321","161.6043","31.7239","10.0733","13.6000","0.1800","26.2228","45.50302535","-75.54374595","21.0000","12.3926","861.5000","46.6562","22.2094","23.5000","40.0312","3.0000","-0.4313","1.1737","-1.2399","2.0129","-1.3369","38.0187","98.7248","63.7427","7934.1113","6553.5000","631.7400","0.0000","51.7200","46.6000","0.0000","72.0000","631.6200","14.7000","10.1600","950.5049","0.9957","0.5841","3.4174","0.1792","7.2233","12.0000","2.5500","0.0000","608.0456"
"49.850","51.9944","13","1.0118","-0.1912","-0.5805","163.4161","39.0702","10.0398","13.6000","0.1805","21.1803","45.50301907","-75.54374374","21.0000","12.3907","861.5000","46.3531","21.2031","22.7188","39.2969","3.0000","-0.6993","1.3085","-1.2168","1.8764","-0.9469","43.0062","98.6474","63.3604","7839.4712","6553.5000","627.6241","0.0000","50.7400","44.3350","0.0000","72.0000","627.0970","14.7000","-1.0000","950.5049","0.7216","0.4237","3.4204","0.1619","2.0975","12.0000","2.5500","0.0000","608.7689"
"49.900","51.0167","13","1.1735","-0.2551","-0.6142","165.9993","45.7010","10.0110","13.6000","0.1855","17.7667","45.50301298","-75.54374256","21.0000","12.3888","861.6000","47.7313","21.0250","22.8781","40.0812","3.0000","-0.7025","1.3530","-1.1846","1.9330","0.1587","48.5500","98.5700","62.7183","7801.4546","6553.5000","628.8710","0.0000","50.6235","44.1235","0.0000","72.0000","626.3721","14.7000","-1.0000","950.5049","0.4839","0.2639","3.4415","0.1486","0.9818","12.0000","2.5500","0.0000","609.4826"
"49.950","50.0529","13","1.3213","-0.3171","-0.6487","168.5958","51.8286","9.9820","13.6000","0.1900","15.3702","45.50300691","-75.54374146","21.0000","12.3869","861.5000","47.1406","22.4453","28.2453","40.0219","3.0000","-0.4906","1.1898","-1.0365","2.1445","1.0386","53.4781","98.4926","62.5000","7756.8569","6553.5000","630.1179","0.0000","50.8130","44.3130","0.0000","72.0000","625.6472","14.6952","-1.0000","950.5049","0.2629","0.1156","3.4596","0.1372","0.0000","12.0000","2.5500","0.0000","610.1835"
"50.000","49.2145","13","1.3442","-0.3620","-0.6916","171.3119","53.4272","9.9515","13.6000","0.1900","14.6606","45.50300096","-75.54374116","21.0000","12.3850","861.8000","48.6500","22.9344","27.4156","39.8000","3.0000","-0.4163","1.2126","-0.9858","2.7248","1.0850","57.2642","98.4152","66.4038","7664.0000","6553.5000","631.3648","0.0000","49.3626","42.8626","0.0000","72.0000","624.9224","14.6556","-1.0000","950.5049","0.1914","0.0720","3.4564","0.1392","0.0000","12.0000","2.5500","0.0000","610.8725"
"50.050","48.4005","13","1.3653","-0.4041","-0.7358","174.0446","54.9791","9.9213","13.6000","0.1895","14.0111","45.50299502","-75.54374095","21.0000","12.3847","861.6500","47.4688","22.7031","25.7328","41.7250","3.0000","-0.3406","1.2613","-1.1307","2.3510","1.6671","59.7750","98.2950","69.2308","7571.1431","6553.5000","632.6117","0.0000","47.9122","41.4122","0.0000","72.0000","624.1974","14.6159","-1.0000","950.5049","0.1200","0.0283","3.4533","0.1412","0.0000","12.0000","2.5500","0.0000","611.5486"
"50.100","47.8070","13","1.3700","-0.4216","-0.7930","176.9276","56.1102","9.8934","13.6000","0.1845","13.5603","45.50298918","-75.54374149","21.0000","12.3863","861.5000","47.4500","22.1781","23.0625","39.0187","3.0000","-0.3943","1.2300","-1.3591","1.4576","3.1314","61.5453","98.1283","69.2308","7438.1235","6553.5000","633.8586","0.0000","47.1000","39.6158","0.0000","72.0000","623.4725","14.6309","-1.0000","950.5049","0.1049","0.0100","3.4659","0.2264","3.7732","12.0000","2.5500","0.0000","612.2158"
"50.150","47.1789","13","1.3759","-0.4324","-0.8411","161.8153","57.3062","9.8693","13.6000","0.1795","13.1029","45.50298337","-75.54374210","21.0000","12.3878","861.5000","45.6125","22.8531","23.3844","35.6250","3.0000","-0.4520","1.1782","-1.2114","0.8501","4.1762","61.8391","97.9617","81.5385","7278.3301","6553.5000","635.1054","0.0000","47.1073","38.9220","0.0000","72.0000","622.7477","14.6825","-1.0000","950.5049","0.1307","0.0100","3.4891","0.3672","10.0619","12.0000","2.5500","0.0000","612.8744"
"50.200","46.2406","13","1.3918","-0.3831","-0.8070","-15.2545","59.0862","9.8803","13.6000","0.1745","12.4554","45.50297788","-75.54374343","21.0000","12.3893","862.0000","46.0000","23.1437","24.0375","35.9875","3.0000","-0.4302","1.2749","-1.2463","1.0970","4.1912","60.4297","97.7950","91.8667","7232.5327","6553.5000","636.3523","0.0000","47.1181","38.9544","0.0000","72.0000","622.0228","14.6972","-1.0000","950.5049","0.1400","0.0103","3.4946","0.4193","12.4373","12.0000","2.5500","0.0000","613.5224"
"50.250","45.3254","13","1.4049","-0.3324","-0.7808","-174.2922","60.7310","9.8871","13.6000","0.1705","11.8782","45.50297242","-75.54374485","21.0000","12.3908","861.5000","46.6469","23.7844","26.5422","37.1781","3.0000","-0.3276","1.3206","-1.1851","1.8879","3.6079","57.8984","97.6283","93.3333","7245.4604","6553.5000","637.5992","0.0000","47.1289","38.9868","0.0000","72.0000","621.2979","14.6929","-1.0000","950.5049","0.1400","0.0107","3.4909","0.4257","12.7969","12.0000","2.5500","0.0000","614.1562"
"50.300","44.6194","13","1.3926","-0.2691","-0.8251","-171.0408","61.1588","9.8568","13.6000","0.1755","11.6114","45.50296724","-75.54374706","21.0000","12.3924","861.6000","45.8000","24.0344","28.9062","38.2687","3.0000","-0.1581","1.2253","-1.1106","1.9720","3.1069","55.2438","97.4617","93.3333","7258.3887","6553.5000","638.8461","0.0000","47.1397","39.0192","0.0000","72.0000","620.5730","14.6886","-1.0000","950.5049","0.1400","0.0111","3.4872","0.4322","13.1565","12.0000","2.5500","0.0000","614.7797"
"50.350","43.9882","13","1.3793","-0.2052","-0.8693","-167.8605","61.5128","9.8260","13.6000","0.1800","11.3813","45.50296206","-75.54374933","21.0000","12.3939","861.5000","44.4125","24.1219","29.9141","35.9406","3.0000","0.0999","1.2759","-1.2549","1.0767","2.7261","53.1453","97.2950","93.3333","7271.3169","6553.5000","640.0930","0.0000","47.1505","39.0516","0.0000","72.0000","619.8481","14.6843","-1.0000","950.5049","0.1400","0.0116","3.4835","0.4387","13.5161","12.0000","2.5500","0.0000","615.3950"
"50.400","44.0311","13","1.3572","-0.1360","-0.9124","-165.3190","61.2028","9.7910","13.6000","0.1800","11.4501","45.50295686","-75.54375212","21.0000","12.3954","861.9000","45.4250","24.3156","28.2531","35.6375","3.0000","0.4211","1.3145","-1.1831","-0.1028","2.4198","52.0263","97.1283","93.3333","7284.2446","6553.5000","641.3398","0.0000","47.1613","39.0840","0.0000","72.0000","619.1232","14.6801","-1.0000","950.5049","0.1400","0.0120","3.4798","0.4451","13.8757","12.0000","2.5500","0.0000","616.0067"
"50.450","44.0688","13","1.3386","-0.0679","-0.9463","-162.6852","61.0197","9.7599","13.6000","0.1805","11.4942","45.50295169","-75.54375502","21.0000","12.3969","861.6500","45.1406","24.2859","26.7734","35.9469","3.0000","0.4084","1.3286","-1.2000","-1.0146","2.4551","52.2812","96.9617","93.3333","7297.1729","6553.5000","642.5867","0.0000","47.1721","39.1164","0.0000","72.0000","618.3983","14.6758","-1.0000","950.5049","0.1400","0.0124","3.4762","0.4516","14.2353","12.0000","2.5500","0.0000","616.6185"
"50.500","44.0596","13","1.3516","-0.0091","-0.8977","-159.2197","61.9785","9.7644","13.6000","0.1855","11.3141","45.50294677","-75.54375883","21.0000","12.3984","861.9000","45.5062","24.4281","25.1156","35.9313","3.0000","0.2648","1.4580","-1.2898","-1.3656","2.9076","53.1844","96.7950","93.3333","7310.1011","6553.5000","643.8336","0.0000","47.1829","39.1488","0.0000","72.0000","617.6734","14.6715","-1.0000","950.5049","0.1400","0.0128","3.4725","0.4581","14.5949","12.0000","2.5500","0.0000","617.2306"
"50.550","44.0649","13","1.3626","0.0474","-0.8519","-155.7585","62.8143","9.7686","13.6000","0.1905","11.1649","45.50294189","-75.54376271","21.0000","12.4000","861.6500","44.2719","24.4281","25.6875","35.3438","3.0000","0.1981","1.4263","-1.2881","-1.1797","3.3441","53.7000","96.6283","93.3333","7323.0293","6553.5000","645.0804","0.0000","47.1937","39.1812","0.0000","72.0000","616.9485","14.6672","-1.0000","950.5049","0.1400","0.0133","3.4688","0.4645","14.9545","12.0000","2.5500","0.0000","617.8427"
"50.600","44.1994","13","1.3550","0.0840","-0.8319","-152.3372","62.5434","9.7693","13.6000","0.1955","11.2475","45.50293732","-75.54376728","21.0000","12.4015","861.5000","46.9875","24.4500","27.6000","35.6500","3.0000","0.1257","1.3372","-1.0334","-0.1035","3.2734","53.2812","96.4617","93.3333","7335.9570","6553.5000","646.3273","0.0000","47.2045","39.2136","0.0000","72.0000","616.2236","14.6629","-1.0000","950.5049","0.1400","0.0137","3.4651","0.4710","15.3140","12.0000","2.5500","0.0000","618.4557"
"50.650","44.3157","13","1.3484","0.1185","-0.8146","-148.9774","62.2962","9.7686","13.6000","0.2000","11.3218","45.50293279","-75.54377190","21.0000","12.4030","861.8500","45.8312","24.5734","30.0750","36.3875","3.0000","0.1725","1.1768","-0.8264","0.3614","2.5555","51.8125","96.2950","93.3333","7348.8853","6553.5000","647.5742","0.0000","47.2153","39.2460","0.0000","72.0000","615.4987","14.6586","-1.0000","950.5049","0.1400","0.0141","3.4614","0.4774","15.6736","12.0000","2.5500","0.0000","619.0707"
"50.700","44.2674","13","1.3501","0.1334","-0.8217","-146.1719","62.2627","9.7544","13.6000","0.2000","11.3156","45.50292856","-75.54377700","21.0000","12.4045","861.5000","45.9000","24.6187","28.3906","36.2250","3.0000","0.1170","1.1509","-0.9010","-0.1190","1.3156","49.7687","96.1283","93.3333","7361.8135","6553.5000","648.8210","0.0000","47.2261","39.2784","0.0000","72.0000","614.7738","14.6544","-1.0000","950.5049","0.1400","0.0145","3.4578","0.4839","16.0332","12.0000","2.5500","0.0000","619.6857"
"50.750","44.2368","13","1.3545","0.1448","-0.8200","-143.3412","62.3495","9.7435","13.6000","0.1995","11.2920","45.50292436","-75.54378217","21.0000","12.4061","862.0000","47.4750","25.0969","27.2062","36.6156","3.0000","-0.0046","1.4202","-0.9229","-0.3796","0.3467","48.6000","95.9617","93.3333","7374.7412","6553.5000","650.0679","0.0000","47.2369","39.3108","0.0000","72.0000","614.0490","14.6501","-1.0000","950.5049","0.1400","0.0150","3.4541","0.4904","16.3928","12.0000","2.5500","0.0000","620.3005"
"50.800","44.3655","13","1.3839","0.1250","-0.7389","-140.2840","63.5199","9.7630","13.6000","0.1945","11.1162","45.50292045","-75.54378793","21.0000","12.4076","862.0000","46.8563","23.9969","26.9781","37.4000","3.0000","-0.0330","1.4377","-0.9764","-0.9954","0.5942","49.2906","95.7950","93.3333","7387.6694","6553.5000","651.3148","0.0000","47.2477","39.3432","0.0000","72.0000","613.3240","14.6458","-1.0000","950.5049","0.1400","0.0154","3.4504","0.4968","16.7524","12.0000","2.5500","0.0000","620.9160"
"50.850","44.4568","13","1.4124","0.1073","-0.6661","-137.1530","64.6557","9.7798","13.6000","0.1900","10.9434","45.50291663","-75.54379374","21.0000","12.4091","861.6500","47.1594","24.0953","27.1453","36.0156","3.0000","-0.0548","1.4011","-1.0134","-1.3637","1.6945","51.1875","95.6283","93.3333","7400.5977","6553.5000","652.5617","0.0000","47.2585","39.3756","0.0000","72.0000","612.5991","14.6415","-1.0000","950.5049","0.1400","0.0158","3.4467","0.5033","17.1120","12.0000","2.5500","0.0000","621.5329"
"50.900","44.2120","13","1.4319","0.1089","-0.6684","-133.3572","65.4805","9.7723","13.6000","0.1900","10.7460","45.50291349","-75.54380010","21.0000","12.4106","861.6000","45.2375","24.3406","30.3531","35.5625","3.0000","0.0334","1.2974","-0.8563","-1.2780","2.3107","52.6469","95.4617","93.3333","7413.5259","6553.5000","653.8086","0.0000","47.2693","39.4080","0.0000","72.0000","611.8743","14.6372","-1.0000","950.5049","0.1400","0.0162","3.4430","0.5098","17.4716","12.0000","2.5500","0.0000","622.1483"
"50.950","44.0449","13","1.4463","0.1123","-0.6690","-129.6658","66.0690","9.7649","13.6000","0.1895","10.6101","45.50291037","-75.54380652","21.0000","12.4122","861.5000","44.5750","24.4375","30.1875","35.5187","3.0000","0.0540","1.1731","-0.7583","-1.1402","1.8773","52.9375","95.2950","93.3333","7426.4536","6553.5000","655.0554","0.0000","47.2801","39.4404","0.0000","72.0000","611.1494","14.6330","-1.0000","950.5049","0.1400","0.0167","3.4393","0.5162","17.8312","12.0000","2.5500","0.0000","622.7617"
"51.000","44.5785","13","1.4142","0.1321","-0.6544","-126.9125","64.5308","9.7585","13.6000","0.1845","10.9946","45.50290741","-75.54381356","21.0000","12.4137","861.5000","45.3937","24.5656","28.1938","35.8438","3.0000","0.0013","1.2585","-0.9493","-0.8070","1.3432","53.2562","95.1283","93.3333","7439.3818","6553.5000","656.3023","0.0000","47.2909","39.4728","0.0000","72.0000","610.4244","14.6287","-1.0000","950.5049","0.1400","0.0171","3.4357","0.5227","18.1908","12.0000","2.5500","0.0000","623.3778"
"51.050","45.0760","13","1.3852","0.1557","-0.6407","-124.0878","63.1205","9.7515","13.6000","0.1810","11.3657","45.50290452","-75.54382063","21.0000","12.4152","861.6500","45.5031","24.5266","26.9828","36.4094","3.0000","-0.0887","1.3723","-1.0698","-0.5141","2.0111","54.6937","94.9617","93.3333","7452.3101","6553.5000","657.5492","0.0000","47.4987","39.9280","0.0000","72.0000","609.6996","14.6244","-1.0000","950.5049","0.1400","0.0175","3.4320","0.5292","18.5503","12.0000","2.5500","0.0000","624.0015"
"51.100","45.2482","13","1.3835","0.2133","-0.6358","-120.6189","62.8604","9.7390","13.6000","0.1910","11.4563","45.50290226","-75.54382806","21.0000","12.4164","861.5000","43.5563","24.5312","27.2062","34.3563","3.0000","-0.0757","1.3689","-0.9447","-0.6124","3.5760","56.1750","94.8693","93.3333","7465.2378","6553.5000","658.7961","0.0000","48.7408","42.6032","0.0000","72.0000","608.9747","14.6201","-1.0000","950.5049","0.1400","0.0180","3.4283","0.5356","18.9099","12.0000","2.5500","0.0000","624.6290"
"51.150","45.4457","13","1.3784","0.2704","-0.6287","-117.2305","62.4161","9.7279","13.6000","0.1995","11.5882","45.50290004","-75.54383554","21.0000","12.4171","861.5000","43.1750","26.0562","29.2922","32.6844","3.0000","0.3781","1.1960","-1.0070","-0.4785","4.4688","55.9313","94.8574","93.3333","7478.1660","6553.5000","660.0430","0.0000","49.9828","45.2783","0.0000","72.0000","608.2498","14.6158","-1.0000","950.5049","0.1400","0.0184","3.4246","0.5421","19.2695","12.0000","2.5500","0.0000","625.2592"
"51.200","45.8693","13","1.3418","0.3238","-0.6025","-114.5662","60.3135","9.7301","13.6000","0.1945","12.1040","45.50289816","-75.54384344","21.0000","12.4179","861.6000","42.6125","27.7563","29.5250","33.4437","3.0000","0.6233","1.1587","-1.0165","0.3111","4.0986","54.1606","94.8455","93.3333","7491.0942","6553.5000","661.2898","0.0000","51.2248","47.9535","0.0000","72.0000","607.5249","14.6116","-1.0000","950.5049","0.1400","0.0188","3.4209","0.5485","19.6291","12.0000","2.5500","0.0000","625.8937"
"51.250","46.3221","13","1.3041","0.3732","-0.5774","-111.8989","58.1455","9.7312","13.6000","0.1900","12.6792","45.50289632","-75.54385139","21.0000","12.4187","861.6500","43.0219","27.2812","29.0375","36.5094","3.0000","0.3668","1.3438","-0.8253","1.3060","3.3271","51.8906","94.8336","93.3333","7504.0225","6553.5000","662.5367","0.0000","52.4669","50.6287","0.0000","72.0000","606.8000","14.6073","-1.0000","950.5049","0.1400","0.0192","3.4173","0.5550","19.9887","12.0000","2.5500","0.0000","626.5350"
"51.300","47.0368","13","1.2566","0.3873","-0.5623","-109.2041","55.3882","9.7223","13.6000","0.1900","13.5158","45.50289493","-75.54385979","21.0000","12.4194","861.5000","43.1125","26.7188","28.1250","36.1063","3.0000","0.3888","1.3949","-0.9938","1.8823","3.2346","49.8250","94.8217","93.3333","7516.9502","6553.5000","663.7836","0.0000","53.7089","53.3038","0.0000","72.0000","623.0366","14.6030","-1.0000","950.5049","0.1400","0.0197","3.4136","0.5615","20.3483","12.0000","2.5500","0.0000","627.1845"
"51.350","47.7524","13","1.2118","0.4027","-0.5456","-106.5456","52.7512","9.7146","13.6000","0.1900","14.4073","45.50289357","-75.54386823","21.0000","12.4202","861.5000","40.5594","26.6031","28.4359","33.5219","3.0000","0.7061","1.1103","-1.1714","1.6577","3.3800","46.8234","94.8098","93.3333","7779.6226","6553.5000","665.0305","0.0000","54.9510","55.9790","0.0000","72.0000","639.2731","14.5694","-1.0000","950.5049","0.1379","0.0189","3.3877","0.6033","27.7939","12.0000","2.5500","0.0000","627.8436"
"51.400","48.4760","13","1.1911","0.4298","-0.5149","-104.2137","51.1976","9.7179","13.6000","0.1900","15.0694","45.50289258","-75.54387702","21.0000","12.4209","861.5000","41.1813","27.4469","31.1719","32.6875","3.0000","0.7259","1.0459","-0.9258","1.3327","2.4765","41.8422","94.7979","91.2652","8625.0303","6553.5000","666.2773","0.0000","56.6600","57.0700","0.0000","72.0000","655.5097","14.4673","-1.0000","950.5049","0.1272","0.0136","3.3102","0.7278","51.7735","12.0000","2.5500","0.0000","628.5123"
"51.450","49.2100","13","1.1751","0.4556","-0.4877","-101.8470","49.8300","9.7195","13.6000","0.1900","15.7175","45.50289165","-75.54388585","21.0000","12.4217","861.5000","42.0687","26.6938","30.2500","35.1656","3.0000","0.6842","1.2316","-0.9788","1.1156","1.1782","37.2031","94.7859","88.6136","9259.4062","6553.5000","667.4860","0.0000","56.8026","56.8359","0.0000","72.0000","667.5080","14.3813","-1.0000","950.5049","0.1235","0.0065","3.2781","0.7943","67.0022","12.0000","2.5500","0.0000","629.1923"
"51.500","50.0372","13","1.2000","0.4699","-0.4919","-99.1673","50.1359","9.7060","13.6000","0.1900","15.8842","45.50289126","-75.54389504","21.0000","12.4225","861.5000","44.5375","24.8219","29.1469","37.4750","3.0000","0.5515","1.3060","-1.1050","0.4671","1.3351","35.7750","94.7740","89.9460","9484.1318","6553.5000","668.5860","0.0000","57.6038","57.4769","0.0000","72.0000","668.6080","14.3264","-1.0000","950.5049","0.1345","-0.0045","3.3341","0.7482","65.2440","12.0000","2.5500","0.0000","629.8829"
"51.550","50.8364","13","1.2200","0.4818","-0.4910","-96.5109","50.2410","9.6947","13.6000","0.1900","16.1041","45.50289092","-75.54390425","21.0000","12.4232","861.5000","43.4406","24.2531","27.4312","34.8406","3.0000","0.3281","1.1645","-1.2275","-0.7150","3.1239","36.9984","94.7621","97.2129","9584.9092","6553.5000","669.6600","0.0000","57.8286","57.8653","0.0000","72.0000","669.6801","14.3000","-1.0000","950.5049","0.1323","-0.0049","3.3213","0.7097","63.0343","12.0000","2.5500","0.0000","630.5840"
"51.600","51.3828","13","1.1964","0.4717","-0.4436","-94.0639","48.5396","9.7035","13.6000","0.1900","16.8478","45.50289110","-75.54391360","21.0000","12.4240","862.0000","40.7000","24.4438","28.8188","30.7938","3.0000","0.3327","1.0796","-1.2640","-1.5021","4.7018","38.1861","94.7502","107.6923","9571.2725","6553.5000","670.6600","0.0000","58.5000","57.5400","0.0000","72.0000","670.6801","14.3000","-1.0000","950.5049","0.1170","0.0053","3.2451","0.6784","60.4081","12.0000","2.5500","0.0000","631.2940"
"51.650","51.9571","13","1.1785","0.4578","-0.3981","-91.6355","47.0702","9.7115","13.6000","0.1905","17.5679","45.50289133","-75.54392299","21.0000","12.4247","862.0000","40.9375","24.8234","30.5172","31.0969","3.0000","0.6067","1.1633","-1.1170","-1.7555","4.8000","37.9313","94.7383","107.6923","9543.4004","6553.5000","671.4963","0.0000","58.0200","56.9050","0.0000","72.0000","671.5037","14.3000","-1.0000","950.5049","0.1220","0.0130","3.2529","0.6022","56.2900","12.0000","2.5500","0.0000","632.0130"
"51.700","52.7821","13","1.2114","0.4090","-0.3699","-89.3742","47.6904","9.7120","13.6000","0.1955","17.6147","45.50289203","-75.54393265","21.0000","12.4255","861.6000","43.4625","24.8156","28.5375","33.5687","3.0000","0.5005","1.4016","-1.0713","-1.5660","3.8939","37.3469","94.7264","97.6021","9503.4004","6553.5000","671.8667","0.0000","58.8333","60.1000","0.0000","72.0000","671.8741","14.3000","-1.0000","950.5049","0.1442","0.0186","3.3323","0.4878","50.9011","12.0000","2.5500","0.0000","632.7417"
"51.750","53.5423","13","1.2399","0.3558","-0.3401","-87.0892","48.1562","9.7142","13.6000","0.2000","17.6956","45.50289280","-75.54394229","21.0000","12.4263","862.0000","44.2031","23.1406","28.3891","35.5281","3.0000","0.1443","1.4436","-1.1587","-1.5551","3.0449","37.4125","94.7145","91.6667","9194.1221","6553.5000","672.2371","0.0000","58.1667","58.1000","0.0000","72.0000","672.2444","14.3000","-1.0000","950.5049","0.2117","0.0570","3.3472","0.4383","43.0044","12.0000","2.5500","0.0000","633.4804"
"51.800","53.7196","13","1.2289","0.2628","-0.2957","-84.5911","47.2329","9.7314","13.6000","0.2000","18.1012","45.50289418","-75.54395175","21.0000","12.4270","861.5000","46.0062","23.1437","25.1406","35.5563","3.0000","-0.0572","1.3381","-1.2209","-1.7338","2.5426","37.4656","94.7026","89.6078","8790.2334","6553.5000","672.6407","0.0000","56.4652","54.6913","0.0000","72.0000","672.6111","14.3000","-1.0000","950.5049","0.2950","0.1070","3.3395","0.4116","34.2267","12.0000","2.5500","0.0000","634.2250"
"51.850","53.8595","13","1.2198","0.1707","-0.2523","-82.1174","46.4129","9.7479","13.6000","0.2000","18.4690","45.50289561","-75.54396118","21.0000","12.4278","861.8500","45.7313","22.1688","25.4578","35.8375","3.0000","-0.1015","1.1089","-1.2024","-1.5277","2.0566","36.1813","94.6907","84.2359","8552.4111","6553.5000","673.0704","0.0000","55.1900","53.1300","0.0000","72.0000","672.9750","14.2478","-1.0000","950.5049","0.2791","0.1257","3.3411","0.4345","31.2456","12.0000","2.5500","0.0000","634.9723"
"51.900","53.6636","13","1.2279","0.0857","-0.2178","-79.8629","46.5222","9.7577","13.6000","0.2000","18.3586","45.50289745","-75.54397037","21.0000","12.4286","861.9000","46.0250","20.3906","27.4594","36.4500","3.0000","0.0048","1.0910","-1.1101","-1.5312","1.2662","33.8719","94.6788","77.5701","8369.7949","6553.5000","673.5002","0.0000","54.4800","52.5000","0.0000","72.0000","673.3389","14.2033","-1.0000","950.5049","0.2590","0.1378","3.3445","0.4568","28.9707","12.0000","2.5500","0.0000","635.7186"
"51.950","53.4486","13","1.2365","0.0034","-0.1839","-77.6145","46.6740","9.7684","13.6000","0.2000","18.2256","45.50289933","-75.54397951","21.0000","12.4293","861.6500","47.9156","20.0000","25.5984","37.8688","3.0000","-0.1208","1.3171","-1.1431","-1.6625","0.6493","32.7313","94.6669","71.3431","8461.1904","6553.5000","673.9299","0.0000","54.2300","48.7500","0.0000","72.0000","673.7027","14.2265","-1.0000","950.5049","0.2522","0.1218","3.3552","0.4551","28.7614","12.0000","2.5500","0.0000","636.4620"
"52.000","53.0616","13","1.2489","-0.0544","-0.1553","-75.4216","47.2081","9.7874","13.6000","0.2000","17.8889","45.50290159","-75.54398828","21.0000","12.4301","861.9000","47.6188","19.8500","27.2000","39.4250","3.0000","-0.3061","1.4731","-1.1721","-2.1045","1.0078","34.8646","94.6550","65.9676","8552.5859","6553.5000","674.3597","0.0000","54.0608","48.6342","0.0000","72.0000","674.0666","14.2498","-1.0000","950.5049","0.2453","0.1058","3.3659","0.4535","28.5521","12.0000","2.5500","0.0000","637.2012"
"52.050","52.6739","13","1.2634","-0.1056","-0.1276","-73.1697","47.8431","9.8049","13.6000","0.2010","17.5225","45.50290392","-75.54399699","21.0000","12.4308","861.6500","47.5750","20.7812","27.0078","37.7000","3.0000","-0.3305","1.4078","-1.0830","-2.1986","1.8891","39.1875","94.6431","65.0000","8643.9814","6553.5000","674.7894","0.0000","53.9025","49.0139","0.0000","72.0000","674.4305","14.2730","-1.0000","950.5049","0.2385","0.0898","3.3766","0.4519","28.3428","12.0000","2.5500","0.0000","637.9344"
"52.100","52.2795","13","1.2971","-0.0968","-0.1067","-70.3879","49.3868","9.8092","13.6000","0.2110","16.8477","45.50290683","-75.54400523","21.0000","12.4316","861.9000","46.7188","21.5594","28.8656","37.6500","3.0000","-0.0473","1.2939","-0.9829","-1.1997","2.7081","44.0484","94.6312","65.0000","8735.3770","6553.5000","675.2192","0.0000","53.7443","49.3937","0.0000","72.0000","674.7944","14.2963","-1.0000","950.5049","0.2316","0.0738","3.3873","0.4503","28.1335","12.0000","2.5500","0.0000","638.6626"
"52.150","51.9400","13","1.3285","-0.0853","-0.0848","-67.6312","50.8448","9.8143","13.6000","0.2200","16.2583","45.50290980","-75.54401344","21.0021","12.4318","861.8000","45.1750","22.1156","31.7578","36.5594","3.0000","0.2082","1.1213","-0.8844","-0.1115","3.1688","48.4938","94.7479","65.0000","9093.4854","6553.5000","675.6490","0.0000","55.8830","53.2532","0.0000","72.0000","675.1855","14.2584","-1.0000","950.5049","0.1331","0.0080","3.4239","0.4953","36.2921","12.0000","2.5500","0.0000","639.3864"
"52.200","52.0946","13","1.3397","-0.0485","-0.0541","-65.1000","51.5315","9.8253","13.6000","0.2200","16.0894","45.50291323","-75.54402142","21.0066","12.4314","861.6000","43.6625","23.0656","33.0875","35.7875","3.0000","0.2438","0.9443","-0.9928","-0.0631","2.5561","51.5687","95.0038","71.7667","9502.3965","6553.5000","676.0787","0.0000","58.9149","58.4660","0.0000","72.0000","675.7197","14.2089","-1.0000","950.5049","0.0055","-0.0737","3.4655","0.5493","46.0446","12.0000","2.5500","0.0000","640.1093"
"52.250","52.2702","13","1.3472","-0.0069","-0.0253","-62.5756","52.0659","9.8363","13.6000","0.2195","15.9780","45.50291671","-75.54402938","21.0111","12.4311","862.0000","44.6937","23.9484","31.4922","35.1312","3.0000","0.2231","1.1519","-1.0571","-0.9702","1.2540","53.7656","95.2598","59.8740","9586.6113","6553.5000","676.5085","0.0000","59.1988","59.0988","0.0000","72.0000","676.2539","14.2000","-1.0000","950.5049","-0.0082","-0.0806","3.4464","0.5853","49.0541","12.0000","2.5500","0.0000","640.8345"
"52.300","52.6351","13","1.3223","0.0775","-0.0125","-60.1119","51.2297","9.8462","13.6000","0.2145","16.3521","45.50292066","-75.54403716","21.0155","12.4307","861.9000","46.1312","23.1250","28.6313","36.0563","3.0000","0.1884","1.5254","-1.1841","-2.7277","0.7218","56.4156","95.5157","30.9211","9599.5527","6553.5000","676.9382","0.0000","58.9593","58.8593","0.0000","72.0000","676.7881","14.2000","-1.0000","950.5049","0.0065","-0.0688","3.4139","0.6173","50.5835","12.0000","2.5500","0.0000","641.5637"
"52.350","52.9689","13","1.2993","0.1581","0.0077","-57.6357","50.4422","9.8595","13.6000","0.2105","16.7127","45.50292466","-75.54404487","21.0200","12.4303","861.8500","45.5938","22.0312","27.4516","34.0281","3.0000","0.2270","1.5039","-1.2400","-4.5295","1.5175","59.3922","95.7717","18.1818","9612.4941","6553.5000","677.3680","0.0000","58.7198","58.6198","0.0000","72.0000","677.3223","14.2000","-1.0000","950.5049","0.0212","-0.0571","3.3815","0.6494","52.1129","12.0000","2.5500","0.0000","642.2972"
"52.400","53.0218","13","1.2945","0.2050","0.0939","-55.0467","50.0926","9.9031","13.6000","0.2155","16.8462","45.50292908","-75.54405201","21.0245","12.4299","861.5000","45.3625","22.0344","28.1656","32.8000","3.0000","0.2477","1.4280","-1.1714","-5.5061","2.7755","60.9583","96.0276","-12.0909","9777.1680","6553.5000","678.5736","0.0000","60.5512","59.9634","0.0000","72.0000","678.8000","14.1779","-1.0000","950.5049","0.0258","-0.0458","3.3279","0.6826","55.6747","12.0000","2.5500","0.0000","643.0332"
"52.450","53.1099","13","1.2875","0.2484","0.1766","-52.4954","49.6455","9.9452","13.6000","0.2200","17.0261","45.50293353","-75.54405913","21.0289","12.4295","862.0000","43.7938","24.2125","32.6969","34.0938","3.0000","0.1748","1.0403","-0.8864","-6.0781","2.9602","59.2469","96.2836","-142.8000","10151.3789","6553.5000","680.6900","0.0000","62.1400","60.8150","0.0000","72.0000","681.3000","14.1253","-1.0000","950.5049","0.0153","-0.0353","3.2426","0.7173","62.0432","12.0000","2.5500","0.0000","643.7706"
"52.500","53.5151","13","1.2612","0.2600","0.2280","-50.2834","48.3214","9.9734","13.6000","0.2200","17.6261","45.50293834","-75.54406606","21.0334","12.4292","861.9000","44.3937","25.7500","33.8750","34.1250","3.0000","0.2610","0.8394","-0.7664","-5.8055","1.2395","54.8063","96.5395","-102.8000","10392.2256","6553.5000","682.8064","0.0000","62.8600","64.2300","0.0000","72.0000","683.8000","14.1000","-1.0000","950.5049","0.0074","-0.0326","3.2166","0.7348","65.9667","12.0000","2.5500","0.0000","644.5118"
"52.550","53.9321","13","1.2348","0.2702","0.2732","-48.0664","46.9990","9.9984","13.6000","0.2195","18.2633","45.50294321","-75.54407294","21.0379","12.4288","862.0000","46.6469","25.2891","35.0344","37.2719","3.0000","0.4128","1.0156","-0.7742","-5.8555","-1.0017","50.2844","96.7955","-62.8000","10509.9678","6553.5000","684.9228","0.0000","62.9048","62.1711","0.0000","72.0000","686.0410","14.1000","-1.0000","950.5049","0.0022","-0.0378","3.2497","0.7365","67.6333","12.0000","2.5500","0.0000","645.2587"
"52.600","54.4554","13","1.2091","0.2677","0.2622","-45.8041","45.6913","9.9934","13.6000","0.2145","18.9683","45.50294858","-75.54407939","21.0423","12.4284","861.6000","47.4938","23.0125","30.9062","37.5187","3.0000","0.3544","1.0896","-0.8994","-6.8562","-1.5672","48.1000","97.0514","-18.5185","10679.7998","6553.5000","686.8527","0.0000","64.3506","63.4964","0.0000","72.0000","687.6160","14.1000","-1.0000","950.5049","0.0063","-0.0400","3.2174","0.7465","74.8000","12.0000","2.5500","0.0000","646.0118"
"52.650","54.9445","13","1.1854","0.2674","0.2538","-43.5206","44.4654","9.9902","13.5950","0.2095","19.6663","45.50295399","-75.54408576","21.0468","12.4280","862.0000","46.3812","22.8594","29.1609","36.3000","3.0000","0.2072","1.0688","-1.1428","-7.3066","-0.4145","47.0750","97.3074","0.0000","10876.4668","6553.5000","688.6948","0.0000","66.8929","65.9190","0.0000","72.0000","689.1910","14.1000","-1.0000","950.5049","0.0172","-0.0400","3.1513","0.7610","84.8000","12.0000","2.5500","0.0000","646.7726"
"52.700","55.1254","13","1.1807","0.2859","0.2687","-41.0469","43.9748","10.0022","13.5450","0.2045","19.9512","45.50295972","-75.54409149","21.0513","12.4276","862.0000","41.6000","23.6781","30.8563","33.6125","3.0000","0.2850","0.8856","-1.3472","-6.7547","0.8440","44.2438","97.5633","-34.4828","10959.0938","6553.5000","690.5369","0.0000","66.9500","67.3900","0.0000","72.0000","690.7661","14.1000","-1.0000","950.5049","0.0200","-0.0318","3.2446","0.7939","91.7094","12.0000","2.5500","0.0000","647.5374"
"52.750","55.3711","13","1.1731","0.3061","0.2828","-38.6563","43.3756","10.0140","13.5000","0.1985","20.3169","45.50296549","-75.54409721","21.0557","12.4272","862.0000","42.0563","23.9312","29.9922","33.9375","3.0000","0.4777","1.0029","-1.1417","-5.4000","1.5445","39.2031","97.8193","-91.9540","11023.1562","6553.5000","692.2250","0.0000","67.2250","67.9200","0.0000","72.0000","692.2500","14.1000","-1.0000","950.5049","0.0200","-0.0207","3.3638","0.8298","98.1156","12.0000","2.5500","0.0000","648.3057"
"52.800","56.1994","13","1.1397","0.3404","0.2906","-37.0138","41.7992","10.0235","13.5000","0.1835","21.3985","45.50297156","-75.54410285","21.0602","12.4269","861.9000","43.0500","24.1437","30.7344","36.0187","3.0000","0.6356","1.0292","-0.9453","-4.5487","2.1072","33.8396","98.0752","-23.2143","11068.2559","6553.5000","693.4750","0.0000","67.4400","67.7000","0.0000","72.0000","693.5000","14.1000","-1.0000","950.5049","0.0252","-0.0252","3.3720","0.8075","99.2311","12.0000","2.5500","0.0000","649.0815"
"52.850","57.0038","13","1.1071","0.3752","0.2989","-35.3401","40.2487","10.0335","13.5000","0.1700","22.5410","45.50297768","-75.54410842","21.0646","12.4265","862.3500","42.2188","24.1141","29.6922","34.1562","3.0000","0.5063","0.9247","-1.0466","-4.1102","2.7367","28.2188","98.3312","0.0000","11092.7002","6553.5000","694.6990","0.0000","67.5450","69.2600","0.0000","72.0000","694.7220","14.0922","-1.0000","950.5049","0.0292","-0.0284","3.3738","0.7845","99.9078","12.0000","2.5500","0.0000","649.8696"
"52.900","57.5928","13","1.0818","0.4139","0.3120","-33.3857","38.9305","10.0478","13.5000","0.1700","23.5450","45.50298416","-75.54411343","21.0691","12.4261","861.5000","41.0938","24.0969","30.8438","32.5563","3.0000","0.2077","1.0094","-1.1826","-3.5664","2.9182","21.8453","98.5871","0.0000","10997.7002","6553.5000","695.8490","0.0000","66.3900","66.6700","0.0000","72.0000","695.8720","14.0367","-1.0000","950.5049","0.0237","-0.0173","3.3793","0.7812","99.9633","12.0000","2.5500","0.0000","650.6665"
"52.950","58.2143","13","1.0582","0.4502","0.3300","-31.4441","37.6660","10.0647","13.5000","0.1695","24.5980","45.50299069","-75.54411841","21.0736","12.4257","861.5000","41.9406","24.2500","32.2656","32.7469","3.0000","0.0552","1.1146","-1.1806","-3.0375","2.3500","15.7937","98.8431","0.0000","10928.2314","6553.5000","696.9210","0.0000","66.1950","66.0850","0.0000","72.0000","696.9380","14.0157","-1.0000","950.5049","0.0200","-0.0116","3.3976","0.7836","100.0000","12.0000","2.5500","0.0000","651.4719"
"53.000","59.1281","13","1.0494","0.4655","0.3915","-29.6181","36.8850","10.1057","13.5000","0.1645","25.5132","45.50299763","-75.54412303","21.0780","12.4253","861.9000","43.2062","24.2250","32.0187","34.7375","3.0000","0.6474","0.9942","-1.1553","-2.6715","1.6363","11.2891","99.0990","0.0000","10908.3242","6553.5000","697.7710","0.0000","66.3750","65.2750","0.0000","72.0000","697.7880","14.0620","-1.0000","950.5049","0.0200","-0.0162","3.4407","0.7970","100.0000","12.0000","2.5500","0.0000","652.2877"
"53.050","60.0299","13","1.0377","0.4808","0.4474","-27.7947","36.0083","10.1454","13.5000","0.1600","26.5329","45.50300461","-75.54412760","21.0825","12.4250","861.6500","42.7531","24.2172","32.6688","34.9688","3.0000","0.8256","0.8723","-1.0725","-2.1742","1.1021","8.6719","99.3550","0.0000","10880.7500","6553.5000","698.6210","0.0000","66.8056","65.2611","0.0000","72.0000","698.6380","14.0902","-1.0000","950.5049","0.0200","-0.0200","3.4675","0.8104","100.0000","12.0000","2.5500","0.0000","653.1174"
"53.100","60.8240","13","1.0005","0.4960","0.4538","-25.9956","34.2706","10.1744","13.5000","0.1600","28.2471","45.50301192","-75.54413177","21.0870","12.4246","862.0000","40.5250","24.6156","34.4688","34.1937","3.0000","0.4583","0.8055","-0.6104","-1.5464","0.0870","7.0879","99.6110","0.0000","10818.2500","6553.5000","699.4710","0.0000","65.8200","65.5400","0.0000","72.0000","699.4880","14.0359","-1.0000","950.5049","0.0200","-0.0200","3.4202","0.8240","100.0000","12.0000","2.5500","0.0000","653.9582"
"53.150","61.6378","13","0.9646","0.5096","0.4607","-24.2405","32.5818","10.2021","13.4950","0.1600","30.1087","45.50301926","-75.54413591","21.0914","12.4242","861.5000","40.8438","25.1672","33.2750","34.7875","3.0000","0.4357","0.8770","-0.7714","-0.6280","-1.6314","6.4125","99.8669","0.0000","10846.7002","6553.5000","700.3990","0.0000","66.2650","65.1850","0.0000","72.0000","700.4188","14.0189","-1.0000","950.5049","0.0238","-0.0162","3.3240","0.8249","100.0000","12.0000","2.5500","0.0000","654.8099"
"53.200","62.6302","13","0.9404","0.5092","0.4735","-22.8816","31.3337","10.2173","13.4450","0.1600","31.8121","45.50302688","-75.54413976","21.0938","12.4220","862.0000","42.4562","24.9906","34.0062","39.1250","3.0000","0.5240","0.8667","-0.8824","0.2323","-2.8480","7.8577","100.0000","0.0000","11051.7002","6553.5000","701.5490","0.0000","66.6900","66.6400","0.0000","72.0000","701.5574","14.0744","-1.0000","950.5049","0.0349","-0.0051","3.1329","0.8010","100.0000","12.0000","2.5500","0.0000","655.6738"
"53.250","63.5743","13","0.9166","0.5062","0.4866","-21.5087","30.1048","10.2333","13.4000","0.1600","33.6098","45.50303454","-75.54414356","21.0938","12.4178","862.0000","42.3969","22.0859","30.4000","38.7188","3.0000","0.3421","0.7970","-0.9664","0.2344","-2.4284","11.3551","100.0000","33.7838","11185.2998","6553.5000","702.6730","0.0000","67.6400","68.3550","0.0000","72.0000","702.6758","14.0700","-1.0000","950.5049","0.0400","-0.0030","3.1581","0.7888","100.0000","12.0000","2.5500","0.0000","656.5525"
"53.300","64.0833","13","0.8964","0.4791","0.5034","-20.0088","29.0492","10.2564","13.4000","0.1600","35.1100","45.50304241","-75.54414684","21.0938","12.4136","861.5000","40.0687","21.6406","30.0562","35.2938","3.0000","0.5342","0.7432","-1.2318","-0.4480","-1.1096","14.7617","100.0000","100.0000","11258.0781","6553.5000","703.7230","0.0000","68.9200","68.1800","0.0000","72.0000","703.7364","14.0144","-1.0000","950.5049","0.0400","-0.0086","3.3675","0.7866","100.0000","12.0000","2.5500","0.0000","657.4399"
"53.350","64.6294","13","0.8711","0.4535","0.5190","-18.5563","27.8415","10.2793","13.4000","0.1600","36.9452","45.50305032","-75.54415010","21.0938","12.4094","861.6500","38.9094","21.9609","31.1422","32.7781","3.0000","0.7336","0.5752","-1.1279","-0.8858","-0.6355","16.4414","100.0000","100.2667","11304.9551","6553.5000","704.9160","0.0000","69.0900","68.8600","0.0000","72.0000","704.9480","14.0000","-1.0000","950.5049","0.0523","-0.0182","3.3496","0.7987","100.0000","12.0000","2.5500","0.0000","658.3349"
"53.400","65.5091","13","0.7993","0.4416","0.5244","-17.5314","25.2647","10.3005","13.4000","0.1600","41.2675","45.50305847","-75.54415324","21.0938","12.4052","861.9000","40.4500","22.0031","32.7375","35.8563","3.0000","0.6338","0.4367","-0.8437","-0.4221","-1.3747","16.8406","100.0000","113.6000","11342.7334","6553.5000","706.5160","0.0000","68.9700","68.8000","0.0000","72.0000","706.5480","14.0000","-1.0000","950.5049","0.0690","-0.0293","3.2519","0.8160","100.0000","12.0000","2.5500","0.0000","659.2396"
"53.450","66.3617","13","0.7319","0.4298","0.5295","-16.5036","22.8364","10.3213","13.4000","0.1600","46.2498","45.50306663","-75.54415633","21.0938","12.4010","861.5000","42.6750","21.4562","32.1625","39.4188","3.0000","0.6205","0.4004","-0.9154","0.1466","-1.8907","17.3508","100.0000","126.9333","11571.1221","6553.5000","708.0510","0.0000","70.1600","69.3350","0.0000","71.8614","708.0743","14.0000","-1.0000","950.5049","0.0596","-0.0248","3.2784","0.8139","100.0000","11.9861","2.5500","0.0000","660.1573"
"53.500","66.9701","13","0.7045","0.4176","0.5319","-15.4501","21.7455","10.3380","13.4000","0.1600","49.0154","45.50307495","-75.54415902","21.0938","12.3968","861.9000","41.9313","20.8312","32.1312","38.0625","3.0000","0.3361","0.5507","-0.9104","0.0254","-1.6821","17.7859","100.0000","151.3889","11779.5557","6553.5000","709.4010","0.0000","71.2600","70.9800","0.0000","71.3663","709.4109","14.0078","-1.0000","950.5049","0.0508","-0.0185","3.3135","0.8096","100.0000","11.9366","2.5500","0.0000","661.0845"
"53.550","67.5967","13","0.6735","0.4079","0.5342","-14.4220","20.5507","10.3541","13.4000","0.1600","52.3504","45.50308330","-75.54416169","21.0938","12.3927","861.6500","40.0094","21.2188","33.9125","33.2313","3.0000","0.4186","0.6453","-0.6208","-0.8313","-1.6961","17.2148","100.0000","156.5385","11790.6670","6553.5000","710.8119","0.0000","71.8100","71.7450","0.0000","71.0000","710.8160","14.0633","-1.0000","950.5049","0.0563","-0.0075","3.3530","0.7996","100.0000","11.9000","2.5500","0.0000","662.0200"
"53.600","68.3863","13","0.6094","0.4213","0.5355","-13.6229","18.4210","10.3656","13.4000","0.1600","59.0849","45.50309193","-75.54416422","21.0938","12.3885","862.0000","40.8438","21.4406","33.2125","34.8187","3.0000","0.8676","0.7154","-1.1002","-1.9956","-2.0030","15.8530","100.0000","100.5291","11847.4893","6553.5000","712.3961","0.0000","72.4300","74.5400","0.0000","71.0000","712.4160","14.1000","-1.0000","950.5049","0.0584","-0.0032","3.3799","0.7972","100.0000","11.9000","2.5500","0.0000","662.9651"
"53.650","69.1771","13","0.5416","0.4332","0.5356","-12.8275","16.1869","10.3762","13.3950","0.1600","68.0174","45.50310057","-75.54416673","21.0938","12.3843","861.6500","41.9031","20.6000","32.6594","37.9969","3.0000","1.1410","0.5307","-1.3543","-2.6377","-2.0034","14.0273","100.0000","126.9841","11993.0449","6553.5000","714.0560","0.0000","73.0150","72.5500","0.0000","71.0000","714.0941","14.1000","-1.0000","950.5049","0.0534","-0.0132","3.3827","0.8094","100.0000","11.9000","2.5500","0.0000","663.9224"
"53.700","69.9798","13","0.4393","0.4318","0.5263","-12.0666","13.0133","10.3796","13.3450","0.1600","85.5864","45.50310940","-75.54416905","21.0938","12.3801","861.9000","40.0500","19.7781","31.3844","37.5875","3.0000","0.7938","0.3120","-1.2298","-2.1348","-1.4307","10.5781","100.0000","153.4392","12104.0996","6553.5000","715.9561","0.0000","72.9231","72.8308","0.0000","71.0000","715.9940","14.1000","-1.0000","950.5049","0.0516","-0.0184","3.2871","0.8156","100.0000","11.9000","2.5500","0.0000","664.8903"
"53.750","70.7820","13","0.3315","0.4297","0.5175","-11.3769","9.6969","10.3842","13.3000","0.1600","116.1743","45.50311824","-75.54417139","21.0938","12.3759","862.0000","38.4813","18.8547","31.5016","36.5125","3.0000","0.2081","0.1094","-0.7909","-0.4311","-0.5481","4.7754","100.0000","152.4390","12185.7666","6553.5000","717.6667","0.0000","73.9512","73.8805","0.0000","71.0000","717.6889","14.1000","-1.0000","950.5049","0.0566","-0.0134","3.1077","0.8167","100.0000","11.9000","2.5500","0.0000","665.8689"
"53.800","71.5787","13","0.1745","0.4223","0.5141","-11.3276","5.0945","10.4001","13.3000","0.1600","223.6142","45.50312721","-75.54417383","21.0938","12.3717","862.0000","35.7562","16.6688","32.8250","38.1437","3.0000","0.1443","-0.1954","-0.9119","1.1270","0.0404","-2.2520","100.0000","123.9837","12280.5889","6553.5000","718.7778","0.0000","74.6400","75.1000","0.0000","71.0000","718.8000","14.1000","-1.0000","950.5049","0.0616","-0.0100","3.1490","0.8145","100.0000","11.9000","2.5500","0.0000","666.8582"
"53.850","72.3509","13","0.0188","0.4121","0.5111","-11.3449","0.5448","10.4160","13.3000","0.1600","2113.6716","45.50313619","-75.54417633","21.0938","12.3675","862.0000","34.7156","16.6250","35.1469","38.9719","3.0000","0.5092","-0.5410","-0.9742","1.9185","-0.0253","-8.7656","100.0000","118.6850","12380.0332","6553.5000","720.0811","0.0000","75.2800","75.4150","0.0000","71.0000","720.1180","14.1000","-1.0000","950.5049","0.0667","-0.0100","3.2679","0.8112","100.0000","11.9000","2.5500","0.0000","667.8596"
"53.900","72.9018","13","-0.1262","0.3772","0.5132","-11.9609","-3.5314","10.4318","13.3000","0.1600","328.5545","45.50314522","-75.54417929","21.0938","12.3633","861.5000","35.1875","16.2031","37.2812","41.2438","3.0000","0.5032","-0.6462","-0.9613","1.6621","-0.3809","-13.8047","100.0000","117.1560","12537.4443","6553.5000","721.9310","0.0000","76.6615","76.3692","0.0000","71.0000","721.9680","14.1000","-1.0000","950.5049","0.0643","-0.0138","3.2943","0.8126","100.0000","11.9000","2.5500","0.0000","668.8693"
"53.950","73.4437","13","-0.2711","0.3459","0.5160","-12.6022","-7.5905","10.4476","13.3000","0.1605","153.9948","45.50315426","-75.54418231","21.0938","12.3591","861.6500","36.5344","15.7852","37.5000","42.6219","3.0000","0.2521","-0.6758","-0.9625","0.6550","-0.2390","-16.9688","100.0000","116.6667","12681.5225","6553.5000","723.8590","0.0000","75.9195","77.3683","0.0000","71.0000","723.9020","14.1000","5.1600","950.5049","0.0477","-0.0249","3.3175","0.8131","100.0000","11.9000","2.5500","0.0000","669.8863"
"54.000","73.9036","13","-0.4147","0.3464","0.5260","-13.4706","-11.4948","10.4633","13.3000","0.1655","102.3252","45.50316329","-75.54418579","21.0938","12.3549","862.0000","35.4250","14.2016","37.5125","42.4250","3.0000","0.0755","-0.7228","-1.0420","-0.1775","0.4211","-18.3281","100.0000","116.6667","12720.9668","6553.5000","726.0090","0.0000","77.0300","77.6600","0.0000","71.0000","726.0520","14.1000","27.1600","950.5049","0.0430","-0.0240","3.3570","0.8064","100.0000","11.9000","2.5500","0.0000","670.9099"
"54.050","74.3773","13","-0.5524","0.3449","0.5362","-14.3376","-15.2237","10.4794","13.3000","0.1700","77.7570","45.50317234","-75.54418932","21.0938","12.3508","861.6500","33.9000","13.8992","37.7062","40.4344","3.0000","0.5658","-0.7506","-1.1407","-0.8323","0.8537","-18.2344","100.0000","119.2440","12763.6221","6553.5000","727.9120","0.0000","77.1950","78.0950","0.0000","71.0000","727.9360","14.1189","43.0000","950.5049","0.0486","-0.0129","3.3373","0.7995","100.0000","11.9000","2.5500","0.0000","671.9409"
"54.100","74.9748","13","-0.6360","0.3258","0.5489","-15.1920","-17.3731","10.5003","13.3000","0.1700","68.6845","45.50318145","-75.54419319","21.0938","12.3466","861.9000","34.2313","13.8016","35.4625","40.6688","3.0000","0.7018","-0.6934","-0.9762","-2.2225","1.1326","-17.1219","100.0000","123.5395","12812.5107","6553.5000","729.1120","0.0000","77.6000","77.6000","0.0000","71.0000","729.1360","14.1744","43.0000","950.5049","0.0336","-0.0223","3.2028","0.7923","100.0000","11.9000","2.5500","0.0000","672.9791"
"54.150","75.5671","13","-0.7161","0.3079","0.5598","-16.0560","-19.4237","10.5211","13.3000","0.1695","61.9184","45.50319057","-75.54419713","21.0938","12.3424","861.6500","34.7969","13.8297","36.5094","41.1312","3.0000","0.7149","-0.6563","-0.9759","-3.7545","0.9659","-15.5539","100.0000","125.0000","12894.7002","6553.5000","730.4634","0.0000","78.0850","79.2700","0.0000","71.0000","730.4990","14.2000","43.0000","950.5049","0.0113","-0.0390","3.1386","0.7920","100.0000","11.9000","2.5500","0.0000","674.0253"
"54.200","76.1122","13","-0.7645","0.3006","0.5556","-17.0066","-20.5862","10.5410","13.3000","0.1645","58.8435","45.50319969","-75.54420159","21.0938","12.3382","861.1000","35.1625","14.8281","37.9688","41.4188","3.0000","0.4725","-0.8398","-0.8947","-4.7766","-0.0977","-14.3531","100.0000","125.0000","13005.2559","6553.5000","732.2455","0.0000","78.0800","78.2100","0.0000","71.0000","732.2812","14.2000","43.0000","950.5049","0.0100","-0.0243","3.1342","0.7976","100.0000","11.9000","2.5500","0.0000","675.0791"
"54.250","76.6610","13","-0.8077","0.2923","0.5514","-17.9483","-21.6088","10.5606","13.2950","0.1595","56.4631","45.50320882","-75.54420610","21.0938","12.3349","862.0000","37.7562","19.0328","40.6469","43.5344","3.0000","0.0835","-0.8530","-0.9058","-4.5500","-1.3068","-14.5086","100.0000","88.0102","13107.1777","6553.5000","734.0121","0.0000","79.7350","80.0300","0.0000","71.0000","734.0465","14.2000","43.0000","950.5049","0.0123","-0.0123","3.1013","0.7945","100.0000","11.9000","2.5500","0.0000","676.1414"
"54.300","77.2438","13","-0.8040","0.2761","0.5478","-18.8104","-21.3726","10.5786","13.2450","0.1545","57.5211","45.50321796","-75.54421095","21.0938","12.3326","861.9000","40.0812","14.7359","33.9938","47.9813","3.0000","0.0924","-0.8630","-1.0378","-2.2930","-0.8852","-17.3969","100.0000","24.2347","13206.0664","6553.5000","735.7293","0.0000","78.6000","80.5000","0.0000","71.0000","735.7637","14.2000","43.0000","950.5049","0.0290","-0.0290","3.0586","0.7884","100.0000","11.9000","2.5500","0.0000","677.2113"
"54.350","77.7708","13","-0.8017","0.2580","0.5473","-19.7359","-21.1723","10.5987","13.2000","0.1500","58.4614","45.50322708","-75.54421588","21.0938","12.3303","861.6500","30.5766","12.0789","33.8531","41.9813","3.0000","0.1412","-0.9724","-1.1841","0.7746","0.7312","-21.6187","100.0000","0.0000","13243.3330","6553.5000","736.8050","0.0000","79.7550","82.3450","0.0000","71.0000","736.7900","14.2000","43.0000","950.5049","0.0400","-0.0362","3.0926","0.7880","100.0000","11.8300","2.5500","0.0000","678.2881"
"54.400","77.7958","13","-0.8109","0.2231","0.5758","-21.2313","-21.2952","10.6383","13.2000","0.1500","58.1427","45.50323596","-75.54422151","21.0938","12.3280","862.1000","29.2531","11.7000","38.7750","40.2062","3.0000","0.1880","-0.9552","-1.3188","2.1371","1.1436","-23.9281","100.0000","0.0000","13199.6670","6553.5000","736.0550","0.0000","81.0900","80.5200","0.0000","71.0000","736.0400","14.2000","43.0000","950.5049","0.0400","-0.0251","3.1344","0.7916","100.0000","11.5800","2.5500","0.0000","679.3681"
"54.450","77.8566","13","-0.8221","0.1869","0.6026","-22.6830","-21.4704","10.6772","13.2000","0.1500","57.7133","45.50324484","-75.54422719","21.0938","12.3258","861.6500","34.5906","12.5680","37.1781","44.8063","3.1200","0.0562","-0.8704","-0.9962","1.4192","-0.2137","-23.3547","100.0000","49.5413","12683.0000","6553.5000","733.3810","0.0000","78.6650","78.8200","0.0000","71.0000","733.2180","14.2000","43.0000","950.5049","0.0400","-0.0140","3.1944","0.8171","100.0000","11.4000","2.5500","0.0000","680.4493"
"54.500","78.2410","13","-0.8503","0.1390","0.6152","-23.7411","-22.1171","10.7105","13.2000","0.1500","56.3023","45.50325371","-75.54423327","21.0938","12.3235","862.0000","40.2313","13.9734","34.3625","47.1500","4.0000","-0.0084","-0.7326","-0.9492","0.5133","-1.5961","-21.1500","100.0000","141.2844","12104.7559","6553.5000","725.2310","0.0000","82.5231","79.8923","0.0000","71.0000","725.0680","14.2000","43.0000","950.5049","0.0400","-0.0029","3.2213","0.8410","100.0000","11.4000","2.5500","0.0000","681.5341"
"54.550","78.5840","13","-0.8771","0.0938","0.6255","-24.7905","-22.7328","10.7422","13.2000","0.1500","55.0175","45.50326257","-75.54423939","21.0938","12.3212","861.8500","39.6844","14.5289","34.7531","47.1562","4.0000","0.1887","-0.4487","-1.1375","0.7400","-1.7722","-18.9984","100.0000","178.0488","11406.9775","6553.5000","718.1703","0.0000","79.6854","79.3951","0.0000","71.0000","718.0911","14.2000","43.0000","950.5049","0.0688","0.0000","3.1841","0.8615","100.0000","11.4693","2.5500","0.0000","682.6232"
"54.600","78.5551","13","-0.8917","0.0734","0.6153","-25.7604","-23.0695","10.7590","13.2000","0.1500","54.1946","45.50327121","-75.54424589","21.0938","12.3189","861.5000","36.8625","13.7312","33.4125","45.9375","4.0000","0.3017","-0.4874","-1.2337","1.5254","-1.0916","-17.7406","100.0000","117.0732","11341.2998","6553.5000","714.2099","0.0000","76.5300","80.2800","0.0000","71.0000","714.1307","14.2300","43.0000","950.5049","0.1077","0.0000","3.1865","0.8641","100.0000","11.7168","2.5500","0.0000","683.7142"
"54.650","78.5067","13","-0.9035","0.0571","0.6080","-26.7472","-23.3352","10.7770","13.2000","0.1505","53.5444","45.50327982","-75.54425244","21.0938","12.3166","862.0000","34.4656","11.6508","34.4562","44.7125","4.0000","0.0540","-0.7667","-1.1685","1.8329","-0.2847","-17.3766","100.0000","100.0000","11814.0781","6553.5000","711.7640","0.0000","79.0300","79.1400","0.0000","71.0000","711.8172","14.2856","43.0000","950.5049","0.0630","-0.0209","3.2226","0.8513","100.0000","11.8869","2.5500","0.0000","684.8047"
"54.700","78.2817","13","-0.8898","0.0787","0.6277","-27.8852","-22.9618","10.8051","13.2000","0.1555","54.2593","45.50328823","-75.54425942","21.0938","12.3143","861.6000","34.1813","11.6594","35.4562","43.7812","4.0000","-0.0085","-0.9277","-0.9836","1.6256","0.6892","-18.1344","100.0000","80.9859","11928.7773","6553.5000","714.1140","0.0000","82.8800","81.9000","0.0000","71.0000","714.1909","14.3000","43.0000","950.5049","0.0169","-0.0416","3.3019","0.8451","100.0000","11.8364","2.5500","0.0000","685.8931"
"54.750","78.1469","13","-0.8749","0.1029","0.6463","-29.0305","-22.5583","10.8330","13.2000","0.1600","55.1346","45.50329663","-75.54426649","21.0938","12.3120","862.1500","35.3000","14.0813","36.3719","43.0969","4.0000","0.0899","-0.8919","-0.8048","1.7539","1.7960","-19.5688","100.0000","54.5775","11917.6670","6553.5000","716.5788","0.0000","81.8450","83.6350","0.0000","71.0000","716.6840","14.3000","43.0000","950.5049","-0.0053","-0.0527","3.3963","0.8412","100.0000","11.8000","2.5500","0.0000","686.9800"
"54.800","78.8228","13","-0.8503","0.1513","0.6546","-30.2412","-21.8842","10.8573","13.2000","0.1600","57.3246","45.50330501","-75.54427426","21.0938","12.3098","862.0000","34.5812","15.4797","37.5625","42.9813","4.0000","0.0829","-0.8319","-0.5709","2.3383","2.3187","-20.0938","100.0000","28.1690","11979.1445","6553.5000","719.4071","0.0000","83.7700","83.2800","0.0000","71.0000","719.4840","14.2478","43.0000","950.5049","-0.0124","-0.0506","3.3179","0.8238","100.0000","11.8000","2.5500","0.0000","688.0712"
"54.850","79.4958","13","-0.8229","0.2009","0.6615","-31.4180","-21.1368","10.8797","13.1950","0.1595","59.8584","45.50331340","-75.54428207","21.0938","12.3075","862.0000","34.3125","15.5797","37.1125","42.6625","4.0000","0.0160","-0.8082","-0.7090","2.5398","2.0290","-19.2094","100.0000","25.0000","12037.2441","6553.5000","722.0460","0.0000","82.4250","83.5200","0.0000","71.0000","722.0880","14.2078","43.0000","950.5049","0.0098","-0.0228","3.2344","0.8078","100.0000","11.8000","2.5500","0.0000","689.1722"
"54.900","80.1423","13","-0.7711","0.2610","0.6560","-32.2901","-19.7299","10.8848","13.1450","0.1545","64.6482","45.50332182","-75.54429019","21.0938","12.3052","862.0000","34.3937","15.3016","36.6500","42.2938","4.0000","0.2116","-0.7777","-0.6555","1.9815","1.0425","-16.5484","100.0000","14.8515","12046.1338","6553.5000","724.1460","0.0000","83.3000","83.9400","0.0000","71.0000","724.1880","14.2633","43.0000","950.5049","0.0140","-0.0160","3.1872","0.8067","100.0000","11.8000","2.5500","0.0000","690.2821"
"54.950","80.7840","13","-0.7216","0.3187","0.6535","-33.1624","-18.3795","10.8936","13.1000","0.1500","69.9541","45.50333024","-75.54429835","21.0938","12.3029","861.6500","35.1719","15.4398","36.6031","41.9906","4.0000","0.2689","-0.6710","-0.6141","0.9252","-0.0170","-12.8273","100.0000","2.4752","12065.5996","6553.5000","726.2460","0.0000","83.8450","83.7850","0.0000","71.0000","726.2880","14.3000","43.0000","950.5049","0.0029","-0.0271","3.1857","0.8100","100.0000","11.8000","2.5500","0.0000","691.4005"
"55.000","81.3831","13","-0.6930","0.3538","0.6777","-34.0365","-17.5365","10.9349","13.1000","0.1500","73.8604","45.50333859","-75.54430697","21.0938","12.3006","862.0000","37.1312","15.2719","34.9188","42.5438","4.0000","0.0227","-0.4505","-0.9407","0.0205","-0.5532","-9.0578","100.0000","0.0000","12105.5996","6553.5000","728.3460","0.0000","84.1800","85.0400","0.0000","71.0000","728.3880","14.3000","43.0000","950.5049","0.0000","-0.0136","3.2729","0.8216","100.0000","11.8000","2.5500","0.0000","692.5272"
"55.050","81.9906","13","-0.6574","0.3873","0.6997","-34.8820","-16.5214","10.9739","13.1000","0.1500","78.9838","45.50334695","-75.54431561","21.0938","12.2983","861.5000","35.4219","16.2516","34.6188","41.3281","4.0000","0.2126","-0.3851","-1.0492","-0.1467","-0.8825","-5.9225","100.0000","0.0000","12157.2998","6553.5000","730.2476","0.0000","84.2800","84.0900","0.0000","71.0000","730.2780","14.3000","43.0000","950.5049","0.0000","0.0087","3.2038","0.8246","100.0000","11.8000","2.5500","0.0000","693.6632"
"55.100","82.6737","13","-0.5592","0.4065","0.7019","-35.4702","-13.9569","10.9927","13.1000","0.1500","94.2757","45.50335538","-75.54432455","21.0938","12.2960","862.0000","35.9125","16.9688","32.9062","40.9750","4.0000","0.1708","-0.2181","-0.8330","0.3138","-1.3316","-3.7475","100.0000","0.0000","12218.9668","6553.5000","731.5842","0.0000","85.4600","85.0600","0.0000","71.0000","731.6281","14.3000","43.0000","950.5049","0.0052","-0.0004","3.0016","0.8202","100.0000","11.8000","2.5500","0.0000","694.8081"
"55.150","83.3441","13","-0.4624","0.4197","0.7018","-36.0189","-11.4319","11.0099","13.1000","0.1500","116.0318","45.50336382","-75.54433350","21.0938","12.2938","862.0000","36.5375","17.0000","31.7313","41.4250","4.0000","0.1292","-0.1797","-0.9195","1.0570","-1.5861","-2.5403","100.0000","0.0000","12315.1670","6553.5000","732.9879","0.0000","85.4750","85.5250","0.0000","71.0000","733.0480","14.3000","43.0000","950.5049","0.0092","-0.0108","3.0982","0.8104","100.0000","11.8000","2.5500","0.0000","695.9618"
"55.200","83.9001","13","-0.3774","0.3792","0.6806","-36.2125","-9.2626","11.0131","13.1000","0.1500","144.1614","45.50337232","-75.54434251","21.0938","12.2915","861.6000","36.0062","16.4531","32.0125","41.1312","4.0000","0.3048","-0.2238","-0.9671","1.4086","-1.4399","-2.1015","100.0000","0.0000","12423.5000","6553.5000","734.6041","0.0000","85.4200","84.5800","0.0000","71.0000","734.6480","14.3000","43.0000","950.5049","0.0037","-0.0163","3.2999","0.7987","100.0000","11.8000","2.5500","0.0000","697.1236"
"55.250","84.4460","13","-0.2946","0.3380","0.6610","-36.4191","-7.1558","11.0164","13.1000","0.1500","187.8191","45.50338083","-75.54435155","21.0938","12.2892","862.0000","36.0719","16.2203","32.3187","40.5250","4.0000","0.4499","-0.1779","-0.8627","1.1021","-1.0811","-2.2969","100.0000","0.0000","12500.5000","6553.5000","736.1250","0.0000","85.7050","86.3750","0.0000","71.0000","736.1500","14.3000","43.0000","950.5049","0.0000","-0.0162","3.2582","0.7985","100.0000","11.8000","2.5500","0.0000","698.2940"
"55.300","84.9002","13","-0.2323","0.2910","0.6564","-36.7416","-5.6113","11.0195","13.1000","0.1500","240.8069","45.50338934","-75.54436083","21.0938","12.2876","861.5000","36.2875","16.1250","33.2687","40.5625","4.0000","0.5108","-0.1872","-0.8643","0.4375","-0.9727","-2.6992","100.0000","0.0000","12567.0996","6553.5000","737.3750","0.0000","86.6800","86.8800","0.0000","71.0000","737.4000","14.3000","43.0000","950.5049","0.0000","-0.0051","3.2148","0.7986","100.0000","11.8000","2.5500","0.0000","699.4709"
"55.350","85.3517","13","-0.1692","0.2487","0.6508","-37.0420","-4.0525","11.0226","13.1000","0.1500","335.2076","45.50339786","-75.54437011","21.0938","12.2869","862.0000","37.0000","16.4422","34.6937","40.3688","4.0000","0.4040","-0.2374","-0.7476","-0.1974","-1.4854","-2.6436","100.0000","0.0000","12582.0996","6553.5000","738.6900","0.0000","88.9000","86.5750","0.0000","71.0000","738.7200","14.3000","43.0000","950.5049","-0.0060","-0.0060","3.2565","0.7958","100.0000","11.8000","2.5500","0.0000","700.6538"
"55.400","85.7787","13","-0.0990","0.2493","0.6356","-37.1430","-2.3656","11.0250","13.1000","0.1500","577.1040","45.50340643","-75.54437944","21.0938","12.2861","861.6000","38.0312","16.9250","32.5938","41.3375","4.0000","0.3599","-0.0922","-0.7955","-0.1930","-1.9395","-1.6406","100.0000","0.0000","12624.2998","6553.5000","740.1900","0.0000","87.7900","87.3800","0.0000","71.0000","740.2200","14.3000","43.0000","950.5049","-0.0171","-0.0171","3.2166","0.7946","100.0000","11.8000","2.5500","0.0000","701.8425"
"55.450","86.2082","13","-0.0266","0.2486","0.6185","-37.2202","-0.6321","11.0265","13.0950","0.1500","2170.4485","45.50341503","-75.54438876","21.0938","12.2853","862.0000","38.0094","16.8047","29.4719","40.8500","4.0000","0.2333","-0.0575","-0.8266","0.4572","-1.2354","0.2659","100.0000","0.0000","12719.2998","6553.5000","741.7550","0.0000","88.1200","89.3850","0.0000","71.0000","741.7900","14.3000","43.0000","950.5049","-0.0036","-0.0159","3.0182","0.7962","100.0000","11.8000","2.5500","0.0000","703.0380"
"55.500","86.6594","13","0.0650","0.2359","0.5833","-37.0824","1.5211","11.0189","13.0450","0.1500","906.7265","45.50342376","-75.54439802","21.0938","12.2846","862.0000","35.5250","16.2938","27.2969","37.4688","4.0000","-0.0043","0.0764","-1.0834","1.0537","0.3394","2.5586","100.0000","32.0000","12808.2998","6553.5000","743.5050","0.0000","89.1400","88.3600","0.0000","71.0000","743.5400","14.3300","43.0000","950.5049","0.0187","-0.0103","3.0299","0.7988","100.0000","11.8000","2.5500","0.0000","704.2393"
"55.550","87.1003","13","0.1532","0.2244","0.5529","-36.9237","3.5910","11.0140","13.0000","0.1500","386.0327","45.50343252","-75.54440727","21.0938","12.2838","861.6500","34.9281","15.8430","25.9188","35.6594","4.0000","-0.0697","0.2232","-1.2153","1.3066","1.8755","4.9141","100.0000","34.0000","12892.1885","6553.5000","745.1640","0.0000","89.0450","87.7950","0.0000","71.0000","745.1920","14.3856","41.1800","950.5049","0.0200","-0.0152","3.2205","0.8021","100.0000","11.8000","2.5500","0.0000","705.4465"
"55.600","87.4483","13","0.2106","0.2246","0.5649","-36.5772","4.9107","11.0332","13.0000","0.1500","283.4196","45.50344146","-75.54441640","21.0938","12.2831","862.0000","35.6500","16.1688","27.4406","35.1375","4.0000","0.2473","0.2568","-1.0994","1.5742","2.5605","6.8594","100.0000","9.0000","12930.4443","6553.5000","746.5640","0.0000","89.3700","88.9800","0.0000","71.0000","746.5920","14.4000","34.6800","950.5049","0.0184","-0.0223","3.2412","0.7977","100.0000","11.8000","2.5500","0.0000","706.6589"
"55.650","87.7969","13","0.2671","0.2250","0.5770","-36.2059","6.2055","11.0529","13.0000","0.1500","225.1770","45.50345042","-75.54442552","21.0938","12.2823","862.0000","37.3375","17.1250","30.0719","35.8937","4.0000","0.0019","0.3659","-1.2344","1.9593","2.2498","7.8300","100.0000","0.0000","12952.6670","6553.5000","748.0031","0.0000","90.0000","89.7000","0.0000","71.0000","748.0341","14.4000","25.6600","950.5049","0.0073","-0.0390","3.2023","0.7904","100.0000","11.8000","2.5500","0.0000","707.8768"
"55.700","88.1515","13","0.3147","0.2269","0.5913","-35.6108","7.2764","11.0781","13.0000","0.1500","192.8121","45.50345963","-75.54443447","21.0938","12.2815","862.0000","39.1750","19.0938","32.1250","37.8875","4.0000","-0.1375","0.3726","-1.2170","2.6162","0.9433","8.3242","100.0000","0.0000","12999.4336","6553.5000","749.5530","0.0000","89.2800","89.8800","0.0000","71.0000","749.5840","14.4000","10.1600","950.5049","0.0038","-0.0424","3.2872","0.7890","100.0000","11.8000","2.5500","0.0000","709.0992"
"55.750","88.5279","13","0.3604","0.2280","0.6012","-35.0310","8.2986","11.1002","13.0000","0.1505","169.7834","45.50346885","-75.54444341","21.0938","12.2808","862.0000","39.7875","20.2641","34.4375","39.9375","4.0000","0.0135","0.2881","-0.9806","3.1437","-1.1796","7.7484","100.0000","0.0000","13047.8447","6553.5000","751.1160","0.0000","89.9050","90.7650","0.0000","71.0000","751.1480","14.4000","-1.0000","950.5049","0.0149","-0.0202","3.3684","0.7888","100.0000","11.8000","2.5500","0.0000","710.3270"
"55.800","89.1012","13","0.3876","0.2223","0.5713","-34.5879","8.8827","11.0945","13.0000","0.1555","159.6458","45.50347821","-75.54445224","21.0938","12.2800","862.0000","41.1375","21.1344","34.8563","41.1750","4.0000","0.1676","0.1744","-0.8793","2.9658","-2.9428","6.1832","100.0000","0.0000","13096.7334","6553.5000","752.7160","0.0000","91.3100","91.3800","0.0000","71.0000","752.7480","14.4000","-1.0000","950.5049","0.0140","-0.0040","3.3784","0.7943","100.0000","11.8000","2.5500","0.0000","711.5611"
"55.850","89.6426","13","0.4084","0.2168","0.5421","-34.1744","9.3222","11.0897","13.0000","0.1600","153.0437","45.50348757","-75.54446109","21.0938","12.2793","861.6500","40.6688","17.8406","30.9906","41.6500","4.0000","0.0923","0.0603","-0.9855","1.8488","-2.8812","4.5312","100.0000","0.0000","13139.5781","6553.5000","754.4590","0.0000","91.7150","91.5750","0.0000","71.0000","754.5020","14.4000","-1.0000","950.5049","0.0029","0.0071","3.3782","0.7944","100.0000","11.8000","2.5500","0.0000","712.8036"
"55.900","89.8969","13","0.3721","0.2119","0.5200","-34.0263","8.4600","11.0936","13.0000","0.1600","169.1208","45.50349697","-75.54447000","21.0938","12.2785","861.6000","37.4562","14.8625","27.7563","37.8563","4.0000","0.0657","0.0450","-1.1168","0.7512","-0.7179","3.9561","100.0000","0.0000","13170.6885","6553.5000","756.6090","0.0000","91.6400","91.2600","0.0000","71.0000","756.6520","14.4000","-1.0000","950.5049","0.0164","-0.0023","3.3582","0.7839","100.0000","11.8000","2.5500","0.0000","714.0509"
"55.950","90.1355","13","0.3367","0.2059","0.5044","-33.8479","7.6191","11.1012","13.0000","0.1600","188.2833","45.50350639","-75.54447889","21.0938","12.2777","861.6500","34.1875","13.1641","24.3031","35.1781","4.0000","0.1352","0.0783","-1.2070","0.0827","2.5791","4.9867","100.0000","56.8421","13238.4004","6553.5000","758.5770","0.0000","92.3900","91.5300","0.0000","71.0000","758.6020","14.4000","-1.0000","950.5049","0.0387","-0.0190","3.3283","0.7778","100.0000","11.8000","2.5500","0.0000","715.3013"
"56.000","90.2318","13","0.3092","0.1909","0.5466","-33.3974","6.9710","11.1414","13.0000","0.1600","206.0092","45.50351597","-75.54448751","21.0938","12.2770","862.0000","32.8500","13.1141","25.3312","32.2812","4.0000","0.4341","0.2776","-1.5930","-0.9441","4.9250","6.6332","100.0000","162.1053","13337.2891","6553.5000","760.0270","0.0000","92.6400","91.8800","0.0000","71.0000","760.0377","14.4000","-1.0000","950.5049","0.1183","-0.0043","3.2900","0.7756","100.0000","11.8000","2.5500","0.0000","716.5539"
"56.050","90.3747","13","0.2850","0.1758","0.5863","-32.9641","6.3978","11.1805","13.0000","0.1600","224.8215","45.50352557","-75.54449614","21.0938","12.2762","861.5000","34.3063","13.2312","33.1797","30.8719","4.0000","0.6309","0.3305","-1.3679","-2.4820","3.6680","7.1154","100.0000","200.0000","13354.7773","6553.5000","761.5681","0.0000","92.8600","93.1250","0.0000","71.0000","761.5728","14.4000","-1.0000","950.5049","0.1900","0.0092","3.2862","0.7705","100.0000","11.8000","2.5500","0.0000","717.8086"
"56.100","90.9361","13","0.2905","0.1597","0.6034","-32.6852","6.4991","11.2089","13.0000","0.1600","222.6920","45.50353532","-75.54450482","21.0938","12.2754","862.0000","37.9750","21.6781","41.7812","37.4500","4.0000","0.3748","0.2495","-0.6321","-4.2730","-1.0908","6.7031","100.0000","139.1000","13343.6670","6553.5000","763.3680","0.0000","93.3800","92.3600","0.0000","71.0000","763.3909","14.4000","-1.0000","950.5049","0.1900","0.0037","3.2945","0.7644","100.0000","11.8000","2.5500","0.0000","719.0688"
"56.150","91.4605","13","0.2989","0.1439","0.6139","-32.3987","6.6644","11.2327","13.0000","0.1600","218.4196","45.50354507","-75.54451347","21.0938","12.2747","862.0000","51.0563","22.1609","38.2656","49.8875","4.0000","0.0872","0.4277","-0.6635","-6.1586","-6.5527","6.9492","100.0000","95.0000","13719.0000","6553.5000","765.0510","0.0000","94.7500","96.4700","0.0000","71.0000","765.0780","14.4000","-1.0000","950.5049","0.1862","0.0019","3.1258","0.7619","99.6867","11.8000","2.5500","0.0000","720.3358"
"56.200","91.6523","13","0.3332","0.1318","0.5640","-32.0440","7.4061","11.2142","13.0000","0.1600","196.9579","45.50355481","-75.54452192","21.0938","12.2739","861.5000","50.6375","18.1781","33.9750","50.1875","4.0000","-0.1390","0.6134","-0.9536","-7.7219","-7.9484","8.8875","100.0000","96.5104","14016.6445","6553.5000","766.4010","0.0000","93.8800","92.4900","0.0000","71.0000","766.4280","14.4000","-1.0000","950.5049","0.1751","0.0074","2.9912","0.7592","99.1122","11.8000","2.5500","0.0000","721.6074"
"56.250","91.8150","13","0.3690","0.1220","0.5158","-31.6549","8.1828","11.1970","13.0000","0.1600","178.5785","45.50356456","-75.54453032","21.0938","12.2732","862.0000","42.5969","17.1797","28.4406","41.4625","4.0000","-0.1458","0.6666","-0.9608","-8.3539","-4.8756","11.4594","100.0000","99.1146","13685.5332","6553.5000","767.8420","0.0000","93.8400","92.5850","0.0000","71.0000","767.8760","14.4000","-1.0000","950.5049","0.1760","0.0190","3.1357","0.7537","97.0567","11.8000","2.5500","0.0000","722.8818"
"56.300","91.7154","13","0.4193","0.1337","0.4820","-30.9549","9.2750","11.1914","13.0000","0.1600","157.3794","45.50357450","-75.54453835","21.0938","12.2724","861.9000","34.6562","16.9969","25.6719","29.9062","4.0000","0.2216","0.5544","-0.8922","-7.5453","-1.0227","12.6453","100.0000","96.6049","13470.7773","6553.5000","769.5420","0.0000","94.1000","93.9400","0.0000","71.0000","769.5760","14.4000","-1.0000","950.5049","0.1871","0.0357","3.2514","0.7538","95.3978","11.8000","2.5500","0.0000","724.1561"
"56.350","91.6766","13","0.4684","0.1449","0.4511","-30.2640","10.3391","11.1868","13.0000","0.1600","141.1220","45.50358446","-75.54454636","21.0938","12.2735","862.0000","35.2969","17.0328","25.3172","29.8953","4.0000","0.2848","0.5889","-1.0754","-5.4617","0.5579","11.8648","99.9386","94.4444","13481.8887","6553.5000","771.2420","0.0000","92.8250","93.9250","0.0000","71.0000","771.2760","14.4000","-1.0000","950.5049","0.1530","0.0112","3.3114","0.7649","94.5089","11.8000","2.5500","0.0000","725.4302"
"56.400","92.1854","13","0.5066","0.1517","0.4469","-29.6547","11.1508","11.1908","13.0000","0.1600","131.5753","45.50359470","-75.54455419","21.0938","12.2765","862.0000","38.8438","15.8031","28.1688","36.9000","4.0000","-0.0904","0.4142","-1.0740","-3.0719","0.3923","9.8484","99.8106","90.6307","13515.5000","6553.5000","772.9420","0.0000","93.9600","93.8600","0.0000","71.0000","772.9760","14.4000","-1.0000","950.5049","0.1030","-0.0277","3.2700","0.7673","93.9200","11.8000","2.5500","0.0000","726.7077"
"56.450","92.6589","13","0.5445","0.1525","0.4407","-29.0632","11.9536","11.1935","13.0000","0.1600","123.3697","45.50360494","-75.54456202","21.0938","12.2796","862.0000","40.1250","16.2391","32.8641","39.6125","4.0000","-0.0264","0.0704","-0.7012","-1.6997","-0.2366","7.4660","99.6826","84.0553","13568.2773","6553.5000","774.5510","0.0000","94.9550","94.0600","0.0000","71.0000","774.5780","14.4000","-1.0000","950.5049","0.1052","-0.0091","3.1422","0.7623","93.5867","11.8000","2.5500","0.0000","727.9924"
"56.500","92.8149","13","0.5791","0.0985","0.4178","-28.6306","12.6757","11.1846","13.0000","0.1600","116.5376","45.50361522","-75.54456975","21.0938","12.2826","862.0000","40.3250","18.0938","35.3812","40.1625","4.0000","0.1546","0.2573","-0.8077","-2.0316","-1.0812","6.3430","99.5546","125.3303","13350.1338","6553.5000","775.9010","0.0000","94.7200","94.4400","0.0000","71.0000","775.9280","14.4000","-1.0000","950.5049","0.1147","0.0131","3.1456","0.5789","81.7422","11.8000","2.5500","0.0000","729.2808"
"56.550","92.9650","13","0.6175","0.0423","0.3941","-28.1604","13.4801","11.1758","12.9950","0.1600","109.7608","45.50362553","-75.54457742","21.0938","12.2857","861.6500","42.2656","18.2094","31.2547","39.5344","4.0000","0.0043","0.5463","-0.8517","-3.8566","-1.9858","8.5375","99.4267","142.8571","13036.7998","6553.5000","774.9240","0.0000","94.0000","92.3850","0.0000","70.8600","774.7720","14.4000","-1.0000","950.5049","0.1480","0.0353","3.1950","0.3328","65.8533","11.8140","2.5500","0.0000","730.5710"
"56.600","93.0627","13","0.6888","-0.0338","0.3631","-27.3510","15.0250","11.1676","12.9450","0.1600","98.5782","45.50363600","-75.54458457","21.0938","12.2887","862.0000","42.6688","16.0781","25.1688","37.5250","4.0000","-0.0429","0.8334","-0.9185","-5.7242","-2.5617","14.3281","99.2987","108.0476","12773.0781","6553.5000","767.3240","0.0000","94.0900","90.7100","0.0000","70.3600","767.1720","14.4000","-1.0000","950.5049","0.2021","0.0538","3.2732","0.2637","43.6978","11.8640","2.5500","0.0000","731.8630"
"56.650","93.0552","13","0.7580","-0.1099","0.3363","-26.5030","16.5289","11.1622","12.9000","0.1600","89.6017","45.50364647","-75.54459163","21.0938","12.2917","861.8500","43.9125","15.0508","21.1719","36.4031","4.0000","-0.1624","1.0359","-1.0979","-6.1359","-2.4084","20.5734","99.1707","89.2508","12560.1221","6553.5000","759.6590","0.0000","90.8550","84.9650","0.0000","70.1400","759.5020","14.4000","-1.0000","950.5049","0.2966","0.0649","3.3508","0.2123","23.6078","11.9000","2.5500","0.0000","733.1551"
"56.700","92.1001","13","0.8082","-0.1859","0.3464","-25.3071","17.6632","11.1812","12.9000","0.1600","82.9872","45.50365689","-75.54459787","21.0938","12.2948","862.0000","44.7000","14.5156","20.6500","38.5438","4.0000","-0.4272","1.1492","-1.4727","-5.2367","-1.3543","23.9531","99.0427","85.6980","12639.5664","6553.5000","751.8090","0.0000","90.6200","86.7800","0.0000","70.6400","751.6520","14.4000","-1.0000","950.5049","0.3010","0.0640","3.4136","0.2001","18.6633","11.9000","2.5500","0.0000","734.4390"
"56.750","91.1596","13","0.8609","-0.2629","0.3537","-24.1310","18.8593","11.1974","12.9000","0.1600","76.9302","45.50366730","-75.54460406","21.0938","12.2978","861.8500","45.0812","18.3391","25.6078","37.6969","4.0000","-0.4849","1.0134","-1.2815","-3.6506","-0.5557","23.3375","98.9148","82.9268","12625.1338","6553.5000","744.4920","0.0000","89.3050","86.8950","0.0000","71.0000","744.3760","14.4000","-1.0000","950.5049","0.2288","0.0529","3.3904","0.2054","16.1933","11.9000","2.5500","0.0000","735.7104"
"56.800","90.3497","13","0.9357","-0.3496","0.3370","-23.1323","20.6119","11.1878","12.9000","0.1600","69.7635","45.50367766","-75.54460979","21.0938","12.3009","861.5000","46.9000","19.2750","27.3219","40.2313","4.0000","-0.4814","1.0562","-1.0100","-1.7035","-0.6343","20.7875","98.7868","82.9268","12428.4668","6553.5000","738.6920","0.0000","87.2400","84.8300","0.0000","71.0000","738.5760","14.4000","-1.0000","950.5049","0.2059","0.0706","3.2004","0.2449","18.5267","11.9000","2.5500","0.0000","736.9703"
"56.850","89.5449","13","1.0089","-0.4285","0.3196","-22.1081","22.3421","11.1783","12.9000","0.1600","63.7878","45.50368801","-75.54461543","21.0938","12.3039","862.0000","47.7594","18.9562","24.3547","42.0750","4.0000","-0.5575","1.3291","-1.0229","-0.4572","-0.2887","19.2455","98.6588","76.8994","12380.9004","6553.5000","734.0750","0.0000","86.4550","83.9900","0.0000","71.0000","734.0500","14.4000","-1.0000","950.5049","0.2003","0.0983","3.1304","0.3404","22.9300","11.9000","2.5500","0.0000","738.2177"
"56.900","88.7869","13","1.0681","-0.4375","0.2967","-20.8542","23.8702","11.1698","12.9000","0.1600","59.1988","45.50369836","-75.54462030","21.0938","12.3070","862.0000","46.2875","17.5438","23.6219","38.7188","4.0000","-0.4252","1.2976","-1.1169","-0.3190","0.6276","19.4727","98.5308","69.8907","12460.3447","6553.5000","732.8250","0.0000","86.4200","84.3200","0.0000","71.0000","732.8000","14.4000","-1.0000","950.5049","0.2157","0.0843","3.1626","0.4837","29.0967","11.9000","2.5500","0.0000","739.4546"
"56.950","88.0293","13","1.1204","-0.4359","0.2758","-19.5912","25.2457","11.1629","12.9000","0.1600","55.4959","45.50370871","-75.54462509","21.0938","12.3100","862.0000","43.6344","18.2125","23.6234","34.8563","4.0000","-0.2045","1.0315","-0.8823","0.0294","0.7635","19.8164","98.4029","70.5238","12891.2891","6553.5000","733.3802","0.0000","87.2950","84.2050","0.0000","71.0000","733.4941","14.4000","-1.0000","950.5049","0.2207","0.0646","3.1114","0.5983","44.3900","11.8860","2.5500","0.0000","740.6814"
"57.000","87.2764","13","1.1101","-0.3384","0.2722","-18.2465","25.2475","11.1698","12.9000","0.1600","55.0172","45.50371911","-75.54462913","21.0938","12.3131","861.6000","43.5812","21.8031","28.5938","36.8250","4.0000","0.0347","0.8517","-0.7007","1.7124","-0.2034","19.4648","98.2749","76.6667","13445.7334","6553.5000","739.0733","0.0000","88.1600","86.1600","0.0000","71.0000","739.1871","14.4000","-1.0000","950.5049","0.1540","0.0257","3.0308","0.7027","62.8900","11.8360","2.5500","0.0000","741.8982"
"57.050","86.6263","13","1.0977","-0.2408","0.2656","-16.9204","25.1900","11.1737","12.9000","0.1600","54.7320","45.50372953","-75.54463312","21.0938","12.3161","861.6500","44.4656","22.8844","32.3078","43.5219","4.0000","0.3481","0.7821","-0.7905","3.8853","-1.0167","18.3789","98.1469","73.2043","13217.3662","6553.5000","744.5280","0.0000","90.0800","90.9800","0.0000","71.0000","744.6220","14.4000","-1.0000","950.5049","0.0968","-0.0057","3.0861","0.7273","71.6767","11.8000","2.5500","0.0000","743.1046"
"57.100","86.9022","13","1.0661","-0.1424","0.2305","-15.7611","24.5984","11.1508","12.9000","0.1600","56.2269","45.50374014","-75.54463670","21.0938","12.3192","862.0000","42.8000","23.5469","32.4250","43.3563","4.0000","0.4496","0.6576","-0.8441","5.1191","-1.2305","16.3672","98.0189","48.4731","12955.7559","6553.5000","749.2280","0.0000","89.0600","89.5000","0.0000","71.0000","749.3220","14.4000","-1.0000","950.5049","0.0579","-0.0223","3.1456","0.7441","78.9411","11.8000","2.5500","0.0000","744.3102"
"57.150","87.1883","13","1.0383","-0.0447","0.1940","-14.6359","24.0828","11.1269","12.9000","0.1600","57.6198","45.50375077","-75.54464025","21.0938","12.3222","861.6500","40.5281","27.3453","29.6094","38.1406","4.0000","0.2594","0.8223","-0.9793","6.5957","-1.7280","14.4492","97.8910","23.7419","12796.8662","6553.5000","753.4424","0.0000","89.2317","89.3195","0.0000","71.0000","753.4960","14.4000","-1.0000","950.5049","0.0700","-0.0150","3.1784","0.7446","80.6633","11.8140","2.5500","0.0000","745.5197"
"57.200","87.5665","13","1.0440","0.0468","0.1441","-13.8183","24.2511","11.0932","12.9000","0.1600","57.4681","45.50376154","-75.54464357","21.0938","12.3253","862.0000","40.7812","27.1375","27.8563","37.2812","4.0000","0.1391","1.1521","-1.0895","8.2432","-2.8535","14.7773","97.7630","0.0000","12713.4229","6553.5000","756.1192","0.0000","89.9404","87.6447","0.0000","71.0000","756.1727","14.4000","-1.0000","950.5049","0.1256","0.0128","3.2202","0.7446","81.8829","11.8640","2.5500","0.0000","746.7336"
"57.250","87.9185","13","1.0536","0.1296","0.0953","-12.9045","24.5031","11.0614","12.9000","0.1600","57.1057","45.50377232","-75.54464675","21.0938","12.3283","862.0000","43.2125","20.9578","26.7094","36.6969","4.0000","-0.0710","1.3371","-1.1234","8.1408","-3.7440","18.9732","97.6350","0.0000","12776.4307","6553.5000","758.8410","0.0000","89.6933","90.1286","0.0000","71.0000","758.8980","14.4000","-1.0000","950.5049","0.1161","0.0041","3.2795","0.7434","82.1268","11.9000","2.5500","0.0000","747.9530"
"57.300","88.0349","13","1.0993","0.1350","0.0573","-11.1247","25.5088","11.0461","12.9000","0.1600","54.9270","45.50378325","-75.54464875","21.0938","12.3314","862.1000","44.4813","19.3375","25.4875","35.8000","4.0000","-0.1746","1.4438","-1.1904","6.2715","-3.5629","25.7547","97.5070","80.5000","12839.4395","6553.5000","761.6910","0.0000","89.3600","92.9857","0.0000","71.0000","761.7480","14.4000","-1.0000","950.5049","0.0839","-0.0174","3.3389","0.7421","82.3707","11.9000","2.5500","0.0000","749.1752"
"57.350","88.1296","13","1.1416","0.1390","0.0194","-9.3925","26.4361","11.0294","12.9000","0.1605","53.0572","45.50379417","-75.54465070","21.0938","12.3344","862.3500","43.3000","21.9891","29.3422","36.2875","4.0000","0.0129","1.1262","-0.8810","4.2301","-3.0191","30.9531","97.3791","107.5794","12940.4434","6553.5000","764.2290","0.0000","89.9979","92.8021","0.0000","71.0000","764.2620","14.4000","-1.0000","950.5049","0.0845","-0.0019","3.2076","0.7484","82.5361","11.9000","2.5500","0.0000","750.3984"
"57.400","88.0288","13","1.1539","0.1318","-0.0178","-8.0891","26.6588","10.9995","12.9000","0.1655","52.5538","45.50380510","-75.54465220","21.0938","12.3373","862.0000","45.8438","23.8406","31.6313","38.7375","4.0000","0.2232","0.8592","-0.5598","2.4918","-2.8176","32.3875","97.3739","129.4048","13046.6289","6553.5000","765.8790","0.0000","90.9400","86.6000","0.0000","71.0000","765.9120","14.4000","-1.0000","950.5049","0.0897","0.0188","3.0504","0.7556","82.6907","11.9000","2.5500","0.0000","751.6215"
"57.450","87.9385","13","1.1672","0.1233","-0.0563","-6.7787","26.9067","10.9685","12.9000","0.1700","52.0163","45.50381603","-75.54465362","21.0938","12.3399","862.0000","47.0062","22.6922","29.0516","39.9688","4.0000","0.3333","1.1906","-0.7415","0.6061","-2.4297","31.5875","97.5019","133.3333","12972.0557","6553.5000","767.5892","0.0000","89.9800","89.0550","0.0000","71.0000","767.6268","14.4000","-1.0000","950.5049","0.0900","-0.0113","3.1454","0.7602","83.2222","11.9000","2.5500","0.0000","752.8433"
"57.500","87.9430","13","1.1901","0.1040","-0.1072","-5.4056","27.3813","10.9277","12.9000","0.1700","51.1172","45.50382700","-75.54465436","21.0938","12.3426","862.0000","44.5625","22.6656","27.9656","36.1000","4.0000","0.2759","1.4244","-0.9144","-1.3838","-1.8203","29.5875","97.6299","96.2424","12906.0889","6553.5000","769.4703","0.0000","89.6800","89.9200","0.0000","71.0000","769.5079","14.4000","-1.0000","950.5049","0.0892","-0.0384","3.2419","0.7662","84.5478","11.9000","2.5500","0.0000","754.0648"
"57.550","87.9634","13","1.2094","0.0850","-0.1585","-4.0308","27.7733","10.8877","12.9000","0.1700","50.4074","45.50383797","-75.54465502","21.0938","12.3453","862.0000","45.1562","22.5219","27.5875","35.3375","4.0000","0.1024","1.3529","-1.0803","-2.7551","-1.4553","26.5656","97.7579","100.5510","12963.8662","6553.5000","771.2720","0.0000","90.3400","91.0550","0.0000","71.0000","771.3030","14.4000","-1.0000","950.5049","0.0837","-0.0273","3.2480","0.7817","90.6033","11.9000","2.5500","0.0000","755.2865"
"57.600","88.1274","13","1.1954","0.0675","-0.2139","-2.6401","27.4211","10.8544","12.9000","0.1700","51.1500","45.50384899","-75.54465497","21.0938","12.3479","862.0000","45.3500","18.6156","28.0406","35.8063","4.0000","-0.0318","1.0886","-1.0559","-3.5078","-1.2188","22.6109","97.8858","126.5687","12969.7002","6553.5000","772.8220","0.0000","90.0800","89.2500","0.0000","71.0000","772.8530","14.4000","-1.0000","950.5049","0.0838","-0.0162","3.2841","0.7939","95.4878","11.9000","2.5500","0.0000","756.5096"
"57.650","88.3063","13","1.1753","0.0543","-0.2679","-1.2900","26.9307","10.8202","12.9000","0.1705","52.1873","45.50386003","-75.54465487","21.0938","12.3506","862.5000","43.5031","18.3016","31.7203","36.4500","4.0000","0.0933","1.0574","-1.0611","-3.6930","-0.9997","18.3875","98.0138","133.3333","12874.7002","6553.5000","774.3030","0.0000","89.7950","90.1200","0.0000","71.0000","774.3250","14.4000","-1.0000","950.5049","0.0949","-0.0051","3.3786","0.7994","98.0989","11.9000","2.5500","0.0000","757.7354"
"57.700","88.6198","13","1.1001","0.0794","-0.3094","-0.3045","25.1956","10.7785","12.9000","0.1755","55.9791","45.50387113","-75.54465438","21.0938","12.3533","861.6000","43.8063","18.3156","29.3375","38.7938","4.0000","0.1521","1.1088","-1.1593","-3.8094","-0.5531","15.0383","98.1418","133.3333","12835.7998","6553.5000","775.5657","0.0000","89.6600","90.3600","0.0000","71.0000","775.5750","14.4000","-1.0000","950.5049","0.1090","-0.0060","3.3221","0.7981","99.4800","11.9000","2.5500","0.0000","758.9646"
"57.750","88.9134","13","1.0240","0.1023","-0.3512","0.6820","23.4361","10.7370","12.8950","0.1800","60.3814","45.50388223","-75.54465383","21.0938","12.3559","862.1500","43.0062","16.6281","29.0203","36.2594","4.0000","-0.1558","1.0562","-1.1236","-4.3750","-0.0038","13.6750","98.2698","128.1787","12844.6885","6553.5000","776.8604","0.0000","90.8900","88.3000","0.0000","71.0000","776.8640","14.4000","-1.0000","950.5049","0.1257","-0.0171","3.1371","0.7909","99.8133","11.9000","2.5500","0.0000","760.1976"
"57.800","89.0295","13","0.9389","0.1057","-0.3968","1.6785","21.4564","10.6964","12.8450","0.1800","66.0386","45.50389332","-75.54465275","21.0938","12.3586","862.4000","40.9938","16.6281","29.8813","34.7687","4.0000","-0.2400","0.9007","-1.2391","-5.1602","-0.1373","13.8758","98.3977","120.3686","12907.4336","6553.5000","778.2465","0.0000","89.4400","88.4300","0.0000","71.0000","778.2640","14.4000","-1.0000","950.5049","0.1506","-0.0159","3.0989","0.7886","99.9411","11.9000","2.5500","0.0000","761.4333"
"57.850","89.1442","13","0.8590","0.1095","-0.4419","2.6678","19.5942","10.6554","12.8000","0.1800","72.4080","45.50390441","-75.54465163","21.0938","12.3613","862.3500","42.9219","19.2625","32.3344","37.5875","4.0000","-0.0113","0.7897","-1.0426","-5.5055","-1.1627","14.9281","98.5257","118.1818","12989.0996","6553.5000","779.6720","0.0000","89.7300","90.7900","0.0000","71.0000","779.7030","14.4000","-1.0000","950.5049","0.1783","-0.0103","3.1122","0.7880","99.9967","11.9000","2.5500","0.0000","762.6710"
"57.900","89.2470","13","0.8252","0.1165","-0.4825","3.5937","18.7892","10.6108","12.8000","0.1800","75.5973","45.50391554","-75.54465007","21.0938","12.3639","861.5000","46.3937","18.0844","30.2719","41.8312","4.0000","0.0116","0.8011","-0.9167","-5.6223","-1.6876","16.2344","98.6537","110.3102","12979.3779","6553.5000","781.2220","0.0000","90.0200","91.5000","0.0000","71.0000","781.2530","14.3478","-1.0000","950.5049","0.1593","0.0003","3.1396","0.7890","100.0000","11.9000","2.5500","0.0000","763.9100"
"57.950","89.3390","13","0.7768","0.1192","-0.5229","4.5077","17.6550","10.5675","12.8000","0.1800","80.5365","45.50392666","-75.54464847","21.0938","12.3666","861.8500","43.9750","17.3156","27.7156","38.8406","4.0000","-0.0352","0.7830","-1.0432","-5.6977","-0.7080","16.5969","98.7817","101.8261","12973.3887","6553.5000","782.6640","0.0000","90.6400","90.3300","0.0000","71.0000","782.6860","14.3078","-1.0000","950.5049","0.1412","0.0088","3.1580","0.7896","100.0000","11.9000","2.5500","0.0000","765.1502"
"58.000","89.3346","13","0.5976","0.0841","-0.5608","5.3148","13.5586","10.5360","12.8000","0.1800","104.8634","45.50393774","-75.54464649","21.0938","12.3693","862.0000","39.9000","17.0094","26.6156","35.1750","4.0000","0.0725","0.5878","-0.9258","-4.6387","0.9610","13.8984","98.9096","95.4882","13026.1670","6553.5000","783.7640","0.0000","89.2700","89.8800","0.0000","71.0000","783.7860","14.3633","-1.0000","950.5049","0.1512","-0.0012","3.1152","0.7868","100.0000","11.9000","2.5500","0.0000","766.3909"
"58.050","89.3527","13","0.4153","0.0498","-0.5963","6.0496","9.3972","10.5048","12.8000","0.1795","151.3317","45.50394882","-75.54464454","21.0938","12.3719","862.1500","37.5750","15.5352","26.8984","35.1969","4.0000","0.1253","0.2014","-1.2268","-1.9694","2.0106","6.9883","99.0376","93.3333","13038.5225","6553.5000","784.8667","0.0000","89.2450","90.3650","0.0000","71.0000","784.8860","14.4000","-1.0000","950.5049","0.1606","-0.0076","3.1080","0.7841","100.0000","11.9000","2.5500","0.0000","767.6320"
"58.100","89.5741","13","0.2055","0.0227","-0.6112","6.1336","4.6504","10.4769","12.8000","0.1745","306.5596","45.50395999","-75.54464281","21.0938","12.3746","862.0000","35.4125","13.3969","31.2938","37.6250","4.0000","-0.0310","-0.4478","-1.4040","1.1668","2.1123","-2.6955","99.1656","101.0667","12972.4111","6553.5000","785.9778","0.0000","89.8800","91.3600","0.0000","71.0000","785.9860","14.4000","-1.0000","950.5049","0.1656","0.0124","3.1696","0.7813","100.0000","11.9000","2.5500","0.0000","768.8749"
"58.150","89.7663","13","-0.0044","-0.0024","-0.6268","6.1188","-0.0987","10.4489","12.8000","0.1700","10000.0000","45.50397115","-75.54464116","21.0938","12.3773","862.0000","34.8156","11.6219","34.5563","41.8937","4.0000","0.0215","-0.7778","-1.3779","3.2231","1.9653","-12.8223","99.2936","100.1215","13021.7998","6553.5000","787.1089","0.0000","90.2550","90.8600","0.0000","71.0000","787.1120","14.4000","-1.0000","950.5049","0.1688","0.0288","3.2088","0.7785","100.0000","11.9000","2.5500","0.0000","770.1204"
"58.200","89.6961","13","-0.2155","-0.0094","-0.6492","5.2158","-4.8678","10.4207","12.8000","0.1700","293.2646","45.50398232","-75.54464022","21.0938","12.3799","862.4000","34.4188","11.1109","37.2812","45.0312","4.0000","0.2045","-1.0515","-1.1897","3.5615","1.9138","-21.6289","99.4215","88.8368","13169.5781","6553.5000","788.2971","0.0000","90.3700","92.0300","0.0000","71.0000","788.3120","14.4000","-1.0000","950.5049","0.1588","0.0188","3.2288","0.7757","100.0000","11.9000","2.5500","0.0000","771.3664"
"58.250","89.6153","13","-0.4275","-0.0141","-0.6716","4.2758","-9.6558","10.3920","12.8000","0.1695","147.7120","45.50399349","-75.54463937","21.0938","12.3826","862.5000","34.3406","11.1875","38.6031","45.8000","4.0000","0.1466","-1.2029","-0.9479","2.1277","1.8660","-27.1016","99.5495","85.0000","13284.8779","6553.5000","789.4400","0.0000","91.7950","90.8500","0.0000","71.0000","789.4600","14.4000","5.1600","950.5049","0.1512","0.0094","3.2381","0.7799","100.0000","11.9000","2.5500","0.0000","772.6114"
"58.300","89.4388","13","-0.6465","0.0015","-0.6948","3.0019","-14.6130","10.3590","12.8000","0.1645","97.4106","45.50400464","-75.54463928","21.0938","12.3853","862.0000","36.4688","10.0891","35.7500","46.0000","4.0000","0.0679","-0.9291","-1.0139","-0.1168","2.2285","-28.0039","99.6775","90.0750","13388.7666","6553.5000","790.4400","0.0000","91.3600","91.3200","0.0000","71.0000","790.4600","14.4000","27.1600","950.5049","0.1612","0.0044","3.2437","0.7866","100.0000","11.9000","2.5500","0.0000","773.8545"
"58.350","89.2868","13","-0.8587","0.0161","-0.7164","1.7861","-19.4128","10.3269","12.8000","0.1600","73.2014","45.50401580","-75.54463921","21.0938","12.3879","861.6500","33.8906","9.7211","33.3563","42.9313","4.0000","0.1624","-0.7001","-1.3076","-1.7170","3.2407","-24.2031","99.8055","95.6380","13239.3779","6553.5000","791.5000","0.0000","90.7750","91.7100","0.0000","71.0000","791.5250","14.4000","43.0000","950.5049","0.1706","0.0006","3.2785","0.7896","100.0000","11.9000","2.5500","0.0000","775.0956"
"58.400","89.3553","13","-1.0082","0.0206","-0.7241","1.0939","-22.7952","10.3027","12.8000","0.1600","62.3873","45.50402700","-75.54463927","21.0938","12.3906","862.0000","31.7625","9.7250","32.3563","41.2000","4.0000","0.1635","-0.6611","-1.4424","-2.3921","4.1992","-18.2773","99.9334","98.8932","13097.3115","6553.5000","792.7500","0.0000","90.9600","90.9000","0.0000","71.0000","792.7750","14.4000","43.0000","950.5049","0.1756","0.0056","3.3181","0.7922","100.0000","11.9000","2.5500","0.0000","776.3364"
"58.450","89.4316","13","-1.1486","0.0254","-0.7288","0.3447","-25.9692","10.2815","12.8000","0.1600","54.8091","45.50403820","-75.54463941","21.0938","12.3838","862.1500","32.6344","10.1008","32.5062","41.0563","4.0000","0.3491","-0.9318","-1.2876","-2.0154","4.7422","-14.8125","100.0000","100.0000","13099.5332","6553.5000","793.9160","0.0000","90.8800","92.0100","0.0000","71.0000","793.9340","14.4000","41.1800","950.5049","0.1794","0.0106","3.3759","0.7933","100.0000","11.9000","2.5500","0.0000","777.5782"
"58.500","89.5786","13","-1.2059","0.0324","-0.7064","-0.9164","-27.2669","10.2875","12.8000","0.1600","52.2864","45.50404944","-75.54464038","21.0938","12.3666","862.4000","32.3812","10.8281","33.2812","42.0438","4.0000","0.3617","-1.2637","-1.0791","-0.3441","4.9414","-16.3574","100.0000","96.9474","13148.2227","6553.5000","794.8160","0.0000","91.3400","91.5000","0.0000","71.0000","794.8340","14.4189","34.6800","950.5049","0.1744","0.0156","3.3575","0.7908","100.0000","11.9000","2.5500","0.0000","778.8216"
"58.550","89.7136","13","-1.2564","0.0389","-0.6842","-2.2296","-28.4099","10.2930","12.8000","0.1600","50.2584","45.50406067","-75.54464147","21.0938","12.3495","862.0000","31.8109","11.4883","34.4000","43.2562","4.0000","0.2184","-1.4971","-1.0410","2.0771","4.7852","-22.0312","100.0000","94.7368","13287.1113","6553.5000","795.7760","0.0000","91.8100","91.9200","0.0000","71.0000","795.7990","14.4744","30.0000","950.5049","0.1778","0.0290","3.1914","0.7813","100.0000","11.9000","2.5500","0.0000","780.0667"
"58.600","89.7392","13","-1.2456","0.0414","-0.6638","-4.0119","-28.1602","10.2940","12.8000","0.1600","50.7186","45.50407183","-75.54464358","21.0938","12.3323","862.0000","32.2062","9.7703","34.9750","45.1375","4.0000","0.0888","-1.6711","-0.9816","4.2144","4.8057","-29.4883","100.0000","93.1469","13365.4004","6553.5000","796.9260","0.0000","95.1800","93.8100","0.0000","71.0000","796.9490","14.5000","30.0000","950.5049","0.2428","0.1040","3.1243","0.7770","100.0000","11.9000","2.5500","0.0000","781.3129"
"58.650","89.7289","13","-1.2345","0.0442","-0.6423","-5.7647","-27.9064","10.2962","12.8000","0.1600","51.1740","45.50408297","-75.54464575","21.0938","12.3152","862.0000","31.2500","8.4695","36.8719","44.8469","4.0000","0.0214","-1.5122","-1.0925","4.6484","4.8955","-34.4062","100.0000","90.4057","13392.0664","6553.5000","797.9800","0.0000","93.5500","92.8600","0.0000","71.0000","797.9950","14.5000","31.6900","950.5049","0.3204","0.1838","3.1415","0.7770","100.0000","11.9000","2.5500","0.0000","782.5591"
"58.700","89.3949","13","-1.2220","0.0505","-0.6115","-7.2511","-27.6157","10.3093","12.8000","0.1600","51.5201","45.50409389","-75.54464854","21.0938","12.2981","862.4000","31.2188","9.6187","38.3125","44.3750","4.0000","-0.1317","-1.0935","-0.9745","3.6577","4.1777","-33.4375","100.0000","89.4737","13327.0557","6553.5000","798.7300","0.0000","93.3600","92.0000","0.0000","71.0000","798.7450","14.5000","38.1900","950.5049","0.4904","0.2988","3.1851","0.7815","100.0000","11.9000","2.5500","0.0000","783.8024"
"58.750","89.1231","13","-1.2097","0.0516","-0.5815","-8.6910","-27.3293","10.3225","12.8000","0.1595","51.9017","45.50410482","-75.54465137","21.0938","12.2809","862.0000","34.2438","10.8969","37.2562","46.2313","4.0000","-0.0441","-1.0562","-0.9229","2.6870","2.8447","-27.8320","100.0000","74.6002","13229.8330","6553.5000","799.5040","0.0000","89.6550","92.5350","0.0000","71.0000","799.5210","14.5000","43.0000","950.5049","0.9088","0.6346","3.2378","0.7876","100.0000","11.9000","2.5500","0.0000","785.0422"
"58.800","89.4111","13","-1.1994","0.0061","-0.5587","-9.7129","-27.0818","10.3367","12.8000","0.1545","52.5452","45.50411586","-75.54465460","21.0938","12.2638","862.5000","35.5000","11.5203","36.8063","47.1000","4.0000","0.0461","-1.2717","-0.9685","2.3662","1.6560","-21.2734","100.0000","63.1153","13101.7998","6553.5000","800.3540","0.0000","91.8100","91.0200","0.0000","71.0000","800.3710","14.5000","43.0000","950.5049","3.1488","2.5896","3.0974","0.7864","100.0000","11.9000","2.5500","0.0000","786.2827"
"58.850","89.6353","13","-1.1811","-0.0461","-0.5355","-10.7642","-26.6575","10.3512","12.8000","0.1500","53.5156","45.50412687","-75.54465790","21.0938","12.2466","862.1500","35.2844","10.7078","34.9875","46.4531","4.0000","-0.0365","-1.0662","-1.0779","2.1243","0.7883","-15.7676","100.0000","61.8834","12935.8662","6553.5000","801.2400","0.0000","90.0550","91.0600","0.0000","71.0000","801.2600","14.5000","43.0000","950.5049","5.2742","4.4330","2.9910","0.7550","98.5456","11.9131","2.5500","0.0000","787.5264"
"58.900","89.2851","13","-1.0906","-0.1582","-0.5075","-12.0798","-24.6412","10.3695","12.8000","0.1500","57.6683","45.50413762","-75.54466187","21.0938","12.2295","862.0000","36.8312","9.5641","30.8750","46.2375","4.0000","-0.0952","-0.7288","-1.1582","1.4099","0.2139","-11.4844","100.0000","61.5385","12549.2002","6553.5000","802.2400","0.0000","88.3000","89.0600","0.0000","71.0000","802.2600","14.5000","43.0000","950.5049","6.5592","5.4580","3.1699","0.5405","88.1567","11.9636","2.5500","0.0000","788.7682"
"58.950","88.8498","14","-0.9896","-0.2755","-0.4777","-13.3252","-22.3937","10.3889","12.8000","0.1500","63.1468","45.50414832","-75.54466583","21.0938","12.2123","862.1500","37.6250","9.5391","28.3750","45.7656","4.0000","-0.3921","-0.4293","-1.1323","0.2967","-0.3360","-7.6445","100.0000","56.9025","12035.9775","6553.5000","801.1400","0.0000","85.6650","87.4750","0.0000","71.0000","800.9850","14.5000","43.0000","950.5049","7.6900","6.4368","3.2661","0.3569","70.3067","12.0000","2.5500","0.0000","790.0038"
"59.000","87.6486","14","-0.7948","-0.4392","-0.4319","-13.9379","-18.0648","10.4191","12.8000","0.1500","77.2205","45.50415863","-75.54466975","21.0938","12.1952","862.4000","41.3750","9.4797","26.3281","46.8875","4.0000","-0.8243","-0.3011","-1.0989","-0.4434","-0.8358","-4.4805","100.0000","54.5753","11277.0889","6553.5000","793.3900","0.0000","79.5900","83.1500","0.0000","71.0000","793.2350","14.5000","43.0000","950.5049","7.6900","7.0768","3.2016","0.2330","37.9733","12.0000","2.5500","0.0000","791.2281"
"59.050","86.3864","14","-0.6059","-0.6018","-0.3872","-14.5387","-13.8652","10.4489","12.8000","0.1500","99.1608","45.50416890","-75.54467367","21.0938","12.1781","862.1500","43.5750","9.1406","24.8625","47.9062","4.0000","-1.3081","-0.3596","-1.2495","-0.3396","-0.9845","-2.9629","100.0000","53.5632","10667.9004","6553.5000","785.9760","0.0000","73.5750","72.6150","0.0000","71.0000","785.8490","14.5000","43.0000","950.5049","7.6900","7.6430","3.2245","0.1544","17.1000","12.0000","2.5500","0.0000","792.4333"
"59.100","84.5753","14","-0.4689","-0.7536","-0.3528","-15.0325","-10.8294","10.4752","12.8000","0.1500","124.2970","45.50417874","-75.54467763","21.0938","12.1609","862.5000","44.1562","9.1500","25.5781","48.8563","4.0000","-1.4802","-0.2320","-1.1272","0.3814","-0.9948","-2.8213","100.0000","51.7352","10186.2334","6553.5000","779.6260","0.0000","70.9200","71.6800","0.0000","71.0000","779.4990","14.5000","43.0000","950.5049","7.6900","7.6680","3.3217","0.1144","5.9889","12.0000","2.5500","0.0000","793.6169"
"59.150","82.7329","14","-0.3353","-0.9026","-0.3219","-15.4826","-7.8595","10.4992","12.8000","0.1500","167.5334","45.50418851","-75.54468156","21.0938","12.1438","862.1500","44.4750","9.5133","26.2000","48.9656","4.0000","-1.3406","0.0519","-0.8224","1.5461","-1.1848","-2.9204","100.0000","50.1450","9646.1885","6553.5000","773.4680","0.0000","65.3800","68.5750","0.0000","71.0000","773.3570","14.5000","37.2800","950.5049","7.6900","7.6893","3.3840","0.0966","1.8256","12.0000","2.5500","0.0000","794.7760"
"59.200","80.6094","14","-0.2312","-1.0264","-0.3213","-15.5397","-5.4836","10.5022","12.8000","0.1500","233.9576","45.50419773","-75.54468517","21.0938","12.1266","862.0000","45.7812","9.5813","26.3438","50.1688","4.0000","-1.1963","0.0458","-0.9048","2.3457","-1.3220","-2.1125","100.0000","50.0155","9085.6338","6553.5000","767.9180","0.0000","61.4800","64.2700","0.0000","71.0000","767.8070","14.5000","15.2800","950.5049","7.6900","7.6838","3.4340","0.0866","0.1033","12.0000","2.5500","0.0000","795.9084"
"59.250","78.4900","14","-0.1254","-1.1460","-0.3177","-15.5839","-3.0425","10.5070","12.8000","0.1500","410.5850","45.50420690","-75.54468875","21.0938","12.1095","862.0000","45.9625","9.5039","25.5344","49.4437","4.0000","-1.3052","-0.1074","-1.2329","2.0849","-1.4802","0.2839","100.0000","50.0127","8728.2227","6553.5000","762.4640","0.0000","60.2000","60.9450","0.0000","71.0000","762.3610","14.5000","-1.0000","950.5049","7.6900","7.6604","3.4276","0.0975","0.0000","11.9343","2.5500","0.0000","797.0080"
"59.300","76.4081","14","-0.0036","-1.2269","-0.2858","-15.5128","-0.0144","10.5282","12.8000","0.1500","10000.0000","45.50421569","-75.54469212","21.0938","12.0923","862.4000","45.5000","9.6031","26.2031","48.1250","4.0000","-1.4844","-0.0163","-1.1001","1.4064","-1.9659","4.0639","100.0000","50.0271","8359.3555","6553.5000","757.3140","0.0000","57.3000","60.0800","0.0000","71.0000","757.2110","14.5078","-1.0000","950.5049","7.6900","7.5993","3.4108","0.1090","0.0000","11.6818","2.5500","0.0000","798.0796"
"59.350","74.3351","14","0.1181","-1.2972","-0.2569","-15.3973","3.0442","10.5476","12.7950","0.1500","388.6277","45.50422444","-75.54469543","21.0938","12.0752","862.1500","47.2031","9.6477","25.3000","49.1219","3.4000","-1.2490","0.0423","-0.9906","1.0381","-2.3251","9.2309","100.0000","50.0325","7840.4668","6553.5000","752.5120","0.0000","55.0100","54.5600","0.0000","71.0000","752.4380","14.5633","-1.0000","950.5049","7.6900","7.3100","3.3519","0.1162","0.0000","11.4861","2.3292","0.0000","799.1237"
"59.400","72.3421","14","0.2380","-1.2717","-0.2552","-14.8825","6.3771","10.5511","12.7450","0.1500","180.5466","45.50423275","-75.54469829","21.0938","12.0581","862.4000","46.9562","10.0047","25.4156","49.8063","-1.0000","-1.0615","0.1898","-1.0617","1.1241","-1.9871","15.1426","100.0000","50.2417","7513.1113","6553.5000","748.8120","0.0000","53.6800","53.1800","0.0000","71.0000","748.7380","14.6000","-1.0000","950.5049","7.6900","6.8100","3.2907","0.2621","3.7778","11.4366","1.4092","0.0000","800.1406"
"59.450","70.3435","14","0.3487","-1.2411","-0.2538","-14.3641","9.4905","10.5549","12.7000","0.1505","117.9653","45.50424102","-75.54470110","21.0938","12.0409","862.5000","46.3438","11.1695","25.7594","49.2875","-1.0000","-1.1574","0.3560","-1.0582","1.1413","-1.3392","20.6383","100.0000","51.2264","7557.5557","6553.5000","746.5520","0.0000","48.4500","48.1250","0.0000","71.0000","746.5980","14.6000","-1.0000","950.5049","7.6900","6.5934","3.2252","0.6771","14.8889","11.4263","0.7340","0.0000","801.1265"
"59.500","68.2932","14","0.3780","-1.1648","-0.2537","-13.8141","10.6293","10.5610","12.7000","0.1555","102.2570","45.50424893","-75.54470354","21.0938","12.0441","862.4000","46.2313","11.7484","24.6281","47.9562","-0.5200","-1.0505","0.3522","-1.0588","0.8527","-0.9254","24.5578","100.0000","52.6629","8219.4004","6553.5000","748.8521","0.0000","54.9800","52.9400","0.0000","71.0000","748.8980","14.6000","-1.0000","950.5049","7.6900","6.6384","3.1917","0.8830","38.6900","11.5273","0.8340","0.0000","802.0852"
"59.550","66.2566","14","0.4057","-1.0843","-0.2523","-13.2597","11.7294","10.5673","12.7000","0.1600","89.9026","45.50425679","-75.54470595","21.0938","12.0692","862.3500","46.3281","12.5156","24.3547","47.2687","3.0000","-0.9029","0.3598","-0.9012","0.1355","-0.6933","26.4250","100.0000","53.8943","9407.1777","6553.5000","751.3801","0.0000","56.4350","52.0150","0.0000","71.0000","751.4450","14.6000","-1.0000","950.5049","7.6900","6.5118","3.1856","0.9108","73.3011","11.6280","0.9292","0.0000","803.0169"
"59.600","64.3427","14","0.4191","-0.9669","-0.2381","-12.6662","12.4818","10.5751","12.7000","0.1600","82.0433","45.50426429","-75.54470803","21.0938","12.0944","862.1000","48.0875","14.7281","23.9156","45.4688","3.0000","-0.6909","0.4822","-0.9113","-0.7058","-0.0226","25.7008","100.0000","53.6216","10240.1670","6553.5000","754.6301","0.0000","61.8400","57.7200","0.0000","71.0000","754.6950","14.6000","-1.0000","950.5049","7.6900","6.2268","3.2646","0.8596","88.7544","11.7280","1.0092","0.0000","803.9223"
"59.650","62.4973","14","0.4266","-0.8499","-0.2232","-12.0347","13.0403","10.5831","12.7000","0.1605","76.2771","45.50427178","-75.54471008","21.0938","12.1195","862.6500","46.5438","17.8156","24.7969","42.2031","3.0000","-0.2786","0.3743","-0.8697","0.0841","1.4409","21.8984","100.0000","53.5888","10948.5000","6553.5000","757.6040","0.0000","64.3250","64.9600","0.0000","71.0000","757.6461","14.6000","-1.0000","950.5049","7.4274","5.7312","3.3735","0.7807","97.4767","11.8139","1.2476","0.0000","804.7988"
"59.700","61.2691","14","0.3796","-0.7366","-0.2026","-11.0615","11.8545","10.5931","12.7000","0.1655","82.2580","45.50427907","-75.54471176","21.0938","12.1446","862.4000","42.4250","20.4219","32.7375","41.2625","3.0000","-0.0508","0.0323","-0.4726","2.5701","2.6470","14.1719","100.0000","55.5395","10615.5225","6553.5000","759.7040","0.0000","64.7400","65.1200","0.0000","71.0000","759.7460","14.6000","-1.0000","950.5049","6.9224","5.0412","3.3398","0.6940","94.2400","11.8634","1.9876","0.0000","805.6559"
"59.750","60.1750","14","0.3355","-0.6283","-0.1852","-10.1831","10.7486","10.6014","12.7000","0.1705","89.1014","45.50428637","-75.54471347","21.0938","12.1698","862.5000","40.6281","20.4484","31.9016","40.4313","3.0000","-0.0038","-0.0979","-0.3793","4.8838","1.9128","3.5128","100.0000","57.0317","10125.4668","6553.5000","760.6160","0.0000","62.5650","63.5300","0.0000","71.0000","760.5590","14.6000","-1.0000","950.5049","6.7346","4.7724","3.3070","0.5866","86.2111","11.9130","2.5500","0.0000","806.4990"
"59.800","60.2882","14","0.3178","-0.5661","-0.1970","-10.1590","10.3617","10.5943","12.7000","0.1755","92.6024","45.50429382","-75.54471533","21.0938","12.1949","862.9000","40.6750","18.7812","32.3438","44.3688","3.0000","-0.2597","-0.0405","-0.5276","6.0625","-0.7031","-6.8965","100.0000","58.4250","9078.7998","6553.5000","757.7660","0.0000","59.1800","60.1300","0.0000","71.0000","757.7090","14.6000","-1.0000","950.5049","6.8396","4.8924","3.3359","0.3555","53.4333","11.9630","2.5500","0.0000","807.3363"
"59.850","60.2745","14","0.3013","-0.5097","-0.2131","-10.1328","10.0072","10.5854","12.7000","0.1800","95.8607","45.50430122","-75.54471718","21.0938","12.2201","862.1500","42.0531","11.1836","28.7047","46.0062","3.0000","-0.8389","0.0982","-1.0209","4.6353","-2.6489","-11.6230","100.0000","58.6479","8216.1113","6553.5000","754.1840","0.0000","52.1700","54.0250","0.0000","71.0000","754.0660","14.6000","-1.0000","950.5049","7.0980","5.3374","3.3694","0.2000","26.5300","12.0000","2.3460","0.0000","808.1731"
"59.900","59.1192","14","0.2950","-0.5061","-0.2674","-10.0886","9.9449","10.5597","12.7000","0.1800","94.6126","45.50430819","-75.54471887","21.0938","12.2452","862.4000","46.6063","9.1562","27.0969","47.5000","3.0000","-1.2136","0.5426","-1.1961","1.0055","-1.8645","-7.2842","100.0000","58.4934","7710.5557","6553.5000","748.2840","0.0000","49.5400","47.7400","0.0000","71.0000","748.1660","14.6000","-1.0000","950.5049","7.4980","6.0824","3.4116","0.1911","11.0300","12.0000","1.4960","0.0000","809.0000"
"59.950","57.9280","14","0.2971","-0.5105","-0.3211","-9.9149","10.1801","10.5348","12.7000","0.1800","90.5638","45.50431513","-75.54472048","21.0938","12.2704","862.1500","45.9844","11.4680","26.0469","43.0062","3.0000","-1.1755","0.8073","-0.9977","-1.6453","-0.2780","4.2998","100.0000","58.2901","7338.5000","6553.5000","742.7920","0.0000","48.3100","44.4450","0.0000","71.0000","742.7080","14.6000","-1.0000","950.5049","7.5418","6.1150","3.4109","0.1903","3.0900","12.0000","0.8500","0.0000","809.8108"
"60.000","56.4142","14","0.3754","-0.5882","-0.3700","-8.5772","13.0940","10.5164","12.7000","0.1800","68.5703","45.50432179","-75.54472140","21.0938","12.2955","862.4000","46.7812","13.7641","28.1500","44.8375","3.0000","-1.0227","0.8114","-0.8458","-2.4897","-0.4204","18.0059","100.0000","56.4732","7080.1665","6553.5000","738.5920","0.0000","41.3900","43.8800","0.0000","71.0000","738.5080","14.6000","-1.0000","950.5049","7.2568","5.4900","3.3737","0.1964","1.5900","12.0000","0.8500","0.0000","810.6034"
"60.050","54.8612","14","0.4565","-0.6785","-0.4210","-7.2525","16.1382","10.4969","12.7000","0.1810","54.1042","45.50432838","-75.54472228","21.0938","12.3206","862.0000","48.1031","14.0461","24.1828","45.6156","3.0000","-1.1050","0.9548","-1.0416","-1.6137","-1.6659","30.4241","100.0000","55.4373","6660.2666","6553.5000","734.6560","0.0000","38.2250","38.2650","0.0000","71.0000","734.5940","14.6000","-1.0000","950.5049","6.7534","4.8234","3.3973","0.2132","1.2411","12.0130","0.8500","0.0000","811.3721"
"60.100","52.9554","14","0.5620","-0.8823","-0.4901","-6.0450","20.3553","10.4676","12.7000","0.1910","41.4051","45.50433442","-75.54472275","21.0938","12.3458","862.4000","48.9250","14.0766","26.1000","49.3438","3.0000","-1.1697","0.8157","-1.1196","0.0429","-2.0070","39.8563","100.0000","57.9580","6183.6001","6553.5000","731.5560","0.0000","39.4400","38.8000","0.0000","71.0000","731.4940","14.6000","-1.0000","950.5049","6.0484","4.1184","3.4423","0.2338","1.2967","12.0630","0.8500","0.0000","812.1172"
"60.150","51.0874","14","0.6477","-1.0554","-0.5596","-4.8655","23.8697","10.4393","12.7000","0.1990","34.0633","45.50434044","-75.54472319","21.0938","12.3709","862.1500","47.6094","14.0836","27.1609","47.0844","3.0000","-1.0820","0.3617","-0.8371","0.3310","-1.5664","45.0187","100.0000","59.1465","5881.3555","6553.5000","728.6000","0.0000","36.9650","34.5250","0.0000","71.0000","728.5500","14.6000","-1.0000","950.5049","5.7932","3.8944","3.4330","0.2992","1.3000","12.1000","0.8548","0.0000","812.8374"
"60.200","49.5591","14","0.5538","-0.9516","-0.6319","-3.9389","21.0606","10.4215","12.7000","0.1890","37.4517","45.50434619","-75.54472336","21.0938","12.3961","862.4000","47.5750","14.0984","26.2563","43.8625","3.0000","-0.8440","0.2987","-0.7980","-0.5479","-1.5766","45.7500","100.0000","60.1686","5593.8999","6553.5000","726.1000","0.0000","33.2200","32.9800","0.0000","71.0000","726.0500","14.6000","-1.0000","950.5049","5.9532","4.1144","3.4225","0.3620","1.3078","12.1000","0.8748","0.0000","813.5353"
"60.250","47.9713","14","0.4902","-0.8740","-0.6959","-2.9186","19.4691","10.4059","12.7000","0.1800","39.2154","45.50435188","-75.54472345","21.0938","12.4212","862.5000","48.3469","14.0945","24.7687","43.9688","3.0000","-0.6461","0.6431","-0.9932","-1.2777","-1.5885","44.0000","100.0000","60.0928","5328.8999","6553.5000","723.6840","0.0000","32.9800","32.5900","0.0000","71.0000","723.6410","14.6000","-1.0000","950.5049","6.0404","4.2304","3.4264","0.3909","1.3633","12.1000","0.8900","0.0000","814.2084"
"60.300","45.8484","14","0.6990","-1.0318","-0.6861","-1.0554","28.8353","10.4103","12.7000","0.1800","25.3058","45.50435703","-75.54472284","21.0938","12.4464","862.5000","47.9375","14.0906","25.1219","44.3937","3.0000","-0.6085","0.7756","-1.1452","-1.7430","-0.6223","41.6562","100.0000","58.8293","5084.1113","6553.5000","721.5340","0.0000","32.0800","31.5400","0.0000","71.0000","721.4910","14.6000","-1.0000","950.5049","6.0604","4.2504","3.4095","0.4172","1.4000","12.1000","0.8900","0.0000","814.8558"
"60.350","43.7647","14","0.8731","-1.1634","-0.6775","0.7620","36.8066","10.4149","12.7000","0.1800","18.9242","45.50436215","-75.54472222","21.0938","12.4715","862.3500","48.2781","15.0664","24.6125","44.1281","3.0000","-0.6832","0.6813","-1.1860","-1.7502","0.9340","39.6937","100.0000","58.8047","4878.5557","6553.5000","719.4560","0.0000","30.2150","29.4000","0.0000","71.0000","719.4190","14.6000","-1.0000","950.5049","5.9946","4.1898","3.3523","0.4383","1.4000","12.1000","0.8912","0.0000","815.4756"
"60.400","42.0336","14","0.7347","-1.0594","-0.6792","2.1670","32.2243","10.4218","12.7000","0.1800","20.7603","45.50436690","-75.54472145","21.0938","12.4966","862.5000","48.4625","15.1828","26.9188","44.5062","3.0000","-0.4156","0.6887","-1.0204","-1.5250","2.0585","38.3375","100.0000","58.7801","4710.2002","6553.5000","717.6060","0.0000","28.3400","28.4900","0.0000","71.0000","717.5690","14.6000","-1.0000","950.5049","5.8496","4.0548","3.3647","0.4603","1.4000","12.1000","0.8962","0.0000","816.0702"
"60.450","40.3102","14","0.6164","-0.9631","-0.6855","3.6158","28.5378","10.4267","12.7050","0.1800","22.4810","45.50437162","-75.54472065","21.0938","12.5218","862.6500","47.8969","15.5797","26.0641","43.4406","3.0000","-0.4014","0.6794","-0.9448","-1.5338","1.8430","36.6375","100.0000","58.8211","4573.5332","6553.5000","716.1400","0.0000","28.2900","27.2200","0.0000","71.0000","716.1350","14.6000","-1.0000","950.5049","5.6656","3.8964","3.4364","0.4831","1.4000","12.1000","0.9024","0.0000","816.6377"
"60.500","38.6568","14","0.6798","-0.9367","-0.7332","5.4585","32.9148","10.4144","12.7550","0.1800","18.6920","45.50437597","-75.54471948","21.0938","12.5469","862.4000","47.9750","15.6125","23.0531","42.5250","3.0000","-0.8536","0.8046","-1.0071","-1.1219","0.8327","34.2687","100.0000","59.0950","4447.9668","6553.5000","715.8900","0.0000","28.7800","26.0400","0.0000","71.0000","715.8850","14.6000","-1.0000","950.5049","5.4456","3.7164","3.4307","0.4845","1.4000","12.1000","0.9124","0.0000","817.1829"
"60.550","37.0136","14","0.7373","-0.9099","-0.7779","7.3200","37.0421","10.4033","12.8000","0.1800","15.9033","45.50438027","-75.54471828","21.0938","12.5469","862.3500","47.8812","16.1297","24.9000","44.3344","3.0000","-0.6357","0.8372","-1.0974","-0.2116","0.4940","31.8438","100.0000","59.2901","4326.2998","6553.5000","715.8080","0.0000","26.1200","26.7900","0.0000","71.0000","715.8170","14.6000","-1.0000","950.5049","5.1944","3.5234","3.3980","0.4784","1.4000","12.1000","0.9152","0.0000","817.7062"
"60.600","35.4618","14","0.7417","-0.8798","-0.7951","9.3508","38.9225","10.4030","12.8000","0.1800","14.5004","45.50438419","-75.54471680","21.0938","12.5469","862.5000","48.0750","16.6344","26.0781","45.6188","3.0000","-0.5647","0.7500","-1.0261","0.2487","1.1042","29.3062","100.0000","59.4603","4173.8223","6553.5000","716.2581","0.0000","25.9100","25.6800","0.0000","71.0000","716.2670","14.6522","-1.0000","950.5049","4.9144","3.3184","3.4378","0.5072","1.4000","12.1000","0.8952","0.0000","818.2083"
"60.650","33.9253","14","0.7354","-0.8489","-0.8141","11.3395","40.1944","10.4028","12.8000","0.1800","13.4332","45.50438807","-75.54471530","21.0938","12.5469","862.5000","47.4031","18.1531","25.6812","44.5438","3.0000","-0.6290","0.6552","-0.9727","-0.2214","1.9191","25.6688","100.0000","59.5318","3989.1223","6553.5000","716.8400","0.0000","28.0200","27.6500","0.0000","71.0000","716.8600","14.7000","-1.0000","950.5049","4.6318","3.0458","3.4783","0.5409","1.4000","12.1130","0.8716","0.0000","818.6863"
"60.700","32.5267","14","0.6336","-0.8111","-0.8503","12.9497","35.9892","10.4032","12.8000","0.1800","14.3843","45.50439159","-75.54471379","21.0938","12.5469","862.1000","47.7687","18.7938","24.5844","43.0438","3.0000","-0.4368","0.7251","-1.0681","-0.4750","2.5674","20.1922","100.0000","59.6496","3618.5667","6553.5000","717.8400","0.0000","29.5000","28.4200","0.0000","71.0000","717.8600","14.7000","-1.0000","950.5049","4.3468","2.7108","3.4950","0.5904","1.4000","12.1630","0.8366","0.0000","819.1450"
"60.750","31.1551","14","0.5458","-0.7691","-0.8828","14.5990","32.5958","10.4031","12.8000","0.1800","15.2120","45.50439509","-75.54471224","21.0938","12.5469","862.5000","47.5187","19.0312","24.5672","42.4375","3.0000","-0.3060","0.6919","-1.1008","0.5154","2.9148","13.2312","100.0000","60.4395","3307.1333","6553.5000","718.7321","0.0000","28.5900","28.5000","0.0000","71.0000","718.7430","14.7000","-1.0000","950.5049","3.7940","2.3108","3.4966","0.6328","1.3811","12.2000","0.8052","0.0000","819.5857"
"60.800","30.0264","14","0.5839","-0.6895","-0.8823","16.6005","36.5083","10.3975","12.8000","0.1800","13.0898","45.50439828","-75.54471040","21.0938","12.5469","862.4000","45.7875","19.0031","26.8531","42.4313","3.0000","-0.3057","0.6477","-1.0456","2.4495","2.6730","6.9328","100.0000","61.7163","3110.4666","6553.5000","719.2820","0.0000","27.6700","28.2200","0.0000","71.0000","719.2930","14.7000","-1.0000","950.5049","2.9940","1.8508","3.4688","0.6617","1.3256","12.2000","0.7852","0.0000","820.0097"
"60.850","28.9369","14","0.6297","-0.6056","-0.8819","18.6984","40.9935","10.3927","12.8000","0.1800","11.2346","45.50440145","-75.54470851","21.0938","12.5469","862.3500","43.9000","18.9688","30.0656","44.1406","3.0000","-0.1899","0.6117","-1.0129","2.4495","2.6730","6.9328","100.0000","62.2781","3012.8000","6553.5000","719.8320","0.0000","27.2600","27.1500","0.0000","71.0000","719.8430","14.7000","-1.0000","950.5049","2.6776","1.7314","3.4545","0.6888","1.3300","12.2000","0.7688","0.0000","820.4166"
"60.900","28.1997","14","0.7451","-0.4835","-0.8825","21.6637","50.6322","10.3945","12.8000","0.1800","8.8642","45.50440439","-75.54470616","21.0938","12.5469","862.5000","43.3812","18.7344","29.7531","44.8563","3.0000","-0.0720","0.5873","-1.1177","2.4495","2.6730","6.9328","100.0000","61.9029","2999.4666","6553.5000","720.3820","0.0000","27.0000","26.0200","0.0000","71.0000","720.3930","14.7000","-1.0000","950.5049","2.8076","1.9264","3.4517","0.7144","1.3856","12.2000","0.7638","0.0000","820.8120"
"60.950","27.4819","14","0.8318","-0.3695","-0.8847","24.5184","58.2001","10.3960","12.8000","0.1800","7.5152","45.50440731","-75.54470381","21.0938","12.5469","862.5000","43.3969","17.7313","28.8953","43.8281","3.0000","-0.0720","0.5873","-1.1177","2.4495","2.6730","6.9328","100.0000","60.8973","3038.3445","6553.5000","720.9200","0.0000","26.6600","25.0200","0.0000","71.0000","720.9300","14.7000","-1.0000","950.5049","3.0390","2.1682","3.4650","0.7243","1.3589","12.1870","0.7624","0.0000","821.1978"
"61.000","26.9382","14","0.6601","-0.3285","-0.9012","26.3768","47.1306","10.3948","12.8000","0.1800","9.0967","45.50441008","-75.54470143","21.0938","12.5469","862.5000","43.5438","16.6000","27.1875","43.0375","3.0000","-0.0720","0.5873","-1.1177","2.4495","2.6730","6.9328","100.0000","59.6294","3095.5667","6553.5000","721.4200","0.0000","26.1300","24.2100","0.0000","71.0000","721.4300","14.7000","-1.0000","950.5049","3.3640","2.4532","3.4839","0.7287","1.3033","12.1370","0.7724","0.0000","821.5754"
"61.050","26.9382","14","0.6601","-0.3285","-0.9012","26.3768","47.1306","10.3948","12.8000","0.1800","9.0967","45.50441008","-75.54470143","21.0938","12.5469","862.0000","44.5438","16.5891","27.1703","43.5875","3.0000","-0.0720","0.5873","-1.1177","2.4495","2.6730","6.9328","100.0000","58.5063","3095.5667","6553.5000","721.4200","0.0000","25.2900","23.2250","0.0000","71.0000","721.4300","14.7000","-1.0000","950.5049","3.3640","2.4532","3.4839","0.7287","1.3033","12.1370","0.7724","0.0000","821.9451"
"61.100","26.9382","14","0.6601","-0.3285","-0.9012","26.3768","47.1306","10.3948","12.8000","0.1800","9.0967","45.50441008","-75.54470143","21.0938","12.5469","862.5000","45.3937","16.5891","27.1703","43.5875","3.0000","-0.0720","0.5873","-1.1177","2.4495","2.6730","6.9328","100.0000","57.7953","3095.5667","6553.5000","721.4200","0.0000","25.2900","23.2250","0.0000","71.0000","721.4300","14.7000","-1.0000","950.5049","3.3640","2.4532","3.4839","0.7287","1.3033","12.1370","0.7724","0.0000","822.3124"
"61.150","26.9382","14","0.6601","-0.3285","-0.9012","26.3768","47.1306","10.3948","12.8000","0.1800","9.0967","45.50441008","-75.54470143","21.0938","12.5469","862.5000","45.3937","16.5891","27.1703","43.5875","3.0000","-0.0720","0.5873","-1.1177","2.4495","2.6730","6.9328","100.0000","57.7953","3095.5667","6553.5000","721.4200","0.0000","25.2900","23.2250","0.0000","71.0000","721.4300","14.7000","-1.0000","950.5049","3.3640","2.4532","3.4839","0.7287","1.3033","12.1370","0.7724","0.0000","822.3124"
"61.200","26.9382","14","0.6601","-0.3285","-0.9012","26.3768","47.1306","10.3948","12.8000","0.1800","9.0967","45.50441008","-75.54470143","21.0938","12.5469","862.5000","45.3937","16.5891","27.1703","43.5875","3.0000","-0.0720","0.5873","-1.1177","2.4495","2.6730","6.9328","100.0000","57.7953","3095.5667","6553.5000","721.4200","0.0000","25.2900","23.2250","0.0000","71.0000","721.4300","14.7000","-1.0000","950.5049","3.3640","2.4532","3.4839","0.7287","1.3033","12.1370","0.7724","0.0000","822.3124"
"61.250","26.9382","14","0.6601","-0.3285","-0.9012","26.3768","47.1306","10.3948","12.8000","0.1800","9.0967","45.50441008","-75.54470143","21.0938","12.5469","862.5000","45.3937","16.5891","27.1703","43.5875","3.0000","-0.0720","0.5873","-1.1177","2.4495","2.6730","6.9328","100.0000","57.7953","3095.5667","6553.5000","721.4200","0.0000","25.2900","23.2250","0.0000","71.0000","721.4300","14.7000","-1.0000","950.5049","3.3640","2.4532","3.4839","0.7287","1.3033","12.1370","0.7724","0.0000","822.3124"
"61.300","26.9382","14","0.6601","-0.3285","-0.9012","26.3768","47.1306","10.3948","12.8000","0.1800","9.0967","45.50441008","-75.54470143","21.0938","12.5469","862.5000","45.3937","16.5891","27.1703","43.5875","3.0000","-0.0720","0.5873","-1.1177","2.4495","2.6730","6.9328","100.0000","57.7953","3095.5667","6553.5000","721.4200","0.0000","25.2900","23.2250","0.0000","71.0000","721.4300","14.7000","-1.0000","950.5049","3.3640","2.4532","3.4839","0.7287","1.3033","12.1370","0.7724","0.0000","822.3124"
"61.350","26.9382","14","0.6601","-0.3285","-0.9012","26.3768","47.1306","10.3948","12.8000","0.1800","9.0967","45.50441008","-75.54470143","21.0938","12.5469","862.5000","45.3937","16.5891","27.1703","43.5875","3.0000","-0.0720","0.5873","-1.1177","2.4495","2.6730","6.9328","100.0000","57.7953","3095.5667","6553.5000","721.4200","0.0000","25.2900","23.2250","0.0000","71.0000","721.4300","14.7000","-1.0000","950.5049","3.3640","2.4532","3.4839","0.7287","1.3033","12.1370","0.7724","0.0000","822.3124"
"61.400","26.9382","14","0.6601","-0.3285","-0.9012","26.3768","47.1306","10.3948","12.8000","0.1800","9.0967","45.50441008","-75.54470143","21.0938","12.5469","862.5000","45.3937","16.5891","27.1703","43.5875","3.0000","-0.0720","0.5873","-1.1177","2.4495","2.6730","6.9328","100.0000","57.7953","3095.5667","6553.5000","721.4200","0.0000","25.2900","23.2250","0.0000","71.0000","721.4300","14.7000","-1.0000","950.5049","3.3640","2.4532","3.4839","0.7287","1.3033","12.1370","0.7724","0.0000","822.3124"
"61.450","26.9382","14","0.6601","-0.3285","-0.9012","26.3768","47.1306","10.3948","12.8000","0.1800","9.0967","45.50441008","-75.54470143","21.0938","12.5469","862.5000","45.3937","16.5891","27.1703","43.5875","3.0000","-0.0720","0.5873","-1.1177","2.4495","2.6730","6.9328","100.0000","57.7953","3095.5667","6553.5000","721.4200","0.0000","25.2900","23.2250","0.0000","71.0000","721.4300","14.7000","-1.0000","950.5049","3.3640","2.4532","3.4839","0.7287","1.3033","12.1370","0.7724","0.0000","822.3124"
"61.500","26.9382","14","0.6601","-0.3285","-0.9012","26.3768","47.1306","10.3948","12.8000","0.1800","9.0967","45.50441008","-75.54470143","21.0938","12.5469","862.5000","45.3937","16.5891","27.1703","43.5875","3.0000","-0.0720","0.5873","-1.1177","2.4495","2.6730","6.9328","100.0000","57.7953","3095.5667","6553.5000","721.4200","0.0000","25.2900","23.2250","0.0000","71.0000","721.4300","14.7000","-1.0000","950.5049","3.3640","2.4532","3.4839","0.7287","1.3033","12.1370","0.7724","0.0000","822.3124"
"61.550","26.9382","14","0.6601","-0.3285","-0.9012","26.3768","47.1306","10.3948","12.8000","0.1800","9.0967","45.50441008","-75.54470143","21.0938","12.5469","862.5000","45.3937","16.5891","27.1703","43.5875","3.0000","-0.0720","0.5873","-1.1177","2.4495","2.6730","6.9328","100.0000","57.7953","3095.5667","6553.5000","721.4200","0.0000","25.2900","23.2250","0.0000","71.0000","721.4300","14.7000","-1.0000","950.5049","3.3640","2.4532","3.4839","0.7287","1.3033","12.1370","0.7724","0.0000","822.3124"
"61.600","26.9382","14","0.6601","-0.3285","-0.9012","26.3768","47.1306","10.3948","12.8000","0.1800","9.0967","45.50441008","-75.54470143","21.0938","12.5469","862.5000","45.3937","16.5891","27.1703","43.5875","3.0000","-0.0720","0.5873","-1.1177","2.4495","2.6730","6.9328","100.0000","57.7953","3095.5667","6553.5000","721.4200","0.0000","25.2900","23.2250","0.0000","71.0000","721.4300","14.7000","-1.0000","950.5049","3.3640","2.4532","3.4839","0.7287","1.3033","12.1370","0.7724","0.0000","822.3124"
"61.650","26.9382","14","0.6601","-0.3285","-0.9012","26.3768","47.1306","10.3948","12.8000","0.1800","9.0967","45.50441008","-75.54470143","21.0938","12.5469","862.5000","45.3937","16.5891","27.1703","43.5875","3.0000","-0.0720","0.5873","-1.1177","2.4495","2.6730","6.9328","100.0000","57.7953","3095.5667","6553.5000","721.4200","0.0000","25.2900","23.2250","0.0000","71.0000","721.4300","14.7000","-1.0000","950.5049","3.3640","2.4532","3.4839","0.7287","1.3033","12.1370","0.7724","0.0000","822.3124"
"61.700","26.9382","14","0.6601","-0.3285","-0.9012","26.3768","47.1306","10.3948","12.8000","0.1800","9.0967","45.50441008","-75.54470143","21.0938","12.5469","862.5000","45.3937","16.5891","27.1703","43.5875","3.0000","-0.0720","0.5873","-1.1177","2.4495","2.6730","6.9328","100.0000","57.7953","3095.5667","6553.5000","721.4200","0.0000","25.2900","23.2250","0.0000","71.0000","721.4300","14.7000","-1.0000","950.5049","3.3640","2.4532","3.4839","0.7287","1.3033","12.1370","0.7724","0.0000","822.3124"
"61.750","26.9382","14","0.6601","-0.3285","-0.9012","26.3768","47.1306","10.3948","12.8000","0.1800","9.0967","45.50441008","-75.54470143","21.0938","12.5469","862.5000","45.3937","16.5891","27.1703","43.5875","3.0000","-0.0720","0.5873","-1.1177","2.4495","2.6730","6.9328","100.0000","57.7953","3095.5667","6553.5000","721.4200","0.0000","25.2900","23.2250","0.0000","71.0000","721.4300","14.7000","-1.0000","950.5049","3.3640","2.4532","3.4839","0.7287","1.3033","12.1370","0.7724","0.0000","822.3124"
"61.800","26.9382","14","0.6601","-0.3285","-0.9012","26.3768","47.1306","10.3948","12.8000","0.1800","9.0967","45.50441008","-75.54470143","21.0938","12.5469","862.5000","45.3937","16.5891","27.1703","43.5875","3.0000","-0.0720","0.5873","-1.1177","2.4495","2.6730","6.9328","100.0000","57.7953","3095.5667","6553.5000","721.4200","0.0000","25.2900","23.2250","0.0000","71.0000","721.4300","14.7000","-1.0000","950.5049","3.3640","2.4532","3.4839","0.7287","1.3033","12.1370","0.7724","0.0000","822.3124"
"61.850","26.9382","14","0.6601","-0.3285","-0.9012","26.3768","47.1306","10.3948","12.8000","0.1800","9.0967","45.50441008","-75.54470143","21.0938","12.5469","862.5000","45.3937","16.5891","27.1703","43.5875","3.0000","-0.0720","0.5873","-1.1177","2.4495","2.6730","6.9328","100.0000","57.7953","3095.5667","6553.5000","721.4200","0.0000","25.2900","23.2250","0.0000","71.0000","721.4300","14.7000","-1.0000","950.5049","3.3640","2.4532","3.4839","0.7287","1.3033","12.1370","0.7724","0.0000","822.3124"
"61.900","26.9382","14","0.6601","-0.3285","-0.9012","26.3768","47.1306","10.3948","12.8000","0.1800","9.0967","45.50441008","-75.54470143","21.0938","12.5469","862.5000","45.3937","16.5891","27.1703","43.5875","3.0000","-0.0720","0.5873","-1.1177","2.4495","2.6730","6.9328","100.0000","57.7953","3095.5667","6553.5000","721.4200","0.0000","25.2900","23.2250","0.0000","71.0000","721.4300","14.7000","-1.0000","950.5049","3.3640","2.4532","3.4839","0.7287","1.3033","12.1370","0.7724","0.0000","822.3124"
"61.950","26.9382","14","0.6601","-0.3285","-0.9012","26.3768","47.1306","10.3948","12.8000","0.1800","9.0967","45.50441008","-75.54470143","21.0938","12.5469","862.5000","45.3937","16.5891","27.1703","43.5875","3.0000","-0.0720","0.5873","-1.1177","2.4495","2.6730","6.9328","100.0000","57.7953","3095.5667","6553.5000","721.4200","0.0000","25.2900","23.2250","0.0000","71.0000","721.4300","14.7000","-1.0000","950.5049","3.3640","2.4532","3.4839","0.7287","1.3033","12.1370","0.7724","0.0000","822.3124"
