"Format","AiM CSV File"
"Session",""
"Vehicle",""
"Racer","Faran"
"Championship",""
"Comment","First oil pick test run went very well, no track"
"Date","Wednesday, August 19, 2026"
"Time","3:42 PM"
"Sample Rate","20"
"Duration","99"
"Segment","Session"
"Beacon Markers","99"
"Segment Times","1:39.000"

"Time","GPS Speed","GPS Nsat","GPS LatAcc","GPS LonAcc","GPS Slope","GPS Heading","GPS Gyro","GPS Altitude","GPS PosAccuracy","GPS SpdAccuracy","GPS Radius","GPS Latitude","GPS Longitude","Logger Temperature","External Voltage","Steering Angle","RR Shock Pos","FR Shock Pos","FL Shock Pos","RL Shock Pos","Gear Position","InlineAcc","LateralAcc","VerticalAcc","RollRate","PitchRate","YawRate","Luminosity","Brake Bias","ECU RPM","EX TEMP 2","EX TEMP 1","ECU WH SP FL","ECU WH SP RL","ECU WH SP RR","ECU WH SP FR","ECU ECT","ECU EXH T","ECU IAT","ECU FUEL T","ECU OIL P","BRK PRESS F","BRK PRESS R","ECU FUEL P","ECU MAP","ECU THROTTLE","ECU V BATT","EXHAUST LAMBDA","LAUNCH STATE"
"s","km/h"," ","g","g","deg","deg","deg/s","m","mm","km/h","m","deg","deg","°C","V","deg","mm","mm","mm","mm","gear","g","g","g","deg/s","deg/s","deg/s","%","%","rpm","°C","°C","km/h","km/h","km/h","km/h","°C","°C","°C","°C","bar","bar","bar","bar","bar","%","V","lambda","#"

"0.000","0.1298","14","0.0000","0.0000","-14.5097","123.6105","0.0000","34.4336","17.5000","0.1300","10000.0000","45.39216869","-75.69718960","40.5","12.6","-98.5","40","30","48","1","0","-0.01","0.01","-0.99","-0.3","0.0","-0.7","52.44","-59.78","0","6553.5","42.6","0","0","0","0","50.0","42.6","37.4","30.0","0.04","-4.3","11.5","0.117","1.029","0.20","12.3","2.55","0"
"0.050","0.1298","14","0.0000","0.0000","-14.5097","123.6105","0.0000","34.4336","17.5000","0.1300","10000.0000","45.39216869","-75.69718960","40.5","12.6","-98.5","40","30","48","1","0","-0.01","0.01","-0.99","-0.3","0.0","-0.7","52.44","-59.78","0","6553.5","42.6","0","0","0","0","50.0","42.6","37.4","30.0","0.04","-4.3","11.5","0.117","1.029","0.20","12.3","2.55","0"
"0.100","0.1298","14","0.0000","0.0000","-14.5097","123.6105","0.0000","34.4336","17.5000","0.1300","10000.0000","45.39216869","-75.69718960","40.5","12.6","-98.5","40","30","48","1","0","-0.01","0.01","-0.99","-0.3","0.0","-0.6","52.44","-59.78","0","6553.5","42.6","0","0","0","0","50.0","42.6","37.4","30.0","0.04","-4.3","11.5","0.117","1.029","0.20","12.3","2.55","0"
"0.150","0.1298","14","0.0000","0.0000","-14.5097","123.6105","0.0000","34.4336","17.5000","0.1300","10000.0000","45.39216869","-75.69718960","40.5","12.6","-98.5","40","30","48","1","0","-0.01","0.01","-0.99","-0.3","0.0","-0.7","52.44","-59.78","0","6553.5","42.6","0","0","0","0","50.0","42.6","37.4","30.0","0.04","-4.3","11.5","0.117","1.029","0.20","12.3","2.55","0"
"0.200","0.1298","14","0.0000","0.0000","-14.5097","123.6105","0.0000","34.4336","17.5000","0.1300","10000.0000","45.39216869","-75.69718960","40.5","12.6","-98.5","40","30","48","1","0","-0.01","0.01","-0.99","-0.3","0.0","-0.7","52.44","-59.78","0","6553.5","42.6","0","0","0","0","50.0","42.6","37.4","30.0","0.04","-4.3","11.5","0.117","1.029","0.20","12.3","2.55","0"
"0.250","0.1298","14","0.0000","0.0000","-14.5097","123.6105","0.0000","34.4336","17.5000","0.1300","10000.0000","45.39216869","-75.69718960","40.5","12.6","-98.5","40","30","48","1","0","-0.01","0.01","-0.99","-0.3","0.0","-0.7","52.44","-59.78","0","6553.5","42.6","0","0","0","0","50.0","42.6","37.4","30.0","0.04","-4.3","11.5","0.117","1.029","0.20","12.3","2.55","0"
"0.300","0.1298","14","0.0000","0.0000","-14.5097","123.6105","0.0000","34.4336","17.5000","0.1300","10000.0000","45.39216869","-75.69718960","40.5","12.6","-98.5","40","30","48","1","0","-0.01","0.01","-0.99","-0.3","0.0","-0.7","52.44","-59.78","0","6553.5","42.6","0","0","0","0","50.0","42.6","37.4","30.0","0.04","-4.3","11.5","0.117","1.029","0.20","12.3","2.55","0"
"0.350","0.1298","14","0.0000","0.0000","-14.5097","123.6105","0.0000","34.4336","17.5000","0.1300","10000.0000","45.39216869","-75.69718960","40.5","12.6","-98.5","40","30","48","1","0","-0.00","0.01","-1.00","-0.3","0.0","-0.7","52.44","-59.78","0","6553.5","42.6","0","0","0","0","50.0","42.6","37.4","30.0","0.04","-4.3","11.5","0.117","1.029","0.20","12.3","2.55","0"
"0.400","0.1190","14","0.0000","0.0000","-13.6478","101.2244","0.0000","34.4319","17.4480","0.1378","10000.0000","45.39216870","-75.69718959","40.5","12.6","-98.5","40","30","48","1","0","-0.00","0.00","-1.00","-0.3","0.0","-0.7","52.44","-59.78","0","6553.5","42.6","0","0","0","0","50.0","42.6","37.4","30.0","0.04","-4.3","11.5","0.119","1.029","0.20","12.3","2.55","0"
"0.450","0.0982","14","0.0000","0.0000","-11.9904","58.1741","0.0000","34.4285","17.3480","0.1528","10000.0000","45.39216873","-75.69718958","40.5","12.6","-98.5","40","30","48","1","0","-0.00","0.01","-1.00","-0.3","0.0","-0.7","52.44","-59.65","0","6553.5","42.6","0","0","0","0","50.0","42.6","37.4","30.0","0.04","-4.3","11.4","0.121","1.029","0.20","12.3","2.55","0"
"0.500","0.0840","14","0.0000","0.0000","-10.8819","7.0323","0.0000","34.4264","17.2480","0.1522","10000.0000","45.39216875","-75.69718960","40.5","12.6","-98.5","40","30","48","1","0","-0.00","0.01","-0.99","-0.2","0.0","-0.7","52.44","-59.78","0","6553.5","42.6","0","0","0","0","50.0","42.6","37.4","30.0","0.04","-4.3","11.4","0.121","1.029","0.20","12.2","2.55","0"
"0.550","0.0759","14","0.0000","0.0000","-10.2801","-51.5788","0.0000","34.4255","17.1480","0.1372","10000.0000","45.39216876","-75.69718966","40.5","12.6","-98.5","40","30","48","1","0","-0.00","0.01","-0.99","-0.3","0.1","-0.7","52.44","-60.01","0","6553.5","42.6","0","0","0","0","50.0","42.6","37.4","30.0","0.04","-4.3","11.4","0.119","1.030","0.20","12.2","2.55","0"
"0.600","0.0870","14","0.0000","0.0000","-10.8984","-39.2437","0.0000","34.4220","17.0740","0.1326","10000.0000","45.39216879","-75.69718964","40.5","12.6","-98.5","40","30","48","1","0","-0.00","0.01","-0.99","-0.3","0.1","-0.7","52.44","-60.11","0","6553.5","42.7","0","0","0","0","50.0","42.7","37.4","30.0","0.04","-4.3","11.4","0.121","1.030","0.20","12.2","2.55","0"
"0.650","0.1159","14","0.0000","0.0000","-12.6428","38.5802","0.0000","34.4161","17.0240","0.1376","10000.0000","45.39216885","-75.69718955","40.5","12.6","-98.5","40","30","48","1","0","-0.00","0.01","-0.99","-0.3","0.1","-0.7","52.44","-59.98","0","6553.5","42.7","0","0","0","0","50.0","42.7","37.4","30.0","0.04","-4.3","11.4","0.122","1.030","0.20","12.2","2.55","0"
"0.700","0.1473","14","0.0000","0.0000","-10.3129","41.3447","0.0000","34.4110","16.9480","0.1374","10000.0000","45.39216889","-75.69718953","40.5","12.6","-98.5","40","30","48","1","0","-0.00","0.01","-0.99","-0.3","0.1","-0.7","52.44","-59.86","0","6553.5","42.6","0","0","0","0","50.0","42.6","37.4","30.0","0.04","-4.3","11.4","0.122","1.030","0.20","12.1","2.55","0"
"0.750","0.1810","14","0.0000","0.0000","-4.2222","-25.1764","0.0000","34.4067","16.8480","0.1324","10000.0000","45.39216893","-75.69718958","40.5","12.6","-98.5","40","30","48","1","0","-0.01","0.00","-0.99","-0.2","0.1","-0.7","52.44","-59.86","0","6553.5","42.6","0","0","0","0","50.0","42.6","37.4","30.0","0.04","-4.3","11.4","0.122","1.030","0.20","12.2","2.55","0"
"0.800","0.1592","14","0.0000","0.0000","-6.7794","-7.8910","0.0000","34.4029","16.7480","0.1300","10000.0000","45.39216897","-75.69718959","40.5","12.6","-98.5","40","30","48","1","0","-0.01","0.01","-0.99","-0.2","0.1","-0.7","52.44","-59.86","0","6553.5","42.7","0","0","0","0","50.0","42.7","37.4","30.0","0.04","-4.3","11.4","0.124","1.031","0.20","12.3","2.55","0"
"0.850","0.0860","14","0.0000","0.0000","-17.3193","86.7543","0.0000","34.3995","16.6480","0.1300","10000.0000","45.39216900","-75.69718957","40.5","12.6","-98.5","40","30","48","1","0","-0.01","0.01","-0.99","-0.2","0.1","-0.7","52.57","-59.81","0","6553.5","42.7","0","0","0","0","50.0","42.7","37.4","30.0","0.04","-4.3","11.5","0.125","1.031","0.20","12.2","2.55","0"
"0.900","0.0509","14","0.0000","0.0000","-22.3785","132.1840","0.0000","34.3983","16.5740","0.1326","10000.0000","45.39216901","-75.69718953","40.5","12.6","-98.5","40","30","48","1","0","-0.01","0.01","-0.99","-0.2","0.1","-0.7","52.91","-59.78","0","6553.5","42.6","0","0","0","0","50.0","42.6","37.4","30.0","0.04","-4.3","11.5","0.127","1.030","0.20","12.1","2.55","0"
"0.950","0.0509","14","0.0000","0.0000","-22.3785","132.1840","0.0000","34.3992","16.5240","0.1376","10000.0000","45.39216900","-75.69718947","40.5","12.6","-98.5","40","30","48","1","0","-0.01","0.01","-0.99","-0.2","-0.0","-0.6","53.24","-59.73","0","6553.5","42.6","0","0","0","0","50.0","42.6","37.4","30.0","0.04","-4.3","11.5","0.187","1.030","0.20","12.1","2.55","0"
"1.000","0.0509","14","0.0000","0.0000","-16.8912","53.6327","0.0000","34.3978","16.4480","0.1426","10000.0000","45.39216901","-75.69718943","40.5","12.5","-98.5","40","30","48","1","0","-0.00","0.01","-0.99","-0.2","-0.0","-0.6","53.58","-59.64","0","6553.5","42.6","0","0","0","0","50.0","42.6","37.4","30.0","0.04","-4.3","11.5","0.266","1.030","0.20","12.2","2.55","0"
"1.050","0.0509","14","0.0000","0.0000","-6.3388","-97.4276","0.0000","34.3944","16.3480","0.1476","10000.0000","45.39216904","-75.69718942","40.5","12.5","-98.5","40","30","48","1","0","-0.01","0.01","-0.99","-0.3","-0.0","-0.6","53.92","-59.56","113","6553.5","42.5","0","0","0","0","50.0","42.5","37.4","30.0","0.04","-4.3","11.5","0.587","1.030","0.20","11.5","2.55","0"
"1.100","0.0377","14","0.0000","0.0000","-0.9425","-125.7530","0.0000","34.3928","16.2740","0.1474","10000.0000","45.39216906","-75.69718941","40.5","12.5","-98.5","40","30","48","1","0","0.00","0.01","-0.99","-0.3","-0.0","-0.6","54.26","-59.53","217","6553.5","42.4","0","0","0","0","50.0","42.4","37.4","30.0","0.04","-4.3","11.5","1.047","1.029","0.20","10.7","2.55","0"
"1.150","0.0122","14","0.0000","0.0000","-0.3057","-40.7848","0.0000","34.3928","16.2240","0.1424","10000.0000","45.39216906","-75.69718941","40.5","12.5","-98.5","40","30","48","1","0","0.00","0.01","-0.99","-0.3","-0.0","-0.6","54.60","-59.23","257","6553.5","42.4","0","0","0","0","50.0","42.4","37.4","30.0","0.06","-4.3","11.5","2.179","1.023","0.20","10.6","2.55","0"
"1.200","0.0310","14","0.0000","0.0000","-2.4906","-27.3850","0.0000","34.3924","17.0580","0.1400","10000.0000","45.39216906","-75.69718944","40.5","12.5","-98.5","40","30","48","1","0","0.00","0.01","-0.99","-0.3","-0.0","-0.7","54.94","-58.95","286","6553.5","42.3","0","0","0","0","50.0","42.3","37.4","30.0","0.07","-4.3","11.6","2.995","1.019","0.20","10.6","2.55","0"
"1.250","0.0907","14","0.0000","0.0000","-7.2803","-80.0486","0.0000","34.3915","18.7080","0.1400","10000.0000","45.39216907","-75.69718951","40.5","12.5","-98.5","40","30","48","1","0","0.01","0.01","-1.00","-0.3","-0.0","-0.7","55.28","-58.80","299","6553.5","42.3","0","0","0","0","50.0","42.3","37.4","30.0","0.09","-4.3","11.6","3.251","1.017","0.20","10.7","2.55","0"
"1.300","0.1194","14","0.0000","0.0000","-9.2934","-92.0290","0.0000","34.3912","19.3960","0.1374","10000.0000","45.39216911","-75.69718953","40.5","12.4","-98.5","40","30","48","1","0","0.01","0.01","-0.99","-0.3","-0.0","-0.8","55.62","-58.71","296","6553.5","42.2","0","0","0","0","50.0","42.2","37.4","30.0","0.10","-4.3","11.6","3.365","1.022","0.20","10.8","2.55","0"
"1.350","0.1194","14","0.0000","0.0000","-8.7435","-66.4559","0.0000","34.3913","19.1960","0.1324","10000.0000","45.39216917","-75.69718951","40.5","12.4","-98.5","40","30","48","1","0","0.02","0.01","-0.99","-0.3","0.0","-0.8","55.96","-58.71","282","6553.5","42.2","0","0","0","0","50.0","42.2","37.4","30.0","0.09","-4.3","11.6","3.367","1.030","0.20","10.9","2.55","0"
"1.400","0.1093","14","0.0000","0.0000","-8.7170","-9.2732","0.0000","34.3918","19.0220","0.1300","10000.0000","45.39216920","-75.69718947","40.6","12.4","-98.5","40","30","48","1","0","0.02","0.02","-0.99","-0.3","0.0","-0.7","56.30","-58.74","349","6553.5","42.1","0","0","0","0","50.0","42.1","37.4","30.0","0.09","-4.3","11.6","3.338","1.026","0.20","11.1","2.55","0"
"1.450","0.0898","14","0.0000","0.0000","-9.1735","77.0875","0.0000","34.3927","18.8720","0.1300","10000.0000","45.39216919","-75.69718941","40.6","12.4","-98.5","40","30","48","1","0","0.00","0.02","-0.99","-0.3","0.0","-0.7","56.64","-58.81","441","6553.5","43.1","0","0","0","0","50.0","43.1","37.5","30.0","0.12","-4.3","11.6","3.301","1.018","0.20","11.2","2.55","0"
"1.500","0.0728","14","0.0000","0.0000","-12.4126","105.1631","0.0000","34.3913","18.7220","0.1326","10000.0000","45.39216920","-75.69718937","40.6","12.4","-98.5","40","30","48","1","0","-0.06","0.03","-0.99","-0.2","0.0","-0.6","56.98","-58.86","1374","6553.5","44.2","0","0","0","0","50.0","44.3","37.4","30.0","0.16","-4.3","11.6","3.354","0.962","0.20","11.3","2.55","0"
"1.550","0.0580","14","0.0000","0.0000","-18.2202","79.4371","0.0000","34.3879","18.5720","0.1376","10000.0000","45.39216923","-75.69718936","40.6","12.4","-98.5","40","30","48","1","0","-0.16","0.03","-0.98","-0.2","0.0","-0.6","57.32","-58.73","2193","6553.5","46.9","0","0","0","0","50.0","47.0","37.4","30.0","0.26","-4.3","11.6","3.404","0.910","0.20","11.5","2.55","0"
"1.600","0.0470","14","0.0000","0.0000","-26.6951","54.7686","0.0000","34.3882","18.4480","0.1426","10000.0000","45.39216926","-75.69718935","40.6","12.3","-98.4","40","30","48","1","0","-0.17","0.03","-0.98","-0.2","0.0","-0.6","57.66","-58.71","2237","6553.5","49.9","0","0","0","0","50.0","49.9","37.4","30.0","0.41","-4.3","11.6","3.415","0.891","0.20","11.8","2.55","0"
"1.650","0.0396","14","0.0000","0.0000","-37.6321","31.0763","0.0000","34.3917","18.3480","0.1476","10000.0000","45.39216929","-75.69718935","40.6","12.3","-98.5","40","30","48","1","0","-0.11","0.02","-0.99","-0.2","-0.0","-0.7","57.99","-58.88","2319","6553.5","53.5","0","0","0","0","50.0","53.6","37.4","30.0","0.70","-4.3","11.5","3.416","0.868","0.20","11.8","2.55","0"
"1.700","0.0266","14","0.0000","0.0000","-31.7326","14.5810","0.0000","34.3934","18.2220","0.1500","10000.0000","45.39216931","-75.69718935","40.6","12.3","-98.5","40","30","48","1","0","-0.06","0.02","-1.00","-0.2","0.0","-0.8","58.33","-59.09","2469","6553.5","57.2","0","0","0","0","50.0","57.3","37.4","30.0","0.98","-4.3","11.5","3.401","0.838","0.20","11.8","2.55","0"
"1.750","0.0086","14","0.0000","0.0000","-10.2916","4.7290","0.0000","34.3934","18.0720","0.1500","10000.0000","45.39216931","-75.69718935","40.6","12.3","-98.5","40","30","48","1","0","-0.06","0.02","-0.99","-0.2","0.1","-0.8","58.67","-59.12","2696","6553.5","62.0","0","0","0","0","50.0","62.1","37.4","30.0","1.25","-4.3","11.5","3.405","0.801","0.20","11.9","1.93","0"
"1.800","0.0000","14","0.0000","0.0000","0.0000","0.0000","0.0000","34.3934","17.9480","0.1500","10000.0000","45.39216931","-75.69718935","40.6","12.3","-98.5","40","30","48","1","0","-0.24","0.03","-0.97","-0.1","0.1","-0.8","59.01","-59.12","2983","6553.5","67.0","0","0","0","0","50.0","67.1","37.4","30.0","1.52","-4.3","11.6","3.423","0.759","0.20","12.1","1.21","0"
"1.850","0.0000","14","0.0000","0.0000","0.0000","0.0000","0.0000","34.3934","17.8480","0.1500","10000.0000","45.39216931","-75.69718935","40.6","12.3","-98.5","40","30","48","1","0","-0.44","0.03","-0.95","-0.1","0.0","-0.8","59.35","-58.99","3106","6553.5","72.3","0","0","0","0","50.0","72.5","37.4","30.0","1.80","-4.3","11.6","3.419","0.721","0.20","12.2","1.04","0"
"1.900","0.0000","14","0.0000","0.0000","0.0000","0.0000","0.0000","34.3934","17.7480","0.1474","10000.0000","45.39216931","-75.69718935","40.6","12.3","-98.5","40","30","48","1","0","-0.16","0.03","-1.00","-0.2","-0.0","-0.7","59.52","-58.81","3176","6553.5","77.7","0","0","0","0","50.0","77.9","37.4","30.0","2.06","-4.3","11.6","3.407","0.683","0.20","12.4","0.95","0"
"1.950","0.0000","14","0.0000","0.0000","0.0000","0.0000","0.0000","34.3934","17.6480","0.1424","10000.0000","45.39216931","-75.69718935","40.6","12.3","-98.5","40","30","48","1","0","0.16","0.01","-1.00","-0.2","-0.1","-0.6","59.41","-58.64","3260","6553.5","82.6","0","0","0","0","50.0","82.7","37.4","30.0","2.25","-4.3","11.6","3.395","0.687","0.20","12.4","0.95","0"
"2.000","0.0132","14","0.0000","0.0000","0.3311","2.6165","0.0000","34.3917","18.4840","0.1426","10000.0000","45.39216933","-75.69718934","40.6","12.3","-98.5","40","30","48","1","0","-0.01","-0.01","-0.97","-0.2","-0.1","-0.6","59.30","-58.63","3327","6553.5","87.4","0","0","0","0","50.0","87.5","37.4","30.0","2.42","-4.3","11.6","3.385","0.691","0.21","12.5","0.96","0"
"2.050","0.0387","14","0.0000","0.0000","0.9680","7.6482","0.0000","34.3883","20.1840","0.1476","10000.0000","45.39216936","-75.69718932","40.6","12.3","-98.5","40","30","48","1","0","-0.05","0.01","-0.98","-0.2","-0.0","-0.6","59.20","-58.11","3307","6553.5","91.8","0","0","0","0","50.0","91.9","37.4","30.0","2.52","-4.3","11.7","3.390","0.684","0.26","12.5","0.98","0"
"2.100","0.0539","14","0.0000","0.0000","-0.8242","-27.6540","0.0000","34.3830","20.8960","0.1500","10000.0000","45.39216937","-75.69718931","40.6","12.4","-98.5","40","30","48","1","0","-0.02","0.03","-1.01","-0.2","-0.0","-0.6","59.09","-58.07","3288","6553.5","96.1","0","0","0","0","50.0","96.2","37.4","30.0","2.60","-4.3","11.7","3.388","0.678","0.28","12.5","1.00","0"
"2.150","0.0596","14","0.0000","0.0000","-4.8585","-100.1878","0.0000","34.3760","20.6960","0.1500","10000.0000","45.39216937","-75.69718929","40.6","12.4","-98.5","40","30","48","1","0","-0.03","0.01","-0.98","-0.2","-0.0","-0.6","58.98","-58.07","3270","6553.5","100.1","0","0","0","0","50.0","100.2","37.4","30.0","2.60","-4.3","11.7","3.371","0.675","0.22","12.5","1.00","0"
"2.200","0.0671","14","0.0000","0.0000","-7.2584","-78.7897","0.0000","34.3732","20.4960","0.1474","10000.0000","45.39216940","-75.69718924","40.6","12.4","-98.5","40","30","48","1","0","-0.05","-0.01","-0.99","-0.1","-0.1","-0.6","58.87","-57.94","3288","6553.5","104.1","0","0","0","0","50.0","104.2","37.4","30.0","2.62","-4.3","11.7","3.366","0.678","0.20","12.4","1.00","0"
"2.250","0.0761","14","0.0000","0.0000","-8.1495","29.3146","0.0000","34.3743","20.2960","0.1424","10000.0000","45.39216945","-75.69718917","40.6","12.5","-98.5","40","30","48","1","0","-0.01","-0.02","-0.99","-0.1","-0.1","-0.6","58.76","-57.81","3335","6553.5","107.5","0","0","0","0","50.0","107.6","37.4","30.0","2.68","-4.3","11.7","3.370","0.686","0.20","12.4","0.99","0"
"2.300","0.0689","14","0.0000","0.0000","-18.1489","106.8915","0.0000","34.3730","20.0960","0.1400","10000.0000","45.39216950","-75.69718912","40.6","12.5","-98.5","40","30","48","1","0","0.05","-0.01","-1.02","-0.1","-0.1","-0.7","58.65","-57.79","3346","6553.5","110.7","0","0","0","0","50.0","110.8","37.4","30.0","2.74","-4.3","11.7","3.412","0.685","0.20","12.5","0.98","0"
"2.350","0.0467","14","0.0000","0.0000","-36.5561","156.2891","0.0000","34.3696","19.8960","0.1400","10000.0000","45.39216953","-75.69718911","40.6","12.5","-98.5","40","30","48","1","0","-0.02","0.01","-0.98","-0.1","-0.0","-0.7","58.54","-57.61","3346","6553.5","114.1","0","0","0","0","50.0","114.2","37.4","30.0","2.79","-4.3","11.7","3.467","0.681","0.20","12.5","0.98","0"
"2.400","0.0496","14","0.0000","0.0000","-37.0875","175.4134","0.0000","34.3689","19.7220","0.1426","10000.0000","45.39216953","-75.69718903","40.6","12.5","-98.5","40","30","48","1","0","-0.03","0.01","-0.97","-0.1","-0.0","-0.7","58.43","-57.42","3323","6553.5","117.5","0","0","0","0","50.0","117.6","37.4","30.0","2.81","-4.3","11.8","3.492","0.669","0.20","12.4","0.99","0"
"2.450","0.0757","14","0.0000","0.0000","-21.1181","166.5931","0.0000","34.3706","19.5720","0.1476","10000.0000","45.39216952","-75.69718891","40.6","12.6","-98.4","40","30","48","1","0","-0.08","0.00","-0.93","-0.1","-0.0","-0.7","58.33","-57.22","3300","6553.5","121.0","0","0","0","0","50.0","121.1","37.4","30.0","2.74","-4.3","11.7","3.503","0.657","0.20","12.4","0.99","0"
"2.500","0.0815","14","0.0000","0.0000","-11.7218","85.0449","0.0000","34.3719","19.4220","0.1474","10000.0000","45.39216951","-75.69718882","40.6","12.6","-98.5","40","30","48","1","0","0.01","-0.01","-0.97","-0.1","-0.0","-0.7","58.22","-57.22","3287","6553.5","124.5","0","0","0","0","50.0","124.6","37.4","30.0","2.70","-4.3","11.8","3.442","0.648","0.20","12.5","1.00","0"
"2.550","0.0686","14","0.0000","0.0000","-8.3929","-63.6368","0.0000","34.3727","19.2720","0.1424","10000.0000","45.39216950","-75.69718876","40.6","12.6","-98.5","40","30","48","1","0","-0.04","-0.01","-0.99","-0.2","-0.0","-0.7","58.11","-57.29","3261","6553.5","127.4","0","0","0","0","50.0","127.5","37.4","30.0","2.73","-4.3","11.8","3.398","0.645","0.20","12.5","1.00","0"
"2.600","0.0461","14","0.0000","0.0000","-5.0283","-99.9029","0.0000","34.3732","19.1220","0.1400","10000.0000","45.39216949","-75.69718873","40.6","12.7","-98.5","40","30","48","1","0","0.06","-0.01","-1.03","-0.2","-0.0","-0.7","58.00","-57.37","3215","6553.5","130.2","0","0","0","0","50.0","130.3","37.4","30.0","2.75","-4.3","11.9","3.383","0.653","0.20","12.4","1.00","0"
"2.650","0.0150","14","0.0000","0.0000","-1.6308","-32.4009","0.0000","34.3732","18.9720","0.1400","10000.0000","45.39216949","-75.69718873","40.6","12.7","-98.5","40","30","48","1","0","-0.01","0.01","-0.98","-0.3","0.0","-0.7","57.89","-56.70","3175","6553.5","132.7","0","0","0","0","50.0","132.8","37.4","30.0","2.76","-4.3","11.9","3.411","0.656","0.20","12.5","1.00","0"
"2.700","0.0000","14","0.0000","0.0000","0.0000","0.0000","0.0000","34.3732","18.8220","0.1374","10000.0000","45.39216949","-75.69718873","40.6","12.7","-98.6","40","30","48","1","0","-0.04","0.03","-0.98","-0.3","0.0","-0.7","57.78","-56.54","3140","6553.5","135.2","0","0","0","0","50.0","135.2","37.4","30.0","2.73","-4.3","11.9","3.473","0.657","0.20","12.6","1.01","0"
"2.750","0.0000","14","0.0000","0.0000","0.0000","0.0000","0.0000","34.3732","18.6720","0.1324","10000.0000","45.39216949","-75.69718873","40.6","12.8","-98.5","40","30","48","1","0","0.18","0.00","-1.04","-0.3","0.0","-0.7","57.67","-56.61","3116","6553.5","138.0","0","0","0","0","50.0","138.0","37.4","30.0","2.63","-4.3","11.9","3.452","0.656","0.20","12.5","1.01","0"
"2.800","0.0000","14","0.0000","0.0000","0.0000","0.0000","0.0000","34.3732","18.5480","0.1352","10000.0000","45.39216949","-75.69718873","40.6","12.8","-98.5","40","30","48","1","0","0.07","-0.03","-0.96","-0.2","0.0","-0.8","57.57","-56.69","3096","6553.5","140.8","0","0","0","0","50.0","140.9","37.4","30.0","2.55","-4.3","11.9","3.404","0.655","0.20","12.4","1.02","0"
"2.850","0.0000","14","0.0000","0.0000","0.0000","0.0000","0.0000","34.3732","18.4480","0.1452","10000.0000","45.39216949","-75.69718873","40.6","12.8","-98.5","40","30","48","1","0","-0.28","0.03","-0.82","-0.2","0.0","-0.8","57.46","-56.47","2994","6553.5","143.0","0","0","0","0","50.0","143.1","37.3","30.0","2.51","-4.3","11.8","3.399","0.666","0.20","12.5","1.05","0"
"2.900","0.0477","14","0.0000","0.0000","-1.2070","5.8891","0.0000","34.3769","19.3100","0.1526","10000.0000","45.39216956","-75.69718872","40.6","12.8","-98.4","40","30","48","1","0","-0.52","0.10","-0.75","-0.2","0.0","-0.7","57.35","-56.32","2903","6553.5","145.2","0","0","0","0","50.0","145.2","37.3","30.0","2.45","-4.3","11.8","3.401","0.677","0.20","12.6","1.09","0"
"2.950","0.1395","14","0.0000","0.0000","-3.5282","17.2143","0.0000","34.3842","21.0600","0.1576","10000.0000","45.39216969","-75.69718870","40.6","12.9","-98.5","40","30","48","1","0","-0.57","0.12","-0.75","-0.2","-0.0","-0.7","57.28","-56.49","2892","6553.5","147.6","0","0","0","0","50.0","147.7","37.4","30.0","2.35","-4.3","11.8","3.425","0.682","0.20","12.6","1.12","0"
"3.000","0.1520","14","0.0000","0.0000","-5.2020","-18.3397","0.0000","34.3896","21.7440","0.1600","10000.0000","45.39216976","-75.69718870","40.6","12.9","-98.4","40","30","48","1","0","-0.51","0.09","-0.83","-0.2","-0.1","-0.7","57.26","-56.78","2886","6553.5","150.1","0","0","0","0","50.0","150.2","37.4","30.0","2.30","-4.3","11.8","3.439","0.684","0.20","12.5","1.14","0"
"3.050","0.0914","14","0.0000","0.0000","-6.2784","-97.1669","0.0000","34.3931","21.4440","0.1600","10000.0000","45.39216979","-75.69718870","40.6","12.9","-98.5","40","30","48","1","0","-0.37","0.02","-0.90","-0.2","-0.1","-0.7","57.24","-57.12","2888","6553.5","152.6","0","0","0","0","50.0","152.7","37.3","30.0","2.37","-4.3","11.7","3.432","0.678","0.20","12.5","1.16","0"
"3.100","0.0555","14","0.0000","0.0000","-7.6260","-120.6281","0.0000","34.3949","21.1700","0.1522","10000.0000","45.39216984","-75.69718869","40.6","12.9","-98.5","40","30","48","1","0","-0.06","-0.02","-1.04","-0.2","-0.1","-0.7","57.23","-57.30","2889","6553.5","155.1","0","0","0","0","50.0","155.1","37.3","30.0","2.43","-4.3","11.6","3.431","0.677","0.20","12.4","1.19","0"
"3.150","0.0423","14","0.0000","0.0000","-9.2242","-92.9821","0.0000","34.3951","20.9200","0.1372","10000.0000","45.39216990","-75.69718867","40.6","12.9","-98.5","40","30","48","1","0","0.35","-0.08","-1.20","-0.1","-0.1","-0.7","57.21","-57.31","2889","6553.5","157.4","0","0","0","0","50.0","157.4","37.3","30.0","2.46","-4.3","11.7","3.436","0.681","0.20","12.4","1.22","0"
"3.200","0.0360","14","0.0000","0.0000","-4.7958","-32.9121","0.0000","34.3957","20.6960","0.1300","10000.0000","45.39216996","-75.69718862","40.6","12.9","-98.5","40","30","48","1","0","0.54","-0.13","-1.20","-0.1","-0.0","-0.7","57.19","-57.34","2921","6553.5","159.7","0","0","0","0","50.0","159.7","37.3","30.0","2.47","-4.3","11.7","3.426","0.685","0.20","12.5","1.25","0"
"3.250","0.0360","14","0.0000","0.0000","5.1955","57.0879","0.0000","34.3967","20.4960","0.1300","10000.0000","45.39217002","-75.69718855","40.6","12.9","-98.5","40","30","48","1","0","0.50","-0.07","-1.11","-0.1","0.0","-0.7","57.18","-57.37","2962","6553.5","161.9","0","0","0","0","50.0","161.9","37.3","30.0","2.39","-4.3","11.8","3.411","0.688","0.20","12.5","1.24","0"
"3.300","0.0399","14","0.0000","0.0000","7.0624","30.0296","0.0000","34.3973","20.2960","0.1352","10000.0000","45.39217008","-75.69718850","40.6","12.9","-98.5","40","30","48","1","0","0.31","0.00","-1.08","-0.1","0.0","-0.7","57.16","-57.37","2951","6553.5","164.1","0","0","0","0","50.0","164.1","37.3","30.0","2.33","-4.3","11.8","3.401","0.694","0.20","12.6","1.23","0"
"3.350","0.0473","14","0.0000","0.0000","1.4299","-105.0827","0.0000","34.3974","20.0960","0.1452","10000.0000","45.39217014","-75.69718848","40.6","12.9","-98.5","40","30","48","1","0","0.01","0.05","-1.01","-0.1","-0.0","-0.7","57.14","-56.94","2939","6553.5","166.1","0","0","0","0","50.0","166.2","37.3","30.0","2.32","-4.3","11.8","3.399","0.698","0.20","12.5","1.23","0"
"3.400","0.1065","14","0.0000","0.0000","-1.8982","-142.1415","0.0000","34.3990","19.9220","0.1422","10000.0000","45.39217022","-75.69718850","40.6","12.9","-98.5","40","30","48","1","0","-0.29","0.09","-0.90","-0.1","-0.1","-0.7","57.13","-57.02","2935","6553.5","168.1","0","0","0","0","50.0","168.2","37.3","30.0","2.30","-4.3","11.7","3.439","0.693","0.20","12.4","1.23","0"
"3.450","0.2133","14","0.0000","0.0000","-3.0994","-88.6894","0.0000","34.4018","19.7720","0.1272","10000.0000","45.39217032","-75.69718855","40.6","12.9","-98.5","40","30","48","1","0","-0.48","0.12","-0.83","-0.1","-0.1","-0.7","57.11","-57.13","2919","6553.5","170.4","0","0","0","0","50.0","170.4","37.3","30.0","2.30","-4.3","11.7","3.456","0.688","0.20","12.3","1.23","0"
"3.500","0.2167","14","0.0000","0.0000","-5.1623","-15.8234","0.0000","34.4051","19.5960","0.1200","10000.0000","45.39217039","-75.69718857","40.6","12.9","-98.5","40","30","48","1","0","-0.59","0.14","-0.76","-0.1","-0.1","-0.7","57.09","-57.29","2882","6553.5","172.7","0","0","0","0","50.0","172.7","37.3","30.0","2.32","-4.3","11.7","3.435","0.684","0.20","12.2","1.24","0"
"3.550","0.1247","14","0.0000","0.0000","-8.0207","74.9631","0.0000","34.4086","19.3960","0.1200","10000.0000","45.39217042","-75.69718857","40.6","12.9","-98.5","40","30","48","1","0","-0.57","0.11","-0.81","-0.2","-0.1","-0.6","57.08","-57.61","2879","6553.5","175.1","0","0","0","0","50.0","175.1","37.3","30.0","2.42","-4.3","11.7","3.428","0.685","0.20","12.4","1.24","0"
"3.600","0.0728","14","0.0000","0.0000","-6.6194","90.3366","0.0000","34.4100","19.2220","0.1304","10000.0000","45.39217047","-75.69718859","40.6","12.9","-98.5","40","30","48","1","0","-0.36","0.04","-0.91","-0.2","-0.1","-0.6","57.06","-57.80","2903","6553.5","177.5","0","0","0","0","50.0","177.5","37.2","30.0","2.50","-4.3","11.6","3.435","0.688","0.20","12.6","1.23","0"
"3.650","0.0580","14","0.0000","0.0000","-1.2863","36.0980","0.0000","34.4092","19.0720","0.1504","10000.0000","45.39217054","-75.69718864","40.6","12.9","-98.5","40","30","48","1","0","0.06","0.01","-1.00","-0.2","-0.1","-0.6","57.05","-57.95","2924","6553.5","179.8","0","0","0","0","50.0","179.8","37.2","30.0","2.54","-4.3","11.6","3.429","0.691","0.20","12.6","1.23","0"
"3.700","0.0658","14","0.0000","0.0000","-1.0315","45.2367","0.0000","34.4085","18.9480","0.1548","10000.0000","45.39217061","-75.69718869","40.6","12.9","-98.6","40","30","48","1","0","0.58","-0.03","-1.15","-0.2","-0.1","-0.6","57.03","-58.12","2943","6553.5","182.1","0","0","0","0","50.0","182.1","37.2","30.0","2.55","-4.3","11.6","3.420","0.694","0.20","12.5","1.24","0"
"3.750","0.0943","14","0.0000","0.0000","-5.4643","112.8775","0.0000","34.4078","18.8480","0.1448","10000.0000","45.39217069","-75.69718873","40.6","12.9","-98.5","40","30","48","1","0","0.96","-0.10","-1.27","-0.2","-0.2","-0.7","57.01","-58.36","2950","6553.5","184.1","0","0","0","0","50.0","184.2","37.2","30.0","2.46","-4.3","11.6","3.413","0.696","0.20","12.5","1.23","0"
"3.800","0.0932","14","0.0000","0.0000","-0.1561","78.1984","0.0000","34.4103","18.7220","0.1374","10000.0000","45.39217076","-75.69718882","40.6","12.9","-98.4","40","30","48","1","0","1.02","-0.17","-1.24","-0.2","-0.2","-0.7","57.00","-58.39","2957","6553.5","186.1","0","0","0","0","50.0","186.2","37.2","30.0","2.40","-4.3","11.6","3.403","0.697","0.20","12.6","1.22","0"
"3.850","0.0646","14","0.0000","0.0000","14.1439","-50.9298","0.0000","34.4157","18.5720","0.1324","10000.0000","45.39217084","-75.69718894","40.6","12.9","-98.5","40","30","48","1","0","0.86","-0.23","-1.26","-0.2","-0.1","-0.7","56.98","-58.62","2966","6553.5","188.3","0","0","0","0","50.0","188.3","37.2","30.0","2.42","-4.3","11.5","3.383","0.696","0.20","12.6","1.22","0"
"3.900","0.0658","14","0.0000","0.0000","16.7208","-75.9391","0.0000","34.4197","18.4480","0.1378","10000.0000","45.39217093","-75.69718902","40.6","12.9","-98.4","40","30","48","1","0","0.51","-0.26","-1.29","-0.3","-0.2","-0.7","56.96","-58.90","2982","6553.5","190.5","0","0","0","0","50.0","190.5","37.2","30.0","2.42","-4.3","11.4","3.379","0.694","0.20","12.5","1.21","0"
"3.950","0.0943","14","0.0000","0.0000","8.4763","-4.8385","0.0000","34.4226","18.3480","0.1528","10000.0000","45.39217103","-75.69718907","40.6","12.9","-98.4","40","30","48","1","0","-0.26","-0.27","-1.12","-0.3","-0.2","-0.6","56.95","-60.31","3008","6553.5","192.4","0","0","0","0","50.0","192.5","37.2","30.0","2.43","-4.3","11.3","3.400","0.693","0.20","12.5","1.21","0"
"4.000","0.0986","14","0.0000","0.0000","0.7463","0.9493","0.0000","34.4250","18.2480","0.1522","10000.0000","45.39217114","-75.69718915","40.6","12.9","-98.5","40","30","48","1","0","-0.81","-0.28","-0.94","-0.3","-0.3","-0.5","56.95","-60.37","3011","6553.5","194.3","0","0","0","0","50.0","194.4","37.2","30.0","2.42","-4.3","11.3","3.398","0.691","0.20","12.5","1.21","0"
"4.050","0.0806","14","0.0000","0.0000","-6.5088","-53.5517","0.0000","34.4270","18.1480","0.1372","10000.0000","45.39217125","-75.69718926","40.6","12.9","-98.5","40","30","48","1","0","-0.92","-0.29","-0.93","-0.4","-0.3","-0.4","56.99","-60.65","2996","6553.5","196.7","0","0","0","0","50.0","196.8","37.2","30.0","2.39","-4.3","11.3","3.376","0.690","0.20","12.5","1.21","0"
"4.100","0.0814","14","0.0000","0.0000","-6.2186","-51.3716","0.0000","34.4275","18.0480","0.1378","10000.0000","45.39217134","-75.69718933","40.6","12.9","-98.4","40","30","48","1","0","-0.85","-0.30","-1.12","-0.4","-0.3","-0.4","57.03","-60.95","2990","6553.5","199.2","0","0","0","0","50.0","199.2","37.2","30.0","2.39","-4.3","11.3","3.387","0.689","0.20","12.6","1.21","0"
"4.150","0.0994","14","0.0000","0.0000","1.0365","3.1293","0.0000","34.4268","17.9480","0.1528","10000.0000","45.39217141","-75.69718938","40.6","12.9","-98.5","40","30","48","1","0","-0.66","-0.29","-1.34","-0.4","-0.3","-0.4","57.06","-61.42","2988","6553.5","201.2","0","0","0","0","50.0","201.3","37.2","30.0","2.43","-4.3","11.3","3.409","0.688","0.20","12.6","1.21","0"
"4.200","0.0893","14","0.0000","0.0000","0.7463","0.9493","0.0000","34.4279","17.8480","0.1522","10000.0000","45.39217146","-75.69718943","40.6","12.9","-98.5","40","30","48","1","0","-0.09","-0.18","-1.32","-0.4","-0.3","-0.4","57.10","-61.60","2988","6553.5","203.2","0","0","0","0","50.0","203.3","37.1","30.0","2.45","-4.3","11.3","3.406","0.690","0.20","12.6","1.22","0"
"4.250","0.0533","14","0.0000","0.0000","-6.5088","-53.5517","0.0000","34.4306","17.7480","0.1372","10000.0000","45.39217150","-75.69718950","40.6","12.9","-98.5","40","30","48","1","0","0.68","-0.03","-1.17","-0.4","-0.3","-0.5","57.14","-61.41","2981","6553.5","205.5","0","0","0","0","50.0","205.5","37.1","30.0","2.43","-4.3","11.3","3.398","0.689","0.20","12.6","1.21","0"
"4.300","0.0429","14","0.0000","0.0000","-9.1602","-94.0880","0.0000","34.4315","17.6480","0.1378","10000.0000","45.39217156","-75.69718955","40.6","12.9","-98.4","40","30","48","1","0","1.04","0.03","-1.11","-0.4","-0.3","-0.5","57.17","-61.12","2937","6553.5","207.8","0","0","0","0","50.0","207.8","37.1","30.0","2.43","-4.3","11.3","3.376","0.676","0.20","12.5","1.20","0"
"4.350","0.0560","14","0.0000","0.0000","-7.5621","-121.7339","0.0000","34.4308","17.5480","0.1528","10000.0000","45.39217163","-75.69718960","40.6","12.9","-98.5","40","30","48","1","0","0.84","-0.02","-1.13","-0.4","-0.3","-0.4","57.21","-60.86","2915","6553.5","209.8","0","0","0","0","50.0","209.8","37.1","30.0","2.43","-4.3","11.3","3.368","0.667","0.20","12.5","1.20","0"
"4.400","0.0742","14","0.0000","0.0000","-6.5308","-85.7141","0.0000","34.4324","17.4480","0.1574","10000.0000","45.39217171","-75.69718961","40.6","13.0","-98.5","40","30","48","1","0","0.25","-0.09","-1.16","-0.3","-0.2","-0.4","57.25","-60.80","2932","6553.5","211.7","0","0","0","0","50.0","211.8","37.1","30.0","2.45","-4.3","11.3","3.389","0.665","0.20","12.4","1.20","0"
"4.450","0.0970","14","0.0000","0.0000","-6.0226","9.0739","0.0000","34.4361","17.3480","0.1524","10000.0000","45.39217181","-75.69718959","40.6","13.0","-98.5","40","30","48","1","0","-0.31","-0.17","-1.18","-0.3","-0.2","-0.5","57.29","-60.86","2940","6553.5","213.7","0","0","0","0","50.0","213.8","37.1","30.0","2.52","-4.3","11.3","3.414","0.669","0.20","12.4","1.20","0"
"4.500","0.0961","14","0.0000","0.0000","-6.0429","5.2824","0.0000","34.4393","17.2740","0.1500","10000.0000","45.39217187","-75.69718962","40.6","13.0","-98.4","40","30","48","1","0","-0.69","-0.29","-1.18","-0.3","-0.2","-0.5","57.32","-60.94","2940","6553.5","215.7","0","0","0","0","50.0","215.8","37.1","30.0","2.59","-4.3","11.3","3.443","0.678","0.20","12.3","1.21","0"
"4.550","0.0733","14","0.0000","0.0000","-6.5511","-89.5057","0.0000","34.4420","17.2240","0.1500","10000.0000","45.39217191","-75.69718968","40.6","13.0","-98.5","40","30","48","1","0","-0.98","-0.33","-1.19","-0.2","-0.3","-0.5","57.36","-61.17","2965","6553.5","217.9","0","0","0","0","50.0","217.9","37.1","30.0","2.66","-4.3","11.4","3.443","0.679","0.20","12.4","1.20","0"
"4.600","0.0726","14","0.0000","0.0000","-4.6972","-97.2864","0.0000","34.4429","17.1480","0.1526","10000.0000","45.39217197","-75.69718973","40.6","13.0","-98.5","40","30","48","1","0","-1.08","-0.34","-1.23","-0.2","-0.3","-0.5","57.40","-61.32","2999","6553.5","220.1","0","0","0","0","50.0","220.1","37.1","30.0","2.71","-4.3","11.4","3.433","0.677","0.20","12.6","1.18","0"
"4.650","0.0924","14","0.0000","0.0000","-0.6628","-24.7527","0.0000","34.4422","17.0480","0.1576","10000.0000","45.39217204","-75.69718978","40.6","13.0","-98.5","40","30","48","1","0","-1.03","-0.34","-1.27","-0.0","-0.3","-0.4","57.44","-61.04","2998","6553.5","222.2","0","0","0","0","50.0","222.2","37.1","30.0","2.74","-4.3","11.4","3.436","0.678","0.20","12.6","1.18","0"
"4.700","0.0916","14","0.0000","0.0000","-0.8242","-27.6540","0.0000","34.4455","16.9740","0.1600","10000.0000","45.39217207","-75.69718981","40.6","13.0","-98.5","40","30","48","1","0","-0.77","-0.33","-1.29","0.1","-0.4","-0.3","57.47","-60.54","2991","6553.5","224.3","0","0","0","0","50.0","224.3","37.1","30.0","2.74","-4.3","11.4","3.438","0.679","0.20","12.5","1.17","0"
"4.750","0.0718","14","0.0000","0.0000","-4.8585","-100.1878","0.0000","34.4524","16.9240","0.1600","10000.0000","45.39217207","-75.69718983","40.6","13.0","-98.5","40","30","48","1","0","-0.22","-0.34","-1.22","0.2","-0.3","-0.3","57.51","-60.41","2958","6553.5","226.3","0","0","0","0","50.0","226.3","37.1","30.0","2.69","-4.3","11.4","3.437","0.676","0.20","12.6","1.17","0"
"4.800","0.0742","14","0.0000","0.0000","-6.2032","-139.0876","0.0000","34.4536","16.8480","0.1574","10000.0000","45.39217209","-75.69718986","40.6","13.0","-98.4","40","30","48","1","0","0.44","-0.30","-1.19","0.2","-0.3","-0.4","57.55","-60.54","2948","6553.5","228.2","0","0","0","0","50.0","228.3","37.1","30.0","2.67","-4.3","11.4","3.431","0.676","0.20","12.7","1.18","0"
"4.850","0.0970","14","0.0000","0.0000","-5.0652","-146.9408","0.0000","34.4493","16.7480","0.1524","10000.0000","45.39217213","-75.69718990","40.6","13.0","-98.5","40","30","48","1","0","0.82","-0.21","-1.23","0.1","-0.3","-0.5","57.58","-60.47","2979","6553.5","230.1","0","0","0","0","50.0","230.2","37.1","30.0","2.70","-4.3","11.4","3.414","0.680","0.20","12.7","1.18","0"
"4.900","0.1149","14","0.0000","0.0000","-5.1164","-104.3996","0.0000","34.4496","16.6740","0.1526","10000.0000","45.39217219","-75.69718989","40.6","13.0","-98.5","40","30","48","1","0","0.97","-0.18","-1.23","0.0","-0.2","-0.6","57.62","-60.34","3013","6553.5","232.0","0","0","0","0","50.0","232.1","37.1","30.0","2.73","-4.3","11.4","3.410","0.679","0.20","12.6","1.19","0"
"4.950","0.1283","14","0.0000","0.0000","-6.2654","-15.3407","0.0000","34.4542","16.6240","0.1576","10000.0000","45.39217228","-75.69718981","40.6","13.0","-98.5","40","30","48","1","0","1.09","-0.19","-1.22","-0.1","-0.2","-0.6","57.66","-60.28","3051","6553.5","233.8","0","0","0","0","50.0","233.9","37.0","30.0","2.78","-4.3","11.3","3.415","0.675","0.20","12.6","1.18","0"
"5.000","0.1225","14","0.0000","0.0000","-2.6925","37.1596","0.0000","34.4583","16.5737","0.1574","10000.0000","45.39217234","-75.69718977","40.6","13.0","-98.5","40","30","48","1","0","1.08","-0.18","-1.15","-0.1","-0.2","-0.7","57.70","-60.59","3062","6553.5","235.6","0","0","0","0","50.0","235.7","37.0","30.0","2.81","-4.3","11.3","3.431","0.674","0.20","12.7","1.17","0"
"5.050","0.0990","14","0.0000","0.0000","5.2389","55.9134","0.0000","34.4619","16.5232","0.1523","10000.0000","45.39217237","-75.69718977","40.6","13.0","-98.5","40","30","48","1","0","0.86","-0.11","-1.07","-0.1","-0.2","-0.7","57.74","-61.28","3064","6553.5","237.8","0","0","0","0","50.0","237.8","37.0","30.0","2.81","-4.3","11.2","3.450","0.674","0.20","12.6","1.17","0"
"5.100","0.1067","14","0.0000","0.0000","6.7689","94.9053","0.0000","34.4635","16.4460","0.1527","10000.0000","45.39217239","-75.69718977","40.6","13.0","-98.5","40","30","48","1","0","0.54","-0.01","-0.99","-0.1","-0.2","-0.7","57.81","-61.67","3017","6553.5","240.0","0","0","0","0","50.0","240.0","37.0","30.0","2.79","-4.3","11.2","3.448","0.674","0.20","12.5","1.17","0"
"5.150","0.1411","14","0.0000","0.0000","2.8457","151.1369","0.0000","34.4635","16.3460","0.1577","10000.0000","45.39217239","-75.69718977","40.6","13.0","-98.5","40","30","48","1","0","0.16","0.01","-0.90","-0.1","-0.1","-0.7","57.87","-61.79","2976","6553.5","241.8","0","0","0","0","50.0","241.8","37.0","30.0","2.76","-4.3","11.2","3.446","0.674","0.20","12.5","1.17","0"
"5.200","0.1420","14","0.0000","0.0000","1.1039","131.9297","0.0000","34.4636","16.2730","0.1600","10000.0000","45.39217242","-75.69718976","40.6","13.0","-98.5","40","30","48","1","0","-0.25","0.02","-0.82","-0.1","-0.1","-0.7","57.94","-61.85","2979","6553.5","243.5","0","0","0","0","50.0","243.5","37.0","30.0","2.73","-4.3","11.2","3.446","0.676","0.20","12.5","1.18","0"
"5.250","0.1145","14","0.0000","0.0000","1.2201","48.4597","0.0000","34.4638","16.2230","0.1600","10000.0000","45.39217248","-75.69718975","40.6","13.0","-98.5","40","30","48","1","0","-0.56","0.05","-0.77","-0.1","-0.2","-0.7","58.00","-61.98","2997","6553.5","245.4","0","0","0","0","50.0","245.5","37.0","30.0","2.69","-4.3","11.1","3.440","0.674","0.20","12.5","1.17","0"
"5.300","0.1035","14","0.0000","0.0000","2.9796","-2.0105","0.0000","34.4635","16.1730","0.1546","10000.0000","45.39217255","-75.69718976","40.6","13.0","-98.5","40","30","48","1","0","-0.80","0.10","-0.76","-0.1","-0.2","-0.7","58.06","-62.25","3043","6553.5","247.4","0","0","0","0","50.0","247.5","37.0","30.0","2.67","-4.3","11.1","3.422","0.666","0.20","12.4","1.16","0"
"5.350","0.1066","14","0.0000","0.0000","6.1389","-24.3697","0.0000","34.4627","16.1230","0.1446","10000.0000","45.39217262","-75.69718981","40.6","13.0","-98.5","40","30","48","1","0","-1.00","0.11","-0.79","-0.1","-0.2","-0.6","58.13","-62.51","3047","6553.5","249.5","0","0","0","0","50.0","249.5","37.0","30.0","2.69","-4.3","11.1","3.403","0.661","0.20","12.4","1.16","0"
"5.400","0.1189","14","0.0000","0.0000","3.9343","17.7357","0.0000","34.4606","16.0730","0.1427","10000.0000","45.39217267","-75.69718982","40.6","13.0","-98.4","40","30","48","1","0","-1.10","0.13","-0.85","-0.1","-0.2","-0.6","58.19","-62.76","3015","6553.5","251.5","0","0","0","0","50.0","251.6","37.0","30.0","2.71","-4.3","11.1","3.383","0.657","0.20","12.3","1.17","0"
"5.450","0.1391","14","0.0000","0.0000","-2.8395","114.7555","0.0000","34.4572","16.0230","0.1477","10000.0000","45.39217270","-75.69718981","40.6","13.0","-98.5","40","30","48","1","0","-1.09","0.13","-0.92","-0.2","-0.2","-0.6","58.26","-62.76","3015","6553.5","253.5","0","0","0","0","50.0","253.6","37.0","30.0","2.76","-4.3","11.1","3.397","0.657","0.20","12.3","1.17","0"
"5.500","0.1252","14","0.0000","0.0000","-2.5128","128.4996","0.0000","34.4571","15.9730","0.1500","10000.0000","45.39217274","-75.69718983","40.6","13.0","-98.5","40","30","48","1","0","-1.00","0.10","-0.96","-0.2","-0.2","-0.6","58.32","-62.76","3024","6553.5","255.5","0","0","0","0","50.0","255.6","37.0","30.0","2.79","-4.3","11.1","3.423","0.658","0.20","12.3","1.16","0"
"5.550","0.0822","14","0.0000","0.0000","3.8624","71.3054","0.0000","34.4598","15.9230","0.1500","10000.0000","45.39217278","-75.69718989","40.6","13.0","-98.5","40","30","48","1","0","-0.80","0.07","-0.99","-0.2","-0.2","-0.6","58.39","-62.82","3001","6553.5","257.3","0","0","0","0","50.0","257.3","37.0","30.0","2.78","-4.3","11.2","3.374","0.656","0.20","12.3","1.16","0"
"5.600","0.0593","14","0.0000","0.0000","5.3042","35.5643","0.0000","34.4611","15.8730","0.1527","10000.0000","45.39217283","-75.69718991","40.6","13.0","-98.5","40","30","48","1","0","-0.52","0.05","-1.03","-0.2","-0.2","-0.7","58.45","-62.90","2982","6553.5","259.1","0","0","0","0","50.0","259.1","37.0","30.0","2.76","-4.3","11.2","3.332","0.655","0.20","12.4","1.15","0"
"5.650","0.0535","14","0.0000","0.0000","2.5435","18.0980","0.0000","34.4612","15.8230","0.1577","10000.0000","45.39217289","-75.69718990","40.6","13.0","-98.5","40","30","48","1","0","-0.19","0.04","-1.06","-0.2","-0.2","-0.7","58.51","-62.58","2998","6553.5","261.1","0","0","0","0","50.0","261.1","36.9","30.0","2.71","-4.3","11.2","3.341","0.656","0.20","12.4","1.15","0"
"5.700","0.0679","14","0.0000","0.0000","1.7128","-17.7485","0.0000","34.4604","15.7730","0.1519","10000.0000","45.39217293","-75.69718996","40.6","13.0","-98.4","40","30","48","1","0","0.21","0.02","-1.08","-0.2","-0.3","-0.6","58.58","-62.21","3010","6553.5","263.2","0","0","0","0","50.0","263.2","36.9","30.0","2.66","-4.3","11.2","3.352","0.658","0.20","12.5","1.15","0"
"5.750","0.0994","14","0.0000","0.0000","2.5260","-69.2521","0.0000","34.4586","15.7230","0.1369","10000.0000","45.39217294","-75.69719008","40.6","13.0","-98.5","40","30","48","1","0","0.65","-0.05","-1.14","-0.2","-0.2","-0.6","58.64","-62.30","3014","6553.5","265.1","0","0","0","0","50.0","265.2","36.9","30.0","2.64","-4.3","11.2","3.369","0.662","0.20","12.5","1.15","0"
"5.800","0.0969","14","0.0000","0.0000","12.5828","-51.2470","0.0000","34.4578","15.6730","0.1354","10000.0000","45.39217295","-75.69719014","40.6","13.0","-98.5","40","30","48","1","0","0.95","-0.09","-1.18","-0.2","-0.2","-0.6","58.71","-62.47","3036","6553.5","267.0","0","0","0","0","50.0","267.1","36.9","30.0","2.62","-4.3","11.1","3.393","0.669","0.20","12.5","1.14","0"
"5.850","0.0654","14","0.0000","0.0000","30.5138","25.9692","0.0000","34.4578","15.6230","0.1454","10000.0000","45.39217295","-75.69719014","40.6","13.0","-98.5","40","30","48","1","0","1.03","-0.10","-1.13","-0.1","-0.2","-0.6","58.77","-62.57","3071","6553.5","269.0","0","0","0","0","50.0","269.0","36.9","30.0","2.58","-4.3","11.1","3.425","0.679","0.20","12.6","1.14","0"
"5.900","0.0610","14","0.0000","0.0000","33.5941","90.2798","0.0000","34.4575","15.5730","0.1500","10000.0000","45.39217299","-75.69719016","40.6","13.0","-98.5","40","30","48","1","0","0.83","-0.08","-1.04","-0.1","-0.1","-0.7","58.84","-62.57","3048","6553.5","270.9","0","0","0","0","50.0","271.0","36.9","30.0","2.55","-4.3","11.1","3.407","0.687","0.20","12.7","1.14","0"
"5.950","0.0796","14","0.0000","0.0000","24.0239","143.5966","0.0000","34.4568","15.5230","0.1500","10000.0000","45.39217306","-75.69719021","40.6","13.0","-98.5","40","30","48","1","0","0.47","-0.03","-0.95","-0.1","-0.1","-0.7","59.02","-62.57","3006","6553.5","272.8","0","0","0","0","50.0","272.8","36.9","30.0","2.54","-4.3","11.1","3.374","0.695","0.20","12.7","1.14","0"
"6.000","0.0644","14","0.0000","0.0000","14.3237","122.7293","0.0000","34.4560","15.4730","0.1500","10000.0000","45.39217310","-75.69719026","40.6","13.0","-98.5","40","30","48","1","0","0.01","0.02","-0.83","-0.1","-0.1","-0.7","59.39","-62.53","2991","6553.5","274.6","0","0","0","0","50.0","274.7","36.8","30.0","2.54","-4.3","11.1","3.409","0.696","0.20","12.6","1.14","0"
"6.050","0.0203","14","0.0000","0.0000","4.5130","38.6681","0.0000","34.4551","15.4230","0.1500","10000.0000","45.39217310","-75.69719033","40.6","13.0","-98.5","40","30","48","1","0","-0.49","0.07","-0.72","-0.1","-0.1","-0.7","59.76","-62.41","2984","6553.5","276.1","0","0","0","0","50.0","276.1","36.8","30.0","2.58","-4.3","11.1","3.435","0.697","0.20","12.7","1.14","0"
"6.100","0.0275","14","0.0000","0.0000","0.3439","2.7171","0.0000","34.4524","15.3730","0.1527","10000.0000","45.39217313","-75.69719038","40.6","13.0","-98.5","40","30","48","1","0","-0.83","0.10","-0.69","-0.1","-0.2","-0.7","60.13","-62.31","3011","6553.5","277.5","0","0","0","0","50.0","277.5","36.8","30.0","2.60","-4.3","11.1","3.401","0.694","0.20","12.8","1.15","0"
"6.150","0.0784","14","0.0000","0.0000","0.9807","7.7489","0.0000","34.4481","15.3230","0.1577","10000.0000","45.39217317","-75.69719043","40.6","13.0","-98.5","40","30","48","1","0","-1.04","0.12","-0.72","-0.1","-0.2","-0.6","60.50","-62.37","3031","6553.5","278.8","0","0","0","0","50.0","278.8","36.8","30.0","2.55","-4.3","11.1","3.383","0.692","0.20","12.7","1.16","0"
"6.200","0.0912","14","0.0000","0.0000","2.2000","49.2713","0.0000","34.4481","15.2730","0.1546","10000.0000","45.39217320","-75.69719045","40.6","13.0","-98.5","40","30","48","1","0","-1.16","0.11","-0.76","-0.1","-0.2","-0.6","60.88","-62.44","3040","6553.5","280.0","0","0","0","0","50.0","280.1","36.8","30.0","2.50","-4.3","11.1","3.396","0.692","0.20","12.6","1.17","0"
"6.250","0.0714","14","0.0000","0.0000","3.9156","121.8783","0.0000","34.4516","15.2230","0.1446","10000.0000","45.39217323","-75.69719045","40.7","13.0","-98.5","40","30","48","1","0","-1.14","0.10","-0.85","-0.1","-0.2","-0.7","61.25","-62.51","3062","6553.5","282.0","0","0","0","0","50.0","282.0","36.8","30.0","2.47","-4.3","11.1","3.396","0.686","0.20","12.6","1.17","0"
"6.300","0.0856","14","0.0000","0.0000","1.7139","103.6122","0.0000","34.4510","15.2000","0.1400","10000.0000","45.39217327","-75.69719047","40.7","13.0","-98.6","40","30","48","1","0","-0.76","0.08","-1.00","-0.0","-0.2","-0.8","61.62","-62.57","3095","6553.5","284.1","0","0","0","0","50.0","284.1","36.8","30.0","2.49","-4.3","11.1","3.386","0.675","0.20","12.7","1.16","0"
"6.350","0.1286","14","0.0000","0.0000","-3.8247","7.9358","0.0000","34.4467","15.2000","0.1400","10000.0000","45.39217331","-75.69719052","40.7","13.0","-98.5","40","30","48","1","0","0.12","0.07","-1.12","0.0","-0.2","-0.8","61.99","-62.57","3122","6553.5","286.2","0","0","0","0","50.0","286.2","36.8","30.0","2.67","-4.3","11.1","3.381","0.659","0.20","12.6","1.15","0"
"6.400","0.1667","14","0.0000","0.0000","-4.0813","19.8041","0.0000","34.4466","15.1730","0.1427","10000.0000","45.39217331","-75.69719055","40.7","13.0","-98.5","40","30","48","1","0","0.44","0.04","-1.07","0.1","-0.2","-0.8","62.36","-62.63","3146","6553.5","288.2","0","0","0","0","50.0","288.3","36.8","30.0","2.80","-4.3","11.1","3.376","0.642","0.20","12.5","1.13","0"
"6.450","0.2005","14","0.0000","0.0000","0.1616","123.2847","0.0000","34.4500","15.1230","0.1477","10000.0000","45.39217328","-75.69719056","40.7","13.0","-98.5","40","30","48","1","0","-0.08","0.01","-0.93","0.0","-0.2","-0.8","62.74","-62.70","3188","6553.5","290.4","0","0","0","0","50.0","290.4","36.8","30.0","2.82","-4.3","11.1","3.391","0.652","0.20","12.6","1.13","0"
"6.500","0.1714","14","0.0000","0.0000","1.8866","127.4638","0.0000","34.4492","15.0730","0.1527","10000.0000","45.39217328","-75.69719060","40.7","13.0","-98.5","40","30","48","1","0","-0.24","0.00","-0.95","-0.0","-0.2","-0.8","63.11","-62.82","3230","6553.5","292.6","0","0","0","0","50.0","292.6","36.8","30.0","2.86","-4.3","11.1","3.404","0.662","0.20","12.8","1.12","0"
"6.550","0.0889","14","0.0000","0.0000","1.4668","47.0526","0.0000","34.4450","15.0230","0.1577","10000.0000","45.39217332","-75.69719064","40.7","13.0","-98.5","40","30","48","1","0","0.10","0.01","-0.97","-0.1","-0.2","-0.8","63.48","-63.06","3276","6553.5","290.2","0","0","0","0","50.0","290.2","36.8","30.0","2.94","-4.3","11.1","3.397","0.666","0.20","12.7","1.12","0"
"6.600","0.0663","14","0.0000","0.0000","2.1499","15.2546","0.0000","34.4431","14.9730","0.1600","10000.0000","45.39217338","-75.69719065","40.7","13.0","-98.5","40","30","48","1","0","-0.01","-0.00","-0.96","-0.1","-0.2","-0.8","63.85","-63.13","3310","6553.5","287.1","0","0","0","0","50.0","287.1","36.8","30.0","3.02","-4.3","11.1","3.385","0.671","0.20","12.6","1.11","0"
"6.650","0.0949","14","0.0000","0.0000","3.7725","24.8677","0.0000","34.4432","14.9230","0.1600","10000.0000","45.39217344","-75.69719064","40.7","13.0","-98.5","40","30","48","1","0","0.03","0.00","-0.97","-0.1","-0.2","-0.7","64.22","-63.13","3321","6553.5","287.7","0","0","0","0","50.0","287.8","36.7","30.0","3.08","-4.3","11.1","3.366","0.677","0.20","12.6","1.09","0"
"6.700","0.1189","14","0.0000","0.0000","4.3149","-16.2478","0.0000","34.4447","14.9000","0.1600","10000.0000","45.39217345","-75.69719067","40.7","13.0","-98.5","40","30","48","1","0","-0.01","0.00","-0.98","-0.1","-0.2","-0.6","64.60","-63.13","3328","6553.5","288.9","0","0","0","0","50.0","289.0","36.7","30.0","3.12","-4.3","11.1","3.370","0.680","0.20","12.7","1.07","0"
"6.750","0.1391","14","0.0000","0.0000","3.9372","-100.5766","0.0000","34.4472","14.9000","0.1600","10000.0000","45.39217343","-75.69719075","40.7","13.0","-98.5","40","30","48","1","0","-0.06","-0.00","-0.96","-0.1","-0.1","-0.6","64.97","-63.13","3333","6553.5","289.9","0","0","0","0","50.0","289.9","36.7","30.0","3.09","-4.3","11.1","3.394","0.682","0.20","12.7","1.04","0"
"6.800","0.1322","14","0.0000","0.0000","5.1469","-84.3127","0.0000","34.4480","14.8730","0.1573","10000.0000","45.39217346","-75.69719081","40.7","13.0","-98.5","40","30","48","1","0","-0.04","0.00","-0.98","-0.1","-0.1","-0.5","65.34","-63.13","3334","6553.5","290.9","0","0","0","0","50.0","290.9","36.7","30.0","3.07","-4.3","11.1","3.395","0.685","0.20","12.6","1.00","0"
"6.850","0.1020","14","0.0000","0.0000","7.7089","17.6413","0.0000","34.4473","14.8230","0.1523","10000.0000","45.39217353","-75.69719086","40.8","13.0","-98.5","40","30","48","1","0","-0.05","0.01","-0.99","-0.1","-0.1","-0.6","65.71","-63.13","3334","6553.5","292.0","0","0","0","0","50.0","292.0","36.7","30.0","3.07","-4.3","11.1","3.389","0.687","0.20","12.6","0.97","0"
"6.900","0.0882","14","0.0000","0.0000","4.0882","15.9402","0.0000","34.4447","14.7730","0.1500","10000.0000","45.39217358","-75.69719090","40.8","13.0","-98.5","40","30","48","1","0","0.00","0.03","-0.98","-0.1","-0.1","-0.6","66.08","-63.13","3321","6553.5","293.1","0","0","0","0","50.0","293.2","36.7","30.0","3.08","-4.3","11.1","3.398","0.685","0.20","12.5","0.94","0"
"6.950","0.0882","14","0.0000","0.0000","-4.7992","-74.0598","0.0000","34.4404","14.7230","0.1500","10000.0000","45.39217362","-75.69719095","40.8","13.0","-98.5","40","30","48","1","0","-0.03","0.02","-0.98","-0.2","-0.1","-0.6","66.46","-63.13","3311","6553.5","294.4","0","0","0","0","50.0","294.4","36.7","30.0","3.11","-4.3","11.1","3.411","0.684","0.20","12.5","0.93","0"
"7.000","0.0882","14","0.0000","0.0000","-1.1900","-38.8927","0.0000","34.4403","14.7000","0.1500","10000.0000","45.39217362","-75.69719098","40.8","13.0","-98.5","40","30","48","1","0","0.05","-0.00","-0.98","-0.2","-0.1","-0.7","66.67","-63.13","3318","6553.5","295.7","0","0","0","0","50.0","295.7","36.6","30.0","3.15","-4.3","11.1","3.449","0.683","0.20","12.4","0.92","0"
"7.050","0.0882","14","0.0000","0.0000","13.0645","102.8984","0.0000","34.4437","14.7000","0.1500","10000.0000","45.39217359","-75.69719100","40.8","13.0","-98.5","40","30","48","1","0","-0.02","-0.00","-0.99","-0.2","-0.1","-0.7","66.62","-63.13","3315","6553.5","297.0","0","0","0","0","50.0","297.0","36.6","30.0","3.22","-4.3","11.1","3.486","0.677","0.20","12.4","0.92","0"
"7.100","0.0644","14","0.0000","0.0000","14.3237","122.7293","0.0000","34.4429","14.6730","0.1500","10000.0000","45.39217360","-75.69719103","40.8","13.0","-98.5","40","30","48","1","0","-0.03","0.02","-0.98","-0.2","-0.2","-0.7","66.57","-63.13","3295","6553.5","298.2","0","0","0","0","50.0","298.2","36.7","30.0","3.25","-4.3","11.1","3.522","0.661","0.20","12.4","0.92","0"
"7.150","0.0203","14","0.0000","0.0000","4.5130","38.6681","0.0000","34.4386","14.6230","0.1500","10000.0000","45.39217364","-75.69719107","40.8","13.0","-98.5","40","30","48","1","0","-0.01","0.01","-1.00","-0.2","-0.2","-0.6","66.53","-63.13","3292","6553.5","299.5","0","0","0","0","50.0","299.5","36.7","30.0","3.20","-4.3","11.0","3.540","0.649","0.20","12.4","0.92","0"
"7.200","0.0194","14","0.0000","0.0000","2.6976","27.0777","0.0000","34.4386","14.5730","0.1446","10000.0000","45.39217367","-75.69719109","40.8","13.0","-98.5","40","30","48","1","0","-0.02","-0.00","-0.98","-0.1","-0.1","-0.6","66.48","-63.13","3303","6553.5","300.7","0","0","0","0","50.0","300.8","36.6","30.0","3.15","-4.3","11.0","3.541","0.640","0.20","12.3","0.93","0"
"7.250","0.0554","14","0.0000","0.0000","7.6933","77.2217","0.0000","34.4422","14.5230","0.1346","10000.0000","45.39217370","-75.69719109","40.8","13.0","-98.5","40","30","48","1","0","0.04","-0.01","-1.01","-0.1","-0.1","-0.6","66.43","-63.68","3314","6553.5","302.1","0","0","0","0","50.0","302.1","36.6","30.0","3.09","-4.3","11.0","3.516","0.639","0.20","12.4","0.93","0"
"7.300","0.0526","14","0.0000","0.0000","7.2936","73.2102","0.0000","34.4438","14.5000","0.1354","10000.0000","45.39217372","-75.69719109","40.8","13.0","-98.5","40","30","48","1","0","-0.01","-0.00","-1.01","-0.1","-0.2","-0.6","66.38","-63.79","3326","6553.5","303.4","0","0","0","0","50.0","303.4","36.6","30.0","3.04","-4.3","11.0","3.471","0.641","0.20","12.5","0.93","0"
"7.350","0.0166","14","0.0000","0.0000","2.2980","23.0662","0.0000","34.4438","14.5000","0.1454","10000.0000","45.39217372","-75.69719109","40.9","13.0","-98.5","40","30","48","1","0","0.09","0.01","-1.02","-0.1","-0.2","-0.6","66.34","-63.64","3332","6553.5","304.7","0","0","0","0","50.0","304.7","36.6","30.0","3.05","-4.3","11.0","3.446","0.641","0.20","12.5","0.93","0"
"7.400","0.0000","14","0.0000","0.0000","0.0000","0.0000","0.0000","34.4438","14.4730","0.1527","10000.0000","45.39217372","-75.69719109","40.9","13.0","-98.5","40","30","48","1","0","0.00","0.01","-1.00","-0.2","-0.2","-0.7","66.29","-63.53","3339","6553.5","305.9","0","0","0","0","50.0","306.0","36.6","30.0","3.02","-4.3","11.0","3.429","0.643","0.20","12.6","0.93","0"
"7.450","0.0000","14","0.0000","0.0000","0.0000","0.0000","0.0000","34.4438","14.4230","0.1577","10000.0000","45.39217372","-75.69719109","40.9","13.0","-98.5","40","30","48","1","0","0.02","0.02","-0.99","-0.2","-0.2","-0.7","66.24","-64.05","3346","6553.5","307.1","0","0","0","0","50.0","307.2","36.5","30.0","2.91","-4.3","11.0","3.392","0.656","0.20","12.5","0.93","0"
"7.500","0.0000","14","0.0000","0.0000","0.0000","0.0000","0.0000","34.4438","14.3730","0.1600","10000.0000","45.39217372","-75.69719109","40.9","13.0","-98.5","40","30","48","1","0","-0.10","0.02","-0.99","-0.2","-0.2","-0.7","66.19","-64.07","3352","6553.5","308.3","0","0","0","0","50.0","308.4","36.5","30.0","2.83","-4.3","11.0","3.359","0.664","0.20","12.4","0.93","0"
"7.550","0.0000","14","0.0000","0.0000","0.0000","0.0000","0.0000","34.4438","14.3230","0.1600","10000.0000","45.39217372","-75.69719109","40.9","13.0","-98.5","40","30","48","1","0","-0.07","0.01","-0.96","-0.1","-0.1","-0.7","66.15","-64.02","3356","6553.5","309.6","0","0","0","0","50.0","309.6","36.5","30.0","2.83","-4.3","11.0","3.346","0.662","0.20","12.4","0.93","0"
"7.600","0.0097","14","0.0000","0.0000","2.6976","27.0777","0.0000","34.4452","15.1100","0.1492","10000.0000","45.39217371","-75.69719114","40.9","13.0","-98.5","40","30","48","1","0","-0.03","0.01","-0.97","-0.1","-0.1","-0.7","66.10","-63.98","3352","6553.5","310.9","0","0","0","0","50.0","310.9","36.5","30.0","2.83","-4.3","11.0","3.341","0.663","0.20","12.5","0.93","0"
"7.650","0.0277","14","0.0000","0.0000","7.6933","77.2217","0.0000","34.4477","16.6100","0.1292","10000.0000","45.39217368","-75.69719121","40.9","13.0","-98.5","40","30","48","1","0","-0.10","0.02","-0.98","-0.2","-0.1","-0.7","66.05","-63.51","3341","6553.5","312.2","0","0","0","0","50.0","312.2","36.5","30.0","2.80","-4.3","11.0","3.353","0.665","0.20","12.5","0.93","0"
"7.700","0.0719","14","0.0000","0.0000","8.1275","117.8127","0.0000","34.4484","17.2460","0.1281","10000.0000","45.39217368","-75.69719128","40.9","13.0","-98.5","40","30","48","1","0","-0.03","0.03","-1.00","-0.2","-0.1","-0.7","66.00","-63.50","3331","6553.5","313.4","0","0","0","0","50.0","313.5","36.5","30.0","2.78","-4.3","11.0","3.354","0.666","0.20","12.4","0.93","0"
"7.750","0.1383","14","0.0000","0.0000","4.6760","150.2661","0.0000","34.4475","17.1460","0.1431","10000.0000","45.39217368","-75.69719135","40.9","13.0","-98.5","40","30","48","1","0","-0.12","0.01","-0.97","-0.2","-0.1","-0.7","65.96","-63.70","3322","6553.5","314.8","0","0","0","0","50.0","314.8","36.5","30.0","2.75","-4.3","11.0","3.348","0.667","0.20","12.4","0.93","0"
"7.800","0.1370","14","0.0000","0.0000","2.5983","123.3092","0.0000","34.4486","17.0190","0.1500","10000.0000","45.39217371","-75.69719141","41.0","13.0","-98.5","40","30","48","1","0","-0.04","-0.00","-0.96","-0.2","-0.1","-0.7","65.91","-63.90","3322","6553.5","316.1","0","0","0","0","50.0","316.1","36.5","30.0","2.74","-4.3","11.0","3.382","0.664","0.20","12.5","0.92","0"
"7.850","0.0780","14","0.0000","0.0000","1.6910","45.7437","0.0000","34.4513","16.8690","0.1500","10000.0000","45.39217375","-75.69719147","41.0","12.9","-98.5","40","30","48","1","0","-0.06","-0.00","-0.98","-0.1","-0.1","-0.7","65.86","-63.98","3322","6553.5","317.2","0","0","0","0","50.0","317.2","36.5","30.0","2.78","-4.3","11.0","3.429","0.662","0.20","12.5","0.92","0"
"7.900","0.0589","14","0.0000","0.0000","5.4857","-37.6489","0.0000","34.4535","16.7460","0.1527","10000.0000","45.39217379","-75.69719156","41.0","12.9","-98.5","40","30","48","1","0","-0.03","0.03","-0.98","-0.1","-0.2","-0.7","65.81","-63.98","3322","6553.5","318.3","0","0","0","0","50.0","318.3","36.4","30.0","2.83","-4.3","10.9","3.420","0.663","0.20","12.5","0.92","0"
"7.950","0.0737","14","0.0000","0.0000","13.2858","-126.0051","0.0000","34.4553","16.6460","0.1577","10000.0000","45.39217384","-75.69719169","41.0","12.9","-98.5","40","30","48","1","0","0.05","0.02","-1.00","-0.1","-0.2","-0.7","65.76","-64.06","3317","6553.5","319.6","0","0","0","0","50.0","319.6","36.4","30.0","2.88","-4.3","11.0","3.415","0.664","0.20","12.5","0.92","0"
"8.000","0.0685","14","0.0000","0.0000","24.5737","-121.6537","0.0000","34.4558","16.5730","0.1546","10000.0000","45.39217390","-75.69719177","41.0","12.9","-98.5","40","30","48","1","0","-0.04","-0.00","-0.98","-0.1","-0.2","-0.7","65.72","-64.21","3304","6553.5","321.0","0","0","0","0","50.0","321.0","36.5","30.0","2.94","-4.3","11.0","3.445","0.663","0.20","12.6","0.92","0"
"8.050","0.0462","14","0.0000","0.0000","38.8325","-38.3293","0.0000","34.4551","16.5230","0.1446","10000.0000","45.39217397","-75.69719182","41.0","12.9","-98.5","40","30","48","1","0","0.04","-0.00","-1.00","-0.1","-0.1","-0.7","65.62","-64.03","3307","6553.5","322.2","0","0","0","0","50.0","322.3","36.5","30.0","3.00","-4.3","11.0","3.445","0.661","0.20","12.6","0.92","0"
"8.100","0.0501","14","0.0000","0.0000","39.0708","8.7397","0.0000","34.4543","16.4460","0.1427","10000.0000","45.39217401","-75.69719187","41.0","12.9","-98.5","40","30","48","1","0","0.00","-0.01","-1.01","-0.2","-0.1","-0.7","65.44","-63.88","3322","6553.5","323.4","0","0","0","0","50.0","323.5","36.4","30.0","3.06","-4.3","11.0","3.393","0.658","0.20","12.5","0.92","0"
"8.150","0.0762","14","0.0000","0.0000","27.3657","24.9242","0.0000","34.4534","16.3460","0.1477","10000.0000","45.39217402","-75.69719193","41.0","12.9","-98.5","40","30","48","1","0","0.04","0.02","-0.98","-0.2","-0.0","-0.7","65.26","-63.91","3314","6553.5","324.9","0","0","0","0","50.0","325.0","36.4","30.0","3.14","-4.3","11.0","3.406","0.659","0.20","12.5","0.92","0"
"8.200","0.0919","14","0.0000","0.0000","21.7185","-6.8566","0.0000","34.4521","16.2460","0.1500","10000.0000","45.39217403","-75.69719203","41.0","12.9","-98.5","40","30","48","1","0","0.12","0.02","-0.99","-0.2","-0.0","-0.7","65.08","-63.96","3299","6553.5","326.5","0","0","0","0","50.0","326.5","36.4","30.0","3.19","-4.3","11.0","3.471","0.661","0.20","12.6","0.92","0"
"8.250","0.0987","14","0.0000","0.0000","21.2318","-79.4968","0.0000","34.4503","16.1460","0.1500","10000.0000","45.39217404","-75.69719215","41.0","12.9","-98.5","40","30","48","1","0","0.00","0.02","-0.97","-0.2","-0.0","-0.7","64.90","-63.91","3289","6553.5","327.6","0","0","0","0","50.0","327.6","36.4","30.0","3.21","-4.3","11.0","3.462","0.663","0.20","12.6","0.92","0"
"8.300","0.0912","14","0.0000","0.0000","32.8046","-54.6803","0.0000","34.4510","16.0730","0.1365","10000.0000","45.39217407","-75.69719224","41.0","13.0","-98.6","40","30","48","1","0","0.07","0.01","-0.98","-0.2","-0.1","-0.7","64.72","-63.88","3283","6553.5","328.7","0","0","0","0","50.0","328.7","36.4","30.0","3.21","-4.3","11.0","3.430","0.665","0.20","12.5","0.92","0"
"8.350","0.0714","14","0.0000","0.0000","54.6504","53.1550","0.0000","34.4537","16.0230","0.1115","10000.0000","45.39217411","-75.69719230","41.0","13.0","-98.5","40","30","48","1","0","-0.00","0.00","-0.95","-0.2","-0.1","-0.7","64.54","-63.78","3290","6553.5","329.9","0","0","0","0","50.0","329.9","36.4","30.0","3.16","-4.3","11.0","3.401","0.670","0.20","12.5","0.92","0"
"8.400","0.0868","14","0.0000","0.0000","54.1561","34.7251","0.0000","34.4540","15.9730","0.1135","10000.0000","45.39217414","-75.69719240","41.0","13.0","-98.5","40","30","48","1","0","0.03","-0.01","-0.97","-0.1","-0.1","-0.7","64.36","-63.64","3294","6553.5","331.2","0","0","0","0","50.0","331.2","36.4","30.0","3.11","-4.3","11.0","3.378","0.672","0.20","12.6","0.92","0"
"8.450","0.1319","14","0.0000","0.0000","34.6315","-91.2641","0.0000","34.4523","15.9230","0.1385","10000.0000","45.39217415","-75.69719252","41.0","13.0","-98.5","40","30","48","1","0","-0.03","-0.01","-0.96","-0.1","-0.1","-0.7","64.18","-63.80","3294","6553.5","332.3","0","0","0","0","50.0","332.3","36.4","30.0","3.09","-4.3","11.0","3.387","0.670","0.20","12.6","0.92","0"
"8.500","0.1437","14","0.0000","0.0000","35.4495","-62.5975","0.0000","34.4510","15.8460","0.1419","10000.0000","45.39217417","-75.69719261","41.0","13.0","-98.5","40","30","48","1","0","0.07","0.01","-0.96","-0.1","-0.2","-0.7","64.00","-63.88","3304","6553.5","333.3","0","0","0","0","50.0","333.3","36.4","30.0","3.08","-4.3","11.0","3.399","0.670","0.20","12.5","0.92","0"
"8.550","0.1271","14","0.0000","0.0000","53.5965","97.8130","0.0000","34.4501","15.7460","0.1269","10000.0000","45.39217417","-75.69719268","41.0","13.0","-98.5","40","30","48","1","0","-0.08","-0.00","-0.96","-0.1","-0.2","-0.7","63.82","-63.95","3322","6553.5","334.3","0","0","0","0","50.0","334.3","36.3","30.0","3.10","-4.3","11.0","3.415","0.672","0.20","12.5","0.92","0"
"8.600","0.1235","14","0.0000","0.0000","56.0262","95.3644","0.0000","34.4493","15.6730","0.1227","10000.0000","45.39217418","-75.69719274","41.0","13.0","-98.5","40","30","48","1","0","-0.04","0.00","-0.99","-0.2","-0.2","-0.7","63.64","-64.06","3319","6553.5","335.4","0","0","0","0","50.0","335.4","36.3","30.0","3.13","-4.3","11.0","3.414","0.677","0.20","12.6","0.93","0"
"8.650","0.1312","14","0.0000","0.0000","45.0672","-45.8160","0.0000","34.4484","15.6230","0.1277","10000.0000","45.39217419","-75.69719280","41.0","13.0","-98.5","40","30","48","1","0","-0.10","0.01","-1.00","-0.2","-0.2","-0.7","63.46","-64.18","3310","6553.5","336.9","0","0","0","0","50.0","337.0","36.3","30.0","3.17","-4.3","11.0","3.399","0.682","0.20","12.5","0.93","0"
"8.700","0.1152","14","0.0000","0.0000","46.6878","-53.1091","0.0000","34.4494","15.5730","0.1246","10000.0000","45.39217421","-75.69719286","41.0","13.0","-98.5","40","30","48","1","0","-0.09","-0.00","-0.98","-0.2","-0.1","-0.7","63.28","-64.24","3291","6553.5","338.6","0","0","0","0","50.0","338.6","36.3","30.0","3.17","-4.3","11.0","3.391","0.677","0.20","12.4","0.92","0"
"8.750","0.0790","14","0.0000","0.0000","59.0245","53.6500","0.0000","34.4521","15.5230","0.1146","10000.0000","45.39217425","-75.69719292","41.0","13.0","-98.5","40","30","48","1","0","-0.10","-0.02","-0.97","-0.2","-0.1","-0.7","63.10","-63.95","3275","6553.5","339.7","0","0","0","0","50.0","339.7","36.3","30.0","3.06","-4.3","11.0","3.384","0.669","0.20","12.4","0.92","0"
"8.800","0.0763","14","0.0000","0.0000","57.5863","68.8038","0.0000","34.4529","15.4730","0.1127","10000.0000","45.39217428","-75.69719298","41.0","13.0","-98.5","40","30","48","1","0","-0.06","-0.01","-0.97","-0.2","-0.1","-0.6","62.92","-63.99","3282","6553.5","340.7","0","0","0","0","50.0","340.7","36.2","30.0","2.98","-4.3","10.9","3.439","0.653","0.20","12.5","0.92","0"
"8.850","0.1020","14","0.0000","0.0000","44.4138","5.9235","0.0000","34.4520","15.4230","0.1177","10000.0000","45.39217428","-75.69719305","41.0","13.0","-98.5","40","30","48","1","0","-0.07","0.00","-1.00","-0.2","-0.1","-0.6","62.74","-64.14","3287","6553.5","341.7","0","0","0","0","50.0","341.7","36.2","30.0","2.94","-4.3","10.9","3.478","0.646","0.20","12.5","0.92","0"
"8.900","0.1048","14","0.0000","0.0000","40.3081","-6.4603","0.0000","34.4516","15.3460","0.1227","10000.0000","45.39217429","-75.69719307","41.0","13.0","-98.5","40","30","48","1","0","-0.09","0.02","-0.99","-0.2","-0.2","-0.6","62.56","-64.32","3289","6553.5","342.7","0","0","0","0","50.0","342.7","36.3","30.0","2.95","-4.3","10.9","3.413","0.654","0.20","12.6","0.92","0"
"8.950","0.0882","14","0.0000","0.0000","43.9260","24.1716","0.0000","34.4516","15.2460","0.1277","10000.0000","45.39217429","-75.69719307","41.0","13.0","-98.5","40","30","48","1","0","0.00","0.01","-1.02","-0.2","-0.2","-0.7","62.38","-64.64","3291","6553.5","343.8","0","0","0","0","50.0","343.8","36.3","30.0","3.04","-4.3","10.9","3.370","0.661","0.20","12.6","0.92","0"
"9.000","0.0805","14","0.0000","0.0000","40.6668","60.7724","0.0000","34.4512","15.1730","0.1246","10000.0000","45.39217429","-75.69719311","41.0","13.0","-98.5","40","30","48","1","0","0.01","-0.00","-0.99","-0.2","-0.2","-0.7","62.20","-64.63","3293","6553.5","344.9","0","0","0","0","50.0","345.0","36.2","30.0","3.12","-4.3","11.0","3.367","0.668","0.20","12.6","0.92","0"
"9.050","0.0805","14","0.0000","0.0000","31.5492","102.4579","0.0000","34.4503","15.1230","0.1146","10000.0000","45.39217430","-75.69719317","41.0","13.0","-98.5","40","30","48","1","0","0.10","0.01","-0.99","-0.2","-0.2","-0.7","62.02","-64.43","3309","6553.5","346.3","0","0","0","0","50.0","346.3","36.2","30.0","3.18","-4.3","11.0","3.384","0.662","0.20","12.6","0.92","0"
"9.100","0.0805","14","0.0000","0.0000","31.6692","132.8086","0.0000","34.4517","15.0730","0.1100","10000.0000","45.39217429","-75.69719321","41.0","13.0","-98.5","40","30","48","1","0","-0.01","0.01","-0.92","-0.2","-0.2","-0.7","62.00","-64.29","3329","6553.5","347.6","0","0","0","0","50.0","347.6","36.2","30.0","3.20","-4.3","11.0","3.416","0.652","0.20","12.6","0.92","0"
"9.150","0.0805","14","0.0000","0.0000","39.6581","153.5040","0.0000","34.4551","15.0230","0.1100","10000.0000","45.39217426","-75.69719322","41.0","13.0","-98.5","40","30","48","1","0","0.03","0.01","-0.92","-0.2","-0.2","-0.7","62.26","-64.43","3313","6553.5","349.1","0","0","0","0","50.0","349.2","36.2","30.0","3.15","-4.3","11.0","3.410","0.654","0.20","12.6","0.92","0"
"9.200","0.0756","14","0.0000","0.0000","43.7096","97.0838","0.0000","34.4562","14.9730","0.1127","10000.0000","45.39217425","-75.69719326","41.0","13.0","-98.5","40","30","48","1","0","-0.09","-0.00","-0.93","-0.2","-0.1","-0.7","62.51","-64.47","3298","6553.5","350.7","0","0","0","0","50.0","350.7","36.2","30.0","3.10","-4.3","11.0","3.393","0.656","0.20","12.6","0.93","0"
"9.250","0.0665","14","0.0000","0.0000","44.4070","-25.0273","0.0000","34.4554","14.9230","0.1177","10000.0000","45.39217425","-75.69719333","41.0","13.0","-98.5","40","30","48","1","0","0.05","-0.00","-0.98","-0.2","-0.1","-0.7","62.77","-64.22","3301","6553.5","351.5","0","0","0","0","50.0","351.5","36.2","30.0","3.05","-4.3","11.0","3.405","0.665","0.20","12.6","0.93","0"
"9.300","0.0455","14","0.0000","0.0000","32.6513","-59.2748","0.0000","34.4550","14.8730","0.1200","10000.0000","45.39217426","-75.69719335","41.0","13.0","-98.5","40","30","48","1","0","-0.13","0.00","-0.98","-0.2","-0.1","-0.7","63.02","-63.89","3304","6553.5","352.2","0","0","0","0","50.0","352.2","36.2","30.0","3.04","-4.3","11.0","3.414","0.672","0.20","12.6","0.92","0"
"9.350","0.0143","14","0.0000","0.0000","10.2874","-18.6756","0.0000","34.4550","14.8230","0.1200","10000.0000","45.39217426","-75.69719335","41.0","13.0","-98.5","40","30","48","1","0","-0.03","-0.00","-0.99","-0.2","-0.1","-0.7","63.28","-63.79","3308","6553.5","352.9","0","0","0","0","50.0","352.9","36.1","30.0","3.08","-4.3","11.0","3.402","0.676","0.20","12.6","0.92","0"
"9.400","0.0000","14","0.0000","0.0000","0.0000","0.0000","0.0000","34.4550","14.7730","0.1254","10000.0000","45.39217426","-75.69719335","41.0","13.0","-98.6","40","30","48","1","0","-0.11","-0.01","-0.97","-0.2","-0.1","-0.7","63.53","-63.79","3313","6553.5","353.6","0","0","0","0","50.0","353.7","36.1","30.0","3.11","-4.3","11.0","3.399","0.677","0.20","12.6","0.92","0"
"9.450","0.0000","14","0.0000","0.0000","0.0000","0.0000","0.0000","34.4550","14.7230","0.1354","10000.0000","45.39217426","-75.69719335","41.0","13.0","-98.5","40","30","48","1","0","-0.02","0.00","-0.98","-0.2","-0.1","-0.7","63.78","-64.10","3320","6553.5","354.6","0","0","0","0","50.0","354.6","36.1","30.0","3.14","-4.3","10.9","3.414","0.675","0.20","12.6","0.92","0"
"9.500","0.0000","14","0.0000","0.0000","0.0000","0.0000","0.0000","34.4550","14.7000","0.1427","10000.0000","45.39217426","-75.69719335","41.0","13.0","-98.5","40","30","48","1","0","0.01","0.01","-1.00","-0.1","-0.1","-0.6","64.04","-64.26","3308","6553.5","355.6","0","0","0","0","50.0","355.6","36.1","30.0","3.15","-4.3","11.0","3.422","0.676","0.20","12.6","0.92","0"
"9.550","0.0000","14","0.0000","0.0000","0.0000","0.0000","0.0000","34.4550","14.7000","0.1477","10000.0000","45.39217426","-75.69719335","41.0","13.0","-98.5","40","30","48","1","0","-0.03","0.01","-0.96","-0.1","-0.1","-0.6","64.29","-64.26","3286","6553.5","356.9","0","0","0","0","50.0","356.9","36.1","30.0","3.11","-4.3","11.0","3.422","0.678","0.20","12.6","0.92","0"
"9.600","0.0000","14","0.0000","0.0000","0.0000","0.0000","0.0000","34.4550","14.6730","0.1446","10000.0000","45.39217426","-75.69719335","41.0","13.0","-98.4","40","30","48","1","0","-0.11","0.01","-0.97","-0.2","-0.1","-0.6","64.55","-64.11","3277","6553.5","358.1","0","0","0","0","50.0","358.1","36.1","30.0","3.08","-4.3","11.0","3.407","0.680","0.20","12.5","0.91","0"
"9.650","0.0000","14","0.0000","0.0000","0.0000","0.0000","0.0000","34.4550","14.6230","0.1346","10000.0000","45.39217426","-75.69719335","41.0","13.0","-98.5","40","30","48","1","0","-0.07","0.01","-0.95","-0.2","-0.1","-0.6","64.80","-63.98","3270","6553.5","359.5","0","0","0","0","50.0","359.5","36.0","30.0","3.06","-4.3","11.0","3.383","0.681","0.20","12.6","0.91","0"
"9.700","0.0000","14","0.0000","0.0000","0.0000","0.0000","0.0000","34.4550","14.5730","0.1300","10000.0000","45.39217426","-75.69719335","41.0","13.0","-98.5","40","30","48","1","0","0.04","0.01","-0.97","-0.2","-0.1","-0.6","65.06","-63.95","3254","6553.5","360.9","0","0","0","0","50.0","360.9","36.1","30.0","3.07","-4.3","11.0","3.430","0.657","0.20","12.7","0.90","0"
"9.750","0.0000","14","0.0000","0.0000","0.0000","0.0000","0.0000","34.4550","14.5230","0.1300","10000.0000","45.39217426","-75.69719335","41.0","13.0","-98.5","40","30","48","1","0","0.02","0.01","-0.96","-0.2","-0.1","-0.6","65.31","-63.90","3242","6553.5","361.7","0","0","0","0","50.0","361.8","36.1","30.0","3.14","-4.3","11.0","3.490","0.641","0.20","12.7","0.90","0"
"9.800","0.0000","14","0.0000","0.0000","0.0000","0.0000","0.0000","34.4550","14.4730","0.1273","10000.0000","45.39217426","-75.69719335","41.0","13.0","-98.5","40","30","48","1","0","0.01","0.01","-1.00","-0.2","-0.2","-0.6","65.57","-63.88","3245","6553.5","362.5","0","0","0","0","50.0","362.6","36.0","30.0","3.15","-4.3","11.0","3.463","0.656","0.20","12.6","0.90","0"
"9.850","0.0000","14","0.0000","0.0000","0.0000","0.0000","0.0000","34.4550","14.4230","0.1223","10000.0000","45.39217426","-75.69719335","41.0","13.0","-98.5","40","30","48","1","0","0.10","0.03","-0.99","-0.2","-0.2","-0.6","65.82","-63.72","3253","6553.5","362.7","0","0","0","0","50.0","362.7","36.0","30.0","3.04","-4.3","11.0","3.437","0.664","0.20","12.6","0.90","0"
"9.900","0.0000","14","0.0000","0.0000","0.0000","0.0000","0.0000","34.4550","14.3730","0.1254","10000.0000","45.39217426","-75.69719335","41.0","13.0","-98.6","40","30","48","1","0","-0.05","0.03","-0.99","-0.2","-0.2","-0.7","66.07","-63.87","3271","6553.5","362.9","0","0","0","0","50.0","362.9","36.0","30.0","2.94","-4.3","10.9","3.417","0.662","0.20","12.7","0.90","0"
"9.950","0.0000","14","0.0000","0.0000","0.0000","0.0000","0.0000","34.4550","14.3230","0.1354","10000.0000","45.39217426","-75.69719335","41.0","13.0","-98.5","40","30","48","1","0","-0.03","0.03","-0.95","-0.1","-0.2","-0.7","66.33","-64.18","3284","6553.5","363.7","0","0","0","0","50.0","363.7","36.0","30.0","2.87","-4.3","10.9","3.403","0.667","0.20","12.7","0.91","0"
"10.000","0.0322","14","0.0000","0.0000","-2.2895","-14.6288","0.0000","34.4531","15.1100","0.1373","10000.0000","45.39217424","-75.69719335","41.0","13.0","-98.4","40","30","48","1","0","-0.11","0.00","-0.94","-0.1","-0.1","-0.7","66.58","-64.36","3292","6553.5","364.5","0","0","0","0","50.0","364.5","36.0","30.0","2.80","-4.3","10.9","3.398","0.675","0.20","12.6","0.92","0"
"10.050","0.0919","14","0.0000","0.0000","-6.5293","-41.7192","0.0000","34.4495","16.6100","0.1323","10000.0000","45.39217421","-75.69719335","41.0","13.0","-98.5","40","30","48","1","0","-0.05","0.00","-0.96","-0.1","-0.1","-0.7","66.84","-64.46","3307","6553.5","365.4","0","0","0","0","50.0","365.4","36.0","30.0","2.75","-4.3","10.9","3.412","0.676","0.20","12.6","0.92","0"
"10.100","0.1110","14","0.0000","0.0000","-2.5579","-44.3150","0.0000","34.4459","17.2190","0.1354","10000.0000","45.39217418","-75.69719335","41.0","13.0","-98.5","40","30","48","1","0","-0.06","0.00","-1.01","-0.1","-0.1","-0.7","67.09","-64.64","3322","6553.5","366.3","0","0","0","0","50.0","366.3","36.0","30.0","2.71","-4.3","10.9","3.438","0.674","0.20","12.7","0.92","0"
"10.150","0.0954","14","0.0000","0.0000","8.4083","-26.0449","0.0000","34.4424","17.0690","0.1454","10000.0000","45.39217415","-75.69719335","41.0","13.0","-98.5","40","30","48","1","0","-0.06","0.00","-1.01","-0.1","-0.1","-0.7","67.19","-64.87","3331","6553.5","367.2","0","0","0","0","50.0","367.2","35.9","30.0","2.72","-4.3","10.9","3.450","0.672","0.20","12.7","0.92","0"
"10.200","0.1149","14","0.0000","0.0000","12.3205","18.5208","0.0000","34.4412","16.9460","0.1446","10000.0000","45.39217413","-75.69719332","41.0","13.0","-98.5","40","30","48","1","0","0.01","-0.00","-1.02","-0.1","-0.2","-0.7","67.04","-64.91","3337","6553.5","368.0","0","0","0","0","50.0","368.0","35.9","30.0","2.75","-4.3","10.9","3.457","0.672","0.20","12.6","0.91","0"
"10.250","0.1643","14","0.0000","0.0000","10.2236","85.4866","0.0000","34.4421","16.8460","0.1346","10000.0000","45.39217412","-75.69719326","41.0","13.0","-98.5","40","30","48","1","0","-0.09","-0.02","-0.99","-0.1","-0.2","-0.7","66.89","-64.94","3333","6553.5","369.3","0","0","0","0","50.0","369.3","35.9","30.0","2.84","-4.3","10.9","3.406","0.684","0.20","12.7","0.91","0"
"10.300","0.1995","14","0.0000","0.0000","7.6697","41.6710","0.0000","34.4423","16.7730","0.1381","10000.0000","45.39217405","-75.69719325","41.0","13.0","-98.6","40","30","48","1","0","0.01","-0.02","-1.00","-0.2","-0.1","-0.7","66.74","-64.78","3330","6553.5","370.6","0","0","0","0","50.0","370.6","35.9","30.0","2.88","-4.3","10.9","3.368","0.690","0.20","12.8","0.90","0"
"10.350","0.2227","14","0.0000","0.0000","4.7265","-96.5141","0.0000","34.4420","16.7230","0.1531","10000.0000","45.39217392","-75.69719328","41.0","13.0","-98.5","40","30","48","1","0","-0.10","-0.01","-1.00","-0.2","-0.1","-0.8","66.59","-64.75","3330","6553.5","371.7","0","0","0","0","50.0","371.7","35.9","30.0","2.85","-4.3","10.9","3.375","0.691","0.20","12.7","0.90","0"
"10.400","0.1995","14","0.0000","0.0000","3.6821","-108.9497","0.0000","34.4386","16.6460","0.1600","10000.0000","45.39217386","-75.69719325","41.0","13.0","-98.6","40","30","48","1","0","-0.11","0.01","-1.00","-0.2","-0.1","-0.7","66.43","-64.82","3316","6553.5","372.7","0","0","0","0","50.0","372.7","35.9","30.0","2.88","-4.3","10.9","3.396","0.681","0.20","12.6","0.90","0"
"10.450","0.1368","14","0.0000","0.0000","4.2553","-14.2651","0.0000","34.4325","16.5460","0.1600","10000.0000","45.39217385","-75.69719317","41.0","13.0","-98.5","40","30","48","1","0","-0.14","0.00","-1.01","-0.2","-0.1","-0.7","66.28","-64.90","3294","6553.5","374.0","0","0","0","0","50.0","374.1","35.9","30.0","3.00","-4.3","10.9","3.436","0.666","0.20","12.7","0.90","0"
"10.500","0.1125","14","0.0000","0.0000","2.0286","14.7064","0.0000","34.4310","16.4460","0.1546","10000.0000","45.39217384","-75.69719318","41.0","13.0","-98.5","40","30","48","1","0","0.04","0.01","-1.02","-0.2","-0.1","-0.7","66.13","-64.95","3290","6553.5","375.4","0","0","0","0","50.0","375.4","35.9","30.0","3.05","-4.3","10.9","3.453","0.654","0.20","12.8","0.90","0"
"10.550","0.1209","14","0.0000","0.0000","-2.5833","-12.2997","0.0000","34.4336","16.3460","0.1446","10000.0000","45.39217381","-75.69719326","41.0","13.0","-98.5","40","30","48","1","0","-0.07","0.02","-1.00","-0.2","-0.1","-0.6","65.98","-64.95","3290","6553.5","376.3","0","0","0","0","50.0","376.3","35.8","30.0","3.01","-4.3","10.8","3.456","0.643","0.20","12.7","0.90","0"
"10.600","0.1048","14","0.0000","0.0000","2.2377","-48.5335","0.0000","34.4366","16.2730","0.1400","10000.0000","45.39217378","-75.69719330","41.0","13.0","-98.5","40","30","48","1","0","0.02","0.01","-0.97","-0.2","-0.1","-0.6","65.83","-65.09","3276","6553.5","377.2","0","0","0","0","50.0","377.2","35.9","30.0","2.94","-4.3","10.8","3.444","0.657","0.20","12.6","0.90","0"
"10.650","0.0679","14","0.0000","0.0000","15.0940","-92.6279","0.0000","34.4400","16.2230","0.1400","10000.0000","45.39217375","-75.69719332","41.0","13.0","-98.5","40","30","48","1","0","-0.04","0.00","-0.97","-0.2","-0.1","-0.6","65.67","-65.39","3264","6553.5","378.5","0","0","0","0","50.0","378.6","35.9","30.0","2.85","-4.3","10.9","3.429","0.668","0.20","12.7","0.90","0"
"10.700","0.0469","14","0.0000","0.0000","3.7577","-77.1052","0.0000","34.4378","16.1460","0.1427","10000.0000","45.39217374","-75.69719332","41.0","13.0","-98.5","40","30","48","1","0","0.02","0.01","-0.97","-0.2","-0.1","-0.6","65.52","-65.54","3255","6553.5","379.9","0","0","0","0","50.0","379.9","35.8","30.0","2.78","-4.3","10.9","3.422","0.671","0.20","12.8","0.90","0"
"10.750","0.0394","14","0.0000","0.0000","-28.1872","-10.7975","0.0000","34.4308","16.0460","0.1477","10000.0000","45.39217374","-75.69719330","41.0","13.0","-98.5","40","30","48","1","0","-0.15","-0.00","-0.95","-0.2","-0.1","-0.7","65.37","-64.90","3240","6553.5","380.3","0","0","0","0","50.0","380.3","35.8","30.0","2.73","-4.3","10.8","3.417","0.675","0.20","12.7","0.90","0"
"10.800","0.0719","14","0.0000","0.0000","-32.7614","-24.7629","0.0000","34.4271","15.9730","0.1500","10000.0000","45.39217374","-75.69719333","41.0","13.0","-98.5","40","30","48","1","0","-0.04","0.01","-0.93","-0.2","-0.1","-0.7","65.22","-65.21","3216","6553.5","380.7","0","0","0","0","50.0","380.7","35.8","30.0","2.70","-4.3","10.8","3.421","0.679","0.20","12.6","0.90","0"
"10.850","0.1383","14","0.0000","0.0000","-14.0198","-107.1089","0.0000","34.4263","15.9230","0.1500","10000.0000","45.39217375","-75.69719339","41.0","13.0","-98.5","40","30","48","1","0","-0.22","0.00","-0.95","-0.2","-0.1","-0.7","65.07","-65.20","3230","6553.5","381.4","0","0","0","0","50.0","381.5","35.8","30.0","2.69","-4.3","10.8","3.409","0.679","0.20","12.6","0.90","0"
"10.900","0.1450","14","0.0000","0.0000","-6.4770","-73.8353","0.0000","34.4277","15.8730","0.1446","10000.0000","45.39217374","-75.69719343","41.0","13.0","-98.6","40","30","48","1","0","-0.03","0.02","-0.97","-0.2","-0.1","-0.7","64.92","-65.16","3267","6553.5","382.2","0","0","0","0","50.0","382.3","35.8","30.0","2.69","-4.3","10.8","3.376","0.676","0.20","12.7","0.90","0"
"10.950","0.1008","14","0.0000","0.0000","-8.4741","57.9290","0.0000","34.4311","15.8230","0.1346","10000.0000","45.39217371","-75.69719344","41.0","13.0","-98.5","40","30","48","1","0","-0.12","-0.00","-0.95","-0.1","-0.1","-0.7","64.76","-65.14","3258","6553.5","383.5","0","0","0","0","50.0","383.5","35.8","30.0","2.72","-4.3","10.8","3.391","0.661","0.20","12.6","0.90","0"
"11.000","0.1000","14","0.0000","0.0000","-6.5128","89.2518","0.0000","34.4323","15.7460","0.1354","10000.0000","45.39217373","-75.69719347","41.0","13.0","-98.5","40","30","48","1","0","0.06","-0.00","-1.01","-0.1","-0.2","-0.7","64.61","-65.14","3239","6553.5","384.8","0","0","0","0","50.0","384.8","35.8","30.0","2.79","-4.3","10.8","3.433","0.644","0.20","12.5","0.90","0"
"11.050","0.1361","14","0.0000","0.0000","-1.1796","35.0132","0.0000","34.4316","15.6460","0.1454","10000.0000","45.39217380","-75.69719352","41.0","13.0","-98.5","40","30","48","1","0","-0.09","-0.01","-1.00","-0.1","-0.2","-0.7","64.46","-65.14","3261","6553.5","385.0","0","0","0","0","50.0","385.0","35.7","30.0","2.92","-4.3","10.8","3.447","0.653","0.20","12.5","0.90","0"
"11.100","0.1212","14","0.0000","0.0000","13.1855","7.3463","0.0000","34.4313","15.5730","0.1500","10000.0000","45.39217383","-75.69719354","41.0","13.0","-98.5","40","30","48","1","0","0.07","0.00","-1.01","-0.1","-0.2","-0.7","64.31","-65.14","3277","6553.5","385.2","0","0","0","0","50.0","385.2","35.7","30.0","3.01","-4.3","10.8","3.454","0.661","0.20","12.5","0.90","0"
"11.150","0.0628","14","0.0000","0.0000","35.2444","2.3146","0.0000","34.4313","15.5230","0.1500","10000.0000","45.39217383","-75.69719354","41.0","13.0","-98.5","40","30","48","1","0","-0.06","0.01","-0.97","-0.2","-0.2","-0.6","64.16","-65.21","3270","6553.5","386.6","0","0","0","0","50.0","386.6","35.7","30.0","3.02","-4.3","10.8","3.407","0.667","0.20","12.5","0.90","0"
"11.200","0.0400","14","0.0000","0.0000","54.7159","-23.5239","0.0000","34.4322","15.4730","0.1446","10000.0000","45.39217386","-75.69719361","41.0","13.0","-98.6","40","30","48","1","0","0.07","0.02","-0.99","-0.2","-0.2","-0.6","63.94","-65.18","3263","6553.5","388.1","0","0","0","0","50.0","388.1","35.7","30.0","3.03","-4.3","10.8","3.376","0.674","0.20","12.6","0.90","0"
"11.250","0.0475","14","0.0000","0.0000","71.9832","-67.0868","0.0000","34.4341","15.4230","0.1346","10000.0000","45.39217391","-75.69719373","41.0","13.0","-98.5","40","30","48","1","0","-0.05","0.02","-0.97","-0.1","-0.2","-0.6","63.60","-65.14","3257","6553.5","388.7","0","0","0","0","50.0","388.7","35.7","30.0","3.04","-4.3","10.9","3.401","0.681","0.20","12.7","0.90","0"
"11.300","0.0828","14","0.0000","0.0000","59.1800","-18.9992","0.0000","34.4307","15.3730","0.1354","10000.0000","45.39217393","-75.69719381","41.0","13.0","-98.5","40","30","48","1","0","0.04","0.02","-1.01","-0.1","-0.2","-0.7","63.27","-65.17","3254","6553.5","389.3","0","0","0","0","50.0","389.3","35.7","30.0","3.05","-4.3","10.9","3.447","0.673","0.20","12.8","0.90","0"
"11.350","0.1417","14","0.0000","0.0000","20.7610","107.1610","0.0000","34.4228","15.3230","0.1454","10000.0000","45.39217394","-75.69719386","41.0","13.0","-98.5","40","30","48","1","0","-0.02","0.03","-0.95","-0.1","-0.2","-0.7","62.94","-65.22","3254","6553.5","389.1","0","0","0","0","50.0","389.1","35.7","30.0","3.05","-4.3","10.9","3.523","0.655","0.20","12.8","0.90","0"
"11.400","0.1450","14","0.0000","0.0000","4.7905","103.9981","0.0000","34.4207","15.2730","0.1446","10000.0000","45.39217396","-75.69719391","41.0","13.0","-98.5","40","30","48","1","0","-0.18","0.02","-0.97","-0.1","-0.2","-0.7","62.61","-65.25","3240","6553.5","388.9","0","0","0","0","50.0","388.9","35.7","30.0","2.98","-4.3","11.0","3.526","0.658","0.20","12.7","0.89","0"
"11.450","0.1008","14","0.0000","0.0000","7.9427","-9.3289","0.0000","34.4234","15.2230","0.1346","10000.0000","45.39217400","-75.69719398","41.0","13.0","-98.5","40","30","48","1","0","0.11","0.02","-1.00","-0.1","-0.2","-0.7","62.27","-65.25","3223","6553.5","388.9","0","0","0","0","50.0","388.9","35.6","30.0","2.77","-4.3","11.0","3.485","0.666","0.20","12.7","0.89","0"
"11.500","0.1011","14","0.0000","0.0000","6.5756","-45.6744","0.0000","34.4238","15.1730","0.1354","10000.0000","45.39217406","-75.69719406","41.0","13.0","-98.5","40","30","48","1","0","-0.10","0.00","-0.92","-0.1","-0.2","-0.7","61.94","-64.84","3205","6553.5","388.9","0","0","0","0","50.0","388.9","35.6","30.0","2.64","-4.3","11.1","3.444","0.677","0.20","12.6","0.89","0"
"11.550","0.1393","14","0.0000","0.0000","1.3587","-16.4430","0.0000","34.4222","15.1230","0.1454","10000.0000","45.39217414","-75.69719417","41.0","13.0","-98.5","40","30","48","1","0","0.02","-0.01","-0.96","-0.1","-0.2","-0.7","61.61","-63.95","3201","6553.5","390.3","0","0","0","0","50.0","390.4","35.6","30.0","2.67","-4.3","11.3","3.406","0.681","0.20","12.6","0.89","0"
"11.600","0.1712","14","0.0000","0.0000","-0.5857","-39.4696","0.0000","34.4191","15.0730","0.1527","10000.0000","45.39217417","-75.69719425","41.0","13.0","-98.5","40","30","48","1","0","0.10","-0.00","-0.97","-0.1","-0.2","-0.7","61.28","-61.68","3247","6553.5","391.9","0","0","0","0","50.0","391.9","35.6","30.0","2.73","-4.3","11.7","3.461","0.663","0.20","12.5","0.89","0"
"11.650","0.1977","14","0.0000","0.0000","0.2576","-107.0122","0.0000","34.4147","15.0230","0.1577","10000.0000","45.39217414","-75.69719432","41.0","13.0","-98.5","40","30","48","1","0","-0.10","-0.01","-0.97","-0.1","-0.2","-0.7","60.94","-59.86","3256","6553.5","392.6","0","0","0","0","50.0","392.6","35.6","30.0","2.84","-4.3","12.3","3.487","0.657","0.20","12.5","0.90","0"
"11.700","0.1750","14","0.0000","0.0000","-1.8446","-78.8744","0.0000","34.4127","14.9730","0.1546","10000.0000","45.39217417","-75.69719434","41.0","13.0","-98.5","40","30","48","1","0","-0.08","-0.01","-0.97","-0.2","-0.2","-0.7","60.61","-55.74","3212","6553.5","393.2","0","0","0","0","50.0","393.3","35.6","30.0","2.91","-4.3","12.9","3.411","0.668","0.20","12.6","0.91","0"
"11.750","0.1103","14","0.0000","0.0000","-6.4560","30.7688","0.0000","34.4129","14.9230","0.1446","10000.0000","45.39217423","-75.69719432","41.0","13.0","-98.5","40","30","48","1","0","-0.17","-0.00","-0.98","-0.2","-0.2","-0.7","60.28","-50.29","3206","6553.5","394.0","0","0","0","0","50.0","394.0","35.6","30.0","2.93","-4.3","13.6","3.371","0.671","0.20","12.6","0.91","0"
"11.800","0.0685","14","0.0000","0.0000","5.9943","59.2794","0.0000","34.4126","14.8730","0.1427","10000.0000","45.39217429","-75.69719434","41.0","13.0","-98.6","40","30","48","1","0","0.12","0.01","-0.99","-0.2","-0.2","-0.7","59.94","-47.62","3224","6553.5","394.7","0","0","0","0","50.0","394.8","35.5","30.0","2.88","-4.3","14.0","3.380","0.670","0.20","12.7","0.91","0"
"11.850","0.0462","14","0.0000","0.0000","32.9787","18.6771","0.0000","34.4118","14.8230","0.1477","10000.0000","45.39217437","-75.69719438","41.0","13.0","-98.5","40","30","48","1","0","-0.09","0.01","-0.95","-0.2","-0.2","-0.7","59.61","-45.48","3241","6553.5","396.2","0","0","0","0","50.0","396.2","35.5","30.0","2.70","-4.3","14.3","3.396","0.677","0.20","12.7","0.91","0"
"11.900","0.0431","14","0.0000","0.0000","34.4061","41.9249","0.0000","34.4092","14.8000","0.1500","10000.0000","45.39217442","-75.69719443","41.0","13.0","-98.5","40","30","48","1","0","-0.04","0.02","-1.00","-0.2","-0.1","-0.7","59.28","-45.48","3258","6553.5","397.7","0","0","0","0","50.0","397.7","35.5","30.0","2.60","-4.3","14.4","3.416","0.686","0.20","12.6","0.90","0"
"11.950","0.0563","14","0.0000","0.0000","14.0627","119.5637","0.0000","34.4049","14.8000","0.1500","10000.0000","45.39217446","-75.69719448","41.0","13.0","-98.5","40","30","48","1","0","-0.08","0.03","-0.97","-0.2","-0.1","-0.7","58.95","-44.39","3260","6553.5","397.9","0","0","0","0","50.0","397.9","35.5","30.0","2.64","-4.3","14.5","3.476","0.665","0.20","12.6","0.90","0"
"12.000","0.0693","14","0.0000","0.0000","1.4360","101.4410","0.0000","34.4007","14.7730","0.1473","10000.0000","45.39217450","-75.69719452","41.0","13.0","-98.5","40","30","48","1","0","0.02","0.01","-0.98","-0.2","-0.1","-0.7","58.61","-43.23","3257","6553.5","398.1","0","0","0","0","50.0","398.1","35.5","30.0","2.69","-4.3","14.4","3.544","0.652","0.20","12.7","0.90","0"
"12.050","0.0822","14","0.0000","0.0000","-4.6173","1.7437","0.0000","34.3964","14.7230","0.1423","10000.0000","45.39217454","-75.69719457","41.0","13.0","-98.5","40","30","48","1","0","0.03","0.02","-0.96","-0.2","-0.2","-0.7","58.28","-42.35","3233","6553.5","399.3","0","0","0","0","50.0","399.3","35.5","30.0","2.77","-4.3","14.4","3.502","0.663","0.20","12.6","0.90","0"
"12.100","0.1044","14","0.0000","0.0000","-3.6828","6.6542","0.0000","34.3944","14.6730","0.1400","10000.0000","45.39217455","-75.69719459","41.0","13.1","-98.5","40","30","48","1","0","-0.11","0.00","-0.98","-0.2","-0.2","-0.7","57.95","-42.11","3222","6553.5","400.6","0","0","0","0","50.0","400.6","35.5","30.0","2.84","-4.3","14.4","3.459","0.672","0.20","12.4","0.89","0"
"12.150","0.1346","14","0.0000","0.0000","3.2043","100.6750","0.0000","34.3944","14.6230","0.1400","10000.0000","45.39217455","-75.69719459","41.0","13.1","-98.6","40","30","48","1","0","0.09","-0.01","-0.99","-0.1","-0.2","-0.8","57.62","-42.17","3228","6553.5","401.9","0","0","0","0","50.0","401.9","35.5","30.0","2.92","-4.3","14.4","3.415","0.676","0.20","12.5","0.89","0"
"12.200","0.1301","14","0.0000","0.0000","13.8315","96.5562","0.0000","34.3941","14.6000","0.1400","10000.0000","45.39217459","-75.69719461","41.0","13.1","-98.5","40","30","48","1","0","-0.04","0.00","-0.98","-0.1","-0.2","-0.8","57.28","-42.25","3240","6553.5","403.2","0","0","0","0","50.0","403.2","35.5","30.0","3.00","-4.3","14.4","3.400","0.678","0.20","12.6","0.89","0"
"12.250","0.0961","14","0.0000","0.0000","27.6446","8.8369","0.0000","34.3933","14.6000","0.1400","10000.0000","45.39217466","-75.69719466","41.0","13.1","-98.5","40","30","48","1","0","0.06","0.02","-1.00","-0.2","-0.2","-0.7","56.95","-42.41","3255","6553.5","402.6","0","0","0","0","50.0","402.5","35.5","30.0","3.09","-4.3","14.3","3.428","0.681","0.20","12.6","0.89","0"
"12.300","0.0782","14","0.0000","0.0000","27.5166","4.0726","0.0000","34.3930","14.5730","0.1373","10000.0000","45.39217469","-75.69719468","41.0","13.1","-98.5","40","30","48","1","0","-0.05","0.01","-0.98","-0.2","-0.2","-0.7","56.99","-42.54","3263","6553.5","401.8","0","0","0","0","50.0","401.7","35.5","30.0","3.12","-4.3","14.3","3.419","0.683","0.20","12.5","0.89","0"
"12.350","0.0740","14","0.0000","0.0000","15.5129","69.9735","0.0000","34.3930","14.5230","0.1323","10000.0000","45.39217469","-75.69719468","41.0","13.1","-98.5","40","30","48","1","0","0.06","0.02","-0.96","-0.2","-0.2","-0.7","57.05","-42.54","3270","6553.5","402.5","0","0","0","0","50.0","402.5","35.4","30.0","3.06","-4.3","14.3","3.389","0.685","0.20","12.6","0.89","0"
"12.400","0.0743","14","0.0000","0.0000","11.8496","28.2150","0.0000","34.3912","14.4730","0.1354","10000.0000","45.39217471","-75.69719467","41.0","13.1","-98.5","40","30","48","1","0","-0.03","-0.00","-0.98","-0.2","-0.1","-0.7","57.11","-42.55","3259","6553.5","403.4","0","0","0","0","50.0","403.4","35.4","30.0","3.02","-4.3","14.3","3.453","0.661","0.20","12.8","0.88","0"
"12.450","0.0785","14","0.0000","0.0000","15.2909","-105.2535","0.0000","34.3878","14.4230","0.1454","10000.0000","45.39217474","-75.69719466","41.0","13.1","-98.5","40","30","48","1","0","0.09","0.01","-0.99","-0.2","-0.1","-0.7","57.17","-42.56","3249","6553.5","404.5","0","0","0","0","50.0","404.5","35.4","30.0","3.02","-4.3","14.3","3.534","0.646","0.20","12.7","0.88","0"
"12.500","0.0988","14","0.0000","0.0000","12.3686","-97.3024","0.0000","34.3844","14.4000","0.1473","10000.0000","45.39217477","-75.69719464","41.0","13.1","-98.5","40","30","48","1","0","-0.07","0.01","-0.97","-0.2","-0.1","-0.6","57.23","-42.58","3245","6553.5","405.5","0","0","0","0","50.0","405.5","35.4","30.0","3.02","-4.3","14.3","3.449","0.664","0.20","12.6","0.88","0"
"12.550","0.1328","14","0.0000","0.0000","4.0255","31.1172","0.0000","34.3810","14.4000","0.1423","10000.0000","45.39217480","-75.69719463","41.0","13.0","-98.5","40","30","48","1","0","0.06","0.01","-1.02","-0.2","-0.1","-0.6","57.29","-42.60","3252","6553.5","406.3","0","0","0","0","50.0","406.4","35.4","30.0","3.03","-4.3","14.2","3.384","0.672","0.20","12.7","0.88","0"
"12.600","0.1507","14","0.0000","0.0000","3.4805","55.3993","0.0000","34.3809","14.3730","0.1373","10000.0000","45.39217484","-75.69719465","41.0","13.0","-98.5","40","30","48","1","0","-0.10","0.02","-1.02","-0.2","-0.1","-0.6","57.35","-42.63","3277","6553.5","407.1","0","0","0","0","50.0","407.2","35.4","30.0","2.98","-4.3","14.1","3.388","0.666","0.20","12.8","0.88","0"
"12.650","0.1550","14","0.0000","0.0000","9.5785","-9.0285","0.0000","34.3836","14.3230","0.1323","10000.0000","45.39217488","-75.69719471","41.0","13.0","-98.6","40","30","48","1","0","0.09","0.03","-1.01","-0.2","-0.1","-0.6","57.41","-42.83","3278","6553.5","408.4","0","0","0","0","50.0","408.4","35.4","30.0","2.81","-4.3","14.0","3.397","0.671","0.20","12.7","0.88","0"
"12.700","0.1384","14","0.0000","0.0000","12.0626","-66.6979","0.0000","34.3825","14.2730","0.1381","10000.0000","45.39217492","-75.69719477","41.0","13.0","-98.5","40","30","48","1","0","-0.08","0.02","-0.98","-0.2","-0.2","-0.6","57.47","-43.32","3264","6553.5","409.6","0","0","0","0","50.0","409.6","35.4","30.0","2.70","-4.3","13.9","3.411","0.683","0.20","12.6","0.88","0"
"12.750","0.1040","14","0.0000","0.0000","11.4682","-118.6103","0.0000","34.3782","14.2230","0.1531","10000.0000","45.39217496","-75.69719481","41.0","13.0","-98.5","40","30","48","1","0","0.06","0.02","-1.01","-0.2","-0.2","-0.6","57.53","-43.84","3277","6553.5","410.2","0","0","0","0","50.0","410.2","35.4","30.0","2.68","-4.3","13.7","3.428","0.677","0.20","12.6","0.88","0"
"12.800","0.0935","14","0.0000","0.0000","9.3923","-96.1095","0.0000","34.3744","14.2000","0.1600","10000.0000","45.39217499","-75.69719483","41.0","13.0","-98.5","40","30","48","1","0","-0.00","0.03","-0.99","-0.1","-0.2","-0.7","57.59","-43.99","3293","6553.5","410.7","0","0","0","0","50.0","410.7","35.3","30.0","2.69","-4.3","13.6","3.448","0.668","0.20","12.7","0.88","0"
"12.850","0.1034","14","0.0000","0.0000","6.0544","-10.2196","0.0000","34.3710","14.2000","0.1600","10000.0000","45.39217502","-75.69719481","41.0","13.0","-98.5","40","30","48","1","0","0.04","0.03","-1.01","-0.1","-0.2","-0.7","57.65","-44.93","3261","6553.5","411.9","0","0","0","0","50.0","412.0","35.3","30.0","2.77","-4.3","13.6","3.419","0.666","0.20","12.6","0.88","0"
"12.900","0.1125","14","0.0000","0.0000","4.5691","63.3064","0.0000","34.3676","14.1730","0.1546","10000.0000","45.39217505","-75.69719479","41.0","13.0","-98.5","40","30","48","1","0","0.03","0.03","-0.98","-0.1","-0.1","-0.7","57.70","-45.52","3234","6553.5","413.3","0","0","0","0","50.0","413.3","35.3","30.0","2.82","-4.3","13.6","3.381","0.665","0.20","12.5","0.89","0"
"12.950","0.1209","14","0.0000","0.0000","4.6620","126.3003","0.0000","34.3642","14.1230","0.1446","10000.0000","45.39217509","-75.69719478","41.0","13.0","-98.5","40","30","48","1","0","-0.16","0.02","-1.01","-0.1","-0.1","-0.7","57.76","-45.85","3230","6553.5","414.1","0","0","0","0","50.0","414.1","35.3","30.0","2.84","-4.3","13.5","3.409","0.669","0.20","12.6","0.89","0"
"13.000","0.1008","14","0.0000","0.0000","0.7368","91.8303","0.0000","34.3608","14.0730","0.1400","10000.0000","45.39217512","-75.69719476","41.0","13.0","-98.5","40","30","48","1","0","0.04","0.03","-1.01","-0.1","-0.1","-0.7","57.82","-46.16","3215","6553.5","414.8","0","0","0","0","50.0","414.9","35.3","30.0","2.89","-4.3","13.5","3.423","0.676","0.20","12.7","0.89","0"
"13.050","0.0564","14","0.0000","0.0000","-6.6112","-25.6645","0.0000","34.3574","14.0230","0.1400","10000.0000","45.39217515","-75.69719475","41.0","13.0","-98.5","40","30","48","1","0","-0.14","0.02","-0.97","-0.1","-0.2","-0.7","57.88","-46.38","3186","6553.5","414.2","0","0","0","0","50.0","414.1","35.3","30.0","3.01","-4.3","13.4","3.389","0.684","0.20","12.7","0.88","0"
"13.100","0.0360","14","0.0000","0.0000","-9.9913","-79.7121","0.0000","34.3521","14.0000","0.1400","10000.0000","45.39217516","-75.69719473","41.0","13.0","-98.5","40","30","48","1","0","0.11","0.01","-1.03","-0.1","-0.2","-0.7","57.94","-46.78","3183","6553.5","413.4","0","0","0","0","50.0","413.3","35.3","30.0","3.02","-4.3","13.3","3.371","0.681","0.20","12.7","0.87","0"
"13.150","0.0360","14","0.0000","0.0000","-9.9913","-79.7121","0.0000","34.3451","14.0000","0.1400","10000.0000","45.39217516","-75.69719471","41.0","13.0","-98.5","40","30","48","1","0","0.13","0.01","-0.99","-0.1","-0.2","-0.7","58.00","-47.22","3197","6553.5","414.5","0","0","0","0","50.0","414.6","35.2","30.0","2.85","-4.3","13.1","3.377","0.671","0.20","12.7","0.87","0"
"13.200","0.0501","14","0.0000","0.0000","-1.9958","-12.7968","0.0000","34.3461","13.9730","0.1427","10000.0000","45.39217516","-75.69719468","41.0","13.0","-98.5","40","30","48","1","0","-0.13","-0.00","-0.98","-0.1","-0.2","-0.7","58.06","-47.90","3222","6553.5","415.9","0","0","0","0","50.0","415.9","35.2","30.0","2.71","-4.3","12.9","3.382","0.671","0.20","12.7","0.88","0"
"13.250","0.0762","14","0.0000","0.0000","12.8106","111.1204","0.0000","34.3540","13.9230","0.1477","10000.0000","45.39217515","-75.69719464","41.0","13.0","-98.5","40","30","48","1","0","0.15","0.01","-1.04","-0.1","-0.2","-0.7","58.12","-49.49","3250","6553.5","417.1","0","0","0","0","50.0","417.1","35.2","30.0","2.62","-4.3","12.7","3.386","0.673","0.20","12.6","0.88","0"
"13.300","0.0935","14","0.0000","0.0000","16.3736","113.3725","0.0000","34.3539","13.9000","0.1473","10000.0000","45.39217518","-75.69719460","41.0","13.0","-98.6","40","30","48","1","0","-0.05","0.01","-0.98","-0.1","-0.2","-0.7","58.23","-49.71","3268","6553.5","418.2","0","0","0","0","50.0","418.2","35.2","30.0","2.64","-4.3","12.5","3.383","0.682","0.20","12.4","0.89","0"
"13.350","0.1034","14","0.0000","0.0000","10.3589","11.9838","0.0000","34.3471","13.9000","0.1423","10000.0000","45.39217524","-75.69719457","41.0","13.0","-98.5","40","30","48","1","0","0.02","0.01","-1.01","-0.2","-0.1","-0.7","58.44","-50.64","3279","6553.5","419.9","0","0","0","0","50.0","419.9","35.2","30.0","2.85","-4.3","12.4","3.381","0.685","0.20","12.5","0.89","0"
"13.400","0.1080","14","0.0000","0.0000","3.4924","13.9451","0.0000","34.3425","13.8730","0.1400","10000.0000","45.39217525","-75.69719452","41.0","13.0","-98.6","40","30","48","1","0","-0.05","0.01","-0.99","-0.2","-0.1","-0.6","58.65","-51.73","3266","6553.5","421.7","0","0","0","0","50.0","421.7","35.1","30.0","2.96","-4.3","12.3","3.480","0.667","0.20","12.6","0.89","0"
"13.450","0.1080","14","0.0000","0.0000","-4.0997","103.9451","0.0000","34.3398","13.8230","0.1400","10000.0000","45.39217521","-75.69719446","41.0","13.0","-98.5","40","30","48","1","0","0.05","0.02","-1.00","-0.2","-0.1","-0.6","58.85","-52.82","3259","6553.5","422.1","0","0","0","0","50.0","422.1","35.1","30.0","2.91","-4.3","12.2","3.541","0.661","0.20","12.6","0.89","0"
"13.500","0.0886","14","0.0000","0.0000","6.7135","106.1019","0.0000","34.3387","13.8000","0.1427","10000.0000","45.39217522","-75.69719442","41.0","13.0","-98.5","40","30","48","1","0","0.02","0.03","-0.96","-0.2","-0.1","-0.6","59.06","-52.90","3261","6553.5","422.5","0","0","0","0","50.0","422.5","35.2","30.0","2.86","-4.3","12.1","3.461","0.670","0.20","12.7","0.90","0"
"13.550","0.0526","14","0.0000","0.0000","33.2053","33.4294","0.0000","34.3388","13.8000","0.1477","10000.0000","45.39217529","-75.69719440","41.0","13.0","-98.5","40","30","48","1","0","-0.05","0.03","-0.98","-0.2","-0.1","-0.6","59.26","-54.27","3235","6553.5","421.9","0","0","0","0","50.0","421.9","35.2","30.0","2.80","-4.3","12.0","3.409","0.676","0.20","12.7","0.89","0"
"13.600","0.0538","14","0.0000","0.0000","32.7920","-45.8829","0.0000","34.3351","13.7730","0.1500","10000.0000","45.39217532","-75.69719439","41.0","13.0","-98.4","40","30","48","1","0","0.10","0.02","-0.97","-0.2","-0.1","-0.7","59.47","-54.84","3191","6553.5","421.3","0","0","0","0","50.0","421.2","35.1","30.0","2.75","-4.3","11.9","3.396","0.680","0.20","12.7","0.88","0"
"13.650","0.0867","14","0.0000","0.0000","9.4594","-130.8511","0.0000","34.3282","13.7230","0.1500","10000.0000","45.39217532","-75.69719437","41.0","13.0","-98.5","40","30","48","1","0","-0.10","0.01","-0.90","-0.1","-0.1","-0.7","59.67","-55.34","3188","6553.5","422.8","0","0","0","0","50.0","422.8","35.1","30.0","2.73","-4.3","11.8","3.441","0.663","0.20","12.7","0.88","0"
"13.700","0.0841","14","0.0000","0.0000","11.3260","-124.0537","0.0000","34.3269","13.7000","0.1446","10000.0000","45.39217533","-75.69719437","41.0","13.1","-98.5","40","30","48","1","0","0.01","-0.00","-0.95","-0.1","-0.1","-0.7","59.88","-55.58","3195","6553.5","424.6","0","0","0","0","50.0","424.6","35.1","30.0","2.72","-4.3","11.7","3.522","0.641","0.20","12.7","0.87","0"
"13.750","0.0511","14","0.0000","0.0000","34.6586","-39.0854","0.0000","34.3304","13.7000","0.1346","10000.0000","45.39217536","-75.69719437","41.0","13.1","-98.5","40","30","48","1","0","-0.03","-0.01","-0.96","-0.1","-0.0","-0.7","60.08","-56.43","3213","6553.5","425.8","0","0","0","0","50.0","425.8","35.1","30.0","2.73","-4.3","11.6","3.490","0.653","0.20","12.6","0.87","0"
"13.800","0.0263","14","0.0000","0.0000","33.1358","0.0000","0.0000","34.3283","13.6730","0.1327","10000.0000","45.39217538","-75.69719436","41.0","13.1","-98.5","40","30","48","1","0","-0.07","0.00","-0.98","-0.1","-0.0","-0.7","60.29","-57.73","3224","6553.5","427.0","0","0","0","0","50.0","427.0","35.1","30.0","2.79","-4.3","11.5","3.434","0.665","0.20","12.5","0.88","0"
"13.850","0.0083","14","0.0000","0.0000","10.4401","0.0000","0.0000","34.3214","13.6230","0.1377","10000.0000","45.39217538","-75.69719434","41.0","13.1","-98.5","40","30","48","1","0","0.03","0.01","-1.02","-0.1","0.0","-0.7","60.49","-58.72","3208","6553.5","427.1","0","0","0","0","50.5","427.1","35.1","30.0","2.92","-4.3","11.5","3.435","0.678","0.20","12.6","0.88","0"
"13.900","0.0217","14","0.0000","0.0000","2.5360","-16.5940","0.0000","34.3168","13.6000","0.1373","10000.0000","45.39217539","-75.69719429","41.0","13.1","-98.5","40","30","48","1","0","-0.10","0.01","-0.97","-0.1","0.0","-0.7","60.70","-59.59","3203","6553.5","427.1","0","0","0","0","51.0","427.1","35.1","30.0","2.96","-4.3","11.4","3.429","0.677","0.20","12.8","0.89","0"
"13.950","0.0620","14","0.0000","0.0000","7.2324","-47.3237","0.0000","34.3143","13.6000","0.1323","10000.0000","45.39217541","-75.69719421","41.0","13.1","-98.6","40","30","48","1","0","0.02","-0.00","-1.02","-0.1","0.0","-0.8","60.90","-59.81","3212","6553.5","427.5","0","0","0","0","50.5","427.5","35.0","30.0","2.85","-4.3","11.4","3.398","0.659","0.20","12.8","0.89","0"
"14.000","0.0910","14","0.0000","0.0000","12.9951","-48.5512","0.0000","34.3169","13.5730","0.1327","10000.0000","45.39217542","-75.69719419","41.0","13.1","-98.5","40","30","48","1","0","0.02","-0.01","-0.98","-0.1","0.0","-0.8","61.11","-59.86","3204","6553.5","427.9","0","0","0","0","50.0","427.9","35.0","30.0","2.76","-4.3","11.4","3.383","0.660","0.20","12.7","0.88","0"
"14.050","0.1105","14","0.0000","0.0000","19.6664","-24.6471","0.0000","34.3238","13.5230","0.1377","10000.0000","45.39217542","-75.69719420","41.0","13.1","-98.5","40","30","48","1","0","-0.14","-0.01","-0.93","-0.1","-0.0","-0.8","61.31","-59.95","3186","6553.5","428.9","0","0","0","0","50.5","428.9","35.0","30.0","2.73","-4.3","11.4","3.391","0.672","0.20","12.7","0.88","0"
"14.100","0.1163","14","0.0000","0.0000","21.8323","30.3510","0.0000","34.3237","13.5000","0.1400","10000.0000","45.39217542","-75.69719417","41.0","13.1","-98.5","40","30","48","1","0","0.05","-0.01","-1.01","-0.1","-0.0","-0.8","61.52","-60.07","3205","6553.5","429.9","0","0","0","0","51.0","429.9","35.0","30.0","2.75","-4.3","11.4","3.386","0.677","0.20","12.6","0.89","0"
"14.150","0.1106","14","0.0000","0.0000","20.1603","111.8368","0.0000","34.3176","13.5000","0.1400","10000.0000","45.39217541","-75.69719409","41.0","13.1","-98.5","40","30","48","1","0","0.01","-0.00","-0.99","-0.1","-0.1","-0.7","61.73","-60.11","3231","6553.5","431.0","0","0","0","0","50.5","431.0","35.0","30.0","2.88","-4.3","11.4","3.373","0.681","0.20","12.6","0.89","0"
"14.200","0.1026","14","0.0000","0.0000","20.0906","117.7434","0.0000","34.3116","13.4730","0.1427","10000.0000","45.39217544","-75.69719400","41.0","13.1","-98.5","40","30","48","1","0","0.01","0.01","-1.01","-0.1","-0.1","-0.7","61.93","-59.95","3231","6553.5","432.1","0","0","0","0","50.0","432.1","35.0","30.0","2.94","-4.3","11.4","3.372","0.670","0.20","12.7","0.90","0"
"14.250","0.0927","14","0.0000","0.0000","21.3856","59.2679","0.0000","34.3057","13.4230","0.1477","10000.0000","45.39217549","-75.69719391","41.0","13.1","-98.6","40","30","48","1","0","0.05","0.01","-1.00","-0.1","-0.1","-0.7","62.14","-59.86","3228","6553.5","433.2","0","0","0","0","50.5","433.2","35.0","30.0","2.87","-4.3","11.4","3.374","0.662","0.20","12.7","0.90","0"
"14.300","0.0935","14","0.0000","0.0000","16.6170","69.7686","0.0000","34.3010","13.4000","0.1473","10000.0000","45.39217550","-75.69719387","41.0","13.1","-98.5","40","30","48","1","0","-0.05","0.01","-0.98","-0.1","-0.0","-0.7","62.34","-59.86","3212","6553.5","434.2","0","0","0","0","51.0","434.2","35.0","30.0","2.81","-4.3","11.4","3.385","0.668","0.20","12.8","0.90","0"
"14.350","0.1034","14","0.0000","0.0000","6.6830","139.0270","0.0000","34.2975","13.4000","0.1423","10000.0000","45.39217547","-75.69719387","41.0","13.1","-98.5","40","30","48","1","0","0.14","0.02","-1.04","-0.1","-0.0","-0.7","62.40","-59.86","3206","6553.5","434.6","0","0","0","0","51.0","434.6","35.0","30.0","2.75","-4.3","11.4","3.390","0.675","0.20","12.8","0.90","0"
"14.400","0.0926","14","0.0000","0.0000","1.8866","127.4638","0.0000","34.2940","13.3730","0.1427","10000.0000","45.39217547","-75.69719386","41.0","13.1","-98.5","40","30","48","1","0","0.01","0.02","-0.97","-0.1","-0.0","-0.7","62.24","-59.86","3212","6553.5","435.0","0","0","0","0","51.0","435.0","34.9","30.0","2.73","-4.3","11.3","3.370","0.681","0.20","12.7","0.89","0"
"14.450","0.0640","14","0.0000","0.0000","1.4668","47.0526","0.0000","34.2906","13.3230","0.1477","10000.0000","45.39217550","-75.69719384","41.0","13.1","-98.5","40","30","48","1","0","-0.08","-0.01","-0.96","-0.1","-0.0","-0.7","62.07","-60.11","3203","6553.5","435.5","0","0","0","0","51.0","435.5","34.9","30.0","2.75","-4.3","11.3","3.375","0.677","0.20","12.7","0.89","0"
"14.500","0.0469","14","0.0000","0.0000","-1.7679","-14.1759","0.0000","34.2877","13.3000","0.1446","10000.0000","45.39217553","-75.69719379","41.0","13.1","-98.5","40","30","48","1","0","0.07","0.00","-1.01","-0.1","-0.0","-0.7","61.90","-60.50","3183","6553.5","436.0","0","0","0","0","51.0","436.0","34.9","30.0","2.81","-4.3","11.2","3.416","0.667","0.20","12.7","0.88","0"
"14.550","0.0394","14","0.0000","0.0000","-7.4003","-59.0637","0.0000","34.2851","13.3000","0.1346","10000.0000","45.39217555","-75.69719372","41.0","13.1","-98.5","40","30","48","1","0","-0.11","0.01","-0.94","-0.1","0.0","-0.7","61.73","-60.86","3213","6553.5","436.9","0","0","0","0","51.0","436.9","34.9","30.0","2.91","-4.3","11.0","3.429","0.671","0.20","12.7","0.88","0"
"14.600","0.0400","14","0.0000","0.0000","-1.6215","-88.6759","0.0000","34.2844","13.2730","0.1354","10000.0000","45.39217556","-75.69719365","41.0","13.1","-98.6","40","30","48","1","0","-0.06","0.02","-0.99","-0.1","0.0","-0.7","61.56","-60.97","3254","6553.5","437.9","0","0","0","0","51.0","437.9","34.9","30.0","2.93","-4.3","10.9","3.424","0.678","0.20","12.8","0.89","0"
"14.650","0.0475","14","0.0000","0.0000","13.8781","-105.2755","0.0000","34.2853","13.2230","0.1454","10000.0000","45.39217555","-75.69719359","41.0","13.1","-98.6","40","30","48","1","0","-0.00","0.03","-0.99","-0.1","-0.0","-0.7","61.40","-62.95","3241","6553.5","439.6","0","0","0","0","51.0","439.6","34.9","30.0","2.80","-4.3","10.9","3.392","0.675","0.20","12.8","0.89","0"
"14.700","0.0372","14","0.0000","0.0000","15.3358","-82.4253","0.0000","34.2857","13.2000","0.1446","10000.0000","45.39217555","-75.69719356","41.0","13.1","-98.5","40","30","48","1","0","-0.01","0.02","-1.02","-0.2","-0.1","-0.6","61.23","-64.11","3227","6553.5","441.3","0","0","0","0","51.0","441.3","34.9","30.0","2.70","-4.3","10.9","3.356","0.672","0.20","12.8","0.89","0"
"14.750","0.0117","14","0.0000","0.0000","4.8318","-25.9696","0.0000","34.2857","13.2000","0.1346","10000.0000","45.39217555","-75.69719356","41.0","13.1","-98.5","40","30","48","1","0","0.06","0.02","-1.01","-0.1","-0.1","-0.6","61.06","-64.45","3207","6553.5","440.9","0","0","0","0","51.0","440.9","34.8","30.0","2.66","-4.3","10.8","3.367","0.670","0.20","12.7","0.89","0"
"14.800","0.0000","14","0.0000","0.0000","0.0000","0.0000","0.0000","34.2857","13.2000","0.1300","10000.0000","45.39217555","-75.69719356","41.0","13.1","-98.5","40","30","48","1","0","-0.09","0.01","-0.98","-0.1","-0.1","-0.6","60.89","-64.94","3206","6553.5","440.4","0","0","0","0","51.0","440.4","34.8","30.0","2.64","-4.3","10.8","3.379","0.670","0.20","12.5","0.90","0"
"14.850","0.0000","14","0.0000","0.0000","0.0000","0.0000","0.0000","34.2857","13.2000","0.1300","10000.0000","45.39217555","-75.69719356","41.0","13.1","-98.5","40","30","48","1","0","0.07","0.00","-1.03","-0.1","-0.1","-0.6","60.72","-65.34","3232","6553.5","441.7","0","0","0","0","51.0","441.8","34.8","30.0","2.69","-4.3","10.8","3.395","0.674","0.20","12.5","0.90","0"
"14.900","0.0000","14","0.0000","0.0000","0.0000","0.0000","0.0000","34.2857","13.1730","0.1327","10000.0000","45.39217555","-75.69719356","41.0","13.1","-98.5","40","30","48","1","0","-0.03","0.01","-0.98","-0.1","-0.0","-0.6","60.56","-65.39","3248","6553.5","443.2","0","0","0","0","51.0","443.2","34.8","30.0","2.79","-4.3","10.8","3.397","0.679","0.20","12.6","0.89","0"
"14.950","0.0000","14","0.0000","0.0000","0.0000","0.0000","0.0000","34.2857","13.1230","0.1377","10000.0000","45.39217555","-75.69719356","41.0","13.1","-98.5","40","30","48","1","0","0.03","0.01","-0.99","-0.1","-0.0","-0.6","60.39","-65.52","3256","6553.5","443.7","0","0","0","0","51.0","443.7","34.8","30.0","2.96","-4.3","10.8","3.377","0.687","0.20","12.6","0.89","0"
"15.000","0.0000","14","0.0000","0.0000","0.0000","0.0000","0.0000","34.2857","13.1000","0.1427","10000.0000","45.39217555","-75.69719356","41.0","13.1","-98.5","40","30","48","1","0","0.04","-0.00","-0.98","-0.2","0.0","-0.7","60.22","-65.64","3242","6553.5","444.2","0","0","0","0","51.0","444.2","34.8","30.0","3.05","-4.3","10.8","3.391","0.672","0.20","12.6","0.88","0"
"15.050","0.0000","14","0.0000","0.0000","0.0000","0.0000","0.0000","34.2857","13.1000","0.1477","10000.0000","45.39217555","-75.69719356","41.0","13.1","-98.5","40","30","48","1","0","-0.02","-0.01","-0.99","-0.2","0.0","-0.7","60.05","-65.64","3223","6553.5","444.6","0","0","0","0","51.0","444.6","34.8","30.0","3.00","-4.3","10.9","3.425","0.653","0.20","12.7","0.88","0"
"15.100","0.0000","14","0.0000","0.0000","0.0000","0.0000","0.0000","34.2857","13.0730","0.1500","10000.0000","45.39217555","-75.69719356","41.0","13.1","-98.5","40","30","48","1","0","0.08","0.01","-1.01","-0.2","0.0","-0.7","59.88","-65.28","3216","6553.5","445.1","0","0","0","0","51.0","445.1","34.8","30.0","2.90","-4.3","10.9","3.420","0.665","0.26","12.8","0.88","0"
"15.150","0.0000","14","0.0000","0.0000","0.0000","0.0000","0.0000","34.2857","13.0230","0.1500","10000.0000","45.39217555","-75.69719356","41.0","13.1","-98.5","40","30","48","1","0","-0.14","0.01","-0.95","-0.2","-0.0","-0.7","59.71","-65.13","3212","6553.5","445.9","0","0","0","0","51.0","445.9","34.8","30.0","2.71","-4.3","10.9","3.407","0.677","0.29","12.7","0.88","0"
"15.200","0.0137","14","0.0000","0.0000","0.3439","2.7171","0.0000","34.2839","13.7290","0.1500","10000.0000","45.39217556","-75.69719355","41.0","13.1","-98.6","40","30","48","1","0","-0.02","0.01","-1.00","-0.2","-0.1","-0.7","59.55","-65.01","3216","6553.5","446.7","0","0","0","0","51.0","446.7","34.7","30.0","2.64","-4.3","10.9","3.385","0.685","0.23","12.6","0.88","0"
"15.250","0.0392","14","0.0000","0.0000","0.9807","7.7489","0.0000","34.2805","15.0790","0.1500","10000.0000","45.39217559","-75.69719353","41.0","13.1","-98.5","40","30","48","1","0","0.01","0.03","-0.99","-0.2","-0.1","-0.7","59.38","-64.90","3223","6553.5","447.8","0","0","0","0","51.0","447.8","34.7","30.0","2.77","-4.3","10.9","3.385","0.681","0.20","12.6","0.88","0"
"15.300","0.0509","14","0.0000","0.0000","1.2736","10.0635","0.0000","34.2775","15.6730","0.1500","10000.0000","45.39217562","-75.69719348","41.0","13.1","-98.5","40","30","48","1","0","-0.03","0.01","-0.97","-0.2","-0.1","-0.7","59.21","-64.85","3232","6553.5","448.9","0","0","0","0","51.0","448.9","34.7","30.0","2.87","-4.3","10.9","3.458","0.660","0.20","12.6","0.88","0"
"15.350","0.0509","14","0.0000","0.0000","1.2736","10.0635","0.0000","34.2750","15.6230","0.1500","10000.0000","45.39217564","-75.69719341","41.0","13.1","-98.5","40","30","48","1","0","0.06","-0.00","-0.96","-0.2","-0.0","-0.7","59.04","-64.83","3251","6553.5","450.0","0","0","0","0","51.0","450.0","34.7","30.0","2.91","-4.3","10.9","3.492","0.656","0.20","12.6","0.88","0"
"15.400","0.0589","14","0.0000","0.0000","-4.3128","-39.4372","0.0000","34.2724","15.5460","0.1500","10000.0000","45.39217563","-75.69719334","41.0","13.1","-98.5","40","30","48","1","0","-0.03","-0.00","-0.94","-0.1","0.0","-0.7","59.22","-64.78","3277","6553.5","451.0","0","0","0","0","51.0","451.0","34.6","30.0","2.91","-4.3","10.9","3.472","0.664","0.20","12.6","0.88","0"
"15.450","0.0737","14","0.0000","0.0000","-14.6581","-131.1051","0.0000","34.2697","15.4460","0.1500","10000.0000","45.39217559","-75.69719328","41.0","13.1","-98.5","40","30","48","1","0","0.04","0.00","-0.99","-0.1","0.0","-0.7","59.98","-64.75","3250","6553.5","451.4","0","0","0","0","51.0","451.4","34.6","30.0","2.84","-4.3","10.9","3.450","0.673","0.20","12.7","0.88","0"
"15.500","0.0826","14","0.0000","0.0000","-11.1517","-164.9611","0.0000","34.2684","15.3730","0.1500","10000.0000","45.39217557","-75.69719325","41.0","13.0","-98.5","40","30","48","1","0","-0.09","0.01","-0.97","-0.1","-0.0","-0.7","60.74","-64.83","3211","6553.5","451.7","0","0","0","0","51.0","451.7","34.6","30.0","2.78","-4.3","10.9","3.426","0.682","0.20","12.8","0.88","0"
"15.550","0.0864","14","0.0000","0.0000","4.1541","-149.5699","0.0000","34.2684","15.3230","0.1500","10000.0000","45.39217557","-75.69719325","41.0","13.0","-98.5","40","30","48","1","0","0.08","-0.00","-1.02","-0.1","-0.1","-0.7","61.49","-64.91","3202","6553.5","451.1","0","0","0","0","51.0","451.1","34.7","30.0","2.73","-4.3","10.9","3.446","0.664","0.20","12.7","0.88","0"
"15.600","0.1202","14","0.0000","0.0000","8.0436","-103.9659","0.0000","34.2652","15.2460","0.1500","10000.0000","45.39217560","-75.69719320","41.0","13.0","-98.5","40","30","48","1","0","0.06","-0.01","-0.97","-0.2","-0.1","-0.7","62.25","-64.81","3193","6553.5","450.5","0","0","0","0","51.0","450.5","34.7","30.0","2.68","-4.3","10.9","3.473","0.654","0.20","12.6","0.87","0"
"15.650","0.1795","14","0.0000","0.0000","2.2080","-32.6250","0.0000","34.2593","15.1460","0.1500","10000.0000","45.39217566","-75.69719310","41.0","13.0","-98.6","40","30","48","1","0","-0.14","-0.01","-0.90","-0.2","-0.0","-0.7","63.00","-64.75","3181","6553.5","451.6","0","0","0","0","51.0","451.6","34.6","30.0","2.65","-4.3","10.9","3.438","0.668","0.20","12.6","0.87","0"
"15.700","0.2132","14","0.0000","0.0000","-0.6189","40.8242","0.0000","34.2570","15.0730","0.1473","10000.0000","45.39217568","-75.69719303","41.0","13.0","-98.5","40","30","48","1","0","0.01","0.01","-1.02","-0.2","0.0","-0.7","63.76","-64.95","3181","6553.5","452.7","0","0","0","0","51.0","452.7","34.6","30.0","2.70","-4.3","10.9","3.403","0.680","0.20","12.7","0.87","0"
"15.750","0.2251","14","0.0000","0.0000","-0.8829","116.0694","0.0000","34.2579","15.0230","0.1423","10000.0000","45.39217567","-75.69719296","41.0","13.0","-98.5","40","30","48","1","0","0.01","0.01","-0.99","-0.2","-0.0","-0.7","64.52","-65.17","3194","6553.5","453.5","0","0","0","0","51.0","453.5","34.6","30.0","2.87","-4.3","10.9","3.373","0.688","0.20","12.7","0.88","0"
"15.800","0.1958","14","0.0000","0.0000","-0.3893","112.7151","0.0000","34.2569","14.9730","0.1454","10000.0000","45.39217568","-75.69719289","41.0","13.0","-98.5","40","30","48","1","0","-0.00","0.01","-0.99","-0.2","-0.0","-0.7","65.27","-65.00","3213","6553.5","454.2","0","0","0","0","51.0","454.3","34.6","30.0","2.95","-4.3","10.9","3.397","0.676","0.20","12.7","0.89","0"
"15.850","0.1314","14","0.0000","0.0000","0.7497","42.4058","0.0000","34.2544","14.9230","0.1554","10000.0000","45.39217570","-75.69719282","41.0","13.0","-98.6","40","30","48","1","0","0.10","0.01","-1.03","-0.2","-0.0","-0.6","66.03","-64.90","3235","6553.5","456.4","0","0","0","0","51.0","456.4","34.6","30.0","2.85","-4.3","10.9","3.496","0.651","0.20","12.7","0.89","0"
"15.900","0.0841","14","0.0000","0.0000","-10.6483","12.6664","0.0000","34.2499","14.8730","0.1600","10000.0000","45.39217571","-75.69719274","41.0","13.0","-98.5","40","30","48","1","0","0.02","-0.00","-1.01","-0.2","-0.0","-0.6","66.78","-65.17","3204","6553.5","458.6","0","0","0","0","51.0","458.7","34.6","30.0","2.77","-4.3","10.9","3.491","0.656","0.20","12.8","0.89","0"
"15.950","0.0511","14","0.0000","0.0000","-32.7261","17.4867","0.0000","34.2438","14.8230","0.1600","10000.0000","45.39217570","-75.69719266","41.0","13.0","-98.5","40","30","48","1","0","0.15","0.01","-1.04","-0.2","-0.0","-0.6","67.54","-65.24","3163","6553.5","457.4","0","0","0","0","51.0","457.3","34.6","30.0","2.72","-4.3","10.8","3.422","0.668","0.20","12.7","0.89","0"
"16.000","0.0554","14","0.0000","0.0000","-29.7435","-19.4816","0.0000","34.2396","14.7730","0.1573","10000.0000","45.39217568","-75.69719259","41.0","13.0","-98.5","40","30","48","1","0","-0.03","0.04","-0.93","-0.2","-0.0","-0.6","68.30","-65.35","3172","6553.5","455.8","0","0","0","0","51.0","455.8","34.5","30.0","2.70","-4.3","10.8","3.462","0.668","0.20","12.5","0.88","0"
"16.050","0.0914","14","0.0000","0.0000","-5.4132","-92.0475","0.0000","34.2369","14.7230","0.1523","10000.0000","45.39217564","-75.69719253","41.0","13.0","-98.5","40","30","48","1","0","-0.20","0.02","-0.88","-0.2","-0.1","-0.6","69.05","-65.49","3179","6553.5","456.6","0","0","0","0","51.0","456.6","34.5","30.0","2.77","-4.3","10.8","3.524","0.668","0.20","12.5","0.88","0"
"16.100","0.0983","14","0.0000","0.0000","6.9161","-64.4846","0.0000","34.2328","14.6730","0.1473","10000.0000","45.39217561","-75.69719243","41.0","13.0","-98.5","40","30","48","1","0","0.04","-0.02","-0.98","-0.1","-0.1","-0.6","69.81","-65.35","3179","6553.5","457.6","0","0","0","0","51.0","457.6","34.5","30.0","2.79","-4.3","10.8","3.484","0.671","0.20","12.6","0.88","0"
"16.150","0.0803","14","0.0000","0.0000","9.0224","48.3733","0.0000","34.2276","14.6230","0.1423","10000.0000","45.39217559","-75.69719229","41.0","13.0","-98.5","40","30","48","1","0","0.02","0.00","-0.97","-0.1","-0.1","-0.7","70.56","-65.24","3189","6553.5","460.0","0","0","0","0","51.0","460.0","34.5","30.0","2.76","-4.3","10.7","3.445","0.674","0.20","12.6","0.88","0"
"16.200","0.0526","14","0.0000","0.0000","7.2936","73.2102","0.0000","34.2257","14.5730","0.1454","10000.0000","45.39217558","-75.69719219","41.0","13.0","-98.5","40","30","48","1","0","-0.04","0.01","-0.95","-0.1","-0.0","-0.8","71.32","-65.94","3214","6553.5","462.4","0","0","0","0","51.0","462.5","34.5","30.0","2.71","-4.3","10.7","3.417","0.679","0.20","12.7","0.89","0"
"16.250","0.0166","14","0.0000","0.0000","2.2980","23.0662","0.0000","34.2265","14.5230","0.1554","10000.0000","45.39217557","-75.69719213","41.0","13.0","-98.6","40","30","48","1","0","0.04","0.01","-0.98","-0.1","-0.0","-0.8","72.08","-67.00","3222","6553.5","463.1","0","0","0","0","51.0","463.1","34.5","30.0","2.63","-4.3","10.8","3.390","0.669","0.20","12.6","0.89","0"
"16.300","0.0486","14","0.0000","0.0000","-2.5054","-46.2676","0.0000","34.2240","14.4730","0.1573","10000.0000","45.39217553","-75.69719203","41.0","13.0","-98.5","40","30","48","1","0","-0.05","-0.00","-0.94","-0.1","0.0","-0.8","72.83","-66.49","3219","6553.5","463.7","0","0","0","0","51.0","463.7","34.5","30.0","2.64","-4.3","10.9","3.368","0.650","0.20","12.5","0.90","0"
"16.350","0.1386","14","0.0000","0.0000","-7.1450","-131.9483","0.0000","34.2186","14.4230","0.1523","10000.0000","45.39217545","-75.69719191","41.0","13.0","-98.5","40","30","48","1","0","0.07","-0.00","-1.01","-0.1","-0.0","-0.8","73.59","-65.85","3233","6553.5","464.4","0","0","0","0","51.0","464.4","34.5","30.0","2.79","-4.3","10.9","3.366","0.659","0.20","12.6","0.90","0"
"16.400","0.1715","14","0.0000","0.0000","-5.1658","-130.6600","0.0000","34.2143","14.3730","0.1473","10000.0000","45.39217543","-75.69719184","41.0","13.0","-98.6","40","30","48","1","0","-0.02","0.01","-0.99","-0.1","-0.1","-0.8","74.34","-65.24","3250","6553.5","465.1","0","0","0","0","51.0","465.2","34.5","30.0","2.90","-4.3","11.0","3.442","0.673","0.20","12.7","0.89","0"
"16.450","0.1557","14","0.0000","0.0000","2.4515","-55.2870","0.0000","34.2109","14.3230","0.1423","10000.0000","45.39217546","-75.69719183","41.0","13.0","-98.5","40","30","48","1","0","0.00","0.02","-1.00","-0.1","-0.1","-0.9","74.67","-64.25","3242","6553.5","465.6","0","0","0","0","51.0","465.6","34.4","30.0","2.93","-4.3","11.1","3.499","0.677","0.20","12.7","0.89","0"
"16.500","0.1375","14","0.0000","0.0000","2.2976","24.1939","0.0000","34.2079","14.2730","0.1373","10000.0000","45.39217545","-75.69719179","41.0","13.0","-98.5","40","30","48","1","0","-0.02","0.03","-0.96","-0.2","-0.1","-0.9","74.29","-63.35","3234","6553.5","466.0","0","0","0","0","51.0","466.0","34.4","30.0","2.96","-4.3","11.1","3.479","0.679","0.20","12.7","0.88","0"
"16.550","0.1173","14","0.0000","0.0000","-4.4762","107.1741","0.0000","34.2052","14.2230","0.1323","10000.0000","45.39217541","-75.69719172","41.0","13.0","-98.5","40","30","48","1","0","-0.09","0.02","-0.95","-0.2","-0.1","-1.0","73.92","-62.59","3230","6553.5","466.5","0","0","0","0","51.0","466.5","34.4","30.0","2.99","-4.3","11.1","3.456","0.677","0.20","12.7","0.88","0"
"16.600","0.0983","14","0.0000","0.0000","-8.2399","84.5796","0.0000","34.2007","14.2000","0.1300","10000.0000","45.39217539","-75.69719165","41.0","13.0","-98.5","40","30","48","1","0","0.03","0.03","-1.01","-0.2","-0.0","-1.0","73.54","-62.67","3220","6553.5","467.0","0","0","0","0","51.0","467.0","34.4","30.0","2.92","-4.3","11.1","3.420","0.674","0.20","12.8","0.88","0"
"16.650","0.0803","14","0.0000","0.0000","-9.4395","-27.9490","0.0000","34.1946","14.2000","0.1300","10000.0000","45.39217538","-75.69719158","41.0","13.0","-98.5","40","30","48","1","0","-0.05","0.03","-0.96","-0.2","0.0","-1.0","73.17","-62.71","3205","6553.5","467.0","0","0","0","0","51.0","467.0","34.4","30.0","2.66","-4.3","11.1","3.408","0.671","0.20","12.7","0.88","0"
"16.700","0.0663","14","0.0000","0.0000","-12.9658","-40.0759","0.0000","34.1890","14.1730","0.1327","10000.0000","45.39217537","-75.69719147","41.0","13.0","-98.6","40","30","48","1","0","0.06","0.01","-1.01","-0.1","0.0","-1.0","72.79","-62.74","3171","6553.5","467.1","0","0","0","0","51.0","467.1","34.4","30.0","2.56","-4.3","11.1","3.479","0.679","0.20","12.5","0.88","0"
"16.750","0.0558","14","0.0000","0.0000","-18.4741","33.3245","0.0000","34.1837","14.1230","0.1377","10000.0000","45.39217535","-75.69719133","41.0","13.0","-98.5","40","30","48","1","0","0.06","0.01","-1.00","-0.1","-0.0","-0.9","72.42","-62.76","3127","6553.5","467.2","0","0","0","0","51.0","467.2","34.4","30.0","2.73","-4.3","11.1","3.495","0.693","0.20","12.6","0.88","0"
"16.800","0.0469","14","0.0000","0.0000","-18.0334","27.4524","0.0000","34.1818","14.0730","0.1373","10000.0000","45.39217534","-75.69719123","41.0","13.0","-98.4","40","30","48","1","0","-0.17","0.03","-0.90","-0.1","-0.0","-0.7","72.04","-62.95","3139","6553.5","467.3","0","0","0","0","51.0","467.3","34.4","30.0","2.80","-4.3","11.2","3.433","0.683","0.20","12.8","0.88","0"
"16.850","0.0394","14","0.0000","0.0000","-12.5251","-45.9479","0.0000","34.1827","14.0230","0.1323","10000.0000","45.39217533","-75.69719117","41.0","13.0","-98.6","40","30","48","1","0","-0.11","0.02","-0.93","-0.1","-0.0","-0.5","71.67","-63.13","3164","6553.5","467.7","0","0","0","0","51.0","467.7","34.3","30.0","2.70","-4.3","11.2","3.387","0.669","0.20","12.7","0.88","0"
"16.900","0.0570","14","0.0000","0.0000","-6.5106","-83.2847","0.0000","34.1812","14.0000","0.1327","10000.0000","45.39217535","-75.69719113","41.0","13.0","-98.6","40","30","48","1","0","0.18","0.01","-1.04","-0.1","-0.1","-0.4","71.29","-62.77","3194","6553.5","468.2","0","0","0","0","51.0","468.2","34.3","30.0","2.67","-4.3","11.2","3.350","0.672","0.20","12.5","0.88","0"
"16.950","0.0959","14","0.0000","0.0000","-0.0649","-89.9005","0.0000","34.1778","14.0000","0.1377","10000.0000","45.39217538","-75.69719111","41.0","13.0","-98.5","40","30","48","1","0","0.09","0.00","-0.98","-0.1","-0.1","-0.3","70.92","-62.09","3217","6553.5","470.0","0","0","0","0","51.0","470.1","34.3","30.0","2.73","-4.3","11.1","3.366","0.672","0.20","12.6","0.89","0"
"17.000","0.1069","14","0.0000","0.0000","-0.9055","-57.7213","0.0000","34.1692","13.9730","0.1427","10000.0000","45.39217539","-75.69719106","41.1","13.0","-98.5","40","30","48","1","0","-0.09","-0.01","-0.94","-0.2","-0.1","-0.4","70.54","-62.72","3209","6553.5","472.0","0","0","0","0","51.0","472.1","34.3","30.0","2.80","-4.3","11.0","3.394","0.661","0.20","12.8","0.91","0"
"17.050","0.0941","14","0.0000","0.0000","-7.9530","7.5056","0.0000","34.1562","13.9230","0.1477","10000.0000","45.39217538","-75.69719096","41.1","13.0","-98.5","40","30","48","1","0","-0.01","0.02","-0.96","-0.2","-0.0","-0.4","70.17","-63.52","3207","6553.5","472.5","0","0","0","0","51.0","472.5","34.3","30.0","2.89","-4.3","11.0","3.376","0.655","0.20","12.8","0.91","0"
"17.100","0.1067","14","0.0000","0.0000","-7.8911","75.1732","0.0000","34.1525","13.9000","0.1500","10000.0000","45.39217535","-75.69719090","41.1","13.0","-98.6","40","30","48","1","0","-0.15","0.02","-0.91","-0.2","0.0","-0.4","69.79","-63.67","3225","6553.5","472.9","0","0","0","0","51.0","472.9","34.3","30.0","2.89","-4.3","10.9","3.363","0.668","0.20","12.7","0.92","0"
"17.150","0.1411","14","0.0000","0.0000","-1.7732","144.9200","0.0000","34.1567","13.9000","0.1500","10000.0000","45.39217531","-75.69719085","41.1","13.0","-98.5","40","30","48","1","0","0.02","0.01","-1.01","-0.1","0.0","-0.5","69.42","-63.96","3233","6553.5","474.0","0","0","0","0","51.0","474.1","34.3","30.0","2.74","-4.3","10.9","3.369","0.680","0.20","12.7","0.91","0"
"17.200","0.1314","14","0.0000","0.0000","-0.5103","122.5374","0.0000","34.1568","13.8730","0.1500","10000.0000","45.39217531","-75.69719082","41.1","13.0","-98.6","40","30","48","1","0","0.02","-0.01","-1.00","-0.1","0.0","-0.6","69.04","-64.60","3229","6553.5","475.3","0","0","0","0","51.0","475.3","34.3","30.0","2.66","-4.3","10.8","3.378","0.688","0.20","12.7","0.90","0"
"17.250","0.0841","14","0.0000","0.0000","-3.3832","21.6745","0.0000","34.1534","13.8230","0.1500","10000.0000","45.39217534","-75.69719080","41.1","13.0","-98.5","40","30","48","1","0","-0.03","-0.04","-0.97","-0.1","0.0","-0.7","68.67","-64.95","3227","6553.5","475.4","0","0","0","0","51.0","475.4","34.3","30.0","2.70","-4.3","10.8","3.390","0.680","0.20","12.6","0.89","0"
"17.300","0.0673","14","0.0000","0.0000","-5.9705","13.9586","0.0000","34.1504","13.8000","0.1473","10000.0000","45.39217534","-75.69719076","41.1","13.0","-98.5","40","30","48","1","0","0.11","0.02","-1.01","-0.1","-0.0","-0.7","68.29","-65.12","3227","6553.5","475.5","0","0","0","0","51.0","475.5","34.3","30.0","2.76","-4.3","10.8","3.384","0.663","0.20","12.5","0.88","0"
"17.350","0.0763","14","0.0000","0.0000","-8.3145","85.5901","0.0000","34.1477","13.8000","0.1423","10000.0000","45.39217530","-75.69719070","41.1","13.0","-98.5","40","30","48","1","0","-0.08","0.03","-0.96","-0.1","0.0","-0.9","67.92","-65.40","3205","6553.5","476.1","0","0","0","0","51.0","476.1","34.3","30.0","2.87","-4.3","10.8","3.368","0.669","0.20","12.6","0.88","0"
"17.400","0.0826","14","0.0000","0.0000","-9.2563","55.3605","0.0000","34.1447","13.7730","0.1427","10000.0000","45.39217529","-75.69719066","41.1","13.0","-98.5","40","30","48","1","0","-0.02","-0.00","-1.02","-0.2","0.1","-1.0","67.54","-65.54","3179","6553.5","476.7","0","0","0","0","51.0","476.7","34.2","30.0","2.90","-4.3","10.9","3.402","0.680","0.20","12.8","0.88","0"
"17.450","0.0864","14","0.0000","0.0000","-9.0036","-61.6397","0.0000","34.1413","13.7230","0.1477","10000.0000","45.39217533","-75.69719065","41.1","13.0","-98.5","40","30","48","1","0","0.03","0.01","-1.00","-0.2","0.1","-1.2","67.17","-65.54","3202","6553.5","477.7","0","0","0","0","51.0","477.7","34.2","30.0","2.79","-4.3","10.9","3.446","0.682","0.20","12.7","0.88","0"
"17.500","0.0935","14","0.0000","0.0000","-7.0584","-86.7465","0.0000","34.1397","13.7000","0.1500","10000.0000","45.39217534","-75.69719064","41.1","13.0","-98.5","40","30","48","1","0","-0.04","0.01","-0.94","-0.2","0.1","-1.2","67.17","-65.22","3215","6553.5","478.8","0","0","0","0","51.0","478.8","34.2","30.0","2.69","-4.3","10.8","3.411","0.683","0.20","12.6","0.88","0"
"17.550","0.1034","14","0.0000","0.0000","-3.6714","-33.5737","0.0000","34.1397","13.7000","0.1500","10000.0000","45.39217534","-75.69719064","41.1","13.0","-98.5","40","30","48","1","0","0.03","0.00","-0.97","-0.2","0.1","-1.1","67.77","-64.56","3195","6553.5","478.9","0","0","0","0","51.0","478.9","34.2","30.0","2.62","-4.3","10.8","3.390","0.677","0.20","12.6","0.88","0"
"17.600","0.0926","14","0.0000","0.0000","-1.8866","-52.5362","0.0000","34.1382","13.6730","0.1500","10000.0000","45.39217532","-75.69719061","41.1","13.1","-98.5","40","30","48","1","0","-0.06","0.00","-0.93","-0.2","0.0","-0.9","68.38","-64.92","3182","6553.5","478.9","0","0","0","0","51.0","478.9","34.2","30.0","2.57","-4.3","10.7","3.424","0.676","0.20","12.5","0.88","0"
"17.650","0.0640","14","0.0000","0.0000","-1.4668","-132.9474","0.0000","34.1355","13.6230","0.1500","10000.0000","45.39217528","-75.69719055","41.1","13.1","-98.5","40","30","48","1","0","-0.01","-0.01","-0.97","-0.2","-0.0","-0.8","68.98","-65.54","3180","6553.5","479.1","0","0","0","0","51.0","479.1","34.2","30.0","2.59","-4.3","10.5","3.447","0.680","0.20","12.5","0.88","0"
"17.700","0.0469","14","0.0000","0.0000","1.7679","-96.9759","0.0000","34.1329","13.6000","0.1446","10000.0000","45.39217527","-75.69719048","41.1","13.1","-98.5","40","30","48","1","0","0.09","0.02","-1.00","-0.2","-0.0","-0.6","69.58","-65.82","3193","6553.5","479.4","0","0","0","0","51.0","479.4","34.2","30.0","2.61","-4.3","10.1","3.436","0.673","0.20","12.6","0.88","0"
"17.750","0.0394","14","0.0000","0.0000","7.4003","38.1363","0.0000","34.1304","13.6000","0.1346","10000.0000","45.39217530","-75.69719040","41.1","13.1","-98.5","40","30","48","1","0","-0.05","0.04","-0.95","-0.1","0.1","-0.5","70.19","-66.38","3215","6553.5","479.8","0","0","0","0","51.0","479.8","34.1","30.0","2.64","-4.3","8.6","3.434","0.660","0.20","12.4","0.88","0"
"17.800","0.0554","14","0.0000","0.0000","8.8539","39.3447","0.0000","34.1273","13.5730","0.1354","10000.0000","45.39217529","-75.69719036","41.1","13.1","-98.6","40","30","49","1","0","0.16","0.13","-1.00","0.0","0.3","-0.5","70.79","-104.91","3192","6553.5","480.3","0","0","0","0","51.0","480.3","34.1","30.0","2.62","-4.3","7.2","3.446","0.666","0.20","12.1","0.88","0"
"17.850","0.0914","14","0.0000","0.0000","6.7476","-73.5132","0.0000","34.1238","13.5230","0.1454","10000.0000","45.39217526","-75.69719036","41.1","13.1","-98.5","39","30","49","1","2","0.05","0.11","-0.91","0.2","0.0","-0.8","71.40","-143.14","3159","6553.5","478.6","0","0","0","0","51.0","478.6","34.1","30.0","2.54","-4.3","7.1","3.447","0.677","0.20","12.1","0.88","0"
"17.900","0.1418","14","0.0000","0.0000","1.7949","-135.3554","0.0000","34.1183","13.5000","0.1527","10000.0000","45.39217521","-75.69719036","41.1","13.1","-98.6","40","29","47","1","2","-0.27","0.12","-0.92","0.2","-0.3","-0.9","72.00","-151.72","3143","6553.5","476.8","0","0","0","0","51.0","476.8","34.1","30.0","2.52","-4.3","6.2","3.439","0.661","0.20","12.0","0.89","0"
"17.950","0.2045","14","0.0000","0.0000","-5.5826","-153.7398","0.0000","34.1112","13.5000","0.1577","10000.0000","45.39217515","-75.69719036","41.1","13.1","-98.6","40","29","47","1","2","-0.16","0.03","-1.02","0.1","-0.2","-0.8","72.60","-18.90","3131","6553.5","477.5","0","0","0","0","51.0","477.5","34.1","30.0","2.62","-4.3","4.3","3.415","0.654","0.20","12.3","0.89","0"
"18.000","0.2286","14","0.0000","0.0000","-8.1129","-103.6690","0.0000","34.1084","13.4730","0.1573","10000.0000","45.39217515","-75.69719032","41.1","13.1","-98.5","40","30","48","1","2","0.09","-0.03","-1.06","-0.0","0.0","-0.7","73.21","263.91","3131","6553.5","478.4","0","0","0","0","51.0","478.4","34.1","30.0","2.65","-4.3","2.4","3.387","0.675","0.20","12.6","0.90","0"
"18.050","0.2200","14","0.0000","0.0000","-6.5141","4.7154","0.0000","34.1095","13.4230","0.1523","10000.0000","45.39217520","-75.69719024","41.1","13.1","-98.6","40","30","48","1","2","-0.01","0.01","-0.96","-0.1","0.2","-0.6","73.81","546.71","3129","6553.5","479.1","0","0","0","0","51.0","479.2","34.1","30.0","2.55","-4.3","0.4","3.402","0.684","0.20","12.6","0.89","0"
"18.100","0.1815","14","0.0000","0.0000","-6.6180","8.6635","0.0000","34.1057","13.4000","0.1473","10000.0000","45.39217523","-75.69719023","41.1","13.1","-98.5","40","30","48","1","2","-0.15","0.03","-0.88","-0.2","0.3","-0.6","74.42","213.98","3125","6553.5","479.8","0","0","0","0","51.0","479.9","34.1","30.0","2.53","-4.3","-0.1","3.406","0.675","0.20","12.7","0.88","0"
"18.150","0.1176","14","0.0000","0.0000","-8.1724","-76.3525","0.0000","34.0979","13.4000","0.1423","10000.0000","45.39217524","-75.69719028","41.1","13.1","-98.5","40","30","48","1","2","0.01","-0.02","-0.93","-0.1","0.3","-0.7","75.02","98.91","3119","6553.5","480.1","0","0","0","0","51.0","480.1","34.1","30.0","2.67","-4.3","-0.4","3.376","0.670","0.20","12.7","0.88","0"
"18.200","0.0781","14","0.0000","0.0000","-6.8317","-130.1685","0.0000","34.0942","13.3730","0.1454","10000.0000","45.39217521","-75.69719031","41.1","13.1","-98.5","40","30","48","1","2","0.17","-0.04","-1.02","-0.1","0.2","-0.7","75.63","95.51","3112","6553.5","480.3","0","0","0","0","51.0","480.3","34.0","30.0","2.75","-4.3","-0.2","3.367","0.668","0.20","12.6","0.89","0"
"18.250","0.0595","14","0.0000","0.0000","-3.0248","-157.4069","0.0000","34.0940","13.3230","0.1554","10000.0000","45.39217515","-75.69719032","41.1","13.1","-98.5","40","30","48","1","2","0.00","0.02","-0.99","-0.2","0.1","-0.7","76.23","92.53","3115","6553.5","481.0","0","0","0","0","51.0","481.0","34.0","30.0","2.74","-4.3","-0.0","3.389","0.674","0.20","12.7","0.90","0"
"18.300","0.0540","14","0.0000","0.0000","16.5391","-96.3087","0.0000","34.0926","13.3000","0.1519","10000.0000","45.39217513","-75.69719029","41.1","13.1","-98.5","40","30","48","1","2","-0.17","0.03","-0.92","-0.2","-0.0","-0.7","76.83","99.53","3119","6553.5","481.7","0","0","0","0","51.0","481.8","34.0","30.0","2.70","-4.3","-0.0","3.409","0.682","0.20","12.8","0.92","0"
"18.350","0.0597","14","0.0000","0.0000","49.5256","40.0392","0.0000","34.0900","13.3000","0.1369","10000.0000","45.39217515","-75.69719021","41.1","13.1","-98.5","40","30","48","1","2","-0.04","0.01","-0.96","-0.2","-0.1","-0.6","77.44","99.52","3095","6553.5","482.4","0","0","0","0","51.0","482.4","34.0","30.0","2.62","-4.3","-0.0","3.429","0.677","0.20","12.7","0.92","0"
"18.400","0.0455","14","0.0000","0.0000","47.2306","75.0142","0.0000","34.0889","13.3000","0.1354","10000.0000","45.39217516","-75.69719018","41.1","13.1","-98.5","40","30","48","1","2","0.20","-0.02","-1.07","-0.2","-0.1","-0.5","78.04","99.18","3080","6553.5","483.0","0","0","0","0","51.0","483.0","34.0","30.0","2.59","-4.3","-0.0","3.400","0.674","0.20","12.5","0.93","0"
"18.450","0.0143","14","0.0000","0.0000","14.8809","23.6346","0.0000","34.0889","13.3000","0.1454","10000.0000","45.39217516","-75.69719018","41.1","13.1","-98.5","40","30","48","1","2","0.16","-0.02","-1.06","-0.2","-0.1","-0.5","78.65","98.85","3100","6553.5","483.8","0","0","0","0","51.0","483.8","34.0","30.0","2.65","-4.3","-0.0","3.362","0.672","0.20","12.6","0.93","0"
"18.500","0.0350","14","0.0000","0.0000","3.9176","-15.2252","0.0000","34.0866","14.0560","0.1473","10000.0000","45.39217518","-75.69719020","41.1","13.1","-98.5","40","30","48","1","2","-0.10","0.03","-0.94","-0.2","-0.0","-0.5","79.25","99.93","3121","6553.5","484.6","0","0","0","0","51.0","484.6","34.0","30.0","2.65","-4.3","-0.0","3.380","0.673","0.20","12.8","0.94","0"
"18.550","0.0999","14","0.0000","0.0000","11.1725","-43.4199","0.0000","34.0823","15.4560","0.1423","10000.0000","45.39217522","-75.69719025","41.1","13.1","-98.5","40","30","48","1","2","-0.20","0.04","-0.88","-0.2","-0.0","-0.5","79.66","100.00","3146","6553.5","485.7","0","0","0","0","51.0","485.7","34.0","30.0","2.55","-4.3","-0.0","3.402","0.679","0.20","12.7","0.94","0"
"18.600","0.1311","14","0.0000","0.0000","15.5100","-4.1087","0.0000","34.0771","16.0460","0.1373","10000.0000","45.39217524","-75.69719023","41.1","13.1","-98.6","40","30","48","1","2","-0.02","0.00","-0.97","-0.2","-0.0","-0.5","79.76","99.55","3167","6553.5","486.8","0","0","0","0","51.0","486.8","34.0","30.0","2.55","-4.3","-0.0","3.441","0.672","0.20","12.6","0.95","0"
"18.650","0.1336","14","0.0000","0.0000","17.3624","92.7076","0.0000","34.0710","15.9460","0.1323","10000.0000","45.39217523","-75.69719015","41.1","13.1","-98.5","40","30","48","1","2","0.11","-0.03","-1.06","-0.2","-0.0","-0.6","79.86","99.07","3187","6553.5","487.9","0","0","0","0","51.0","487.9","33.9","30.0","2.73","-4.3","-0.0","3.437","0.658","0.20","12.7","0.95","0"
"18.700","0.1306","14","0.0000","0.0000","17.4119","78.5109","0.0000","34.0658","15.8460","0.1327","10000.0000","45.39217524","-75.69719014","41.1","13.1","-98.5","40","30","48","1","2","-0.09","-0.00","-1.00","-0.2","-0.1","-0.6","79.96","99.22","3182","6553.5","488.9","0","0","0","0","51.0","488.9","33.9","30.0","2.80","-4.3","-0.0","3.375","0.665","0.20","12.8","0.96","0"
"18.750","0.1229","14","0.0000","0.0000","15.9255","-30.2524","0.0000","34.0616","15.7460","0.1377","10000.0000","45.39217528","-75.69719018","41.1","13.1","-98.6","40","30","48","1","2","-0.10","-0.00","-0.99","-0.2","-0.1","-0.6","80.06","99.41","3171","6553.5","489.9","0","0","0","0","51.0","489.9","33.9","30.0","2.63","-4.3","-0.0","3.395","0.678","0.20","12.7","0.96","0"
"18.800","0.1009","14","0.0000","0.0000","21.5922","-42.0051","0.0000","34.0596","15.6730","0.1373","10000.0000","45.39217530","-75.69719020","41.1","13.1","-98.5","40","30","48","1","2","0.08","-0.02","-1.06","-0.2","-0.1","-0.6","80.15","99.50","3164","6553.5","490.9","0","0","0","0","51.0","490.9","33.9","30.0","2.58","-4.3","-0.0","3.465","0.661","0.20","12.6","0.95","0"
"18.850","0.0667","14","0.0000","0.0000","33.3524","28.8811","0.0000","34.0596","15.6230","0.1323","10000.0000","45.39217530","-75.69719020","41.1","13.1","-98.5","40","30","48","1","2","-0.03","-0.01","-0.99","-0.2","-0.1","-0.6","80.25","99.87","3166","6553.5","492.2","0","0","0","0","51.0","492.2","33.9","30.0","2.73","-4.3","-0.0","3.441","0.650","0.20","12.7","0.95","0"
"18.900","0.0858","14","0.0000","0.0000","30.1141","-0.6138","0.0000","34.0559","15.5730","0.1381","10000.0000","45.39217530","-75.69719020","41.1","13.1","-98.6","40","30","48","1","2","-0.07","-0.02","-0.97","-0.2","-0.0","-0.6","80.35","99.85","3200","6553.5","493.5","0","0","0","0","51.0","493.5","33.9","30.0","2.80","-4.3","0.0","3.399","0.663","0.20","12.8","0.94","0"
"18.950","0.1503","14","0.0000","0.0000","14.0994","-115.6183","0.0000","34.0489","15.5230","0.1531","10000.0000","45.39217530","-75.69719018","41.1","13.1","-98.5","40","30","48","1","2","0.05","-0.00","-1.03","-0.2","0.0","-0.6","80.45","99.77","3225","6553.5","495.0","0","0","0","0","51.0","495.1","33.9","30.0","2.69","-4.3","0.0","3.478","0.675","0.20","12.7","0.93","0"
"19.000","0.1476","14","0.0000","0.0000","3.5816","-128.9026","0.0000","34.0414","15.4449","0.1545","10000.0000","45.39217530","-75.69719020","41.1","13.1","-98.5","40","30","48","1","2","-0.07","0.00","-0.99","-0.2","0.0","-0.6","80.55","99.99","3213","6553.5","496.6","0","0","0","0","51.0","496.6","33.8","30.0","2.61","-4.3","0.0","3.527","0.686","0.20","12.6","0.92","0"
"19.050","0.0876","14","0.0000","0.0000","-2.2539","-55.5363","0.0000","34.0334","15.3429","0.1443","10000.0000","45.39217531","-75.69719025","41.1","13.1","-98.6","40","30","48","1","2","0.02","-0.00","-1.04","-0.2","-0.0","-0.6","80.64","100.33","3204","6553.5","498.5","0","0","0","0","51.0","498.6","33.8","30.0","2.57","-4.3","0.0","3.470","0.683","0.20","12.6","0.91","0"
"19.100","0.0756","14","0.0000","0.0000","2.2831","25.7499","0.0000","34.0300","15.2710","0.1400","10000.0000","45.39217531","-75.69719026","41.1","13.1","-98.5","40","30","48","1","2","-0.02","0.00","-0.97","-0.2","-0.1","-0.6","80.74","100.74","3198","6553.5","500.5","0","0","0","0","51.0","500.6","33.9","30.0","2.61","-4.3","0.0","3.419","0.660","0.20","12.6","0.90","0"
"19.150","0.0984","14","0.0000","0.0000","14.3311","112.7712","0.0000","34.0300","15.2210","0.1400","10000.0000","45.39217531","-75.69719026","41.1","13.1","-98.5","40","30","48","1","2","-0.02","-0.03","-0.95","-0.2","-0.1","-0.6","80.84","100.94","3188","6553.5","499.3","0","0","0","0","51.0","499.2","33.9","30.0","2.80","-4.3","-0.0","3.377","0.661","0.20","12.6","0.89","0"
"19.200","0.1062","14","0.0000","0.0000","14.1371","108.9358","0.0000","34.0265","15.1710","0.1458","10000.0000","45.39217531","-75.69719022","41.1","13.1","-98.5","40","30","48","1","2","0.12","0.00","-1.02","-0.2","-0.1","-0.6","80.94","100.57","3177","6553.5","497.7","0","0","0","0","51.0","497.7","33.8","30.0","2.89","-4.3","0.0","3.395","0.675","0.20","12.6","0.88","0"
"19.250","0.1031","14","0.0000","0.0000","5.0783","39.3074","0.0000","34.0204","15.1210","0.1558","10000.0000","45.39217530","-75.69719014","41.1","13.1","-98.5","40","30","48","1","2","-0.05","0.05","-0.95","-0.2","-0.1","-0.7","81.04","99.88","3224","6553.5","499.1","0","0","0","0","51.0","499.2","33.8","30.0","2.80","-4.3","0.1","3.451","0.696","0.66","12.7","0.88","0"
"19.300","0.1036","14","0.0000","0.0000","2.5801","-29.2290","0.0000","34.0132","15.0710","0.1571","10000.0000","45.39217527","-75.69719015","41.1","13.1","-98.5","40","30","48","1","2","-0.10","0.03","-0.95","-0.2","-0.0","-0.7","81.14","100.56","3283","6553.5","500.8","0","0","0","0","51.0","500.8","33.8","30.0","2.71","-4.3","0.0","3.430","0.718","1.24","12.8","0.88","0"
"19.350","0.1067","14","0.0000","0.0000","4.8326","-96.9746","0.0000","34.0052","15.0210","0.1521","10000.0000","45.39217521","-75.69719021","41.1","13.1","-98.6","40","30","48","1","2","0.01","0.01","-0.97","-0.1","0.0","-0.7","81.23","101.66","3343","6553.5","502.0","0","0","0","0","51.0","502.0","33.8","30.0","2.63","-4.3","0.0","3.394","0.735","3.07","12.8","0.88","0"
"19.400","0.1023","14","0.0000","0.0000","6.6802","-70.3371","0.0000","34.0003","14.9710","0.1500","10000.0000","45.39217516","-75.69719020","41.1","13.1","-98.6","40","30","48","1","2","0.04","-0.01","-0.98","-0.2","0.0","-0.7","81.33","101.49","3405","6553.5","503.2","0","0","0","0","51.0","503.2","33.8","30.0","2.60","-4.3","0.0","3.383","0.751","4.71","12.7","0.89","0"
"19.450","0.0923","14","0.0000","0.0000","8.2346","24.6469","0.0000","33.9976","14.9210","0.1500","10000.0000","45.39217513","-75.69719014","41.1","13.1","-98.6","40","30","48","1","2","0.03","-0.01","-0.98","-0.2","0.0","-0.7","81.43","101.11","3471","6553.5","504.8","0","0","0","0","51.0","504.9","33.8","30.0","2.64","-4.3","0.0","3.378","0.762","5.65","12.7","0.91","0"
"19.500","0.0774","14","0.0000","0.0000","12.4024","13.0792","0.0000","33.9944","14.8710","0.1471","10000.0000","45.39217509","-75.69719011","41.1","13.1","-98.6","40","30","48","1","2","0.05","0.02","-1.00","-0.2","0.0","-0.6","81.53","100.74","3549","6553.5","506.5","0","0","0","0","51.0","506.5","33.8","30.0","2.78","-4.3","0.0","3.390","0.771","6.32","12.6","0.94","0"
"19.550","0.0587","14","0.0000","0.0000","18.4626","-75.6465","0.0000","33.9909","14.8210","0.1421","10000.0000","45.39217506","-75.69719011","41.1","13.1","-98.5","40","30","48","1","2","0.11","0.02","-1.02","-0.2","-0.0","-0.6","81.63","100.71","3644","6553.5","510.4","0","0","0","0","51.0","510.5","33.8","30.0","3.08","-4.3","0.0","3.404","0.775","6.59","12.6","0.96","0"
"19.600","0.0466","14","0.0000","0.0000","12.0181","-103.2836","0.0000","33.9853","14.7710","0.1400","10000.0000","45.39217504","-75.69719010","41.1","13.1","-98.6","40","30","48","1","2","0.12","0.01","-1.01","-0.2","-0.0","-0.6","81.72","100.49","3688","6553.5","514.6","0","0","0","0","51.0","514.7","33.8","30.0","3.30","-4.3","0.0","3.421","0.780","6.77","12.5","0.98","0"
"19.650","0.0391","14","0.0000","0.0000","-3.4815","-86.6839","0.0000","33.9784","14.7210","0.1400","10000.0000","45.39217504","-75.69719008","41.1","13.1","-98.6","40","30","48","1","2","0.08","-0.01","-0.99","-0.2","-0.1","-0.6","81.79","100.47","3701","6553.5","514.1","0","0","0","0","51.0","514.1","33.7","30.0","3.35","-4.3","0.0","3.430","0.785","6.88","12.6","0.98","0"
"19.700","0.0511","14","0.0000","0.0000","-4.9473","-17.1895","0.0000","33.9739","14.6710","0.1371","10000.0000","45.39217502","-75.69719004","41.1","13.1","-98.5","40","30","48","1","2","-0.03","0.01","-1.00","-0.2","-0.1","-0.6","81.87","100.47","3712","6553.5","513.3","0","0","0","0","51.0","513.3","33.7","30.0","3.33","-4.3","0.0","3.435","0.777","6.99","12.7","0.97","0"
"19.750","0.0772","14","0.0000","0.0000","3.7493","90.6080","0.0000","33.9712","14.6210","0.1321","10000.0000","45.39217498","-75.69718998","41.1","13.0","-98.6","40","30","48","1","2","-0.09","-0.01","-1.01","-0.2","-0.1","-0.6","81.95","100.54","3723","6553.5","513.8","0","0","0","0","51.0","513.8","33.7","30.0","3.20","-4.3","0.0","3.400","0.766","7.10","12.7","0.94","0"
"19.800","0.0939","14","0.0000","0.0000","4.6424","93.8338","0.0000","33.9660","14.5710","0.1358","10000.0000","45.39217496","-75.69718995","41.1","13.0","-98.5","40","30","48","1","2","-0.03","-0.01","-1.04","-0.1","-0.1","-0.6","82.03","100.69","3734","6553.5","514.4","0","0","0","0","51.0","514.5","33.7","30.0","3.20","-4.3","0.0","3.358","0.764","7.16","12.6","0.91","0"
"19.850","0.1038","14","0.0000","0.0000","-0.1152","21.3352","0.0000","33.9591","14.5210","0.1458","10000.0000","45.39217496","-75.69718993","41.1","13.0","-98.5","40","30","48","1","2","0.04","0.03","-1.00","-0.1","-0.1","-0.6","82.10","100.71","3755","6553.5","516.7","0","0","0","0","51.0","516.7","33.7","30.0","3.42","-4.3","0.0","3.363","0.775","7.91","12.6","0.91","0"
"19.900","0.0948","14","0.0000","0.0000","-3.4710","-45.6222","0.0000","33.9541","14.5000","0.1500","10000.0000","45.39217495","-75.69718992","41.1","13.0","-98.5","40","30","48","1","2","0.03","0.04","-0.95","-0.1","-0.2","-0.6","82.18","100.71","3808","6553.5","519.0","0","0","0","0","51.0","519.1","33.7","30.0","3.49","-4.3","0.0","3.369","0.831","11.13","12.7","0.90","0"
"19.950","0.0719","14","0.0000","0.0000","-5.8119","-108.5671","0.0000","33.9505","14.5000","0.1500","10000.0000","45.39217491","-75.69718992","41.1","13.0","-98.6","40","30","48","1","2","-0.02","-0.02","-0.95","-0.2","-0.2","-0.6","82.26","100.75","3966","6553.5","522.8","0","0","0","0","51.0","522.9","33.7","30.0","3.34","-4.3","0.0","3.381","0.860","14.68","12.7","0.90","0"
"20.000","0.0676","14","0.0000","0.0000","-7.5483","-61.4760","0.0000","33.9475","14.4710","0.1442","10000.0000","45.39217488","-75.69718989","41.1","13.0","-98.5","40","30","48","1","2","-0.08","-0.06","-1.00","-0.2","-0.2","-0.7","82.34","100.92","4268","6553.5","526.7","0","0","0","0","51.0","526.8","33.6","30.0","3.29","-4.3","0.0","3.407","0.851","18.68","12.6","0.90","0"
"20.050","0.0767","14","0.0000","0.0000","-8.8472","65.2963","0.0000","33.9448","14.4210","0.1342","10000.0000","45.39217484","-75.69718982","41.1","13.0","-98.5","40","30","48","1","2","-0.14","-0.03","-1.02","-0.2","-0.1","-0.7","82.41","100.94","4657","6553.5","526.7","0","0","0","0","51.0","526.7","33.6","30.0","3.41","-4.3","0.0","3.453","0.836","20.79","12.6","0.93","0"
"20.100","0.0572","14","0.0000","0.0000","-6.6688","84.1639","0.0000","33.9436","14.3710","0.1358","10000.0000","45.39217482","-75.69718980","41.1","13.0","-98.6","40","30","48","1","2","-0.06","-0.04","-1.01","-0.2","-0.1","-0.8","82.49","100.94","5098","6553.5","526.3","0","0","0","0","51.0","526.3","33.6","30.0","3.81","-4.3","0.0","3.475","0.816","21.73","12.6","0.97","0"
"20.150","0.0169","14","0.0000","0.0000","-1.9725","24.8935","0.0000","33.9436","14.3210","0.1458","10000.0000","45.39217482","-75.69718980","41.1","13.0","-98.5","40","30","48","1","2","-0.03","-0.04","-0.94","-0.2","-0.1","-0.7","82.57","100.85","5692","6553.5","527.4","0","0","0","0","51.0","527.4","33.6","30.0","4.66","-4.3","0.0","3.484","0.770","22.08","12.6","1.01","0"
"20.200","0.0148","14","0.0000","0.0000","0.3694","2.9184","0.0000","33.9416","14.2710","0.1500","10000.0000","45.39217480","-75.69718980","41.1","13.0","-98.5","40","30","48","1","2","-0.07","0.03","-0.93","-0.2","-0.1","-0.7","82.65","100.52","6323","6553.5","528.6","0","0","0","0","51.0","528.6","33.6","30.0","5.46","-4.3","0.0","3.459","0.718","22.31","12.6","1.05","0"
"20.250","0.0402","14","0.0000","0.0000","1.0062","7.9502","0.0000","33.9380","14.2210","0.1500","10000.0000","45.39217477","-75.69718980","41.1","13.0","-98.5","40","30","48","1","2","-0.06","0.03","-0.99","-0.2","-0.1","-0.7","82.72","100.62","7184","6553.5","534.2","0","0","0","0","51.0","534.3","33.6","30.0","6.17","-4.3","0.0","3.429","0.671","22.58","12.6","0.97","0"
"20.300","0.0361","14","0.0000","0.0000","0.9043","7.1451","0.0000","33.9365","14.2000","0.1442","10000.0000","45.39217476","-75.69718980","41.1","13.0","-98.6","40","30","48","1","2","-0.02","0.01","-0.99","-0.2","-0.1","-0.7","82.80","100.81","7972","6553.5","540.2","0","0","0","0","51.0","540.3","33.6","30.0","6.61","-4.3","0.0","3.502","0.619","22.89","12.6","0.89","0"
"20.350","0.0107","14","0.0000","0.0000","0.2675","2.1133","0.0000","33.9365","14.2000","0.1342","10000.0000","45.39217476","-75.69718980","41.1","13.0","-98.5","40","30","48","1","2","0.02","0.04","-1.00","-0.2","-0.1","-0.7","82.88","100.90","8500","6553.5","534.2","0","0","0","0","51.0","534.1","33.6","30.0","6.61","-4.3","0.0","3.543","0.553","23.27","12.5","0.83","0"
"20.400","0.0000","14","0.0000","0.0000","0.0000","0.0000","0.0000","33.9365","14.1710","0.1358","10000.0000","45.39217476","-75.69718980","41.1","13.0","-98.6","40","30","48","1","2","0.01","0.12","-0.87","-0.2","-0.1","-0.7","82.96","100.72","8923","6553.5","527.2","0","0","0","0","51.0","527.0","33.6","30.0","6.61","-4.3","0.1","3.472","0.482","23.69","12.4","0.78","0"
"20.450","0.0000","14","0.0000","0.0000","0.0000","0.0000","0.0000","33.9365","14.1210","0.1458","10000.0000","45.39217476","-75.69718980","41.1","13.0","-98.6","40","30","48","1","2","-0.02","0.15","-0.72","-0.2","-0.0","-0.7","83.03","100.71","9200","6553.5","525.5","0","0","0","0","51.0","525.5","33.6","30.0","6.61","-4.3","0.0","3.449","0.405","24.13","12.4","0.76","0"
"20.500","0.0181","14","0.0000","0.0000","-1.9706","-39.1511","0.0000","33.9325","14.9410","0.1529","10000.0000","45.39217476","-75.69718979","41.1","12.9","-98.6","40","30","48","1","2","-0.01","0.04","-0.87","-0.2","-0.0","-0.7","83.11","100.92","9013","6553.5","524.3","0","0","0","0","51.0","524.3","33.6","30.0","6.64","-4.3","0.0","3.493","0.391","24.37","12.4","0.73","0"
"20.550","0.0493","14","0.0000","0.0000","-5.3681","-106.6531","0.0000","33.9255","16.3910","0.1579","10000.0000","45.39217476","-75.69718977","41.1","12.9","-98.5","40","30","48","1","2","0.06","0.07","-0.89","-0.2","0.0","-0.8","83.19","101.15","8541","6553.5","521.1","0","0","0","0","51.0","521.0","33.6","30.0","6.73","-4.3","0.0","3.495","0.417","24.48","12.5","0.74","0"
"20.600","0.0975","14","0.0000","0.0000","-3.4782","-141.4842","0.0000","33.9205","16.9420","0.1600","10000.0000","45.39217474","-75.69718977","41.1","12.9","-98.6","40","30","48","1","2","0.08","0.05","-0.81","-0.2","0.0","-0.8","83.26","101.39","8253","6553.5","517.7","0","0","0","0","51.0","517.6","33.6","30.0","6.65","-4.3","0.1","3.473","0.460","24.55","12.6","0.76","0"
"20.650","0.1581","14","0.0000","0.0000","2.2405","-152.6570","0.0000","33.9170","16.8420","0.1600","10000.0000","45.39217471","-75.69718977","41.1","12.9","-98.5","40","30","48","1","2","0.06","0.01","-0.89","-0.2","-0.0","-1.0","83.45","101.42","8014","6553.5","518.2","0","0","0","0","51.0","518.2","33.5","30.0","6.30","-4.3","0.0","3.454","0.505","24.60","12.6","0.81","0"
"20.700","0.2254","14","0.0000","0.0000","4.5434","-155.0189","0.0000","33.9113","16.7710","0.1600","10000.0000","45.39217466","-75.69718977","41.1","12.9","-98.6","40","30","48","1","2","0.03","0.04","-1.01","-0.2","-0.0","-1.1","83.82","101.07","8159","6553.5","519.1","0","0","0","0","51.0","519.1","33.5","30.0","6.20","-4.3","0.0","3.436","0.514","24.71","12.5","0.86","0"
"20.750","0.2976","14","0.0000","0.0000","4.3730","-151.0006","0.0000","33.9042","16.7210","0.1600","10000.0000","45.39217459","-75.69718977","41.1","12.9","-98.5","40","30","48","1","2","0.12","0.02","-1.02","-0.2","0.0","-1.2","84.19","100.66","8296","6553.5","518.4","0","0","0","0","51.0","518.4","33.5","30.0","6.49","-4.3","0.0","3.439","0.516","24.84","12.5","0.80","0"
"20.800","0.4044","14","0.0000","0.0000","2.1958","-147.9527","0.0000","33.8991","16.6420","0.1600","10000.0000","45.39217451","-75.69718978","41.1","13.0","-98.6","40","30","48","1","2","0.14","-0.02","-0.98","-0.2","0.1","-1.4","84.55","100.47","8400","6553.5","517.5","0","0","0","0","51.0","517.5","33.5","30.0","6.62","-4.3","0.0","3.463","0.496","25.00","12.4","0.74","0"
"20.850","0.5362","14","0.0000","0.0000","-1.4346","-145.6074","0.0000","33.8954","16.5420","0.1600","10000.0000","45.39217442","-75.69718979","41.1","13.0","-98.5","40","30","48","1","2","0.17","-0.01","-0.96","-0.3","0.1","-1.6","84.92","100.47","8561","6553.5","519.0","0","0","0","0","51.0","519.0","33.5","30.0","6.49","-4.3","0.1","3.565","0.474","25.22","12.5","0.73","0"
"20.900","0.7070","14","0.0000","0.0000","-1.8087","-145.5569","0.0000","33.8910","16.4420","0.1600","10000.0000","45.39217429","-75.69718985","41.1","13.0","-98.6","40","30","48","1","2","0.19","-0.05","-1.02","-0.3","0.1","-1.8","85.29","100.51","8802","6553.5","520.8","0","0","0","0","51.0","520.8","33.5","30.0","6.44","-4.3","0.0","3.606","0.451","25.49","12.6","0.74","0"
"20.950","0.9062","14","0.0000","0.0000","0.1754","-147.1682","0.0000","33.8863","16.3420","0.1600","10000.0000","45.39217414","-75.69718995","41.1","13.0","-98.6","40","30","48","1","2","0.17","-0.12","-1.14","-0.2","0.1","-2.0","85.66","100.60","9159","6553.5","522.1","0","0","0","0","51.0","522.1","33.5","30.0","6.55","-4.3","0.0","3.562","0.430","25.74","12.6","0.74","0"
"21.000","1.0772","14","-0.0005","0.0264","0.9418","-147.8796","0.0000","33.8835","16.2710","0.1600","10000.0000","45.39217398","-75.69719005","41.1","13.0","-98.6","40","30","48","1","2","0.17","-0.16","-1.14","-0.2","0.0","-2.3","86.02","100.70","9587","6553.5","523.3","0","0","0","0","51.0","523.3","33.5","30.0","6.69","-4.3","0.0","3.522","0.410","25.96","12.7","0.75","0"
"21.050","1.2277","14","-0.0012","0.0719","0.8263","-147.9393","0.0000","33.8822","16.2210","0.1600","10000.0000","45.39217380","-75.69719016","41.1","13.0","-98.5","40","30","48","1","2","0.10","-0.07","-1.08","-0.2","-0.0","-2.7","86.39","100.71","9823","6553.5","525.6","0","0","0","0","51.0","525.7","33.5","30.0","6.89","-4.3","0.0","3.483","0.378","26.05","12.6","0.77","0"
"21.100","1.3387","14","-0.0013","0.0980","0.4211","-148.7699","0.0000","33.8788","16.1420","0.1600","10000.0000","45.39217360","-75.69719027","41.1","13.0","-98.6","40","30","48","1","2","0.04","0.01","-1.06","-0.2","-0.0","-3.0","86.76","100.71","10013","6553.5","528.0","0","0","0","0","51.0","528.1","33.4","30.0","6.95","-4.3","0.0","3.434","0.345","26.10","12.5","0.80","0"
"21.150","1.4211","14","-0.0010","0.1099","-0.1942","-150.1588","0.0000","33.8739","16.0420","0.1600","10000.0000","45.39217339","-75.69719038","41.1","13.0","-98.5","40","30","48","1","2","0.06","-0.02","-1.08","-0.2","-0.1","-3.4","87.13","100.38","9975","6553.5","527.7","0","0","0","0","51.0","527.7","33.4","30.0","6.78","-4.3","0.0","3.382","0.337","26.16","12.6","0.78","0"
"21.200","1.6699","14","-0.0014","0.1237","-0.1863","-149.9835","0.0000","33.8719","15.9710","0.1600","10000.0000","45.39217315","-75.69719058","41.1","13.0","-98.5","40","30","48","1","2","0.16","-0.10","-0.96","-0.2","-0.1","-3.8","87.49","100.01","9928","6553.5","527.1","0","0","0","0","51.0","527.1","33.4","30.0","6.66","-4.3","0.0","3.341","0.334","26.21","12.7","0.76","0"
"21.250","2.0394","14","-0.0026","0.1387","0.2728","-148.6754","0.0000","33.8721","15.9210","0.1600","10000.0000","45.39217289","-75.69719084","41.1","13.0","-98.5","39","30","48","1","2","0.21","-0.06","-0.88","-0.1","-0.2","-4.2","87.86","100.00","9846","6553.5","529.4","0","0","0","0","51.0","529.5","33.4","30.0","6.63","-4.3","0.0","3.339","0.354","26.27","12.7","0.76","0"
"21.300","2.3607","14","-0.0045","0.1577","0.2129","-148.5832","0.0000","33.8687","15.8710","0.1600","10000.0000","45.39217259","-75.69719107","41.1","13.0","-98.6","39","30","48","1","2","0.20","-0.02","-1.02","-0.1","-0.3","-4.7","88.23","100.87","9754","6553.5","532.0","0","0","0","0","51.0","532.0","33.4","30.0","6.60","-4.3","0.0","3.481","0.364","26.32","12.6","0.75","0"
"21.350","2.6472","14","-0.0069","0.1795","-0.2228","-149.3716","0.0000","33.8626","15.8210","0.1600","10000.0000","45.39217226","-75.69719127","41.1","13.1","-98.6","39","30","48","1","2","0.23","0.00","-0.97","-0.1","-0.3","-5.4","88.59","101.10","9648","6553.5","532.3","0","0","0","0","51.0","532.3","33.3","30.0","6.56","-4.3","0.0","3.508","0.363","26.38","12.6","0.75","0"
"21.400","3.0620","14","-0.0102","0.2065","-0.1900","-149.5831","0.0000","33.8592","15.7710","0.1600","10000.0000","45.39217183","-75.69719158","41.1","13.1","-98.6","39","30","48","1","2","0.29","-0.03","-0.91","-0.0","-0.4","-6.1","88.96","101.27","9516","6553.5","532.5","0","0","0","0","51.0","532.5","33.3","30.0","6.57","-4.3","0.1","3.378","0.376","26.43","12.7","0.75","0"
"21.450","3.5696","14","-0.0141","0.2373","0.1819","-149.3768","0.0000","33.8579","15.7210","0.1600","10000.0000","45.39217133","-75.69719197","41.1","13.1","-98.5","39","30","48","1","2","0.29","-0.10","-0.88","0.0","-0.4","-6.9","89.33","101.37","9369","6553.5","531.2","0","0","0","0","51.0","531.2","33.3","30.0","6.66","-4.3","0.0","3.327","0.399","26.49","12.7","0.75","0"
"21.500","4.0558","14","-0.0189","0.2718","0.3753","-150.2286","-4.1173","33.8585","15.6420","0.1600","15.6777","45.39217078","-75.69719238","41.1","13.1","-98.6","39","30","49","1","2","0.37","-0.12","-0.93","0.0","-0.3","-7.8","89.70","101.03","8831","6553.5","529.8","0","0","0","0","51.0","529.8","33.3","30.0","6.67","-4.3","0.0","3.325","0.423","26.59","12.8","0.74","0"
"21.550","4.5265","14","-0.0243","0.3089","0.4395","-151.8466","-11.2161","33.8604","15.5420","0.1600","6.4231","45.39217019","-75.69719280","41.1","13.1","-98.5","38","30","49","1","2","0.52","-0.19","-1.06","0.0","-0.2","-9.0","90.06","101.26","8212","6553.5","531.5","0","0","0","0","51.0","531.6","33.3","30.0","6.56","-4.3","0.1","3.366","0.448","26.70","12.7","0.74","0"
"21.600","5.1598","14","-0.0302","0.3435","0.3116","-153.1721","-14.7946","33.8559","15.4710","0.1600","5.5507","45.39216946","-75.69719324","41.1","13.1","-98.6","38","31","50","1","2","0.47","-0.14","-1.01","0.0","-0.2","-10.5","90.43","101.67","7771","6553.5","533.5","0","0","0","0","51.0","533.6","33.3","30.0","6.41","-4.3","0.0","3.415","0.521","26.76","12.6","0.73","0"
"21.650","5.9108","14","-0.0363","0.3761","0.0446","-154.2859","-15.8241","33.8469","15.4210","0.1600","5.9449","45.39216865","-75.69719369","41.1","13.1","-98.6","38","31","49","1","2","0.36","-0.19","-1.01","0.0","-0.1","-12.1","90.80","101.90","7370","6553.5","535.6","0","0","0","0","51.0","535.7","33.3","30.0","6.19","-4.3","0.0","3.359","0.584","26.81","12.7","0.75","0"
"21.700","6.6510","14","-0.0453","0.4047","-0.0371","-154.8585","-17.2864","33.8446","15.3710","0.1600","6.1236","45.39216774","-75.69719426","41.1","13.1","-98.6","38","31","50","1","2","0.45","-0.19","-1.00","0.1","0.1","-13.8","90.88","101.01","7112","6553.5","537.7","0","0","0","0","51.0","537.8","33.2","30.0","5.98","-4.3","0.0","3.326","0.613","26.87","12.8","0.77","0"
"21.750","7.3834","14","-0.0563","0.4306","0.0153","-155.0392","-19.0619","33.8472","15.3210","0.1600","6.1646","45.39216675","-75.69719492","41.1","13.1","-98.6","38","31","50","1","2","0.56","-0.19","-1.01","0.2","0.0","-15.3","90.22","99.88","6900","6553.5","545.4","0","0","0","0","51.0","545.6","33.2","30.0","5.77","-4.3","0.0","3.373","0.644","26.90","12.8","0.83","0"
"21.800","8.2464","14","-0.0660","0.4558","0.0043","-155.7194","-19.9999","33.8439","15.2710","0.1600","6.5623","45.39216560","-75.69719556","41.1","13.1","-98.6","38","31","51","1","2","0.51","-0.19","-1.00","0.2","-0.1","-16.8","89.57","100.16","6752","6553.5","553.6","0","0","0","0","51.0","553.8","33.2","30.0","5.69","-4.3","0.0","3.396","0.679","26.90","12.7","0.89","0"
"21.850","9.2040","14","-0.0749","0.4807","-0.0527","-156.7612","-20.3314","33.8363","15.2210","0.1600","7.2049","45.39216432","-75.69719621","41.1","13.1","-98.6","38","31","51","1","2","0.45","-0.22","-0.95","-0.1","-0.4","-18.3","88.91","100.44","6712","6553.5","551.3","0","0","0","0","51.0","551.2","33.2","30.0","5.83","-4.3","0.0","3.387","0.696","26.90","12.7","0.88","0"
"21.900","10.1048","14","-0.0839","0.4915","-0.0947","-157.9785","-20.5254","33.8324","15.2000","0.1600","7.8353","45.39216294","-75.69719688","41.1","13.1","-98.6","38","31","51","1","2","0.61","-0.30","-0.92","-0.3","-0.8","-19.9","88.26","100.10","6738","6553.5","548.1","0","0","0","0","51.0","548.0","33.1","30.0","5.84","-4.3","0.0","3.391","0.702","26.90","12.8","0.86","0"
"21.950","10.9645","14","-0.0931","0.4921","-0.1259","-159.3227","-20.6201","33.8313","15.2000","0.1600","8.4629","45.39216147","-75.69719759","41.1","13.1","-98.6","38","30","51","1","2","0.46","-0.27","-1.03","-0.4","-1.2","-21.5","87.60","100.00","6761","6553.5","549.0","0","0","0","0","51.0","549.0","33.1","30.0","5.64","-4.3","0.1","3.405","0.702","26.90","12.8","0.87","0"
"22.000","11.8004","14","-0.1058","0.4917","-0.1591","-160.7684","-21.3306","33.8303","15.1713","0.1600","8.8046","45.39215991","-75.69719828","41.1","13.1","-98.6","38","30","51","1","2","0.37","-0.32","-1.02","-0.4","-1.4","-23.3","86.95","100.57","6784","6553.5","550.3","0","0","0","0","51.0","550.3","33.1","30.0","5.58","-4.3","0.1","3.377","0.700","26.90","12.7","0.88","0"
"22.050","12.6189","14","-0.1211","0.4905","-0.1938","-162.2874","-22.4873","33.8296","15.1218","0.1600","8.9311","45.39215827","-75.69719896","41.1","13.1","-98.6","38","30","52","1","2","0.32","-0.28","-0.92","-0.4","-1.5","-24.9","86.29","101.32","6812","6553.5","557.6","0","0","0","0","51.0","557.7","33.1","30.0","5.75","-4.3","0.0","3.344","0.692","26.90","12.7","0.89","0"
"22.100","13.4014","14","-0.1460","0.4852","-0.1998","-163.5595","-24.9787","33.8232","15.0720","0.1600","8.5389","45.39215649","-75.69719963","41.1","13.1","-98.6","38","30","52","1","2","0.35","-0.29","-1.02","-0.4","-1.4","-26.2","85.64","101.53","6826","6553.5","565.4","0","0","0","0","51.0","565.5","33.1","30.0","5.83","-4.3","-0.0","3.428","0.689","26.90","12.6","0.90","0"
"22.150","14.1556","14","-0.1785","0.4766","-0.1832","-164.6376","-28.5190","33.8123","15.0220","0.1600","7.8998","45.39215460","-75.69720029","41.1","13.1","-98.6","38","30","54","1","2","0.43","-0.25","-1.01","-0.6","-1.2","-27.1","84.98","101.42","6783","6553.5","556.2","0","0","0","0","51.0","555.9","33.1","30.0","5.78","-4.3","-0.0","3.486","0.702","26.90","12.6","0.92","0"
"22.200","14.9628","14","-0.2108","0.4752","-0.2340","-165.6940","-31.6121","33.7996","14.9720","0.1572","7.5332","45.39215259","-75.69720094","41.1","13.1","-98.6","38","30","54","1","2","0.50","-0.29","-1.00","-0.8","-1.3","-28.0","84.33","101.00","6754","6553.5","545.5","0","0","0","0","51.0","545.2","33.1","30.0","5.69","-4.3","-0.0","3.447","0.702","26.90","12.7","0.94","0"
"22.250","15.8115","14","-0.2428","0.4795","-0.3376","-166.7334","-34.3539","33.7856","14.9220","0.1522","7.3252","45.39215047","-75.69720158","41.1","13.1","-98.6","38","30","54","1","2","0.55","-0.40","-0.99","-0.8","-2.0","-29.5","83.68","100.21","6743","6553.5","546.2","0","0","0","0","51.0","546.2","33.1","30.0","5.53","-4.3","-0.0","3.406","0.685","26.90","12.7","0.94","0"
"22.300","16.7397","14","-0.2749","0.4869","-0.3999","-169.0170","-36.7827","33.7810","14.8720","0.1500","7.2431","45.39214820","-75.69720199","41.1","13.1","-98.6","38","30","53","1","2","0.56","-0.51","-1.01","-0.5","-2.6","-31.8","83.02","99.87","6736","6553.5","548.0","0","0","0","0","51.0","548.0","33.1","30.0","5.53","-4.3","0.0","3.360","0.685","26.90","12.6","0.94","0"
"22.350","17.7301","14","-0.3071","0.4967","-0.4296","-172.2784","-38.9655","33.7838","14.8220","0.1500","7.2419","45.39214580","-75.69720222","41.1","13.1","-98.6","38","30","52","1","2","0.38","-0.46","-1.10","-0.2","-2.7","-34.6","82.37","100.00","6732","6553.5","548.3","0","0","0","0","51.0","548.3","33.0","30.0","5.80","-4.3","0.0","3.362","0.695","26.90","12.7","0.94","0"
"22.400","18.6363","14","-0.3426","0.5167","-0.4206","-174.5663","-41.2414","33.7790","14.7720","0.1500","7.1920","45.39214330","-75.69720242","41.1","13.1","-98.6","37","30","52","1","2","0.32","-0.50","-1.11","0.1","-2.4","-37.5","81.71","100.00","6686","6553.5","548.5","0","0","0","0","51.0","548.5","33.0","30.0","5.90","-4.3","0.0","3.395","0.695","26.95","12.8","0.94","0"
"22.450","19.4763","14","-0.3805","0.5448","-0.3811","-176.0892","-43.5903","33.7682","14.7220","0.1500","7.1111","45.39214071","-75.69720261","41.1","13.1","-98.6","36","31","52","1","2","0.47","-0.55","-0.95","0.5","-2.0","-40.3","81.06","100.49","6628","6553.5","546.7","0","0","0","0","51.0","546.6","33.0","30.0","5.73","-4.3","0.1","3.405","0.694","27.00","12.8","0.94","0"
"22.500","20.4043","14","-0.4153","0.5588","-0.4191","-77.4234","-45.2684","33.7572","14.6720","0.1472","7.1738","45.39213797","-75.69720253","41.1","13.1","-98.6","35","31","51","1","2","0.52","-0.61","-0.85","1.0","-1.4","-43.2","80.40","101.61","6420","6553.5","544.7","0","0","0","0","51.0","544.6","33.0","30.0","5.57","-4.3","0.1","3.410","0.720","26.94","12.8","0.94","0"
"22.550","21.4016","14","-0.4476","0.5617","-0.5180","99.9621","-46.4195","33.7460","14.6220","0.1422","7.3378","45.39213513","-75.69720225","41.1","13.1","-98.5","35","31","51","1","2","0.50","-0.64","-0.89","1.7","-0.4","-46.2","79.75","102.15","6173","6553.5","543.9","0","0","0","0","51.0","543.8","33.0","30.0","5.45","-4.3","-0.0","3.398","0.749","26.91","12.7","0.94","0"
"22.600","22.4355","14","-0.4663","0.5551","-0.5398","176.9113","-46.1783","33.7368","14.5720","0.1400","7.7325","45.39213212","-75.69720183","41.1","13.1","-98.6","35","32","52","1","2","0.51","-0.64","-0.86","2.4","0.3","-48.7","79.09","100.95","5787","6553.5","543.2","0","0","0","0","51.0","543.1","33.0","30.0","5.38","-4.3","0.0","3.383","0.784","26.97","12.5","0.94","0"
"22.650","23.4983","14","-0.4741","0.5410","-0.5010","174.9462","-44.8433","33.7293","14.5220","0.1400","8.3399","45.39212899","-75.69720130","41.1","13.1","-98.6","34","32","52","1","2","0.55","-0.75","-0.86","2.8","-0.1","-49.6","78.44","100.14","5536","6553.5","543.5","0","0","0","0","51.0","543.5","33.0","30.0","5.39","-4.3","0.1","3.358","0.809","27.00","12.6","0.93","0"
"22.700","24.3566","14","-0.4657","0.5124","-0.5420","172.7181","-42.2853","33.7179","14.5000","0.1400","9.1674","45.39212582","-75.69720048","41.1","13.1","-98.5","34","30","52","1","2","0.34","-0.80","-0.83","2.5","-1.3","-48.4","77.78","101.47","5472","6553.5","543.9","0","0","0","0","51.0","543.9","33.0","30.0","5.31","-4.3","0.1","3.378","0.817","27.00","12.8","0.91","0"
"22.750","25.0542","14","-0.4445","0.4725","-0.6459","170.2832","-38.7666","33.7034","14.5000","0.1400","10.2859","45.39212262","-75.69719942","41.1","13.1","-98.5","35","28","51","1","2","0.15","-0.61","-0.91","1.3","-2.2","-45.1","77.30","102.73","5586","6553.5","545.5","0","0","0","0","51.0","545.5","33.0","30.0","5.08","-4.3","0.1","3.463","0.816","27.00","12.7","0.98","0"
"22.800","25.5703","14","-0.4177","0.4291","-0.7016","168.4884","-35.1733","33.6897","14.4720","0.1400","11.5703","45.39211937","-75.69719831","41.1","13.1","-98.6","36","28","49","1","2","0.23","-0.42","-1.21","-0.1","-2.0","-39.9","77.11","103.51","5809","6553.5","547.3","0","0","0","0","51.0","547.3","32.9","30.0","5.06","-4.3","0.1","3.484","0.809","27.00","12.6","1.05","0"
"22.850","25.9438","14","-0.3865","0.3830","-0.7193","167.1967","-31.5214","33.6768","14.4220","0.1400","13.0993","45.39211610","-75.69719715","41.1","13.1","-98.6","36","29","49","1","2","0.12","-0.24","-1.06","-0.9","-1.3","-34.4","76.91","103.63","5760","6553.5","548.1","0","0","0","0","51.0","548.2","32.9","30.0","5.39","-4.3","0.1","3.467","0.803","27.00","12.6","1.06","0"
"22.900","26.5842","14","-0.3683","0.3517","-0.7344","166.1532","-29.1734","33.6637","14.3720","0.1428","14.5030","45.39211271","-75.69719586","41.1","13.1","-98.6","36","31","49","1","2","0.15","-0.24","-0.99","-0.8","-0.8","-29.9","76.72","103.01","5659","6553.5","548.9","0","0","0","0","51.0","549.0","32.9","30.0","5.50","-4.3","0.1","3.417","0.798","27.00","12.6","1.05","0"
"22.950","27.4346","14","-0.3603","0.3320","-0.7474","165.3047","-27.8498","33.6503","14.3220","0.1478","15.6782","45.39210925","-75.69719449","41.1","13.1","-98.6","37","31","49","1","2","0.07","-0.25","-0.90","-0.1","-0.3","-27.2","76.53","102.27","5884","6553.5","551.1","0","0","0","0","51.0","551.2","32.9","30.0","5.25","-4.3","0.1","3.361","0.801","26.94","12.6","1.05","0"
"23.000","27.9509","14","-0.3388","0.3146","-0.7695","164.1843","-25.6492","33.6371","14.2720","0.1500","17.3438","45.39210582","-75.69719295","41.1","13.1","-98.6","35","29","47","1","2","-0.12","-0.21","-0.95","0.4","0.4","-26.0","76.33","101.53","6101","6553.5","553.4","0","0","0","0","51.0","553.5","32.9","30.0","5.06","-4.3","0.1","3.382","0.797","26.91","12.6","1.04","0"
"23.050","28.2049","14","-0.3069","0.2989","-0.7987","162.8502","-22.7596","33.6240","14.2220","0.1500","19.7233","45.39210241","-75.69719130","41.1","13.1","-98.6","34","28","47","1","2","0.03","-0.25","-1.04","0.5","1.0","-25.1","76.14","101.42","6286","6553.5","553.0","0","0","0","0","51.0","552.9","32.9","30.0","4.96","-4.3","0.0","3.396","0.767","26.97","12.6","1.02","0"
"23.100","28.6910","14","-0.2910","0.3079","-0.7995","161.6793","-21.1421","33.6150","14.2000","0.1500","21.5982","45.39209890","-75.69718949","41.1","13.1","-98.6","35","29","47","1","2","0.16","-0.34","-1.07","0.6","1.8","-24.0","75.95","101.42","6468","6553.5","552.3","0","0","0","0","51.0","552.2","32.9","30.0","4.99","-4.3","0.0","3.389","0.736","26.98","12.7","1.00","0"
"23.150","29.3594","14","-0.2877","0.3361","-0.7781","160.6367","-20.5242","33.6094","14.2000","0.1500","22.7668","45.39209530","-75.69718757","41.1","13.1","-98.6","35","29","48","1","2","0.24","-0.28","-1.22","0.6","2.7","-22.7","75.75","101.42","6644","6553.5","556.7","0","0","0","0","51.0","556.8","32.9","30.0","5.22","-4.3","-0.0","3.362","0.702","26.92","12.6","0.98","0"
"23.200","30.1535","14","-0.2801","0.3654","-0.7677","159.5762","-19.6043","33.6000","14.1720","0.1472","24.4798","45.39209159","-75.69718549","41.1","13.1","-98.6","35","30","49","1","2","0.66","-0.23","-1.13","0.4","3.3","-21.4","75.56","99.80","6722","6553.5","561.5","0","0","0","0","51.0","561.6","32.9","30.0","5.45","-4.3","-0.0","3.310","0.690","26.93","12.5","0.95","0"
"23.250","31.0464","14","-0.2691","0.3953","-0.7659","158.5014","-18.4471","33.5879","14.1220","0.1422","26.7857","45.39208779","-75.69718328","41.1","13.1","-98.6","35","32","50","1","2","0.57","-0.22","-0.96","0.5","2.9","-20.0","75.37","98.62","6740","6553.5","565.3","0","0","0","0","51.0","565.3","32.9","30.0","5.69","-4.3","0.0","3.391","0.691","26.99","12.6","0.94","0"
"23.300","31.8647","14","-0.2659","0.4134","-0.7738","157.6254","-17.8142","33.5761","14.0720","0.1400","28.4684","45.39208396","-75.69718089","41.1","13.1","-98.6","35","31","50","1","2","0.17","-0.27","-0.90","0.8","1.5","-18.8","75.17","99.41","6901","6553.5","568.9","0","0","0","0","51.0","569.0","32.9","30.0","5.84","-4.3","0.0","3.553","0.679","26.95","12.7","0.93","0"
"23.350","32.6243","14","-0.2688","0.4221","-0.7895","156.9053","-17.5932","33.5647","14.0220","0.1400","29.5132","45.39208009","-75.69717837","41.1","13.1","-98.6","36","30","49","1","2","0.20","-0.36","-0.93","0.7","0.4","-18.0","74.98","100.79","7090","6553.5","571.8","0","0","0","0","51.0","571.9","32.8","30.0","5.87","-4.3","-0.0","3.479","0.665","26.90","12.7","0.93","0"
"23.400","33.2354","14","-0.2541","0.4138","-0.7729","156.1736","-16.2813","33.5581","14.0000","0.1400","32.4887","45.39207618","-75.69717579","41.1","13.1","-98.6","35","28","47","1","2","0.29","-0.42","-1.18","0.1","0.2","-16.8","74.79","100.34","7152","6553.5","574.7","0","0","0","0","51.0","574.7","32.8","30.0","5.90","-4.3","-0.0","3.356","0.652","26.79","12.6","0.93","0"
"23.450","33.7300","14","-0.2254","0.3921","-0.7311","155.4327","-14.1122","33.5552","14.0000","0.1400","38.0400","45.39207223","-75.69717318","41.1","13.1","-98.6","35","28","47","1","2","0.40","-0.36","-1.22","-0.5","0.6","-15.1","74.59","99.30","7218","6553.5","572.6","0","0","0","0","51.0","572.6","32.8","30.0","5.96","-4.3","0.0","3.371","0.630","26.44","12.6","0.95","0"
"23.500","34.3275","14","-0.1973","0.3747","-0.6941","154.9130","-12.0935","33.5517","13.9720","0.1400","45.1764","45.39206822","-75.69717047","41.1","13.1","-98.6","37","31","49","1","2","0.36","-0.33","-1.06","-0.5","0.9","-13.1","74.40","99.58","7300","6553.5","570.1","0","0","0","0","51.0","570.1","32.8","30.0","6.02","-4.3","0.0","3.388","0.574","25.28","12.7","0.97","0"
"23.550","35.0061","14","-0.1697","0.3606","-0.6610","154.5671","-10.1928","33.5477","13.9220","0.1400","54.6600","45.39206416","-75.69716769","41.1","13.1","-98.6","37","31","49","1","2","0.26","-0.27","-0.86","-0.5","0.2","-11.4","74.21","100.15","7370","6553.5","570.9","0","0","0","0","51.0","570.9","32.8","30.0","6.09","-4.3","0.0","3.413","0.537","23.85","12.7","0.96","0"
"23.600","35.5669","14","-0.1623","0.3215","-0.6711","154.1676","-9.5342","33.5354","13.8720","0.1400","59.3719","45.39206006","-75.69716478","41.1","13.1","-98.6","37","29","47","1","2","0.13","-0.18","-0.85","-0.6","-0.7","-10.3","74.01","100.26","7426","6553.5","571.9","0","0","0","0","51.0","571.9","32.8","30.0","6.10","-4.3","0.0","3.444","0.526","22.08","12.7","0.95","0"
"23.650","36.0352","14","-0.1707","0.2627","-0.7154","153.7258","-9.8516","33.5166","13.8220","0.1400","58.2159","45.39205594","-75.69716178","41.1","13.1","-98.6","37","29","47","1","2","0.12","-0.21","-1.04","-0.4","-1.0","-9.9","73.82","100.00","7470","6553.5","566.4","0","0","0","0","51.0","566.3","32.8","30.0","6.02","-4.3","0.0","3.485","0.512","21.02","12.7","0.91","0"
"23.700","36.3778","14","-0.1763","0.2245","-0.7179","153.1929","-10.0294","33.5084","13.8000","0.1400","57.7273","45.39205183","-75.69715873","41.1","13.1","-98.6","37","28","47","1","2","0.15","-0.22","-1.16","-0.0","-0.7","-10.2","73.63","100.38","7507","6553.5","560.4","0","0","0","0","51.0","560.3","32.7","30.0","5.90","-4.3","0.1","3.475","0.495","20.41","12.7","0.86","0"
"23.750","36.6217","14","-0.1795","0.2025","-0.6877","152.5883","-10.0976","33.5088","13.8000","0.1400","57.7216","45.39204773","-75.69715563","41.1","13.1","-98.6","37","29","48","1","2","0.24","-0.31","-1.11","0.3","-0.5","-10.8","73.43","101.23","7625","6553.5","562.0","0","0","0","0","51.0","562.1","32.7","30.0","5.73","-4.3","0.1","3.433","0.484","20.16","12.7","0.84","0"
"23.800","36.9408","14","-0.1866","0.1885","-0.6693","151.9972","-10.3830","33.5008","13.7720","0.1400","56.6244","45.39204359","-75.69715242","41.1","13.1","-98.6","37","29","47","1","2","0.14","-0.35","-1.02","0.5","-0.6","-11.2","73.19","102.08","7757","6553.5","564.3","0","0","0","0","51.0","564.4","32.7","30.0","5.73","-4.3","0.1","3.426","0.474","20.00","12.7","0.81","0"
"23.850","37.3191","14","-0.1966","0.1809","-0.6603","151.4167","-10.8390","33.4863","13.7220","0.1400","54.7977","45.39203943","-75.69714911","41.1","13.1","-98.6","37","28","47","1","2","0.07","-0.26","-1.13","0.1","-0.4","-11.3","72.88","102.15","7779","6553.5","563.6","0","0","0","0","51.0","563.6","32.7","30.0","6.01","-4.3","0.1","3.427","0.469","19.89","12.7","0.80","0"
"23.900","37.5650","14","-0.1997","0.1680","-0.6654","150.7930","-10.9234","33.4728","13.7000","0.1400","54.7327","45.39203530","-75.69714572","41.1","13.1","-98.6","37","29","46","1","2","0.12","-0.23","-1.25","-0.6","-0.4","-10.9","72.56","101.74","7793","6553.5","562.7","0","0","0","0","51.0","562.7","32.7","30.0","6.22","-4.3","0.1","3.363","0.468","19.80","12.7","0.78","0"
"23.950","37.7069","14","-0.1976","0.1510","-0.6815","150.1354","-10.7158","33.4602","13.7000","0.1400","56.0037","45.39203118","-75.69714227","41.1","13.1","-98.6","37","29","48","1","2","0.23","-0.22","-1.11","-1.0","-0.9","-10.2","72.25","101.75","7780","6553.5","564.4","0","0","0","0","51.0","564.4","32.7","30.0","6.29","-4.3","0.1","3.315","0.480","19.80","12.7","0.77","0"
"24.000","37.9856","14","-0.1919","0.1340","-0.6827","149.6801","-10.3299","33.4524","13.6720","0.1400","58.5253","45.39202703","-75.69713877","41.1","13.1","-98.6","37","30","48","1","2","0.27","-0.23","-0.97","-0.8","-1.6","-9.4","71.93","101.85","7779","6553.5","566.3","0","0","0","0","51.0","566.4","32.7","30.0","6.28","-4.3","0.0","3.325","0.477","19.78","12.7","0.76","0"
"24.050","38.3720","14","-0.1833","0.1169","-0.6723","149.3837","-9.8039","33.4483","13.6220","0.1400","62.2922","45.39202284","-75.69713523","41.1","13.1","-98.6","37","28","47","1","2","0.31","-0.24","-0.93","-0.5","-1.9","-8.8","71.62","101.90","7797","6553.5","566.5","0","0","0","0","51.5","566.5","32.7","30.0","6.13","-4.3","0.0","3.352","0.457","19.72","12.7","0.76","0"
"24.100","38.5888","14","-0.1623","0.1104","-0.6937","149.0448","-8.6381","33.4369","13.6000","0.1400","71.0993","45.39201868","-75.69713162","41.1","13.1","-98.6","37","29","47","1","2","0.36","-0.26","-0.96","-0.4","-1.9","-8.5","71.30","101.24","7870","6553.5","566.5","0","0","0","0","52.0","566.5","32.7","30.0","6.04","-4.3","0.0","3.401","0.451","19.70","12.7","0.76","0"
"24.150","38.6725","14","-0.1316","0.1121","-0.7401","148.6725","-6.9694","33.4199","13.6000","0.1400","88.3133","45.39201454","-75.69712797","41.1","13.1","-98.6","37","29","47","1","2","0.23","-0.12","-0.97","-0.2","-1.6","-7.6","70.98","100.65","7976","6553.5","568.8","0","0","0","0","52.0","568.8","32.7","30.0","6.03","-4.3","0.0","3.429","0.454","19.70","12.7","0.76","0"
"24.200","38.7683","14","-0.1091","0.1080","-0.7493","148.4270","-5.7488","33.4092","13.5720","0.1400","107.3300","45.39201038","-75.69712430","41.1","13.1","-98.6","37","29","47","1","2","0.16","-0.03","-1.02","-0.2","-1.3","-6.8","70.67","101.04","8026","6553.5","571.2","0","0","0","0","52.0","571.3","32.7","30.0","6.02","-4.3","0.1","3.443","0.442","19.65","12.6","0.76","0"
"24.250","38.8737","14","-0.0931","0.0993","-0.7293","148.2810","-4.8802","33.4035","13.5220","0.1400","126.7771","45.39200620","-75.69712062","41.1","13.1","-98.5","37","29","47","1","2","0.16","0.01","-1.01","-0.4","-1.0","-6.0","70.35","101.43","8064","6553.5","574.5","0","0","0","0","52.0","574.5","32.6","30.0","6.01","-4.3","0.1","3.356","0.428","19.60","12.6","0.76","0"
"24.300","39.0548","14","-0.0848","0.0905","-0.7221","148.0916","-4.4226","33.3943","13.5000","0.1400","140.5462","45.39200202","-75.69711689","41.1","13.1","-98.6","37","28","46","1","2","0.03","-0.00","-1.05","-0.9","-0.4","-5.4","70.04","101.61","8099","6553.5","577.8","0","0","0","0","52.0","577.9","32.6","30.0","6.02","-4.3","0.1","3.250","0.419","19.60","12.7","0.77","0"
"24.350","39.2956","14","-0.0826","0.0817","-0.7250","147.8679","-4.2880","33.3825","13.5000","0.1400","145.8524","45.39199784","-75.69711314","41.1","13.1","-98.6","37","29","47","1","2","-0.09","-0.09","-0.96","-1.5","0.1","-5.0","69.72","101.60","8118","6553.5","577.3","0","0","0","0","52.0","577.3","32.6","30.0","6.09","-4.3","0.1","3.320","0.417","19.59","12.7","0.77","0"
"24.400","39.4524","14","-0.0817","0.0798","-0.7353","147.6734","-4.2260","33.3711","13.4720","0.1400","148.5802","45.39199365","-75.69710934","41.1","13.1","-98.6","38","29","47","1","2","-0.06","-0.10","-0.91","-1.6","0.3","-4.7","69.41","101.50","8081","6553.5","576.4","0","0","0","0","52.0","576.4","32.6","30.0","6.11","-4.3","0.0","3.388","0.438","19.53","12.7","0.76","0"
"24.450","39.5431","14","-0.0819","0.0832","-0.7515","147.5018","-4.2212","33.3601","13.4220","0.1400","149.0919","45.39198946","-75.69710552","41.1","13.1","-98.5","38","29","47","1","2","0.04","-0.11","-0.96","-1.6","0.1","-4.5","69.09","101.34","8086","6553.5","578.9","0","0","0","0","52.0","578.9","32.6","30.0","6.05","-4.3","0.0","3.447","0.445","19.50","12.7","0.76","0"
"24.500","39.6797","14","-0.0822","0.0801","-0.7578","147.1721","-4.2174","33.3496","13.4000","0.1400","149.7403","45.39198526","-75.69710166","41.1","13.1","-98.6","38","29","47","1","2","0.16","-0.14","-0.94","-1.3","-0.6","-4.5","68.78","100.64","8150","6553.5","581.7","0","0","0","0","52.0","581.7","32.6","30.0","5.96","-4.3","0.0","3.429","0.432","19.50","12.7","0.76","0"
"24.550","39.8522","14","-0.0824","0.0719","-0.7565","146.7182","-4.2145","33.3395","13.4000","0.1400","150.4962","45.39198106","-75.69709778","41.1","13.1","-98.5","38","29","47","1","2","0.20","-0.07","-0.96","-1.1","-1.4","-4.3","68.46","100.47","8178","6553.5","587.1","0","0","0","0","52.0","587.2","32.6","30.0","5.83","-4.3","0.0","3.305","0.423","19.47","12.7","0.76","0"
"24.600","40.0089","14","-0.0700","0.0728","-0.7667","146.5447","-3.5704","33.3239","13.3720","0.1400","178.3430","45.39197684","-75.69709385","41.1","13.1","-98.6","38","28","47","1","2","0.03","0.02","-1.03","-1.5","-1.7","-3.8","68.14","100.55","8185","6553.5","592.7","0","0","0","0","52.0","592.9","32.5","30.0","5.84","-4.3","0.0","3.318","0.415","19.41","12.6","0.76","0"
"24.650","40.1530","14","-0.0476","0.0809","-0.7859","146.5915","-2.4226","33.3042","13.3220","0.1400","263.7906","45.39197260","-75.69708989","41.1","13.1","-98.6","38","27","46","1","2","-0.12","0.11","-1.00","-2.0","-1.0","-2.8","67.83","100.65","8215","6553.5","588.0","0","0","0","0","52.0","587.9","32.5","30.0","6.07","-4.3","0.0","3.414","0.408","19.40","12.6","0.76","0"
"24.700","40.2380","14","-0.0233","0.0767","-0.7821","146.6243","-1.1857","33.2961","13.3000","0.1400","540.0997","45.39196836","-75.69708596","41.1","13.1","-98.5","39","27","45","1","2","-0.10","0.06","-1.11","-1.8","0.9","-1.8","67.51","100.59","8250","6553.5","582.4","0","0","0","0","52.0","582.2","32.5","30.0","6.23","-4.3","0.1","3.436","0.401","19.40","12.6","0.75","0"
"24.750","40.2764","14","0.0025","0.0630","-0.7603","146.6459","0.1211","33.2972","13.3000","0.1400","5293.6890","45.39196412","-75.69708205","41.1","13.1","-98.6","38","28","45","1","2","0.01","0.06","-1.18","-1.2","2.7","-0.8","67.20","100.47","8303","6553.5","581.0","0","0","0","0","52.0","581.0","32.5","30.0","6.26","-4.3","0.1","3.441","0.397","19.34","12.6","0.75","0"
"24.800","40.3434","14","0.0349","0.0531","-0.7531","146.8015","1.7512","33.2934","13.3000","0.1400","366.6601","45.39195986","-75.69707820","41.1","13.1","-98.5","37","31","46","1","2","0.14","-0.09","-0.86","-1.2","2.8","0.5","66.88","100.80","8333","6553.5","580.0","0","0","0","0","52.0","580.0","32.5","30.0","6.28","-4.3","0.0","3.455","0.393","19.30","12.7","0.75","0"
"24.850","40.4327","14","0.0725","0.0462","-0.7574","147.0625","3.6352","33.2856","13.3000","0.1400","177.0185","45.39195557","-75.69707441","41.1","13.1","-98.6","37","31","46","1","2","0.16","-0.04","-0.67","-1.3","0.7","2.1","66.81","101.50","8280","6553.5","585.1","0","0","0","0","52.0","585.2","32.5","30.0","6.28","-4.3","0.0","3.456","0.391","19.30","12.7","0.75","0"
"24.900","40.5773","14","0.1008","0.0448","-0.7826","147.3866","5.0423","33.2685","13.2720","0.1400","128.0770","45.39195123","-75.69707058","41.1","13.1","-98.6","40","29","46","1","2","0.06","0.14","-0.89","-1.2","-1.4","3.4","67.13","101.37","8275","6553.5","590.7","0","0","0","0","52.0","590.9","32.5","30.0","6.23","-4.3","-0.0","3.413","0.393","19.30","12.6","0.74","0"
"24.950","40.7654","14","0.1216","0.0477","-0.8241","147.7604","6.0747","33.2440","13.2220","0.1400","106.8046","45.39194684","-75.69706671","41.1","13.1","-98.5","41","28","45","1","2","-0.01","0.12","-1.07","-1.0","-1.9","4.2","67.45","100.71","8337","6553.5","587.6","0","0","0","0","52.0","587.5","32.4","30.0","6.09","-4.3","0.0","3.380","0.404","19.30","12.7","0.75","0"
"25.000","40.8064","14","0.1316","0.0468","-0.8153","148.1113","6.5617","33.2341","13.2000","0.1400","98.9763","45.39194246","-75.69706295","41.1","13.1","-98.6","40","30","45","1","2","0.05","0.14","-1.01","-0.9","-1.0","4.7","67.77","100.65","8385","6553.5","583.6","0","0","0","0","52.0","583.5","32.4","30.0","6.02","-4.3","0.0","3.357","0.398","19.27","12.8","0.76","0"
"25.050","40.7317","14","0.1330","0.0429","-0.7669","148.4441","6.6203","33.2357","13.2000","0.1400","97.9203","45.39193809","-75.69705927","41.1","13.1","-98.6","38","30","44","1","2","0.05","0.10","-0.97","-1.2","-0.1","4.8","68.10","100.53","8425","6553.5","584.0","0","0","0","0","52.0","584.0","32.4","30.0","6.04","-4.3","0.0","3.399","0.382","19.21","12.8","0.76","0"
"25.100","40.7843","14","0.1209","0.0436","-0.7601","148.7116","6.0060","33.2274","13.1720","0.1400","108.0758","45.39193367","-75.69705558","41.1","13.1","-98.5","39","30","46","1","2","0.03","0.10","-1.02","-1.3","0.0","4.7","68.42","100.91","8427","6553.5","584.7","0","0","0","0","52.0","584.8","32.4","30.0","6.03","-4.3","0.1","3.480","0.375","19.20","12.8","0.75","0"
"25.150","40.9366","14","0.0980","0.0480","-0.7859","148.9278","4.8628","33.2113","13.1220","0.1400","133.9806","45.39192920","-75.69705188","41.1","13.1","-98.6","39","29","46","1","2","-0.02","0.06","-1.03","-0.8","-0.2","4.3","68.74","101.42","8420","6553.5","586.1","0","0","0","0","52.0","586.2","32.4","30.0","5.95","-4.3","0.0","3.470","0.372","19.20","12.8","0.75","0"
"25.200","41.0682","14","0.0809","0.0501","-0.7976","149.0255","4.0038","33.2003","13.1000","0.1400","163.2503","45.39192476","-75.69704812","41.1","13.1","-98.6","39","28","46","1","2","0.10","-0.07","-1.00","-0.7","-0.1","3.5","69.06","101.09","8409","6553.5","587.6","0","0","0","0","52.0","587.6","32.3","30.0","5.88","-4.3","0.0","3.439","0.398","19.20","12.8","0.75","0"
"25.250","41.1834","14","0.0682","0.0502","-0.7982","149.0301","3.3680","33.1931","13.1000","0.1400","194.6146","45.39192034","-75.69704430","41.1","13.1","-98.6","39","30","46","1","2","0.02","-0.09","-0.94","-1.2","0.2","2.8","69.38","100.85","8414","6553.5","589.1","0","0","0","0","52.0","589.1","32.3","30.0","5.82","-4.3","0.1","3.346","0.415","19.19","12.8","0.75","0"
"25.300","41.2580","14","0.0511","0.0483","-0.7946","149.0997","2.5174","33.1833","13.1000","0.1400","260.8385","45.39191588","-75.69704052","41.1","13.1","-98.5","39","29","45","1","2","0.01","0.11","-0.93","-1.2","0.4","2.2","69.70","101.17","8476","6553.5","590.6","0","0","0","0","52.0","590.6","32.3","30.0","5.82","-4.3","0.0","3.300","0.400","19.13","12.7","0.76","0"
"25.350","41.3007","14","0.0304","0.0448","-0.7878","149.2203","1.4982","33.1715","13.1000","0.1400","438.7415","45.39191137","-75.69703678","41.1","13.1","-98.5","38","29","46","1","2","-0.07","0.15","-1.05","-1.0","0.5","1.5","70.02","101.15","8492","6553.5","589.4","0","0","0","0","52.0","589.3","32.3","30.0","5.90","-4.3","-0.0","3.421","0.386","19.10","12.7","0.76","0"
"25.400","41.3865","14","0.0182","0.0451","-0.7809","149.3169","0.8935","33.1637","13.0720","0.1400","737.2297","45.39190687","-75.69703304","41.1","13.1","-98.6","38","29","45","1","2","0.03","0.01","-1.09","-0.8","0.4","0.9","70.35","99.92","8446","6553.5","587.9","0","0","0","0","52.0","587.9","32.3","30.0","5.97","-4.3","0.0","3.468","0.372","19.10","12.6","0.75","0"
"25.450","41.5061","14","0.0125","0.0483","-0.7740","149.3946","0.6144","33.1589","13.0220","0.1400","1075.1801","45.39190236","-75.69702932","41.1","13.1","-98.6","38","30","45","1","2","0.07","-0.03","-1.01","-0.3","-0.0","0.4","70.67","100.06","8481","6553.5","589.0","0","0","0","0","52.0","589.0","32.3","30.0","6.03","-4.3","0.0","3.413","0.373","19.10","12.6","0.75","0"
"25.500","41.5733","14","0.0096","0.0525","-0.7852","149.4053","0.4718","33.1468","13.0000","0.1400","1402.5226","45.39189789","-75.69702553","41.1","13.1","-98.5","38","30","46","1","2","-0.02","0.04","-0.96","0.2","-0.7","0.1","70.99","100.39","8568","6553.5","590.3","0","0","0","0","52.0","590.3","32.2","30.0","6.08","-4.3","0.0","3.416","0.383","19.10","12.7","0.75","0"
"25.550","41.5992","14","0.0089","0.0575","-0.8106","149.3633","0.4363","33.1291","13.0000","0.1400","1517.4022","45.39189344","-75.69702169","41.1","13.1","-98.6","38","30","46","1","2","-0.05","0.16","-0.94","0.4","-1.3","-0.1","71.31","100.71","8552","6553.5","592.1","0","0","0","0","52.0","592.2","32.2","30.0","6.08","-4.3","0.0","3.454","0.375","19.05","12.7","0.75","0"
"25.600","41.7030","14","0.0055","0.0545","-0.8322","149.3772","0.2668","33.1151","13.0000","0.1400","2487.7744","45.39188891","-75.69701788","41.1","13.1","-98.6","38","29","45","1","2","0.06","0.11","-0.97","0.5","-1.4","-0.4","71.63","100.70","8516","6553.5","594.0","0","0","0","0","52.0","594.1","32.3","30.0","6.11","-4.3","0.0","3.391","0.362","19.00","12.6","0.75","0"
"25.650","41.8679","14","-0.0002","0.0452","-0.8508","149.4350","-0.0081","33.1041","13.0000","0.1400","10000.0000","45.39188434","-75.69701410","41.1","13.1","-98.6","38","29","46","1","2","0.03","0.11","-1.09","0.5","-1.2","-0.9","71.95","100.70","8522","6553.5","594.4","0","0","0","0","52.0","594.4","32.2","30.0","6.18","-4.3","0.0","3.311","0.364","19.00","12.6","0.75","0"
"25.700","41.9599","14","-0.0119","0.0429","-0.8514","149.4297","-0.5732","33.0931","12.9720","0.1400","1165.0229","45.39187980","-75.69701030","41.1","13.1","-98.6","38","30","46","1","2","-0.09","0.13","-1.05","0.6","-1.5","-1.2","72.27","100.71","8538","6553.5","594.7","0","0","0","0","52.0","594.7","32.2","30.0","6.24","-4.3","0.1","3.457","0.367","18.99","12.6","0.76","0"
"25.750","41.9945","14","-0.0283","0.0460","-0.8379","149.3748","-1.3664","33.0822","12.9220","0.1400","489.1353","45.39187529","-75.69700649","41.1","13.1","-98.5","38","31","47","1","2","-0.05","0.04","-0.88","0.6","-2.8","-1.5","72.60","100.71","8589","6553.5","594.3","0","0","0","0","52.0","594.3","32.2","30.0","6.29","-4.3","0.0","3.573","0.379","18.93","12.6","0.75","0"
"25.800","42.0774","14","-0.0522","0.0440","-0.8681","149.1998","-2.5162","33.0605","12.9000","0.1400","266.1471","45.39187076","-75.69700259","41.1","13.1","-98.6","39","30","47","1","2","-0.04","-0.08","-0.84","0.6","-3.8","-1.9","72.92","101.05","8590","6553.5","593.8","0","0","0","0","52.0","593.8","32.2","30.0","6.30","-4.3","0.0","3.580","0.385","18.88","12.6","0.74","0"
"25.850","42.1981","14","-0.0820","0.0380","-0.9328","148.9305","-3.9462","33.0305","12.9000","0.1400","170.1908","45.39186623","-75.69699862","41.1","13.1","-98.5","40","26","45","1","2","-0.06","-0.13","-1.06","0.4","-2.8","-2.7","73.24","101.28","8522","6553.5","594.4","0","0","0","0","52.5","594.4","32.2","30.0","6.24","-4.3","0.0","3.498","0.387","18.82","12.6","0.74","0"
"25.900","42.2487","14","-0.1068","0.0333","-0.9443","148.6268","-5.1358","33.0171","12.9000","0.1400","130.9245","45.39186173","-75.69699460","41.1","13.1","-98.6","39","25","45","1","2","-0.12","-0.20","-1.15","-0.6","0.1","-3.5","73.47","101.00","8566","6553.5","595.0","0","0","0","0","53.0","595.0","32.2","30.0","6.24","-4.3","0.0","3.294","0.370","18.80","12.7","0.75","0"
"25.950","42.2440","14","-0.1278","0.0296","-0.9140","148.2962","-6.1367","33.0168","12.9000","0.1400","109.5596","45.39185725","-75.69699055","41.1","13.1","-98.5","39","26","47","1","2","-0.11","-0.16","-0.94","-1.7","3.0","-3.9","73.56","100.71","8678","6553.5","595.3","0","0","0","0","53.0","595.3","32.1","30.0","6.31","-4.3","0.0","3.241","0.342","18.80","12.7","0.75","0"
"26.000","42.2351","14","-0.1427","0.0294","-0.8973","147.9168","-6.8427","33.0126","12.9000","0.1400","98.2351","45.39185280","-75.69698648","41.1","13.1","-98.6","38","26","47","1","2","-0.01","-0.15","-0.94","-2.2","4.4","-4.3","73.64","101.32","8765","6553.5","595.7","0","0","0","0","53.0","595.7","32.1","30.0","6.40","-4.3","0.0","3.281","0.344","18.80","12.8","0.74","0"
"26.050","42.2228","14","-0.1528","0.0318","-0.8912","147.4991","-7.3170","33.0055","12.9000","0.1400","91.8405","45.39184838","-75.69698240","41.1","13.1","-98.6","38","25","46","1","2","0.12","-0.11","-1.11","-2.3","4.5","-4.6","73.73","101.42","8842","6553.5","595.1","0","0","0","0","53.0","595.1","32.1","30.0","6.50","-4.3","0.0","3.369","0.353","18.80","12.8","0.75","0"
"26.100","42.2876","14","-0.1553","0.0298","-0.8775","147.0453","-7.4297","32.9980","12.8720","0.1400","90.5867","45.39184397","-75.69697820","41.1","13.1","-98.5","38","30","46","1","2","0.20","-0.05","-0.92","-1.9","4.1","-4.8","73.82","101.49","8692","6553.5","594.5","0","0","0","0","53.0","594.4","32.1","30.0","6.42","-4.3","0.0","3.465","0.350","18.80","12.7","0.76","0"
"26.150","42.4130","14","-0.1519","0.0243","-0.8579","146.5631","-7.2582","32.9900","12.8220","0.1400","93.0019","45.39183955","-75.69697391","41.1","13.1","-98.6","37","32","46","1","2","0.04","0.02","-0.67","-0.8","3.0","-5.0","73.90","101.57","8576","6553.5","596.2","0","0","0","0","53.0","596.3","32.1","30.0","6.05","-4.3","0.1","3.475","0.353","18.80","12.7","0.76","0"
"26.200","42.5609","14","-0.1351","0.0270","-0.8703","146.3313","-6.4498","32.9781","12.8000","0.1400","105.0224","45.39183511","-75.69696963","41.1","13.1","-98.6","37","32","46","1","2","-0.04","0.08","-0.80","0.4","1.0","-5.2","73.99","101.66","8583","6553.5","598.2","0","0","0","0","53.0","598.3","32.1","30.0","5.89","-4.3","0.1","3.483","0.379","18.80","12.6","0.75","0"
"26.250","42.7263","14","-0.1078","0.0362","-0.9079","146.2963","-5.1411","32.9631","12.8000","0.1400","132.2692","45.39183063","-75.69696534","41.1","13.1","-98.6","38","30","45","1","2","-0.01","0.06","-0.98","1.4","-0.8","-5.0","74.07","101.66","8642","6553.5","598.7","0","0","0","0","53.0","598.7","32.1","30.0","6.07","-4.3","0.1","3.485","0.392","18.80","12.7","0.75","0"
"26.300","42.7485","14","-0.0778","0.0432","-0.9193","146.2550","-3.7054","32.9554","12.8000","0.1400","183.6151","45.39182616","-75.69696111","41.1","13.1","-98.6","38","29","45","1","2","-0.08","0.01","-0.93","1.5","-1.6","-4.3","74.16","101.87","8772","6553.5","599.1","0","0","0","0","53.0","599.1","32.1","30.0","6.20","-4.3","0.1","3.445","0.388","18.80","12.8","0.75","0"
"26.350","42.6582","14","-0.0456","0.0484","-0.9101","146.2088","-2.1699","32.9534","12.8000","0.1400","312.8894","45.39182169","-75.69695692","41.1","13.1","-98.5","38","29","45","1","2","-0.01","-0.05","-0.85","1.2","-1.5","-3.3","74.25","101.69","8884","6553.5","599.8","0","0","0","0","53.0","599.9","32.1","30.0","6.26","-4.3","0.0","3.344","0.373","18.94","12.7","0.75","0"
"26.400","42.6700","14","-0.0172","0.0558","-0.8914","146.1445","-0.8197","32.9485","12.7720","0.1400","828.5028","45.39181722","-75.69695265","41.1","13.1","-98.5","38","30","46","1","2","0.21","-0.12","-0.93","0.6","-1.0","-2.1","74.33","101.44","8986","6553.5","600.6","0","0","0","0","53.0","600.7","32.1","30.0","6.28","-4.3","0.0","3.359","0.352","19.16","12.6","0.75","0"
"26.450","42.7622","14","0.0082","0.0649","-0.8651","146.0658","0.3848","32.9413","12.7220","0.1400","1768.4401","45.39181274","-75.69694832","41.1","13.1","-98.5","38","31","47","1","2","0.21","-0.13","-1.06","-0.2","-0.6","-1.0","74.42","101.42","8879","6553.5","601.5","0","0","0","0","53.0","601.5","32.1","30.0","6.26","-4.3","-0.0","3.444","0.344","19.34","12.7","0.76","0"
"26.500","43.0172","14","0.0307","0.0714","-0.8584","146.1716","1.4455","32.9295","12.7000","0.1400","473.6518","45.39180819","-75.69694403","41.1","13.1","-98.6","38","30","46","1","2","0.07","0.00","-1.09","-0.7","-0.5","-0.0","74.51","99.65","8732","6553.5","602.4","0","0","0","0","53.0","602.4","32.0","30.0","6.20","-4.3","0.0","3.323","0.339","19.50","12.8","0.77","0"
"26.550","43.4002","14","0.0508","0.0760","-0.8670","146.4223","2.3930","32.9141","12.7000","0.1400","288.6533","45.39180359","-75.69693978","41.1","13.1","-98.6","39","29","45","1","2","0.14","0.07","-1.20","-1.0","-0.4","0.7","74.59","99.80","8838","6553.5","604.0","0","0","0","0","53.0","604.0","32.0","30.0","6.07","-4.3","0.0","3.162","0.359","19.56","12.7","0.77","0"
"26.600","43.5629","14","0.0633","0.0836","-0.8692","146.5816","2.9717","32.9013","12.7000","0.1400","233.3128","45.39179900","-75.69693549","41.1","13.1","-98.6","39","29","46","1","2","0.02","0.13","-1.02","-0.9","0.0","1.3","74.68","100.38","8947","6553.5","605.6","0","0","0","0","53.0","605.6","32.0","30.0","6.01","-4.3","0.0","3.280","0.373","19.66","12.6","0.76","0"
"26.650","43.5526","14","0.0697","0.0936","-0.8664","146.6691","3.2606","32.8903","12.7000","0.1400","212.5888","45.39179442","-75.69693118","41.1","13.1","-98.6","38","29","45","1","2","-0.08","0.09","-0.84","-0.9","0.4","1.9","74.76","100.70","9066","6553.5","606.3","0","0","0","0","53.0","606.3","32.0","30.0","6.08","-4.3","0.0","3.373","0.365","19.94","12.7","0.76","0"
"26.700","43.6791","14","0.0718","0.1080","-0.8575","146.7975","3.3501","32.8851","12.7000","0.1400","207.5064","45.39178979","-75.69692689","41.1","13.1","-98.6","38","29","46","1","2","0.21","0.03","-1.08","-1.3","0.8","2.4","74.85","100.60","9133","6553.5","606.9","0","0","0","0","53.0","607.0","32.0","30.0","6.19","-4.3","-0.0","3.382","0.358","20.43","12.8","0.77","0"
"26.750","43.9133","14","0.0707","0.1261","-0.8440","146.9581","3.2831","32.8844","12.7000","0.1400","212.8801","45.39178512","-75.69692262","41.1","13.1","-98.5","38","29","47","1","2","0.48","0.12","-1.15","-2.0","1.3","2.6","74.94","100.47","9129","6553.5","607.4","0","0","0","0","53.0","607.4","31.9","30.0","6.37","-4.3","0.0","3.432","0.353","21.20","12.8","0.79","0"
"26.800","44.2391","14","0.0753","0.1453","-0.8186","147.1922","3.4786","32.8815","12.6720","0.1400","202.4080","45.39178037","-75.69691837","41.1","13.1","-98.6","39","29","46","1","2","0.38","0.23","-0.93","-2.5","2.2","2.5","75.02","100.47","9198","6553.5","607.8","0","0","0","0","53.0","607.8","31.9","30.0","6.38","-4.3","0.0","3.538","0.358","21.84","12.7","0.81","0"
"26.850","44.6371","14","0.0844","0.1654","-0.7839","147.4841","3.8803","32.8769","12.6220","0.1400","183.0831","45.39177554","-75.69691413","41.1","13.1","-98.6","38","29","45","1","2","0.42","0.06","-1.01","-2.4","3.5","2.2","75.11","100.49","9313","6553.5","605.4","0","0","0","0","53.0","605.4","31.9","30.0","6.12","-4.3","0.0","3.564","0.370","22.40","12.7","0.82","0"
"26.900","44.9372","14","0.0847","0.1806","-0.7451","147.6405","3.8738","32.8748","12.6000","0.1400","184.6221","45.39177073","-75.69690986","41.1","13.1","-98.6","37","29","44","1","2","0.32","-0.01","-1.04","-1.9","4.4","2.1","75.20","100.66","9417","6553.5","602.8","0","0","0","0","53.0","602.8","31.9","30.0","6.00","-4.3","0.0","3.540","0.386","23.82","12.8","0.83","0"
"26.950","45.1605","14","0.0781","0.1919","-0.7031","147.6904","3.5466","32.8746","12.6000","0.1400","202.6586","45.39176592","-75.69690557","41.1","13.1","-98.5","36","29","44","1","2","0.38","0.12","-1.15","-1.5","4.6","2.2","75.28","100.71","9519","6553.5","602.4","0","0","0","0","53.0","602.4","31.9","30.0","6.12","-4.3","0.1","3.424","0.403","25.45","12.8","0.85","0"
"27.000","45.5442","14","0.0694","0.2140","-0.6534","147.8368","3.1291","32.8850","12.6000","0.1400","231.6538","45.39176102","-75.69690124","41.1","13.1","-98.6","37","32","45","1","2","0.30","0.28","-1.06","-1.4","3.9","2.4","75.35","100.94","9621","6553.5","602.2","0","0","0","0","53.0","602.2","31.9","30.0","6.26","-4.3","0.0","3.293","0.428","28.06","12.8","0.87","0"
"27.050","46.0538","14","0.0590","0.2445","-0.5976","148.0591","2.6405","32.9036","12.6000","0.1400","277.5842","45.39175605","-75.69689690","41.1","13.1","-98.6","36","32","47","1","2","0.33","0.13","-0.87","-1.1","2.6","2.4","75.42","101.26","9722","6553.5","614.8","0","0","0","0","53.0","615.1","31.9","30.0","6.45","-4.3","-0.0","3.372","0.446","30.48","12.8","0.89","0"
"27.100","46.6395","14","0.0527","0.2754","-0.5638","148.1861","2.3346","32.9092","12.6000","0.1400","317.9462","45.39175098","-75.69689248","41.1","13.0","-98.6","36","32","47","1","2","0.43","-0.05","-0.81","-0.2","1.2","2.2","75.49","100.63","9821","6553.5","628.5","0","0","0","0","53.0","628.8","31.9","30.0","6.54","-4.3","-0.0","3.413","0.444","32.20","12.7","0.92","0"
"27.150","47.2849","14","0.0495","0.3066","-0.5473","148.2384","2.1723","32.9048","12.6000","0.1400","346.4427","45.39174583","-75.69688800","41.1","13.0","-98.5","38","30","46","1","2","0.48","-0.01","-0.97","0.0","0.7","1.9","75.56","99.77","9932","6553.5","629.0","0","0","0","0","53.0","628.9","31.9","30.0","6.48","-4.3","-0.0","3.315","0.445","33.57","12.6","0.92","0"
"27.200","47.8477","14","0.0409","0.3191","-0.5054","148.2729","1.7821","32.9105","12.5720","0.1400","427.3101","45.39174062","-75.69688351","41.1","13.0","-98.6","38","30","47","1","2","0.39","0.14","-0.96","-0.9","0.8","1.6","75.63","99.97","10060","6553.5","628.3","0","0","0","0","53.0","628.2","31.9","30.0","6.43","-4.3","0.0","3.281","0.451","34.46","12.5","0.91","0"
"27.250","48.3455","14","0.0282","0.3169","-0.4435","148.2935","1.2130","32.9240","12.5220","0.1400","634.3076","45.39173538","-75.69687903","41.1","13.0","-98.6","37","30","49","1","2","0.39","0.17","-0.86","-2.2","0.6","1.4","75.71","100.38","10164","6553.5","623.7","0","0","0","0","53.0","623.6","31.9","30.0","6.40","-4.3","0.0","3.332","0.463","35.14","12.5","0.90","0"
"27.300","48.9047","14","0.0182","0.3193","-0.3987","148.3573","0.7747","32.9370","12.5000","0.1400","1004.6548","45.39173006","-75.69687446","41.1","12.9","-98.6","38","31","49","1","2","0.31","0.10","-0.82","-3.1","-0.2","1.0","75.78","100.71","10252","6553.5","618.8","0","0","0","0","53.0","618.7","31.8","30.0","6.39","-4.3","-0.0","3.357","0.478","35.70","12.6","0.89","0"
"27.350","49.5122","14","0.0104","0.3254","-0.3672","148.4551","0.4392","32.9495","12.5000","0.1400","1794.2723","45.39172469","-75.69686981","41.1","12.9","-98.6","38","31","46","1","2","0.25","-0.08","-0.83","-2.7","-0.1","0.3","75.85","100.42","10387","6553.5","619.4","0","0","0","0","53.0","619.4","31.8","30.0","6.39","-4.3","-0.0","3.365","0.480","36.12","12.6","0.88","0"
"27.400","50.0356","14","0.0037","0.3253","-0.3140","148.4400","0.1572","32.9629","12.5000","0.1400","5066.8599","45.39171928","-75.69686509","41.1","12.9","-98.6","36","31","44","1","2","0.31","-0.11","-1.06","-1.4","1.2","-0.5","75.92","98.85","10531","6553.5","620.5","0","0","0","0","53.0","620.5","31.9","30.0","6.35","-4.3","0.0","3.386","0.478","36.51","12.7","0.86","0"
"27.450","50.4930","14","-0.0021","0.3206","-0.2437","148.3363","-0.0828","32.9769","12.5000","0.1400","9707.8662","45.39171384","-75.69686034","41.1","12.9","-98.6","36","34","46","1","2","0.33","0.02","-1.00","0.2","1.8","-1.1","75.99","99.53","10597","6553.5","624.0","0","0","0","0","53.0","624.1","31.8","30.0","6.26","-4.3","0.0","3.409","0.477","36.78","12.7","0.84","0"
"27.500","51.0492","14","-0.0120","0.3062","-0.2088","148.3246","-0.4814","32.9840","12.5000","0.1400","1687.5980","45.39170831","-75.69685551","41.1","12.8","-98.6","35","32","48","1","2","0.34","0.15","-0.90","1.5","0.8","-1.4","76.06","100.20","10673","6553.5","627.7","0","0","0","0","53.0","627.8","31.8","30.0","6.25","-4.3","0.0","3.370","0.477","37.05","12.7","0.81","0"
"27.550","51.6830","14","-0.0252","0.2841","-0.2016","148.3854","-1.0048","32.9855","12.5000","0.1400","818.6342","45.39170272","-75.69685062","41.1","12.8","-98.6","39","29","45","1","2","0.24","0.13","-1.18","2.1","-0.2","-1.5","76.13","100.88","10781","6553.5","627.9","0","0","0","0","53.5","627.9","31.8","30.0","6.40","-4.3","0.1","3.351","0.478","37.27","12.7","0.80","0"
"27.600","52.1479","14","-0.0320","0.2698","-0.1614","148.3027","-1.2641","32.9977","12.4720","0.1400","656.5598","45.39169711","-75.69684570","41.1","12.8","-98.6","39","30","47","1","2","0.21","-0.03","-1.15","1.6","0.3","-1.3","76.21","100.74","10884","6553.5","627.7","0","0","0","0","54.0","627.7","31.8","30.0","6.51","-4.3","0.2","3.406","0.479","37.45","12.6","0.79","0"
"27.650","52.4801","14","-0.0336","0.2614","-0.0952","148.1074","-1.3159","33.0184","12.4220","0.1400","634.7137","45.39169148","-75.69684074","41.1","12.8","-98.6","37","31","50","1","2","0.28","0.02","-1.11","0.6","0.9","-0.9","76.28","99.40","10979","6553.5","632.8","0","0","0","0","54.0","632.9","31.8","30.0","6.54","-4.3","-0.0","3.463","0.482","37.56","12.6","0.78","0"
"27.700","52.9048","14","-0.0381","0.2532","-0.0554","147.9988","-1.4786","33.0360","12.4000","0.1400","569.4431","45.39168580","-75.69683571","41.1","12.7","-98.6","37","29","47","1","2","0.42","0.01","-1.23","-0.4","1.0","-0.7","76.35","97.80","11042","6553.5","638.3","0","0","0","0","54.0","638.4","31.8","30.0","6.60","-4.3","-0.1","3.523","0.483","37.67","12.7","0.76","0"
"27.750","53.4023","14","-0.0449","0.2450","-0.0364","147.9585","-1.7285","33.0512","12.4000","0.1400","491.7213","45.39168009","-75.69683063","41.1","12.7","-98.5","37","29","46","1","2","0.38","0.03","-1.15","-1.2","0.9","-0.9","76.42","97.65","11086","6553.5","648.0","0","0","0","0","54.0","648.2","31.8","30.0","6.72","-4.3","0.2","3.491","0.483","37.78","12.4","0.76","0"
"27.800","53.8233","14","-0.0455","0.2330","-0.0015","147.9076","-1.7402","33.0654","12.4000","0.1400","492.2487","45.39167435","-75.69682548","41.1","12.7","-98.6","37","30","46","1","2","0.30","-0.04","-0.68","-1.6","0.7","-1.3","76.49","108.09","11149","6553.5","658.2","0","0","0","0","54.0","658.4","31.8","30.0","6.75","-4.3","0.3","3.401","0.478","37.80","12.1","0.77","0"
"27.850","54.1843","14","-0.0413","0.2178","0.0460","147.8486","-1.5649","33.0788","12.4000","0.1400","551.0547","45.39166859","-75.69682027","41.1","12.7","-98.6","37","31","48","1","2","0.17","-0.10","-0.56","-2.0","0.3","-1.5","76.56","106.24","11216","6553.5","660.7","0","0","0","0","54.0","660.8","31.8","30.0","6.64","-4.3","0.0","3.434","0.471","37.80","12.1","0.78","0"
"27.900","54.5018","14","-0.0329","0.2088","0.0757","147.7735","-1.2394","33.0926","12.4000","0.1400","699.8864","45.39166279","-75.69681504","41.1","12.6","-98.5","38","31","48","1","2","0.17","0.00","-0.70","-2.3","-0.1","-1.5","76.63","101.69","11290","6553.5","662.6","0","0","0","0","54.0","662.7","31.8","30.0","6.59","-4.3","-0.1","3.493","0.476","37.91","12.1","0.79","0"
"27.950","54.7851","14","-0.0212","0.2045","0.0913","147.6858","-0.7957","33.1067","12.4000","0.1400","1095.7657","45.39165696","-75.69680978","41.1","12.6","-98.6","38","31","47","1","2","0.05","0.11","-0.70","-2.3","-0.3","-1.1","76.71","97.75","11362","6553.5","654.5","0","0","0","0","54.0","654.3","31.8","30.0","6.64","-4.3","0.0","3.530","0.479","38.02","12.3","0.79","0"
"28.000","55.1535","14","-0.0142","0.1982","0.1130","147.6669","-0.5280","33.1193","12.4000","0.1400","1662.4908","45.39165107","-75.69680451","41.1","12.6","-98.6","37","31","47","1","2","-0.06","0.07","-0.56","-1.8","-0.5","-0.7","76.60","100.81","11419","6553.5","645.4","0","0","0","0","54.0","645.2","31.8","30.0","6.66","-4.3","0.1","3.532","0.480","38.14","12.6","0.80","0"
"28.050","55.5886","14","-0.0108","0.1903","0.1397","147.7021","-0.3985","33.1305","12.4000","0.1400","2220.1663","45.39164514","-75.69679921","41.1","12.6","-98.6","37","31","46","1","2","0.05","0.01","-0.70","-1.1","-0.6","-0.7","76.20","101.42","11488","6553.5","645.7","0","0","0","0","54.0","645.7","31.8","30.0","6.64","-4.3","0.1","3.410","0.486","38.25","12.6","0.81","0"
"28.100","55.9438","14","-0.0033","0.1902","0.1689","147.7617","-0.1240","33.1456","12.3720","0.1400","7178.3667","45.39163917","-75.69679393","41.1","12.6","-98.6","37","30","47","1","2","0.41","-0.03","-0.86","-0.3","-0.7","-0.7","75.81","101.42","11574","6553.5","646.8","0","0","0","0","54.0","646.8","31.8","30.0","6.68","-4.3","0.0","3.335","0.499","38.36","12.7","0.82","0"
"28.150","56.2361","14","0.0073","0.1962","0.2002","147.8404","0.2643","33.1637","12.3220","0.1400","3386.2615","45.39163318","-75.69678866","41.1","12.6","-98.5","37","31","47","1","2","0.46","-0.04","-0.92","0.2","-0.7","-0.5","75.41","101.34","11655","6553.5","651.2","0","0","0","0","54.0","651.3","31.8","30.0","6.82","-4.3","0.0","3.326","0.500","38.50","12.7","0.82","0"
"28.200","56.5601","14","0.0086","0.1947","0.2196","147.8189","0.3136","33.1773","12.3000","0.1400","2870.6113","45.39162715","-75.69678328","41.1","12.6","-98.6","37","32","47","1","2","0.04","0.20","-1.13","0.4","-0.8","-0.3","75.01","100.00","11732","6553.5","655.8","0","0","0","0","54.0","655.9","31.8","30.0","6.89","-4.3","0.0","3.337","0.494","38.67","12.7","0.82","0"
"28.250","56.9088","14","0.0027","0.1871","0.2296","147.7187","0.0964","33.1875","12.3000","0.1400","9391.0938","45.39162110","-75.69677781","41.1","12.6","-98.5","37","31","47","1","2","0.07","0.06","-1.21","0.4","-0.7","-0.4","74.62","100.00","11808","6553.5","655.4","0","0","0","0","54.0","655.4","31.8","30.0","6.82","-4.3","0.1","3.362","0.495","38.79","12.4","0.82","0"
"28.300","57.2242","14","-0.0004","0.1853","0.2479","147.6879","-0.0137","33.1994","12.3000","0.1400","10000.0000","45.39161500","-75.69677236","41.1","12.7","-98.6","37","31","46","1","2","-0.27","-0.07","-1.19","0.0","-0.2","-0.4","74.22","100.72","11882","6553.5","654.6","0","0","0","0","54.0","654.6","31.8","30.0","6.89","-4.3","0.1","3.320","0.497","38.90","12.1","0.83","0"
"28.350","57.5136","14","-0.0011","0.1879","0.2727","147.7117","-0.0397","33.2128","12.3000","0.1400","10000.0000","45.39160885","-75.69676692","41.1","12.7","-98.6","37","31","47","1","2","-0.66","-0.12","-1.00","-0.2","0.1","-0.4","73.82","101.46","11935","6553.5","660.4","0","0","0","0","54.0","660.5","31.8","30.0","7.17","-4.3","0.1","3.267","0.495","38.96","12.1","0.83","0"
"28.400","57.8463","14","-0.0049","0.1807","0.2965","147.7197","-0.1706","33.2291","12.3000","0.1400","5397.6333","45.39160268","-75.69676142","41.1","12.7","-98.6","37","29","47","1","2","-0.92","-0.29","-0.97","-0.4","0.3","-0.3","73.43","101.66","11983","6553.5","666.8","0","0","0","0","54.0","666.9","31.8","30.0","7.15","-4.3","0.0","3.333","0.494","39.04","12.1","0.82","0"
"28.450","58.2131","14","-0.0109","0.1657","0.3195","147.7151","-0.3838","33.2476","12.3000","0.1400","2413.8650","45.39159649","-75.69675588","41.1","12.7","-98.5","39","28","47","1","2","-1.12","-0.37","-1.07","-0.8","0.6","-0.3","73.03","101.65","12012","6553.5","669.9","0","0","0","0","54.0","669.9","31.8","30.0","6.63","-4.3","0.0","3.385","0.497","39.20","12.3","0.81","0"
"28.500","58.4885","14","-0.0176","0.1437","0.3514","147.6850","-0.6124","33.2667","12.3000","0.1400","1519.9307","45.39159030","-75.69675030","41.1","12.7","-98.6","39","29","48","1","2","-1.10","-0.36","-1.08","-1.3","0.3","-0.5","72.64","101.39","12042","6553.5","672.7","0","0","0","0","54.0","672.7","31.8","30.0","6.38","-4.3","0.0","3.387","0.498","39.32","12.6","0.79","0"
"28.550","58.6921","14","-0.0246","0.1163","0.3905","147.6347","-0.8531","33.2861","12.3000","0.1400","1094.9053","45.39158410","-75.69674469","41.1","12.7","-98.6","38","30","48","1","2","-0.64","-0.44","-0.79","-1.8","-0.6","-0.8","72.24","101.01","12075","6553.5","670.0","0","0","0","0","54.0","669.9","31.8","30.0","6.56","-4.3","0.1","3.382","0.496","39.38","12.6","0.79","0"
"28.600","58.8484","14","-0.0309","0.1043","0.4155","147.5525","-1.0686","33.2977","12.2720","0.1400","876.5031","45.39157790","-75.69673907","41.1","12.7","-98.6","38","31","46","1","2","-0.07","-0.24","-0.76","-2.2","-1.2","-1.3","71.84","103.77","12084","6553.5","666.9","0","0","0","0","54.0","666.8","31.8","30.0","6.66","-4.3","0.2","3.367","0.486","39.37","12.7","0.80","0"
"28.650","58.9675","14","-0.0366","0.1045","0.4295","147.4452","-1.2641","33.3032","12.2220","0.1400","742.4100","45.39157170","-75.69673343","41.1","12.7","-98.6","38","30","45","1","2","0.05","0.18","-0.81","-2.2","-1.0","-1.8","71.45","104.39","12077","6553.5","674.4","0","0","0","0","54.0","674.5","31.8","30.0","6.64","-4.3","0.2","3.362","0.471","39.31","12.7","0.79","0"
"28.700","59.0762","14","-0.0423","0.1200","0.4461","147.4106","-1.4566","33.3149","12.2000","0.1400","645.4757","45.39156548","-75.69672777","41.1","12.7","-98.6","38","27","45","1","2","-0.50","0.30","-0.96","-2.0","-0.1","-2.4","71.05","104.13","12007","6553.5","682.8","0","0","0","0","54.0","683.0","31.8","30.0","6.57","-4.3","0.2","3.364","0.465","38.25","12.7","0.77","0"
"28.750","59.1768","14","-0.0480","0.1477","0.4646","147.4330","-1.6468","33.3316","12.2000","0.1400","571.9217","45.39155924","-75.69672211","41.1","12.7","-98.6","38","30","46","1","2","-0.60","0.03","-1.22","-1.4","0.7","-2.7","70.65","103.82","11917","6553.5","675.8","0","0","0","0","54.0","675.7","31.8","30.0","6.42","-4.3","0.2","3.406","0.462","37.05","12.4","0.76","0"
"28.800","59.3138","14","-0.0540","0.1716","0.4841","147.3266","-1.8459","33.3469","12.2000","0.1400","511.4041","45.39155298","-75.69671640","41.1","12.7","-98.6","37","29","47","1","5","-0.19","-0.07","-1.22","-0.4","1.4","-2.5","70.26","103.63","11524","6553.5","667.5","0","0","0","0","54.0","667.3","31.8","30.0","6.43","-4.3","0.0","3.455","0.512","39.72","12.1","0.74","0"
"28.850","59.4795","14","-0.0603","0.1927","0.5043","147.1190","-2.0521","33.3609","12.2000","0.1400","461.2997","45.39154670","-75.69671067","41.1","12.7","-98.6","37","31","49","1","3","0.51","-0.10","-0.92","-0.2","2.2","-1.9","69.86","103.63","11060","6553.5","666.6","0","0","0","0","54.0","666.6","31.8","30.0","6.70","-4.3","-0.2","3.400","0.512","41.10","12.1","0.76","0"
"28.900","60.1619","14","-0.0584","0.1852","0.5196","146.9363","-1.9793","33.3799","12.2000","0.1400","483.7685","45.39154027","-75.69670473","41.1","12.8","-98.6","35","34","50","1","3","0.75","-0.11","-0.75","-0.8","1.8","-1.1","69.46","100.48","10342","6553.5","666.4","0","0","0","0","54.0","666.4","31.9","30.0","6.80","-4.3","0.0","3.332","0.333","37.94","12.0","0.78","0"
"28.950","61.2503","14","-0.0501","0.1553","0.5311","146.7733","-1.6871","33.4030","12.2000","0.1400","577.8018","45.39153372","-75.69669863","41.1","12.8","-98.6","36","34","49","1","3","0.41","-0.22","-0.62","-1.4","-0.7","-0.7","69.07","98.02","9804","6553.5","661.4","0","0","0","0","54.5","661.3","31.9","30.0","6.61","-4.3","0.3","3.218","0.213","29.33","12.3","0.78","0"
"29.000","61.7837","14","-0.0406","0.1040","0.5240","146.7728","-1.3620","33.4148","12.2000","0.1400","721.9896","45.39152720","-75.69669261","41.1","12.8","-98.6","40","29","46","1","3","0.04","-0.10","-0.68","-1.5","-3.3","-0.9","68.67","103.69","9513","6553.5","655.9","0","0","0","0","55.0","655.8","31.9","30.0","6.44","-4.3","0.3","3.166","0.176","13.22","12.7","0.78","0"
"29.050","61.8810","14","-0.0303","0.0358","0.5024","146.9000","-1.0108","33.4179","12.2000","0.1400","974.3313","45.39152070","-75.69668665","41.1","12.8","-98.6","42","26","42","1","3","-0.31","-0.09","-1.00","-0.7","-3.8","-1.5","68.28","108.88","9517","6553.5","648.3","0","0","0","0","55.0","648.1","31.9","30.0","6.29","-4.3","0.3","3.201","0.159","5.21","12.7","0.86","0"
"29.100","61.2636","14","-0.0213","-0.0514","0.5329","146.9334","-0.7091","33.4390","12.1720","0.1400","1375.0559","45.39151439","-75.69668082","41.1","12.8","-98.6","40","26","42","1","3","-0.45","-0.21","-0.97","0.4","-2.5","-1.6","68.28","108.63","9702","6553.5","640.4","0","0","0","0","55.0","640.3","31.9","30.0","6.17","-4.3","0.4","3.297","0.154","2.15","12.6","0.95","0"
"29.150","60.0848","14","-0.0134","-0.1534","0.6043","146.8931","-0.4462","33.4742","12.1220","0.1400","2143.1443","45.39150824","-75.69667511","41.1","12.8","-98.6","39","26","44","1","3","-0.53","-0.27","-0.90","0.8","-1.1","-1.2","68.54","108.68","9813","6553.5","638.5","0","0","0","0","55.0","638.4","31.9","30.0","6.12","-4.3","0.4","3.431","0.202","4.61","12.6","0.94","0"
"29.200","59.1868","14","-0.0069","-0.2360","0.6482","146.8429","-0.2294","33.4984","12.1000","0.1400","4105.8057","45.39150216","-75.69666946","41.1","12.8","-98.6","40","27","44","1","3","-0.57","-0.12","-0.98","0.3","0.1","-0.7","68.80","109.57","9904","6553.5","637.0","0","0","0","0","55.0","637.0","31.9","30.0","6.10","-4.3","0.3","3.388","0.261","8.30","12.6","0.91","0"
"29.250","58.5094","14","-0.0015","-0.3033","0.6706","146.7851","-0.0489","33.5138","12.1000","0.1400","10000.0000","45.39149612","-75.69666387","41.1","12.8","-98.6","40","28","46","1","3","-0.36","-0.04","-0.96","-1.0","1.0","-0.3","69.05","110.46","9830","6553.5","636.1","0","0","0","0","55.0","636.1","31.9","30.0","6.12","-4.3","0.2","3.311","0.321","13.30","12.6","0.91","0"
"29.300","58.0092","14","0.0061","-0.3250","0.6837","146.8076","0.2097","33.5269","12.1000","0.1400","4402.0884","45.39149011","-75.69665830","41.1","12.9","-98.6","39","29","47","1","3","-0.10","-0.04","-0.87","-2.5","1.2","-0.1","69.31","107.91","9874","6553.5","635.2","0","0","0","0","55.0","635.2","31.9","30.0","6.07","-4.3","0.2","3.467","0.381","18.58","12.7","0.92","0"
"29.350","57.6485","14","0.0154","-0.3107","0.6896","146.8934","0.5297","33.5381","12.1000","0.1400","1732.1910","45.39148411","-75.69665276","41.1","12.9","-98.6","40","29","46","1","3","-0.02","0.00","-0.85","-3.1","1.1","-0.0","69.57","105.16","10342","6553.5","638.3","0","0","0","0","55.0","638.3","32.0","30.0","5.92","-4.3","0.2","3.569","0.440","24.86","12.6","0.86","0"
"29.400","57.4216","14","0.0135","-0.2467","0.7020","146.8688","0.4632","33.5512","12.1000","0.1400","1972.8528","45.39147813","-75.69664721","41.1","12.9","-98.6","39","27","46","1","3","0.04","0.07","-1.12","-2.6","1.9","0.5","69.82","105.15","10493","6553.5","641.7","0","0","0","0","55.0","641.8","32.0","30.0","5.94","-4.3","0.1","3.483","0.496","31.23","12.4","0.80","0"
"29.450","57.3000","14","0.0027","-0.1438","0.7197","146.7574","0.0932","33.5660","12.1000","0.1400","9785.3271","45.39147217","-75.69664166","41.1","12.9","-98.6","37","30","48","1","3","0.25","0.04","-1.29","-1.7","3.0","1.5","70.08","105.14","10206","6553.5","640.2","0","0","0","0","55.0","640.1","32.0","30.0","6.24","-4.3","-0.1","3.448","0.550","37.73","12.5","0.82","0"
"29.500","57.7923","14","-0.0047","0.0027","0.7334","146.7626","-0.1651","33.5861","12.1000","0.1400","5572.7734","45.39146601","-75.69663603","41.1","12.9","-98.6","35","34","52","1","3","0.35","-0.09","-0.95","-1.3","2.1","2.1","70.33","99.72","10183","6553.5","638.2","0","0","0","0","55.0","638.1","32.0","30.0","6.48","-4.3","-0.2","3.483","0.570","41.75","12.7","0.86","0"
"29.550","58.7669","14","-0.0095","0.1836","0.7438","146.8595","-0.3355","33.6105","12.1000","0.1400","2788.0947","45.39145971","-75.69663033","41.1","13.0","-98.6","38","34","54","1","3","0.34","0.06","-0.68","-1.7","-1.0","1.7","70.59","93.86","10322","6553.5","638.6","0","0","0","0","55.0","638.7","32.0","30.0","6.61","-4.3","-0.1","3.478","0.571","44.25","12.7","0.91","0"
"29.600","59.4741","14","-0.0085","0.3092","0.7237","146.9064","-0.2989","33.6183","12.1000","0.1400","3167.1428","45.39145337","-75.69662453","41.1","13.0","-98.6","42","33","51","1","3","0.32","0.11","-0.71","-2.3","-2.9","0.2","70.85","96.03","10472","6553.5","639.3","0","0","0","0","55.0","639.4","32.0","30.0","6.62","-4.3","0.0","3.450","0.552","45.16","12.7","0.96","0"
"29.650","59.9710","14","-0.0028","0.3913","0.6797","146.9139","-0.0996","33.6130","12.1000","0.1400","9580.6768","45.39144701","-75.69661864","41.1","13.0","-98.6","40","31","47","1","3","0.33","-0.07","-1.09","-2.1","-1.7","-1.4","71.10","100.54","10623","6553.5","643.4","0","0","0","0","55.0","643.5","32.0","30.0","6.44","-4.3","0.2","3.405","0.530","45.71","12.7","0.92","0"
"29.700","60.4559","14","-0.0035","0.4188","0.6772","146.8671","-0.1187","33.6261","12.0720","0.1400","8105.9727","45.39144059","-75.69661274","41.1","13.0","-98.6","33","28","46","1","3","0.43","-0.11","-1.20","-1.2","0.7","-2.4","71.36","105.06","10662","6553.5","647.8","0","0","0","0","55.0","647.8","32.0","30.0","6.26","-4.3","0.1","3.359","0.518","45.98","12.6","0.88","0"
"29.750","60.9311","14","-0.0092","0.4035","0.7071","146.7774","-0.3093","33.6536","12.0220","0.1400","3135.1528","45.39143413","-75.69660683","41.1","13.0","-98.6","32","30","48","1","3","0.41","-0.10","-0.91","-0.3","1.3","-2.1","71.62","105.42","10712","6553.5","650.5","0","0","0","0","55.0","650.5","32.0","30.0","6.10","-4.3","-0.2","3.473","0.516","46.24","12.6","0.88","0"
"29.800","61.5962","14","-0.0111","0.3925","0.7276","146.7240","-0.3712","33.6752","12.0000","0.1400","2641.0117","45.39142757","-75.69660077","41.1","13.0","-98.6","36","32","48","1","3","0.43","-0.12","-0.76","0.0","-0.2","-1.4","71.87","96.13","10798","6553.5","653.1","0","0","0","0","55.0","653.1","32.0","30.0","6.11","-4.3","-0.1","3.541","0.547","46.40","12.7","0.87","0"
"29.850","62.4104","14","-0.0100","0.3850","0.7406","146.6992","-0.3319","33.6919","12.0000","0.1400","2992.4656","45.39142095","-75.69659461","41.1","13.1","-98.6","40","33","50","1","3","0.42","-0.19","-0.66","-0.2","-1.6","-1.0","72.13","96.97","10914","6553.5","655.3","0","0","0","0","55.0","655.4","32.0","30.0","6.42","-4.3","0.1","3.448","0.565","46.55","12.7","0.86","0"
"29.900","63.0353","14","-0.0036","0.3654","0.7362","146.6862","-0.1216","33.7032","12.0000","0.1400","8253.6523","45.39141427","-75.69658841","41.1","13.1","-98.6","39","31","49","1","3","0.38","-0.11","-0.90","-1.2","-0.9","-0.6","72.38","99.29","11070","6553.5","657.5","0","0","0","0","55.0","657.6","32.0","30.0","6.57","-4.3","0.1","3.346","0.563","46.66","12.8","0.85","0"
"29.950","63.5114","14","0.0070","0.3364","0.7179","146.6825","0.2233","33.7102","12.0000","0.1400","4527.1802","45.39140754","-75.69658219","41.1","13.1","-98.6","40","30","48","1","3","0.21","0.04","-1.16","-1.5","1.1","-0.2","72.64","101.61","11149","6553.5","654.2","0","0","0","0","55.0","654.2","32.0","30.0","6.46","-4.3","0.1","3.231","0.561","46.77","12.8","0.85","0"
"30.000","64.0166","14","0.0142","0.3118","0.7133","146.7812","0.4544","33.7252","12.0000","0.1400","2242.1196","45.39140074","-75.69657596","41.1","13.1","-98.6","33","31","50","1","3","0.27","0.09","-0.95","-1.3","1.2","0.2","72.90","101.43","11180","6553.5","650.5","0","0","0","0","55.0","650.4","32.1","30.0","6.41","-4.3","0.3","3.288","0.559","46.88","12.7","0.84","0"
"30.050","64.5445","14","0.0188","0.2906","0.7193","146.9603","0.5962","33.7467","12.0000","0.1400","1722.9270","45.39139389","-75.69656974","41.1","13.1","-98.6","35","31","48","1","3","0.29","0.11","-0.88","-1.5","-1.0","0.5","73.15","105.18","11275","6553.5","646.7","0","0","0","0","55.0","646.6","32.1","30.0","6.44","-4.3","0.4","3.450","0.568","46.99","12.7","0.85","0"
"30.100","65.1651","14","0.0317","0.2961","0.7125","147.0135","0.9966","33.7577","12.0000","0.1400","1040.6257","45.39138694","-75.69656341","41.1","13.1","-98.6","42","31","48","1","3","0.14","0.08","-1.01","-2.1","-2.5","0.5","73.37","109.02","11383","6553.5","642.9","0","0","0","0","55.0","642.8","32.1","30.0","6.52","-4.3","0.2","3.465","0.581","47.10","12.7","0.86","0"
"30.150","65.8583","14","0.0512","0.3226","0.6956","146.9676","1.6003","33.7606","12.0000","0.1400","655.0024","45.39137993","-75.69655698","41.1","13.1","-98.6","42","33","49","1","3","0.03","-0.01","-0.99","-2.2","-2.1","0.5","73.51","112.10","11498","6553.5","643.1","0","0","0","0","55.0","643.1","32.1","30.0","6.69","-4.3","0.1","3.448","0.568","47.16","12.7","0.86","0"
"30.200","66.3597","14","0.0645","0.3233","0.6834","147.0450","2.0000","33.7691","12.0000","0.1400","528.0762","45.39137287","-75.69655058","41.1","13.1","-98.6","38","33","50","1","3","0.16","-0.01","-0.85","-1.8","-1.2","0.7","73.65","103.31","11594","6553.5","643.7","0","0","0","0","55.0","643.7","32.1","30.0","6.83","-4.3","0.2","3.414","0.559","47.22","12.7","0.87","0"
"30.250","66.7103","14","0.0728","0.3035","0.6750","147.2193","2.2396","33.7822","12.0000","0.1400","474.0806","45.39136577","-75.69654421","41.1","13.1","-98.6","37","33","49","1","3","0.46","0.18","-0.71","-1.6","-1.3","1.0","73.79","101.90","11628","6553.5","643.8","0","0","0","0","55.0","643.8","32.1","30.0","6.95","-4.3","0.1","3.383","0.565","47.34","12.7","0.87","0"
"30.300","67.2231","14","0.0768","0.2899","0.6486","147.3490","2.3419","33.7843","12.0000","0.1400","456.8553","45.39135859","-75.69653775","41.1","13.1","-98.6","38","31","48","1","3","0.52","0.16","-0.72","-1.7","-1.7","1.4","73.93","101.31","11690","6553.5","644.0","0","0","0","0","55.0","644.0","32.1","30.0","6.96","-4.3","-0.0","3.363","0.568","47.45","12.7","0.88","0"
"30.350","67.8632","14","0.0772","0.2811","0.6082","147.4435","2.3363","33.7779","12.0000","0.1400","462.2999","45.39135135","-75.69653123","41.1","13.1","-98.6","39","31","48","1","3","0.80","0.23","-1.01","-1.6","-2.0","1.7","74.07","100.60","11791","6553.5","649.3","0","0","0","0","55.0","649.4","32.1","30.0","6.81","-4.3","-0.0","3.374","0.569","47.56","12.7","0.88","0"
"30.400","68.3818","14","0.0763","0.2804","0.5871","147.5511","2.2944","33.7782","12.0000","0.1400","474.3517","45.39134404","-75.69652467","41.1","13.1","-98.6","38","31","49","1","3","0.54","0.17","-1.19","-1.3","-2.1","1.8","74.20","99.89","11854","6553.5","655.0","0","0","0","0","55.0","655.2","32.1","30.0","6.66","-4.3","0.0","3.429","0.572","47.63","12.7","0.88","0"
"30.450","68.8049","14","0.0745","0.2861","0.5810","147.6689","2.2238","33.7837","12.0000","0.1400","492.4333","45.39133669","-75.69651808","41.1","13.1","-98.6","39","32","49","1","3","-0.07","-0.03","-1.16","-1.4","-2.3","1.6","74.34","99.77","11894","6553.5","654.7","0","0","0","0","55.0","654.7","32.2","30.0","6.53","-4.3","0.3","3.460","0.576","47.69","12.7","0.88","0"
"30.500","69.2528","14","0.0700","0.2781","0.5587","147.7883","2.0728","33.7813","11.9720","0.1400","531.7457","45.39132926","-75.69651149","41.1","13.1","-98.6","39","32","49","1","3","-0.41","-0.06","-1.25","-1.9","-2.4","1.3","74.48","110.56","11955","6553.5","653.8","0","0","0","0","55.0","653.8","32.2","30.0","6.49","-4.3","0.5","3.475","0.579","47.70","12.8","0.88","0"
"30.550","69.7203","14","0.0632","0.2595","0.5235","147.9090","1.8586","33.7725","11.9220","0.1400","597.0293","45.39132178","-75.69650490","41.1","13.1","-98.6","39","32","49","1","3","-0.24","0.17","-1.56","-1.9","-2.5","1.0","74.62","115.27","12022","6553.5","656.6","0","0","0","0","55.5","656.7","32.2","30.0","6.62","-4.3","0.7","3.502","0.581","47.70","12.8","0.88","0"
"30.600","70.1304","14","0.0548","0.2412","0.4849","147.9846","1.6009","33.7603","11.9000","0.1400","697.2101","45.39131426","-75.69649827","41.1","13.1","-98.6","39","31","49","1","3","0.48","0.44","-1.57","-1.0","-2.6","0.7","74.76","118.13","12117","6553.5","659.8","0","0","0","0","56.0","659.9","32.2","30.0","6.68","-4.3","0.8","3.528","0.566","47.76","12.8","0.87","0"
"30.650","70.4956","14","0.0451","0.2234","0.4437","148.0249","1.3090","33.7454","11.9000","0.1400","857.1078","45.39130671","-75.69649161","41.1","13.1","-98.6","38","29","47","1","3","0.58","0.37","-1.23","-0.7","-2.2","0.3","74.90","119.55","12174","6553.5","661.4","0","0","0","0","56.0","661.5","32.2","30.0","6.62","-4.3","1.1","3.389","0.542","47.12","12.8","0.86","0"
"30.700","70.8133","14","0.0239","0.1940","0.4171","148.0221","0.6934","33.7406","11.9000","0.1400","1625.2765","45.39129914","-75.69648495","41.1","13.1","-98.6","39","29","47","1","3","0.18","0.08","-1.07","-1.1","-1.2","-0.3","75.04","127.07","12100","6553.5","662.9","0","0","0","0","56.0","662.9","32.2","30.0","6.66","-4.3","1.6","3.279","0.490","44.00","12.7","0.85","0"
"30.750","71.0936","14","-0.0063","0.1557","0.4021","147.9854","-0.1765","33.7438","11.9000","0.1400","6411.1313","45.39129155","-75.69647828","41.1","13.1","-98.6","38","30","47","1","3","0.18","0.17","-0.85","-1.2","-0.7","-1.1","75.18","149.01","11937","6553.5","664.7","0","0","0","0","56.0","664.7","32.2","30.0","6.84","-4.3","2.2","3.271","0.462","40.80","12.7","0.81","0"
"30.800","71.2697","14","-0.0242","0.0922","0.3737","147.9473","-0.6906","33.7360","11.9000","0.1400","1642.4797","45.39128399","-75.69647154","41.1","13.1","-98.6","39","30","47","1","3","0.27","0.09","-0.52","-0.9","-1.1","-1.9","75.32","177.84","11654","6553.5","666.6","0","0","0","0","56.0","666.6","32.2","30.0","6.83","-4.3","2.7","3.263","0.470","37.47","12.7","0.76","0"
"30.850","71.3638","14","-0.0325","0.0090","0.3347","147.9079","-0.9251","33.7193","11.9000","0.1400","1227.7009","45.39127646","-75.69646475","41.1","13.1","-98.6","40","27","46","1","3","0.16","-0.04","-0.61","-0.6","-1.2","-2.4","75.46","214.14","11565","6553.5","667.6","0","0","0","0","56.0","667.6","32.2","30.0","6.51","-4.3","3.2","3.257","0.441","34.55","12.8","0.76","0"
"30.900","71.1610","14","-0.0396","-0.0700","0.3047","147.8073","-1.1264","33.7102","11.9000","0.1400","1005.4733","45.39126900","-75.69645799","41.1","13.1","-98.6","40","26","46","1","3","0.24","0.04","-0.67","-0.4","-0.9","-2.7","75.60","317.57","11594","6553.5","668.5","0","0","0","0","56.0","668.5","32.2","30.0","6.39","-4.3","4.2","3.309","0.390","31.88","12.9","0.75","0"
"30.950","70.7249","14","-0.0458","-0.1456","0.2817","147.6586","-1.3015","33.7069","11.9000","0.1400","864.8568","45.39126159","-75.69645125","41.1","13.1","-98.6","39","28","46","1","3","-0.32","0.06","-0.56","-0.2","-1.3","-2.6","75.74","342.40","11575","6553.5","659.3","0","0","0","0","56.0","659.1","32.2","30.0","6.60","-4.3","5.1","3.395","0.349","26.71","12.8","0.86","0"
"31.000","70.1078","14","-0.0435","-0.2269","0.2554","147.5936","-1.2409","33.6959","11.9000","0.1400","899.1844","45.39125422","-75.69644455","41.1","13.1","-98.6","41","28","44","1","3","-0.30","-0.07","-0.44","0.1","-1.8","-2.1","75.88","-20.13","11543","6553.5","649.2","0","0","0","0","56.0","649.0","32.3","30.0","6.72","-4.3","5.8","3.435","0.310","21.04","12.7","0.97","0"
"31.050","69.3484","14","-0.0348","-0.3126","0.2264","147.5943","-0.9951","33.6788","11.9000","0.1400","1109.1720","45.39124685","-75.69643787","41.1","13.1","-98.6","42","26","43","1","3","-0.41","0.07","-1.08","0.1","-1.0","-1.3","76.02","-497.15","11349","6553.5","645.4","0","0","0","0","56.0","645.3","32.3","30.0","6.69","-4.3","6.3","3.462","0.282","18.15","12.7","1.09","0"
"31.100","68.5543","14","-0.0214","-0.3796","0.2086","147.6266","-0.6150","33.6689","11.9000","0.1400","1774.0793","45.39123967","-75.69643138","41.1","13.1","-98.6","39","28","44","1","3","-1.04","0.41","-1.76","-0.2","0.1","-0.6","76.16","-532.62","11184","6553.5","642.1","0","0","0","0","56.0","642.0","32.3","30.0","6.62","-4.3","6.7","3.380","0.253","15.22","12.8","1.21","0"
"31.150","67.7369","14","-0.0051","-0.4343","0.1981","147.6800","-0.1454","33.6637","11.9000","0.1400","7412.4375","45.39123261","-75.69642501","41.1","13.1","-98.6","39","28","44","1","3","-1.00","0.34","-1.41","-0.3","0.6","-0.1","76.29","-237.78","11122","6553.5","639.6","0","0","0","0","56.0","639.5","32.3","30.0","6.48","-4.3","7.2","3.345","0.219","12.10","12.7","1.19","0"
"31.200","66.9589","14","0.0091","-0.4704","0.1851","147.7270","0.2717","33.6567","11.9000","0.1400","3921.8147","45.39122564","-75.69641878","41.1","13.1","-98.6","41","25","42","1","3","-0.52","0.02","-0.83","-0.2","1.6","0.5","76.39","-215.94","11026","6553.5","637.2","0","0","0","0","56.0","637.1","32.3","30.0","6.34","-4.3","7.8","3.482","0.195","9.76","12.6","1.16","0"
"31.250","66.2071","14","0.0219","-0.4940","0.1704","147.7697","0.6540","33.6484","11.9000","0.1400","1611.2548","45.39121873","-75.69641263","41.1","13.1","-98.6","39","25","43","1","3","-0.50","-0.12","-1.07","-0.4","2.8","0.9","76.49","-166.31","10882","6553.5","632.5","0","0","0","0","56.0","632.4","32.3","30.0","6.21","-4.3","9.3","3.490","0.186","8.49","12.7","1.10","0"
"31.300","65.3671","14","0.0306","-0.5007","0.1772","147.7997","0.9265","33.6519","11.9000","0.1400","1122.8784","45.39121195","-75.69640656","41.1","13.1","-98.6","39","27","44","1","3","-0.50","0.01","-1.23","-1.0","2.7","0.9","76.59","-117.49","10727","6553.5","627.6","0","0","0","0","56.0","627.5","32.3","30.0","6.19","-4.3","10.5","3.321","0.182","7.52","12.8","1.04","0"
"31.350","64.4682","14","0.0368","-0.4963","0.1983","147.8214","1.1259","33.6632","11.9000","0.1400","911.3196","45.39120524","-75.69640054","41.1","13.1","-98.6","40","28","44","1","3","-0.18","0.03","-0.80","-1.1","1.3","0.9","76.69","-74.62","10563","6553.5","627.1","0","0","0","0","56.0","627.1","32.4","30.0","6.32","-4.3","10.5","3.394","0.181","6.74","12.8","1.01","0"
"31.400","63.6569","14","0.0393","-0.4864","0.1888","147.8688","1.2164","33.6621","11.8700","0.1400","832.8676","45.39119862","-75.69639463","41.1","13.1","-98.6","41","28","44","1","3","-0.12","-0.05","-0.62","-0.5","0.1","0.9","76.79","-68.50","10371","6553.5","626.9","0","0","0","0","56.0","626.9","32.4","30.0","6.36","-4.3","10.5","3.616","0.178","6.28","12.8","0.98","0"
"31.450","62.9040","14","0.0393","-0.4729","0.1589","147.9334","1.2344","33.6528","11.8200","0.1400","811.0205","45.39119204","-75.69638879","41.1","13.1","-98.6","42","27","44","1","3","-0.32","0.01","-0.75","-0.0","-0.2","0.9","76.90","-68.30","10176","6553.5","622.9","0","0","0","0","56.0","622.8","32.4","30.0","6.25","-4.3","10.6","3.528","0.175","5.89","12.8","0.97","0"
"31.500","62.0650","14","0.0332","-0.4686","0.1460","147.9724","1.0516","33.6464","11.8000","0.1400","939.3577","45.39118559","-75.69638304","41.1","13.1","-98.6","41","28","44","1","3","-0.54","0.06","-0.89","0.1","-0.3","0.7","77.00","-68.22","10109","6553.5","618.5","0","0","0","0","56.0","618.4","32.4","30.0","6.15","-4.3","10.9","3.376","0.164","5.50","12.8","0.96","0"
"31.550","61.1688","14","0.0229","-0.4704","0.1443","147.9943","0.7348","33.6419","11.8000","0.1400","1324.9003","45.39117922","-75.69637736","41.1","13.2","-98.6","40","26","43","1","3","-0.57","0.19","-1.08","-0.0","-0.3","0.5","77.10","-66.71","10022","6553.5","615.4","0","0","0","0","56.0","615.3","32.4","30.0","6.05","-4.3","11.4","3.357","0.156","5.13","12.7","0.97","0"
"31.600","60.2567","14","0.0183","-0.4753","0.1536","148.0344","0.5975","33.6444","11.8000","0.1400","1605.1740","45.39117295","-75.69637178","41.1","13.2","-98.6","40","25","43","1","3","-0.67","0.13","-1.32","-0.3","0.3","0.1","77.20","-60.16","9863","6553.5","612.4","0","0","0","0","56.0","612.4","32.4","30.0","5.96","-4.3","11.1","3.356","0.159","4.79","12.6","0.98","0"
"31.650","59.3342","14","0.0175","-0.4822","0.1703","148.0867","0.5797","33.6516","11.8000","0.1400","1628.9263","45.39116673","-75.69636629","41.1","13.2","-98.6","40","28","43","1","3","-0.70","0.06","-1.19","-0.2","1.1","-0.2","77.30","-62.22","9716","6553.5","610.5","0","0","0","0","56.0","610.4","32.4","30.0","5.86","-4.3","10.7","3.415","0.162","4.55","12.7","0.99","0"
"31.700","58.5037","14","0.0151","-0.4849","0.1766","148.1182","0.5065","33.6574","11.8000","0.1400","1838.3693","45.39116061","-75.69636088","41.1","13.2","-98.6","40","27","44","1","3","-0.57","0.17","-1.01","0.2","1.4","-0.3","77.40","-65.02","9586","6553.5","608.6","0","0","0","0","56.0","608.5","32.4","30.0","5.83","-4.3","10.0","3.412","0.164","4.44","12.8","1.00","0"
"31.750","57.7345","14","0.0117","-0.4847","0.1760","148.1358","0.3962","33.6622","11.8000","0.1400","2318.9597","45.39115454","-75.69635553","41.1","13.2","-98.6","40","27","44","1","3","-0.39","0.28","-0.89","0.9","1.1","-0.1","77.50","-70.32","9446","6553.5","601.7","0","0","0","0","56.0","601.6","32.4","30.0","5.91","-4.3","9.6","3.324","0.159","4.37","12.8","1.00","0"
"31.800","56.9355","14","0.0078","-0.4795","0.1743","148.1411","0.2689","33.6633","11.8000","0.1400","3369.6086","45.39114863","-75.69635030","41.1","13.2","-98.6","40","28","44","1","3","-0.39","0.24","-0.94","1.7","0.4","0.0","77.60","-81.46","9300","6553.5","594.5","0","0","0","0","56.0","594.3","32.4","30.0","5.95","-4.3","10.2","3.293","0.150","4.31","12.8","1.00","0"
"31.850","56.1165","14","0.0038","-0.4708","0.1719","148.1382","0.1302","33.6617","11.8000","0.1400","6858.9902","45.39114281","-75.69634514","41.1","13.2","-98.6","40","27","44","1","3","-0.44","0.14","-1.02","1.9","-0.2","-0.0","77.71","-81.68","9164","6553.5","596.9","0","0","0","0","56.0","597.0","32.4","30.0","5.92","-4.3","10.1","3.298","0.163","4.25","12.8","0.99","0"
"31.900","55.2613","14","0.0006","-0.4626","0.1763","148.1177","0.0204","33.6656","11.8000","0.1400","10000.0000","45.39113706","-75.69634005","41.1","13.2","-98.6","40","27","43","1","3","-0.46","0.21","-0.92","1.6","-0.1","-0.1","77.81","-90.67","9030","6553.5","600.1","0","0","0","0","56.0","600.2","32.5","30.0","5.95","-4.3","8.7","3.298","0.181","4.20","12.8","0.98","0"
"31.950","54.3819","14","-0.0019","-0.4547","0.1853","148.0855","-0.0701","33.6730","11.8000","0.1400","10000.0000","45.39113136","-75.69633502","41.1","13.2","-98.6","40","27","44","1","3","-0.57","0.29","-0.87","1.0","0.5","-0.2","77.91","-99.84","8928","6553.5","599.5","0","0","0","0","56.0","599.5","32.5","30.0","6.09","-4.3","6.9","3.302","0.184","4.09","12.7","0.98","0"
"32.000","53.6150","14","-0.0022","-0.4414","0.1879","148.0650","-0.0815","33.6770","11.8000","0.1400","10000.0000","45.39112576","-75.69633006","41.1","13.2","-98.6","40","28","44","1","3","-0.86","0.41","-0.99","0.5","0.6","-0.2","78.01","-109.01","8817","6553.5","598.6","0","0","0","0","56.0","598.6","32.5","30.0","6.12","-4.3","4.8","3.554","0.188","3.98","12.6","0.99","0"
"32.050","52.9231","14","-0.0011","-0.4246","0.1863","148.0523","-0.0403","33.6787","11.8000","0.1400","10000.0000","45.39112023","-75.69632516","41.1","13.2","-98.6","40","28","44","1","3","-0.75","0.36","-0.93","0.2","0.4","-0.2","78.11","-109.74","8674","6553.5","596.5","0","0","0","0","56.5","596.5","32.5","30.0","5.94","-4.3","4.6","3.730","0.199","3.86","12.6","0.99","0"
"32.100","52.2303","14","0.0002","-0.4135","0.1836","148.1042","0.0074","33.6816","11.7700","0.1400","10000.0000","45.39111477","-75.69632033","41.1","13.2","-98.6","40","27","44","1","3","-0.47","0.12","-1.02","-0.0","0.2","-0.4","78.21","-3779.55","8546","6553.5","594.4","0","0","0","0","57.0","594.3","32.5","30.0","5.82","-4.3","4.9","3.635","0.201","3.78","12.6","0.99","0"
"32.150","51.5368","14","0.0015","-0.4063","0.1803","148.1991","0.0594","33.6853","11.7200","0.1400","10000.0000","45.39110936","-75.69631554","41.1","13.2","-98.6","40","28","44","1","3","-0.55","-0.04","-1.05","-0.0","0.2","-0.6","78.31","-3048.58","8440","6553.5","591.8","0","0","0","0","57.0","591.8","32.5","30.0","5.80","-4.3","5.1","3.557","0.191","3.72","12.6","1.00","0"
"32.200","50.8657","14","0.0037","-0.3972","0.1843","148.2032","0.1461","33.6898","11.7000","0.1400","5539.4243","45.39110405","-75.69631084","41.1","13.2","-98.6","40","27","44","1","3","-0.63","-0.07","-1.02","0.1","0.5","-0.6","78.28","-1649.25","8340","6553.5","589.2","0","0","0","0","57.0","589.2","32.5","30.0","5.82","-4.3","5.2","3.502","0.192","3.67","12.7","1.01","0"
"32.250","50.2095","14","0.0065","-0.3869","0.1930","148.1468","0.2560","33.6947","11.7000","0.1400","3121.8801","45.39109882","-75.69630621","41.1","13.2","-98.6","40","27","43","1","3","-0.42","-0.01","-0.94","0.4","1.1","-0.4","78.04","-445.83","8242","6553.5","584.6","0","0","0","0","57.0","584.5","32.5","30.0","5.93","-4.3","4.9","3.500","0.200","3.61","12.7","1.03","0"
"32.300","49.5161","14","0.0075","-0.3751","0.2088","148.1376","0.2971","33.6982","11.7000","0.1400","2652.3044","45.39109364","-75.69630167","41.1","13.2","-98.6","40","28","44","1","3","-0.28","0.06","-0.81","0.8","1.2","-0.1","77.80","-445.83","8146","6553.5","579.9","0","0","0","0","57.0","579.8","32.5","30.0","5.90","-4.3","4.3","3.531","0.223","3.60","12.8","1.06","0"
"32.350","48.7979","14","0.0073","-0.3625","0.2295","148.1600","0.2925","33.7008","11.7000","0.1400","2655.1389","45.39108849","-75.69629720","41.1","13.2","-98.6","40","28","44","1","3","-0.22","0.09","-0.76","1.2","0.7","0.3","77.56","-909.50","8049","6553.5","578.1","0","0","0","0","57.0","578.1","32.5","30.0","5.67","-4.3","3.3","3.518","0.249","3.60","12.8","1.07","0"
"32.400","48.1923","14","0.0067","-0.3554","0.2431","148.1971","0.2732","33.7087","11.7000","0.1400","2807.2524","45.39108344","-75.69629280","41.1","13.2","-98.6","40","28","44","1","3","-0.23","0.13","-0.85","1.4","0.4","0.5","77.32","-393.80","7936","6553.5","576.6","0","0","0","0","57.0","576.6","32.6","30.0","5.63","-4.3","2.5","3.492","0.241","3.54","12.8","1.08","0"
"32.450","47.6616","14","0.0059","-0.3520","0.2522","148.2440","0.2442","33.7204","11.7000","0.1400","3106.7495","45.39107847","-75.69628844","41.1","13.2","-98.6","40","28","44","1","3","-0.41","0.13","-0.96","1.5","0.2","0.5","77.08","264.07","7826","6553.5","577.9","0","0","0","0","57.0","577.9","32.6","30.0","5.88","-4.3","1.9","3.336","0.236","3.50","12.8","1.09","0"
"32.500","47.0763","14","0.0052","-0.3491","0.2571","148.2117","0.2175","33.7254","11.7000","0.1400","3444.5278","45.39107356","-75.69628409","41.1","13.2","-98.6","40","28","44","1","3","-0.42","0.13","-0.73","1.4","0.0","0.3","76.84","303.55","7727","6553.5","579.4","0","0","0","0","57.0","579.4","32.5","30.0","6.04","-4.3","1.7","3.218","0.238","3.50","12.8","1.10","0"
"32.550","46.4546","14","0.0045","-0.3465","0.2593","148.1267","0.1925","33.7259","11.7000","0.1400","3841.2520","45.39106868","-75.69627975","41.1","13.2","-98.6","40","28","44","1","3","-0.39","0.00","-0.65","1.3","-0.2","0.1","76.60","251.94","7638","6553.5","572.8","0","0","0","0","57.0","572.7","32.5","30.0","6.05","-4.3","1.6","3.234","0.241","3.50","12.8","1.09","0"
"32.600","45.8084","14","0.0048","-0.3377","0.2604","148.1612","0.2073","33.7287","11.7000","0.1400","3517.0894","45.39106390","-75.69627555","41.1","13.2","-98.6","40","28","44","1","3","-0.02","-0.02","-0.73","1.0","-0.2","-0.1","76.35","197.05","7566","6553.5","565.6","0","0","0","0","57.0","565.4","32.6","30.0","5.99","-4.3","1.7","3.289","0.244","3.50","12.9","1.08","0"
"32.650","45.1459","14","0.0057","-0.3246","0.2609","148.2753","0.2487","33.7331","11.7000","0.1400","2889.3455","45.39105919","-75.69627143","41.1","13.2","-98.6","40","28","44","1","3","0.34","-0.10","-0.71","0.8","-0.0","-0.3","76.11","164.86","7498","6553.5","566.0","0","0","0","0","57.0","566.0","32.6","30.0","5.77","-4.3","1.7","3.397","0.238","3.50","12.9","1.06","0"
"32.700","44.6281","14","0.0080","-0.3136","0.2805","148.3171","0.3559","33.7412","11.7000","0.1400","1995.7974","45.39105451","-75.69626736","41.1","13.2","-98.6","40","28","45","1","3","0.27","-0.08","-0.91","0.7","0.1","-0.4","75.87","164.87","7434","6553.5","567.0","0","0","0","0","57.0","567.0","32.5","30.0","5.61","-4.3","1.2","3.427","0.226","3.50","12.8","1.04","0"
"32.750","44.2067","14","0.0113","-0.3041","0.3127","148.3107","0.5070","33.7518","11.7000","0.1400","1387.7834","45.39104987","-75.69626331","41.1","13.2","-98.6","40","28","44","1","3","-0.10","-0.03","-1.00","0.7","0.0","-0.3","75.63","149.48","7336","6553.5","567.9","0","0","0","0","57.0","567.9","32.5","30.0","5.54","-4.3","0.8","3.408","0.224","3.50","12.8","1.02","0"
"32.800","43.7220","14","0.0081","-0.2950","0.3250","148.3214","0.3640","33.7620","11.7000","0.1400","1911.5674","45.39104526","-75.69625928","41.1","13.2","-98.6","40","28","44","1","3","-0.47","0.03","-1.10","0.7","0.1","-0.0","75.39","123.18","7230","6553.5","568.7","0","0","0","0","57.0","568.7","32.6","30.0","5.50","-4.3","0.3","3.433","0.224","3.50","12.9","0.99","0"
"32.850","43.1950","14","0.0006","-0.2864","0.3238","148.3436","0.0250","33.7719","11.7000","0.1400","10000.0000","45.39104069","-75.69625528","41.1","13.2","-98.6","40","28","44","1","3","-0.42","0.04","-1.01","0.7","0.5","0.2","75.15","112.85","7153","6553.5","571.6","0","0","0","0","57.0","571.6","32.6","30.0","5.53","-4.3","0.2","3.465","0.230","3.50","12.8","0.99","0"
"32.900","42.6995","14","-0.0048","-0.2805","0.3382","148.2879","-0.2251","33.7789","11.7000","0.1400","3018.7009","45.39103622","-75.69625132","41.1","13.2","-98.6","40","28","45","1","3","-0.35","0.02","-0.97","0.8","0.8","0.2","74.91","104.37","7074","6553.5","574.6","0","0","0","0","57.0","574.6","32.6","30.0","5.57","-4.3","0.1","3.387","0.234","3.49","12.7","0.98","0"
"32.950","42.2248","14","-0.0088","-0.2764","0.3629","148.1803","-0.4161","33.7840","11.7000","0.1400","1615.0968","45.39103182","-75.69624739","41.1","13.2","-98.6","39","28","45","1","3","-0.33","-0.10","-0.91","0.7","0.8","0.0","74.67","104.37","6985","6553.5","574.0","0","0","0","0","57.0","574.0","32.6","30.0","5.64","-4.3","0.1","3.344","0.236","3.43","12.8","0.97","0"
"33.000","41.7580","14","-0.0177","-0.2663","0.3688","148.1367","-0.8439","33.7881","11.7000","0.1400","787.5398","45.39102746","-75.69624353","41.1","13.2","-98.6","39","28","45","1","3","-0.34","-0.06","-0.93","0.7","0.5","-0.2","74.43","104.30","6908","6553.5","573.1","0","0","0","0","57.0","573.1","32.6","30.0","5.65","-4.3","0.2","3.431","0.239","3.42","12.9","0.95","0"
"33.050","41.2963","14","-0.0297","-0.2522","0.3620","148.1358","-1.4296","33.7916","11.7000","0.1400","459.7506","45.39102314","-75.69623971","41.1","13.2","-98.6","39","28","45","1","3","-0.23","-0.14","-0.95","0.6","0.2","-0.8","74.19","104.21","6846","6553.5","577.4","0","0","0","0","57.0","577.5","32.6","30.0","5.55","-4.3","0.2","3.472","0.244","3.48","12.9","0.96","0"
"33.100","40.8468","14","-0.0497","-0.2445","0.3782","147.9868","-2.4232","33.7968","11.6700","0.1400","268.2841","45.39101887","-75.69623592","41.1","13.2","-98.6","39","28","45","1","3","-0.29","-0.19","-0.96","0.4","0.3","-1.6","73.94","104.21","6778","6553.5","582.2","0","0","0","0","57.0","582.3","32.6","30.0","5.54","-4.3","0.2","3.447","0.253","3.47","12.8","0.97","0"
"33.150","40.4054","14","-0.0751","-0.2408","0.4098","147.7393","-3.6887","33.8032","11.6200","0.1400","174.3367","45.39101465","-75.69623214","41.1","13.2","-98.6","39","28","45","1","3","-0.31","-0.20","-1.03","0.6","0.4","-2.5","73.70","105.17","6705","6553.5","580.9","0","0","0","0","57.0","580.9","32.6","30.0","5.64","-4.3","0.2","3.439","0.263","3.41","12.9","0.95","0"
"33.200","39.9826","14","-0.1005","-0.2391","0.4303","147.5061","-4.9863","33.8118","11.6000","0.1370","127.6172","45.39101049","-75.69622836","41.1","13.2","-98.6","39","27","45","1","3","-0.27","-0.27","-1.02","1.0","0.4","-3.6","73.46","104.69","6641","6553.5","579.1","0","0","0","0","57.0","579.1","32.6","30.0","5.59","-4.3","0.1","3.441","0.271","3.45","13.0","0.93","0"
"33.250","39.5720","14","-0.1259","-0.2385","0.4434","147.2827","-6.3054","33.8218","11.6000","0.1320","99.8836","45.39100636","-75.69622457","41.1","13.2","-98.6","39","27","45","1","3","-0.36","-0.19","-1.02","1.3","0.2","-5.0","73.80","103.70","6578","6553.5","576.2","0","0","0","0","57.0","576.2","32.6","30.0","5.27","-4.3","0.1","3.432","0.279","3.50","13.0","0.93","0"
"33.300","39.2421","14","-0.1594","-0.2319","0.4497","146.7828","-8.0777","33.8306","11.6000","0.1300","77.3187","45.39100232","-75.69622072","41.1","13.2","-98.6","39","28","46","1","3","-0.33","-0.23","-0.93","1.4","-0.2","-6.5","75.07","102.98","6501","6553.5","573.2","0","0","0","0","57.0","573.2","32.6","30.0","5.07","-4.3","0.1","3.423","0.286","3.50","12.9","0.94","0"
"33.350","38.9661","14","-0.1985","-0.2214","0.4514","146.0986","-10.1521","33.8384","11.6000","0.1300","61.0871","45.39099834","-75.69621682","41.1","13.2","-98.6","39","27","46","1","3","-0.28","-0.29","-0.89","1.3","-0.6","-8.1","76.34","103.50","6433","6553.5","575.5","0","0","0","0","57.0","575.6","32.6","30.0","5.07","-4.3","0.1","3.488","0.293","3.50","12.9","0.93","0"
"33.400","38.5595","14","-0.2369","-0.2173","0.4584","145.3800","-12.2427","33.8419","11.6000","0.1300","50.1271","45.39099448","-75.69621292","41.1","13.2","-98.6","39","26","46","1","3","-0.31","-0.40","-0.92","0.8","-0.6","-9.7","77.61","103.23","6398","6553.5","578.3","0","0","0","0","57.0","578.3","32.6","30.0","5.13","-4.3","0.0","3.525","0.299","3.50","12.8","0.91","0"
"33.450","38.0658","14","-0.2750","-0.2175","0.4689","144.6384","-14.3441","33.8423","11.6000","0.1300","42.2358","45.39099069","-75.69620902","41.1","13.2","-98.6","39","27","46","1","3","-0.35","-0.45","-0.91","0.5","-0.4","-11.1","78.88","102.68","6351","6553.5","579.1","0","0","0","0","57.0","579.1","32.6","30.0","5.30","-4.3","-0.0","3.462","0.316","3.62","12.8","0.91","0"
"33.500","37.6503","14","-0.3111","-0.2073","0.4849","143.7421","-16.3961","33.8463","11.6000","0.1300","36.5467","45.39098703","-75.69620502","41.1","13.2","-98.6","39","27","47","1","3","-0.27","-0.52","-0.88","0.4","-0.5","-12.4","80.15","102.10","6286","6553.5","579.7","0","0","0","0","57.0","579.7","32.6","30.0","5.31","-4.3","-0.0","3.409","0.349","3.89","12.8","0.90","0"
"33.550","37.2868","14","-0.3460","-0.1902","0.5045","142.7426","-18.4150","33.8525","11.6000","0.1300","32.2257","45.39098345","-75.69620094","41.1","13.2","-98.6","39","27","47","1","3","-0.09","-0.54","-0.79","0.2","-0.8","-13.8","81.42","99.73","6321","6553.5","576.1","0","0","0","0","57.5","576.0","32.6","30.0","5.07","-4.3","-0.0","3.371","0.393","5.45","12.8","0.90","0"
"33.600","36.9957","14","-0.3735","-0.1634","0.5022","141.6892","-20.0649","33.8580","11.6000","0.1300","29.3450","45.39097996","-75.69619677","41.1","13.2","-98.6","39","26","46","1","3","-0.03","-0.37","-0.98","0.0","-0.7","-15.1","82.69","99.68","6416","6553.5","572.1","0","0","0","0","58.0","572.0","32.6","30.0","4.91","-4.3","-0.0","3.401","0.446","7.78","12.9","0.91","0"
"33.650","36.7527","14","-0.3961","-0.1302","0.4852","140.6000","-21.4686","33.8629","11.6000","0.1300","27.2462","45.39097652","-75.69619253","41.1","13.2","-98.6","38","27","46","1","3","0.01","-0.31","-1.13","-0.1","-0.4","-16.3","83.96","99.63","6561","6553.5","580.3","0","0","0","0","58.0","580.5","32.6","30.0","4.86","-4.3","-0.0","3.474","0.467","9.43","12.8","0.87","0"
"33.700","36.5457","14","-0.4182","-0.0984","0.4884","139.4554","-22.8255","33.8670","11.6000","0.1330","25.4822","45.39097316","-75.69618818","41.1","13.2","-98.6","38","27","47","1","3","-0.04","-0.44","-1.06","0.1","0.0","-17.4","85.23","99.47","6708","6553.5","589.6","0","0","0","0","58.0","589.7","32.6","30.0","4.81","-4.3","-0.0","3.450","0.482","10.91","12.6","0.83","0"
"33.750","36.3629","14","-0.4399","-0.0674","0.5052","138.2739","-24.1511","33.8705","11.6000","0.1380","23.9630","45.39096986","-75.69618377","41.1","13.2","-98.6","37","29","49","1","3","-0.03","-0.48","-0.94","0.5","0.2","-18.3","86.50","99.31","6373","6553.5","590.9","0","0","0","0","58.0","591.0","32.6","30.0","4.76","-4.3","-0.0","3.405","0.497","11.41","12.7","0.80","0"
"33.800","36.4932","14","-0.4624","-0.0383","0.5092","137.0458","-25.4911","33.8784","11.6000","0.1400","22.7847","45.39096660","-75.69617920","41.1","13.2","-98.6","36","29","50","1","3","0.04","-0.43","-0.95","0.8","-0.2","-19.4","87.77","99.30","6099","6553.5","591.6","0","0","0","0","58.0","591.7","32.6","30.0","4.62","-4.3","0.0","3.401","0.517","11.86","12.9","0.77","0"
"33.850","36.8323","14","-0.4853","-0.0104","0.5047","135.7867","-26.8406","33.8891","11.6000","0.1400","21.8402","45.39096336","-75.69617452","41.1","13.2","-98.6","36","28","49","1","3","-0.07","-0.47","-1.12","0.9","-0.9","-21.1","89.05","99.30","6044","6553.5","593.7","0","0","0","0","58.0","593.8","32.6","30.0","4.31","-4.3","0.6","3.397","0.555","12.14","12.9","0.78","0"
"33.900","36.9448","14","-0.5186","0.0215","0.5075","134.2690","-28.7275","33.8934","11.6000","0.1370","20.4680","45.39096026","-75.69616968","41.1","13.2","-98.6","37","26","48","1","3","-0.25","-0.51","-1.35","0.8","-0.7","-23.4","90.32","112.83","6136","6553.5","595.9","0","0","0","0","58.0","596.0","32.6","30.0","4.11","-4.3","1.2","3.395","0.577","12.63","12.8","0.79","0"
"33.950","36.9062","14","-0.5588","0.0560","0.5153","132.5789","-30.9725","33.8935","11.6000","0.1320","18.9646","45.39095725","-75.69616472","41.1","13.2","-98.6","37","26","48","1","3","-0.19","-0.65","-1.21","0.8","0.2","-25.5","91.59","126.62","6432","6553.5","599.0","0","0","0","0","58.0","599.0","32.6","30.0","4.09","-4.3","0.6","3.393","0.574","13.40","12.8","0.79","0"
"34.000","36.7432","14","-0.5978","0.0743","0.5286","130.8493","-33.0842","33.8987","11.6000","0.1300","17.6757","45.39095442","-75.69615969","41.1","13.2","-98.6","35","26","48","1","3","-0.16","-0.76","-1.05","0.7","1.0","-27.6","92.86","138.72","6605","6553.5","602.1","0","0","0","0","58.0","602.1","32.6","30.0","4.19","-4.3","0.1","3.393","0.575","14.11","12.7","0.79","0"
"34.050","36.4974","14","-0.6360","0.0817","0.5454","129.0936","-35.1070","33.9073","11.6000","0.1300","16.5458","45.39095172","-75.69615461","41.1","13.2","-98.6","35","27","48","1","3","0.04","-0.76","-1.08","0.7","1.4","-29.8","94.13","110.09","6702","6553.5","602.5","0","0","0","0","58.0","602.5","32.6","30.0","4.51","-4.3","-0.1","3.384","0.579","14.78","12.8","0.80","0"
"34.100","36.7094","14","-0.6690","0.0927","0.5573","127.0467","-36.8255","33.9170","11.5700","0.1300","15.8653","45.39094916","-75.69614913","41.1","13.2","-98.6","35","30","51","1","3","0.05","-0.60","-1.13","0.9","1.3","-31.3","95.40","101.50","6547","6553.5","602.7","0","0","0","0","58.0","602.7","32.6","30.0","4.67","-4.3","-0.2","3.370","0.569","15.26","12.9","0.81","0"
"34.150","37.2268","14","-0.6986","0.1061","0.5660","124.8056","-38.3412","33.9273","11.5200","0.1300","15.4529","45.39094669","-75.69614340","41.1","13.2","-98.6","34","30","51","1","3","0.13","-0.63","-1.06","1.1","0.3","-32.1","96.67","97.91","6346","6553.5","602.7","0","0","0","0","58.0","602.7","32.6","30.0","4.55","-4.3","-0.0","3.358","0.556","15.70","12.9","0.81","0"
"34.200","37.5509","14","-0.7145","0.1212","0.5558","122.8695","-39.0702","33.9300","11.5000","0.1300","15.2966","45.39094433","-75.69613758","41.1","13.2","-98.6","36","29","50","1","3","0.14","-0.74","-0.98","1.3","-0.6","-32.8","97.94","95.59","6538","6553.5","602.8","0","0","0","0","58.0","602.8","32.6","30.0","4.34","-4.3","-0.0","3.348","0.567","15.93","12.8","0.81","0"
"34.250","37.7462","14","-0.7212","0.1376","0.5332","121.1367","-39.2747","33.9277","11.5000","0.1300","15.2961","45.39094205","-75.69613171","41.1","13.2","-98.6","36","27","51","1","3","-0.02","-0.77","-1.02","1.4","-0.5","-33.4","99.21","99.90","6691","6553.5","603.4","0","0","0","0","58.0","603.4","32.6","30.0","3.98","-4.3","-0.1","3.338","0.574","16.14","12.8","0.81","0"
"34.300","37.8195","14","-0.7236","0.1490","0.5474","119.2028","-39.2103","33.9374","11.5000","0.1300","15.3510","45.39093996","-75.69612573","41.1","13.2","-98.6","35","26","50","1","3","0.04","-0.68","-1.06","1.4","0.3","-33.4","100.00","99.75","6706","6553.5","604.0","0","0","0","0","58.0","604.1","32.6","30.0","3.90","-4.3","-0.1","3.335","0.569","16.30","12.8","0.81","0"
"34.350","37.8116","14","-0.7232","0.1570","0.5861","117.1348","-38.9667","33.9551","11.5000","0.1300","15.4437","45.39093801","-75.69611969","41.1","13.2","-98.6","34","28","51","1","3","0.02","-0.53","-1.13","1.1","0.8","-32.4","100.00","98.18","6712","6553.5","607.7","0","0","0","0","58.0","607.8","32.6","30.0","4.27","-4.3","-0.1","3.351","0.567","16.47","12.8","0.81","0"
"34.400","38.1311","14","-0.7245","0.1656","0.5999","115.3557","-38.7994","33.9695","11.5000","0.1300","15.6414","45.39093616","-75.69611341","41.1","13.2","-98.6","35","30","51","1","3","0.03","-0.51","-1.07","1.2","0.4","-31.3","100.00","96.61","6706","6553.5","611.7","0","0","0","0","58.0","611.8","32.6","30.0","4.52","-4.3","-0.0","3.369","0.571","16.64","12.7","0.82","0"
"34.450","38.6690","14","-0.7269","0.1746","0.5971","113.7690","-38.6830","33.9816","11.5000","0.1300","15.9097","45.39093438","-75.69610698","41.1","13.2","-98.6","36","30","50","1","3","0.01","-0.60","-1.05","2.2","-0.4","-31.6","100.00","98.37","6819","6553.5","613.1","0","0","0","0","58.0","613.1","32.6","30.0","4.57","-4.3","0.0","3.389","0.558","16.80","12.8","0.82","0"
"34.500","38.9648","14","-0.7518","0.1617","0.6158","111.8776","-39.7315","33.9974","11.5000","0.1300","15.6084","45.39093280","-75.69610042","41.1","13.2","-98.6","35","28","49","1","3","-0.07","-0.81","-0.93","3.6","-0.7","-34.4","100.00","100.41","7004","6553.5","614.3","0","0","0","0","58.0","614.3","32.6","30.0","4.75","-4.3","0.0","3.357","0.535","16.97","12.9","0.82","0"
"34.550","39.0993","14","-0.7918","0.1343","0.6490","109.7830","-41.5568","34.0157","11.5000","0.1300","14.9743","45.39093136","-75.69609379","41.1","13.2","-98.6","35","27","49","1","3","-0.16","-0.98","-1.08","4.6","-0.1","-38.8","100.00","101.05","7102","6553.5","602.6","0","0","0","0","58.0","602.3","32.6","30.0","5.16","-4.3","0.1","3.293","0.520","17.09","12.8","0.83","0"
"34.600","39.1407","14","-0.8359","0.1111","0.7052","107.2602","-43.6394","34.0378","11.5000","0.1330","14.2748","45.39093022","-75.69608700","41.1","13.2","-98.6","34","27","51","1","3","-0.00","-1.00","-1.07","4.8","0.6","-42.7","100.00","101.46","7180","6553.5","589.7","0","0","0","0","58.0","589.5","32.6","30.0","5.52","-4.3","0.1","3.323","0.507","17.20","12.7","0.84","0"
"34.650","39.1201","14","-0.8827","0.0909","0.7768","104.4519","-45.8937","34.0626","11.5000","0.1380","13.5665","45.39092929","-75.69608011","41.1","13.2","-98.5","34","28","53","1","3","0.05","-1.04","-0.88","4.5","0.6","-44.9","100.00","101.86","7162","6553.5","591.4","0","0","0","0","58.0","591.4","32.6","30.0","5.78","-4.3","0.1","3.374","0.516","17.26","12.7","0.85","0"
"34.700","39.2203","14","-0.9184","0.0995","0.8098","101.9109","-47.6203","34.0755","11.5000","0.1430","13.1081","45.39092862","-75.69607313","41.1","13.2","-98.6","34","28","54","1","3","0.02","-0.98","-0.84","3.9","-0.2","-45.2","100.00","101.90","7158","6553.5","594.3","0","0","0","0","58.0","594.3","32.6","30.0","5.80","-4.3","0.0","3.374","0.520","17.30","12.6","0.87","0"
"34.750","39.4011","14","-0.9468","0.1274","0.8172","99.5482","-48.9952","34.0805","11.5000","0.1480","12.7990","45.39092812","-75.69606609","41.1","13.2","-98.6","35","28","53","1","3","-0.18","-0.91","-1.02","3.0","-1.3","-44.2","100.00","100.83","7197","6553.5","601.0","0","0","0","0","58.0","601.2","32.6","30.0","5.41","-4.3","0.0","3.378","0.511","17.30","12.6","0.86","0"
"34.800","39.5391","14","-0.9606","0.1348","0.8282","97.0797","-49.5416","34.0924","11.5000","0.1470","12.7021","45.39092788","-75.69605900","41.1","13.2","-98.6","35","28","53","1","3","-0.12","-0.83","-1.20","2.0","-1.9","-42.8","100.00","100.71","7209","6553.5","608.1","0","0","0","0","58.0","608.3","32.6","30.0","5.10","-4.3","0.0","3.396","0.506","17.30","12.6","0.84","0"
"34.850","39.6486","14","-0.9647","0.1285","0.8416","94.5407","-49.5359","34.1089","11.5000","0.1420","12.7388","45.39092779","-75.69605188","41.1","13.2","-98.6","35","28","53","1","3","-0.00","-0.83","-1.19","1.3","-2.0","-41.2","100.00","100.71","7182","6553.5","610.4","0","0","0","0","58.0","610.5","32.6","30.0","4.89","-4.3","0.0","3.386","0.508","17.30","12.6","0.84","0"
"34.900","39.8575","14","-0.9637","0.1256","0.8459","92.2205","-49.2887","34.1217","11.5000","0.1430","12.8701","45.39092793","-75.69604469","41.1","13.2","-98.6","35","27","52","1","3","-0.00","-0.81","-1.19","0.8","-1.8","-39.3","100.00","100.71","7169","6553.5","612.3","0","0","0","0","58.0","612.4","32.6","30.0","4.75","-4.3","0.0","3.334","0.508","17.30","12.7","0.84","0"
"34.950","40.1326","14","-0.9593","0.1249","0.8443","90.0461","-48.8805","34.1321","11.5000","0.1480","13.0672","45.39092822","-75.69603746","41.1","13.2","-98.6","35","27","53","1","3","-0.03","-0.79","-1.18","0.1","-1.4","-37.5","100.00","100.71","7165","6553.5","613.7","0","0","0","0","58.0","613.7","32.6","30.0","4.70","-4.3","0.0","3.326","0.507","17.30","12.7","0.84","0"
"35.000","40.2821","14","-0.9393","0.1263","0.8505","87.8513","-47.6841","34.1436","11.5000","0.1500","13.4449","45.39092873","-75.69603029","41.1","13.2","-98.6","36","28","53","1","3","0.01","-0.78","-1.15","-0.5","-1.4","-36.1","100.00","100.71","7148","6553.5","614.9","0","0","0","0","58.0","614.9","32.6","30.0","4.46","-4.3","0.0","3.345","0.522","17.30","12.6","0.83","0"
"35.050","40.3478","14","-0.9088","0.1290","0.8619","85.6430","-45.9623","34.1558","11.5000","0.1500","13.9714","45.39092939","-75.69602316","41.1","13.2","-98.6","35","29","54","1","3","0.05","-0.74","-1.04","-0.7","-2.1","-35.5","100.00","100.71","7130","6553.5","611.4","0","0","0","0","58.5","611.3","32.6","30.0","3.89","-4.3","0.1","3.345","0.541","17.30","12.7","0.83","0"
"35.100","40.4745","14","-0.9075","0.1187","0.8535","83.3196","-45.7059","34.1598","11.5000","0.1500","14.0939","45.39093031","-75.69601599","41.1","13.2","-98.6","35","30","53","1","3","-0.06","-0.79","-1.05","-0.5","-3.1","-36.1","100.00","100.71","7183","6553.5","607.5","0","0","0","0","59.0","607.4","32.6","30.0","3.71","-4.3","0.1","3.343","0.523","17.30","12.9","0.83","0"
"35.150","40.6419","14","-0.9256","0.0998","0.8318","80.9195","-46.4264","34.1583","11.5000","0.1500","13.9325","45.39093141","-75.69600878","41.1","13.2","-98.6","35","27","51","1","3","-0.15","-0.95","-1.19","0.3","-3.5","-38.2","100.00","101.07","7263","6553.5","610.1","0","0","0","0","59.0","610.2","32.6","30.0","4.17","-4.3","0.1","3.376","0.503","17.30","12.8","0.83","0"
"35.200","40.7599","14","-0.9513","0.0877","0.8172","78.4427","-47.5737","34.1632","11.5000","0.1530","13.6360","45.39093280","-75.69600171","41.1","13.2","-98.6","36","27","52","1","3","-0.14","-1.05","-1.24","1.3","-2.9","-41.0","100.00","101.58","7440","6553.5","613.3","0","0","0","0","59.0","613.4","32.6","30.0","4.50","-4.3","0.1","3.415","0.476","17.30","12.6","0.83","0"
"35.250","40.8450","14","-0.9822","0.0802","0.8072","75.9147","-49.0054","34.1724","11.5000","0.1580","13.2652","45.39093438","-75.69599474","41.1","13.2","-98.6","34","27","53","1","3","-0.14","-1.17","-1.05","1.8","-2.0","-43.3","100.00","101.88","7510","6553.5","619.1","0","0","0","0","59.0","619.2","32.6","30.0","4.60","-4.3","0.0","3.474","0.467","17.30","12.6","0.84","0"
"35.300","40.8717","14","-0.9900","0.0805","0.8029","73.1990","-49.3057","34.1791","11.5000","0.1600","13.1931","45.39093626","-75.69598792","41.1","13.2","-98.6","34","28","53","1","3","-0.05","-0.99","-0.83","1.7","-1.8","-44.0","100.00","101.97","7436","6553.5","625.0","0","0","0","0","59.0","625.1","32.6","30.0","4.61","-4.3","0.0","3.504","0.483","17.30","12.7","0.85","0"
"35.350","40.8594","14","-0.9823","0.0860","0.8023","70.3583","-48.8516","34.1841","11.5000","0.1600","13.3117","45.39093833","-75.69598120","41.1","13.2","-98.6","34","27","53","1","3","-0.00","-0.82","-0.94","1.4","-1.9","-43.2","100.00","100.70","7437","6553.5","624.2","0","0","0","0","59.0","624.1","32.6","30.0","4.46","-4.3","-0.0","3.494","0.484","17.30","12.7","0.85","0"
"35.400","40.8879","14","-0.9730","0.0956","0.7781","67.9770","-48.2995","34.1797","11.5000","0.1600","13.4732","45.39094056","-75.69597454","41.1","13.2","-98.6","35","26","51","1","3","-0.15","-0.89","-1.12","0.9","-1.2","-41.6","100.00","100.54","7485","6553.5","622.7","0","0","0","0","59.0","622.7","32.6","30.0","4.27","-4.3","0.0","3.460","0.476","17.30","12.8","0.85","0"
"35.450","40.9436","14","-0.9625","0.1077","0.7383","65.9022","-47.6820","34.1689","11.5000","0.1600","13.6663","45.39094290","-75.69596792","41.1","13.2","-98.6","35","27","51","1","3","-0.40","-0.77","-1.10","0.4","-0.0","-39.2","100.00","100.63","7395","6553.5","624.6","0","0","0","0","59.0","624.7","32.6","30.0","4.02","-4.3","0.0","3.412","0.476","17.30","12.8","0.85","0"
"35.500","41.0801","14","-0.9453","0.1122","0.7362","63.8738","-46.7027","34.1731","11.4700","0.1600","13.9994","45.39094545","-75.69596143","41.1","13.2","-98.6","35","28","52","1","3","-0.24","-0.67","-1.03","0.1","0.5","-36.2","100.00","100.73","7275","6553.5","626.8","0","0","0","0","59.0","626.9","32.6","30.0","3.99","-4.3","0.0","3.350","0.478","17.30","12.7","0.84","0"
"35.550","41.2704","14","-0.9235","0.1117","0.7592","61.8765","-45.4821","34.1875","11.4200","0.1600","14.4417","45.39094814","-75.69595504","41.1","13.2","-98.6","34","28","50","1","3","0.05","-0.81","-0.75","-0.2","0.1","-33.9","100.00","100.90","7219","6553.5","628.7","0","0","0","0","59.0","628.7","32.6","30.0","4.29","-4.3","0.1","3.288","0.502","17.30","12.7","0.83","0"
"35.600","41.5513","14","-0.9119","0.1064","0.7485","59.8464","-44.7624","34.1893","11.4000","0.1600","14.7738","45.39095105","-75.69594876","41.1","13.2","-98.6","36","29","52","1","3","-0.01","-0.93","-0.64","-0.0","-0.8","-33.4","100.00","101.44","7213","6553.5","630.6","0","0","0","0","59.0","630.6","32.6","30.0","4.25","-4.3","0.1","3.363","0.518","17.30","12.6","0.82","0"
"35.650","41.8927","14","-0.9070","0.0979","0.7154","57.7945","-44.3765","34.1827","11.4000","0.1600","15.0247","45.39095412","-75.69594255","41.1","13.2","-98.6","36","30","53","1","3","-0.10","-0.92","-0.72","0.5","-2.1","-35.0","100.00","102.11","7383","6553.5","625.3","0","0","0","0","59.0","625.2","32.6","30.0","3.62","-4.3","0.1","3.419","0.510","17.30","12.6","0.81","0"
"35.700","41.9812","14","-0.9084","0.0925","0.6781","55.3960","-44.3210","34.1745","11.4000","0.1600","15.0753","45.39095740","-75.69593660","41.1","13.2","-98.6","35","27","53","1","3","-0.13","-0.91","-0.86","0.6","-3.0","-38.3","100.00","102.79","7527","6553.5","619.4","0","0","0","0","59.0","619.3","32.6","30.0","3.31","-4.3","0.1","3.403","0.491","17.30","12.7","0.80","0"
"35.750","41.9009","14","-0.9141","0.0890","0.6382","52.7663","-44.4857","34.1653","11.4000","0.1600","14.9907","45.39096082","-75.69593082","41.1","13.2","-98.6","35","25","51","1","3","-0.02","-1.16","-1.02","0.3","-2.5","-42.3","100.00","103.48","7633","6553.5","623.3","0","0","0","0","59.0","623.4","32.6","30.0","3.52","-4.3","0.1","3.417","0.458","17.30","12.7","0.81","0"
"35.800","41.8544","14","-0.9245","0.0860","0.6372","50.1276","-44.8886","34.1685","11.4000","0.1600","14.8397","45.39096447","-75.69592537","41.1","13.2","-98.6","36","27","53","1","3","-0.08","-1.03","-0.99","-0.2","-1.2","-44.7","100.00","103.63","7633","6553.5","628.0","0","0","0","0","59.0","628.1","32.6","30.0","3.66","-4.3","0.1","3.471","0.443","17.30","12.7","0.83","0"
"35.850","41.8303","14","-0.9381","0.0832","0.6623","47.4830","-45.4502","34.1800","11.4000","0.1600","14.6479","45.39096827","-75.69592013","41.1","13.2","-98.6","34","30","55","1","3","-0.16","-0.83","-0.88","-0.9","-1.0","-43.8","100.00","103.02","7570","6553.5","630.9","0","0","0","0","59.0","631.0","32.6","30.0","3.69","-4.3","0.1","3.491","0.439","17.30","12.7","0.82","0"
"35.900","41.9794","14","-0.9488","0.0858","0.6289","45.3633","-45.8749","34.1730","11.4000","0.1600","14.5640","45.39097220","-75.69591498","41.1","13.2","-98.6","35","29","55","1","3","-0.14","-0.81","-0.74","-2.0","-1.9","-40.8","100.00","102.24","7532","6553.5","633.7","0","0","0","0","59.0","633.7","32.6","30.0","3.67","-4.3","0.0","3.491","0.460","17.30","12.8","0.80","0"
"35.950","42.2439","14","-0.9575","0.0919","0.5566","43.5934","-46.2083","34.1537","11.4000","0.1600","14.5500","45.39097622","-75.69590988","41.1","13.2","-98.6","37","24","49","1","3","-0.24","-0.97","-0.96","-2.3","-1.6","-38.0","100.00","101.45","7501","6553.5","638.2","0","0","0","0","59.0","638.3","32.6","30.0","3.56","-4.3","-0.0","3.452","0.487","17.30","12.8","0.81","0"
"36.000","42.2537","14","-0.9424","0.0944","0.5561","41.4561","-45.3848","34.1551","11.4000","0.1630","14.8175","45.39098040","-75.69590514","41.1","13.2","-98.6","36","25","50","1","3","-0.34","-0.85","-1.23","-2.4","0.6","-35.7","100.00","101.42","7471","6553.5","642.8","0","0","0","0","59.0","642.9","32.5","30.0","3.50","-4.3","-0.0","3.403","0.467","17.30","12.8","0.82","0"
"36.050","42.0938","14","-0.9114","0.0945","0.6034","39.0738","-43.7902","34.1702","11.4000","0.1680","15.2990","45.39098468","-75.69590065","41.1","13.2","-98.6","33","30","53","1","3","-0.32","-0.72","-1.21","-2.3","2.2","-33.2","100.00","98.95","7445","6553.5","639.3","0","0","0","0","59.0","639.2","32.5","30.0","3.49","-4.3","0.1","3.320","0.455","17.31","12.8","0.82","0"
"36.100","42.2903","14","-0.8827","0.1006","0.5951","37.1603","-42.3051","34.1684","11.4000","0.1700","15.9099","45.39098912","-75.69589627","41.1","13.2","-98.6","33","29","53","1","3","-0.12","-0.64","-0.97","-1.6","1.0","-32.0","100.00","99.79","7436","6553.5","635.0","0","0","0","0","59.0","635.0","32.5","30.0","3.46","-4.3","0.1","3.280","0.468","17.37","12.7","0.82","0"
"36.150","42.7244","14","-0.8555","0.1108","0.5497","35.5594","-40.8930","34.1554","11.4000","0.1700","16.6283","45.39099366","-75.69589198","41.1","13.2","-98.6","36","26","51","1","3","0.14","-0.96","-1.03","-0.6","-0.9","-32.9","100.00","100.76","7481","6553.5","628.0","0","0","0","0","59.5","627.9","32.5","30.0","3.39","-4.3","0.0","3.391","0.472","17.52","12.7","0.82","0"
"36.200","42.9982","14","-0.8293","0.1245","0.5249","33.6019","-39.5140","34.1505","11.4000","0.1700","17.3189","45.39099835","-75.69588801","41.1","13.2","-98.6","36","27","52","1","3","0.10","-1.17","-0.97","0.1","-1.4","-35.1","100.00","101.60","7600","6553.5","620.8","0","0","0","0","60.0","620.6","32.5","30.0","3.33","-4.3","0.0","3.445","0.463","17.79","12.8","0.82","0"
"36.250","43.1651","14","-0.8037","0.1404","0.5140","31.4067","-38.1571","34.1510","11.4000","0.1700","18.0044","45.39100315","-75.69588428","41.1","13.2","-98.5","35","30","54","1","3","0.15","-1.01","-0.82","0.5","-1.2","-36.4","100.00","100.83","7660","6553.5","630.1","0","0","0","0","60.0","630.4","32.5","30.0","3.30","-4.3","0.1","3.419","0.487","18.93","12.8","0.82","0"
"36.300","43.3628","14","-0.7936","0.1535","0.4765","29.2903","-37.5097","34.1393","11.4000","0.1700","18.3990","45.39100810","-75.69588079","41.1","13.2","-98.6","35","29","54","1","3","-0.01","-0.86","-0.88","0.5","-1.0","-36.4","100.00","100.78","7685","6553.5","640.9","0","0","0","0","60.0","641.2","32.5","30.0","3.38","-4.3","0.0","3.451","0.529","20.60","12.7","0.82","0"
"36.350","43.5809","14","-0.7939","0.1645","0.4214","27.2264","-37.3353","34.1194","11.4000","0.1700","18.5779","45.39101315","-75.69587746","41.1","13.2","-98.6","35","26","52","1","3","-0.12","-0.85","-1.14","-0.2","-0.5","-35.5","100.00","100.87","7771","6553.5","644.1","0","0","0","0","60.0","644.2","32.5","30.0","3.63","-4.3","0.0","3.518","0.578","23.59","12.7","0.85","0"
"36.400","43.8038","14","-0.7851","0.1802","0.3989","25.2921","-36.7232","34.1112","11.4000","0.1670","18.9842","45.39101829","-75.69587438","41.1","13.2","-98.6","35","25","52","1","3","-0.09","-0.68","-1.26","-1.4","0.6","-33.3","100.00","101.01","7867","6553.5","646.7","0","0","0","0","60.0","646.7","32.5","30.0","3.77","-4.3","0.1","3.471","0.627","26.82","12.7","0.89","0"
"36.450","44.0298","14","-0.7703","0.1990","0.3980","23.4441","-35.8192","34.1107","11.4000","0.1620","19.5637","45.39102348","-75.69587146","41.1","13.2","-98.6","35","29","52","1","3","-0.09","-0.57","-1.16","-2.3","1.5","-30.0","100.00","101.36","7814","6553.5","652.4","0","0","0","0","60.0","652.5","32.5","30.0","3.73","-4.3","0.0","3.400","0.616","28.05","12.6","0.91","0"
"36.500","44.3340","14","-0.7459","0.2100","0.3879","22.0888","-34.4598","34.1026","11.4000","0.1600","20.4760","45.39102878","-75.69586861","41.1","13.2","-98.6","34","28","52","1","3","0.01","-0.67","-0.98","-2.8","1.8","-27.0","100.00","100.98","7790","6553.5","658.4","0","0","0","0","60.0","658.5","32.5","30.0","3.65","-4.3","0.0","3.366","0.612","29.10","12.5","0.94","0"
"36.550","44.6903","14","-0.7152","0.2157","0.3717","21.0619","-32.7968","34.0895","11.4000","0.1600","21.6871","45.39103415","-75.69586582","41.1","13.2","-98.6","35","29","52","1","3","0.07","-0.67","-1.01","-2.4","1.5","-25.8","100.00","100.44","7872","6553.5","659.7","0","0","0","0","60.0","659.7","32.4","30.0","3.53","-4.3","0.0","3.356","0.633","29.54","12.6","0.95","0"
"36.600","45.1491","14","-0.7149","0.2170","0.3544","19.5697","-32.5210","34.0803","11.4000","0.1600","22.0955","45.39103968","-75.69586334","41.1","13.2","-98.6","34","30","52","1","3","0.09","-0.58","-1.05","-2.1","0.1","-26.5","100.00","100.00","8022","6553.5","660.6","0","0","0","0","60.0","660.6","32.4","30.0","3.53","-4.3","0.0","3.430","0.631","29.87","12.7","0.96","0"
"36.650","45.6762","14","-0.7349","0.2154","0.3364","17.7674","-33.1701","34.0738","11.4000","0.1600","21.9161","45.39104532","-75.69586109","41.1","13.2","-98.6","34","33","52","1","3","0.10","-0.72","-0.87","-1.7","-2.1","-28.3","100.00","100.00","8268","6553.5","654.7","0","0","0","0","60.0","654.5","32.5","30.0","3.74","-4.3","0.0","3.485","0.596","30.04","12.7","0.95","0"
"36.700","46.1003","14","-0.7416","0.2269","0.3061","15.9769","-33.2189","34.0632","11.4000","0.1600","22.0871","45.39105103","-75.69585912","41.1","13.2","-98.6","36","28","51","1","3","0.03","-0.92","-0.96","-1.1","-3.1","-30.7","100.00","100.59","8465","6553.5","648.1","0","0","0","0","60.0","648.0","32.5","30.0","4.02","-4.3","-0.0","3.515","0.564","30.27","12.6","0.93","0"
"36.750","46.4559","14","-0.7393","0.2472","0.2677","14.1943","-32.8674","34.0498","11.4000","0.1600","22.4955","45.39105678","-75.69585734","41.1","13.2","-98.6","36","26","54","1","3","0.13","-1.02","-1.01","-0.7","-1.9","-33.3","100.00","100.38","8633","6553.5","652.2","0","0","0","0","60.0","652.3","32.4","30.0","4.39","-4.3","-0.1","3.459","0.534","30.55","12.7","0.90","0"
"36.800","46.7653","14","-0.7663","0.2625","0.2413","12.2587","-33.7687","34.0381","11.4000","0.1600","22.0409","45.39106261","-75.69585590","41.1","13.2","-98.6","32","30","58","1","3","0.14","-0.90","-0.86","-1.2","-0.5","-34.4","100.00","99.99","8587","6553.5","657.1","0","0","0","0","60.0","657.2","32.4","30.0","4.61","-4.3","-0.1","3.351","0.546","30.74","12.8","0.86","0"
"36.850","47.0439","14","-0.8128","0.2743","0.2228","10.2211","-35.5051","34.0275","11.4000","0.1600","21.0879","45.39106847","-75.69585470","41.1","13.2","-98.6","31","31","55","1","3","0.04","-0.95","-0.68","-2.0","-1.0","-33.6","100.00","98.72","8500","6553.5","656.5","0","0","0","0","60.0","656.5","32.4","30.0","4.58","-4.3","0.0","3.255","0.566","30.90","12.7","0.85","0"
"36.900","47.5500","14","-0.8472","0.2857","0.1815","8.3936","-36.6702","34.0152","11.4000","0.1600","20.6375","45.39107450","-75.69585376","41.1","13.2","-98.6","36","29","51","1","3","-0.08","-1.05","-0.78","-1.5","-1.8","-32.4","100.00","97.27","8723","6553.5","655.5","0","0","0","0","60.0","655.5","32.4","30.0","4.56","-4.3","0.0","3.169","0.556","31.01","12.6","0.84","0"
"36.950","48.2077","14","-0.8735","0.2967","0.1248","6.7063","-37.4544","34.0016","11.4000","0.1600","20.4849","45.39108064","-75.69585301","41.1","13.2","-98.6","36","28","52","1","3","-0.08","-1.11","-1.10","0.4","-1.6","-31.8","100.00","97.47","8875","6553.5","658.5","0","0","0","0","60.0","658.5","32.4","30.0","4.56","-4.3","-0.1","3.367","0.546","31.11","12.7","0.85","0"
"37.000","48.7565","14","-0.8767","0.3034","0.1027","4.9563","-37.2367","33.9897","11.4000","0.1600","20.8392","45.39108685","-75.69585259","41.1","13.2","-98.6","32","29","53","1","3","0.11","-1.05","-1.17","2.2","-1.0","-31.2","100.00","97.93","8776","6553.5","661.8","0","0","0","0","60.0","661.9","32.4","30.0","4.57","-4.3","-0.0","3.494","0.536","31.17","12.8","0.86","0"
"37.050","49.2327","14","-0.8645","0.3073","0.1037","3.1645","-36.3511","33.9789","11.4000","0.1600","21.5554","45.39109310","-75.69585241","41.1","13.2","-98.6","33","29","53","1","3","0.23","-0.98","-0.82","2.9","-0.6","-30.1","100.00","98.39","8797","6553.5","664.7","0","0","0","0","60.0","664.7","32.4","30.0","4.59","-4.3","0.0","3.374","0.531","31.22","12.8","0.85","0"
"37.100","49.6632","14","-0.8232","0.3063","0.0789","1.5135","-34.2825","33.9645","11.4000","0.1600","23.0559","45.39109938","-75.69585248","41.1","13.2","-98.6","34","28","52","1","3","0.16","-0.95","-0.69","2.5","0.1","-28.6","100.00","98.39","8985","6553.5","667.5","0","0","0","0","60.0","667.5","32.4","30.0","4.56","-4.3","0.0","3.294","0.533","31.28","12.7","0.84","0"
"37.150","50.0633","14","-0.7624","0.3020","0.0370","-0.0436","-31.4252","33.9476","11.4000","0.1600","25.3549","45.39110569","-75.69585273","41.1","13.1","-98.6","34","28","53","1","3","0.26","-0.75","-0.77","1.7","1.0","-26.7","100.00","100.47","9007","6553.5","667.8","0","0","0","0","60.5","667.8","32.4","30.0","4.42","-4.3","-0.0","3.272","0.536","31.30","12.7","0.85","0"
"37.200","50.5778","14","-0.7132","0.3069","0.0129","-1.4641","-29.0995","33.9362","11.4000","0.1600","27.6626","45.39111209","-75.69585320","41.1","13.1","-98.6","33","29","51","1","3","0.43","-0.63","-1.06","0.8","1.3","-24.3","100.00","100.71","8927","6553.5","667.9","0","0","0","0","61.0","667.9","32.4","30.0","4.37","-4.3","0.0","3.319","0.540","31.30","12.7","0.86","0"
"37.250","51.1685","14","-0.6716","0.3179","0.0007","-2.7934","-27.1282","33.9283","11.4000","0.1600","30.0194","45.39111857","-75.69585382","41.1","13.1","-98.6","33","29","51","1","3","0.29","-0.71","-1.34","-0.3","0.8","-22.0","100.00","100.71","9094","6553.5","667.7","0","0","0","0","61.0","667.7","32.4","30.0","4.42","-4.3","0.0","3.409","0.525","31.30","12.7","0.84","0"
"37.300","51.7056","14","-0.6250","0.3177","-0.0001","-3.9399","-24.9900","33.9216","11.4000","0.1600","32.9299","45.39112512","-75.69585466","41.1","13.1","-98.6","36","29","51","1","3","0.11","-0.59","-1.36","-1.6","0.4","-19.9","100.00","100.71","9309","6553.5","667.5","0","0","0","0","61.0","667.5","32.4","30.0","4.50","-4.3","0.0","3.458","0.506","31.30","12.7","0.82","0"
"37.350","52.2070","14","-0.5749","0.3098","0.0068","-4.9644","-22.7406","33.9157","11.4000","0.1600","36.5382","45.39113170","-75.69585565","41.1","13.1","-98.6","35","28","53","1","3","0.33","-0.40","-0.94","-2.9","0.2","-18.2","100.00","100.71","9270","6553.5","665.5","0","0","0","0","61.0","665.4","32.3","30.0","4.59","-4.3","0.0","3.495","0.498","31.30","12.7","0.85","0"
"37.400","52.7304","14","-0.5342","0.3034","-0.0047","-5.9731","-20.9106","33.9025","11.4000","0.1570","40.1342","45.39113836","-75.69585685","41.1","13.1","-98.6","36","29","54","1","3","0.45","-0.42","-0.89","-4.5","-0.1","-16.5","100.00","100.46","9268","6553.5","663.3","0","0","0","0","61.0","663.2","32.3","30.0","4.65","-4.3","0.1","3.407","0.490","31.31","12.8","0.88","0"
"37.450","53.2686","14","-0.4996","0.2978","-0.0283","-6.9713","-19.3603","33.8846","11.4000","0.1520","43.7905","45.39114506","-75.69585818","41.1","13.1","-98.6","35","31","53","1","3","0.41","-0.44","-0.86","-5.6","-1.2","-14.9","100.00","100.17","9400","6553.5","661.7","0","0","0","0","61.0","661.7","32.4","30.0","4.66","-4.3","0.1","3.362","0.483","31.37","12.8","0.86","0"
"37.500","53.8179","14","-0.4667","0.2996","-0.0701","-7.7738","-17.9103","33.8652","11.4000","0.1500","47.8238","45.39115181","-75.69585961","41.1","13.1","-98.6","37","29","53","1","3","0.39","-0.33","-0.62","-5.3","-2.0","-14.1","100.00","100.84","9511","6553.5","660.2","0","0","0","0","61.0","660.2","32.4","30.0","4.74","-4.3","0.0","3.469","0.463","31.40","12.7","0.83","0"
"37.550","54.3748","14","-0.4349","0.3061","-0.1240","-8.4459","-16.5273","33.8448","11.4000","0.1500","52.3620","45.39115859","-75.69586111","41.1","13.1","-98.6","37","28","50","1","3","0.46","-0.45","-0.56","-3.7","-1.7","-14.2","100.00","101.90","9593","6553.5","659.5","0","0","0","0","61.0","659.4","32.4","30.0","4.93","-4.3","0.0","3.547","0.425","31.40","12.7","0.84","0"
"37.600","54.8784","14","-0.4266","0.3041","-0.1440","-9.2039","-16.0455","33.8344","11.4000","0.1500","54.4337","45.39116544","-75.69586282","41.1","13.1","-98.6","35","30","50","1","3","0.33","-0.45","-0.80","-1.5","-0.8","-14.4","100.00","101.82","9647","6553.5","658.8","0","0","0","0","61.0","658.7","32.4","30.0","5.22","-4.3","0.1","3.585","0.404","31.40","12.8","0.85","0"
"37.650","55.3465","14","-0.4341","0.2964","-0.1415","-10.0192","-16.1646","33.8308","11.4000","0.1500","54.4936","45.39117233","-75.69586466","41.1","13.1","-98.6","34","29","51","1","3","0.30","-0.37","-0.76","0.3","-0.5","-14.8","100.00","101.61","9685","6553.5","657.0","0","0","0","0","61.0","656.9","32.4","30.0","5.68","-4.3","0.1","3.534","0.396","31.40","12.7","0.85","0"
"37.700","55.8136","14","-0.4444","0.2864","-0.1533","-10.9053","-16.3914","33.8193","11.4000","0.1500","54.1931","45.39117925","-75.69586675","41.1","13.1","-98.6","35","30","51","1","3","0.29","-0.49","-0.72","1.4","-0.8","-15.2","100.00","101.44","9819","6553.5","655.1","0","0","0","0","61.0","655.0","32.4","30.0","5.98","-4.3","0.1","3.430","0.418","31.45","12.6","0.84","0"
"37.750","56.2799","14","-0.4567","0.2747","-0.1747","-11.8385","-16.6900","33.8025","11.4000","0.1500","53.6681","45.39118619","-75.69586901","41.1","13.1","-98.6","36","30","51","1","3","0.18","-0.48","-0.82","1.6","-1.1","-15.6","100.00","101.83","9970","6553.5","656.8","0","0","0","0","61.0","656.8","32.3","30.0","5.99","-4.3","0.0","3.482","0.447","31.50","12.6","0.84","0"
"37.800","56.7703","14","-0.4621","0.2689","-0.2029","-12.7486","-16.7446","33.7874","11.4000","0.1500","53.9595","45.39119316","-75.69587146","41.1","13.1","-98.6","36","30","51","1","3","0.15","-0.47","-0.83","0.7","-1.1","-15.9","100.00","101.90","9990","6553.5","658.8","0","0","0","0","61.0","658.9","32.3","30.0","5.97","-4.3","0.0","3.565","0.445","31.56","12.7","0.83","0"
"37.850","57.2767","14","-0.4629","0.2672","-0.2357","-13.6433","-16.6363","33.7733","11.4000","0.1500","54.7949","45.39120014","-75.69587404","41.1","13.1","-98.5","35","29","52","1","3","0.31","-0.56","-0.84","-0.7","-1.1","-15.7","100.00","101.30","10022","6553.5","659.6","0","0","0","0","61.0","659.6","32.3","30.0","5.91","-4.3","-0.0","3.490","0.444","31.61","12.7","0.83","0"
"37.900","57.7070","14","-0.4544","0.2611","-0.2548","-14.4698","-16.2018","33.7593","11.4000","0.1500","56.6872","45.39120716","-75.69587678","41.1","13.2","-98.6","35","28","52","1","3","0.38","-0.51","-1.08","-2.4","-1.1","-14.8","100.00","100.57","10098","6553.5","660.2","0","0","0","0","61.0","660.3","32.3","30.0","5.70","-4.3","0.0","3.413","0.443","31.67","12.8","0.82","0"
"37.950","58.0866","14","-0.4397","0.2523","-0.2647","-15.2508","-15.5497","33.7453","11.4000","0.1500","59.4529","45.39121421","-75.69587961","41.1","13.2","-98.6","35","29","50","1","3","0.21","-0.22","-1.11","-3.3","-1.1","-13.0","100.00","99.84","10151","6553.5","664.1","0","0","0","0","61.0","664.2","32.3","30.0","5.27","-4.3","0.1","3.329","0.435","31.70","12.8","0.82","0"
"38.000","58.4694","14","-0.4189","0.2452","-0.2845","-15.9027","-14.7049","33.7292","11.4000","0.1500","63.2831","45.39122127","-75.69588259","41.1","13.2","-98.6","35","28","49","1","3","0.14","-0.16","-1.02","-2.7","-0.8","-11.3","100.00","99.77","10175","6553.5","668.3","0","0","0","0","61.0","668.4","32.3","30.0","4.97","-4.3","0.1","3.344","0.417","31.70","12.8","0.81","0"
"38.050","58.8542","14","-0.3941","0.2394","-0.3109","-16.4683","-13.7314","33.7117","11.4000","0.1500","68.2153","45.39122835","-75.69588566","41.1","13.2","-98.6","36","29","50","1","3","0.19","-0.32","-0.86","-1.6","-0.4","-9.9","100.00","102.57","10217","6553.5","670.6","0","0","0","0","61.5","670.6","32.3","30.0","4.92","-4.3","0.1","3.496","0.411","31.73","12.8","0.80","0"
"38.100","59.2691","14","-0.3576","0.2303","-0.3390","-16.9414","-12.3765","33.6928","11.4000","0.1500","76.2167","45.39123548","-75.69588884","41.1","13.2","-98.6","36","30","49","1","3","0.31","-0.38","-0.94","-0.4","-0.2","-9.1","100.00","102.61","10270","6553.5","672.7","0","0","0","0","62.0","672.8","32.3","30.0","4.94","-4.3","0.1","3.520","0.412","31.79","12.8","0.79","0"
"38.150","59.7039","14","-0.3133","0.2191","-0.3683","-17.3530","-10.7672","33.6729","11.4000","0.1500","88.2509","45.39124265","-75.69589209","41.1","13.2","-98.5","36","28","47","1","3","0.27","-0.33","-1.06","0.7","0.2","-9.0","100.00","102.31","10342","6553.5","677.4","0","0","0","0","62.0","677.5","32.3","30.0","5.07","-4.3","0.1","3.465","0.406","31.80","12.7","0.78","0"
"38.200","60.0707","14","-0.2787","0.2052","-0.3784","-17.8456","-9.5123","33.6571","11.4000","0.1500","100.5077","45.39124981","-75.69589551","41.1","13.2","-98.6","35","29","48","1","3","0.26","-0.24","-0.98","1.0","0.7","-9.0","100.00","102.15","10415","6553.5","682.3","0","0","0","0","62.0","682.4","32.3","30.0","5.30","-4.3","0.1","3.399","0.399","31.80","12.6","0.77","0"
"38.250","60.3921","14","-0.2504","0.1895","-0.3758","-18.3923","-8.4935","33.6440","11.4000","0.1500","113.1654","45.39125698","-75.69589904","41.1","13.2","-98.6","35","28","48","1","3","0.21","-0.09","-1.19","1.1","1.0","-8.6","100.00","102.15","10413","6553.5","679.6","0","0","0","0","62.0","679.5","32.3","30.0","5.68","-4.3","0.0","3.334","0.388","31.86","12.7","0.77","0"
"38.300","60.6831","14","-0.2299","0.1782","-0.3709","-18.7983","-7.7517","33.6348","11.4000","0.1500","124.5927","45.39126418","-75.69590260","41.1","13.2","-98.6","35","28","49","1","3","0.05","-0.09","-1.23","0.9","0.7","-7.7","100.00","101.88","10439","6553.5","676.2","0","0","0","0","62.0","676.1","32.3","30.0","6.07","-4.3","0.0","3.394","0.383","31.90","12.8","0.76","0"
"38.350","60.9538","14","-0.2145","0.1700","-0.3645","-19.1105","-7.1945","33.6280","11.4000","0.1500","134.8412","45.39127142","-75.69590619","41.1","13.2","-98.6","37","28","48","1","3","-0.03","-0.23","-1.00","0.5","0.5","-7.0","100.00","101.32","10564","6553.5","680.2","0","0","0","0","62.0","680.3","32.3","30.0","6.46","-4.3","0.1","3.432","0.394","31.90","12.8","0.76","0"
"38.400","61.2018","14","-0.1982","0.1646","-0.3691","-19.4071","-6.6152","33.6134","11.4000","0.1500","147.2453","45.39127865","-75.69590988","41.1","13.2","-98.6","37","30","48","1","3","0.12","-0.41","-0.70","-0.1","0.5","-6.6","100.00","100.76","10635","6553.5","684.8","0","0","0","0","62.0","684.9","32.3","30.0","6.66","-4.3","0.1","3.394","0.398","31.92","12.7","0.76","0"
"38.450","61.4346","14","-0.1813","0.1610","-0.3811","-19.6932","-6.0212","33.5935","11.4000","0.1500","162.3860","45.39128588","-75.69591364","41.1","13.2","-98.6","35","29","47","1","3","0.41","-0.47","-0.69","-0.6","1.1","-6.0","100.00","100.71","10631","6553.5","685.5","0","0","0","0","62.0","685.5","32.3","30.0","6.52","-4.3","0.1","3.374","0.392","31.98","12.7","0.75","0"
"38.500","61.6732","14","-0.1578","0.1523","-0.3803","-19.9418","-5.2187","33.5836","11.4000","0.1500","188.0865","45.39129317","-75.69591745","41.1","13.2","-98.6","36","26","46","1","3","0.14","-0.28","-0.75","-1.2","2.2","-5.2","100.00","102.58","10659","6553.5","685.9","0","0","0","0","62.0","685.9","32.3","30.0","6.41","-4.3","0.2","3.381","0.392","32.00","12.8","0.74","0"
"38.550","61.9156","14","-0.1299","0.1401","-0.3710","-20.1654","-4.2770","33.5805","11.4000","0.1500","230.3974","45.39130050","-75.69592128","41.1","13.2","-98.6","35","29","48","1","3","-0.10","-0.02","-0.75","-0.8","2.5","-4.4","100.00","103.25","10708","6553.5","691.1","0","0","0","0","62.0","691.3","32.3","30.0","6.34","-4.3","0.2","3.396","0.398","32.00","12.8","0.74","0"
"38.600","62.2315","14","-0.0982","0.1329","-0.3715","-20.3335","-3.2221","33.5743","11.4000","0.1500","307.3893","45.39130786","-75.69592518","41.1","13.2","-98.6","35","31","48","1","3","-0.10","0.05","-0.80","0.2","1.0","-3.3","100.00","103.68","10733","6553.5","696.8","0","0","0","0","62.0","697.0","32.3","30.0","6.32","-4.3","0.1","3.415","0.386","32.00","12.8","0.75","0"
"38.650","62.5963","14","-0.0640","0.1290","-0.3787","-20.4647","-2.0917","33.5661","11.4000","0.1500","476.2932","45.39131524","-75.69592913","41.1","13.2","-98.6","39","29","47","1","3","-0.13","0.07","-1.01","1.0","-0.3","-2.0","100.00","104.10","10754","6553.5","697.2","0","0","0","0","62.0","697.2","32.3","30.0","6.40","-4.3","0.1","3.417","0.371","32.00","12.8","0.75","0"
"38.700","62.8056","14","-0.0348","0.1265","-0.3791","-20.4369","-1.1334","33.5568","11.4000","0.1500","881.9096","45.39132263","-75.69593299","41.1","13.2","-98.6","40","31","47","1","3","-0.06","0.21","-1.16","1.3","-0.3","-0.7","100.00","104.14","10798","6553.5","697.1","0","0","0","0","62.0","697.1","32.3","30.0","6.44","-4.3","0.1","3.414","0.386","32.00","12.8","0.75","0"
"38.750","62.9111","14","-0.0089","0.1250","-0.3752","-20.3030","-0.2900","33.5469","11.4000","0.1500","3452.8894","45.39133002","-75.69593680","41.1","13.2","-98.6","36","30","47","1","3","-0.04","0.15","-1.07","1.5","0.2","0.2","100.00","103.21","10835","6553.5","698.8","0","0","0","0","62.0","698.8","32.3","30.0","6.40","-4.3","0.1","3.359","0.396","32.00","12.8","0.75","0"
"38.800","63.0308","14","0.0011","0.1213","-0.3800","-20.2182","0.0358","33.5344","11.4000","0.1500","10000.0000","45.39133744","-75.69594063","41.1","13.2","-98.6","36","30","48","1","3","0.18","-0.07","-0.72","1.9","-0.4","0.5","100.00","102.18","10848","6553.5","700.7","0","0","0","0","62.0","700.7","32.3","30.0","6.37","-4.3","0.1","3.318","0.392","32.00","12.8","0.74","0"
"38.850","63.1599","14","0.0005","0.1162","-0.3906","-20.1661","0.0166","33.5202","11.4000","0.1500","10000.0000","45.39134487","-75.69594448","41.1","13.2","-98.6","38","30","47","1","3","0.35","-0.09","-0.68","1.9","-1.3","0.1","100.00","101.78","10878","6553.5","701.0","0","0","0","0","62.0","701.0","32.3","30.0","6.35","-4.3","0.1","3.320","0.394","32.00","12.8","0.74","0"
"38.900","63.4290","14","-0.0010","0.1107","-0.3891","-20.2484","-0.0316","33.5114","11.4000","0.1500","10000.0000","45.39135237","-75.69594840","41.1","13.2","-98.6","39","30","47","1","3","0.41","-0.23","-0.88","1.4","-1.0","-0.7","100.00","101.90","10931","6553.5","701.2","0","0","0","0","62.0","701.2","32.3","30.0","6.42","-4.3","0.1","3.373","0.403","32.00","12.9","0.74","0"
"38.950","63.7914","14","-0.0031","0.1050","-0.3796","-20.4203","-0.0992","33.5061","11.4000","0.1500","10000.0000","45.39135991","-75.69595238","41.1","13.2","-98.6","39","26","46","1","3","0.28","-0.16","-1.15","0.5","0.8","-1.4","100.00","102.12","10955","6553.5","702.3","0","0","0","0","62.0","702.3","32.3","30.0","6.61","-4.3","0.1","3.495","0.409","32.00","12.8","0.74","0"
"39.000","63.9178","14","-0.0172","0.0987","-0.3745","-20.4879","-0.5470","33.5049","11.4000","0.1500","1859.8861","45.39136742","-75.69595637","41.1","13.2","-98.6","35","29","49","1","3","0.28","-0.14","-0.87","-0.6","2.2","-2.0","100.00","102.61","10962","6553.5","703.5","0","0","0","0","62.0","703.5","32.4","30.0","6.70","-4.3","0.1","3.526","0.413","32.00","12.6","0.74","0"
"39.050","63.8868","14","-0.0393","0.0920","-0.3724","-20.4858","-1.2483","33.5065","11.4000","0.1500","814.5611","45.39137490","-75.69596038","41.1","13.2","-98.6","34","30","47","1","3","0.21","-0.11","-0.72","-0.6","1.3","-2.1","100.00","103.10","10989","6553.5","704.6","0","0","0","0","62.0","704.6","32.4","30.0","6.62","-4.3","0.1","3.500","0.414","32.00","12.7","0.74","0"
"39.100","64.0944","14","-0.0649","0.0912","-0.3797","-20.6276","-2.0553","33.4961","11.4000","0.1500","496.3151","45.39138241","-75.69596447","41.1","13.2","-98.6","38","30","48","1","3","0.15","-0.04","-0.92","0.7","-0.3","-2.1","100.00","102.23","11020","6553.5","705.7","0","0","0","0","62.0","705.7","32.3","30.0","6.58","-4.3","0.2","3.514","0.415","32.00","12.8","0.75","0"
"39.150","64.4612","14","-0.0928","0.0944","-0.3933","-20.8652","-2.9329","33.4777","11.4000","0.1500","349.7994","45.39138995","-75.69596862","41.1","13.2","-98.6","39","29","47","1","3","0.02","0.00","-1.10","1.8","-0.6","-2.4","100.00","104.16","11084","6553.5","706.3","0","0","0","0","62.5","706.3","32.3","30.0","6.61","-4.3","0.2","3.533","0.424","31.94","12.8","0.75","0"
"39.200","64.6064","14","-0.1139","0.0992","-0.3842","-20.9982","-3.5898","33.4766","11.4000","0.1500","286.4380","45.39139748","-75.69597276","41.1","13.2","-98.6","38","28","46","1","3","0.07","0.09","-1.21","1.8","0.1","-2.7","100.00","104.65","11135","6553.5","706.8","0","0","0","0","63.0","706.8","32.3","30.0","6.64","-4.3","0.2","3.368","0.427","31.91","12.8","0.75","0"
"39.250","64.6039","14","-0.1304","0.1051","-0.3600","-21.0613","-4.0994","33.4869","11.4000","0.1500","250.8152","45.39140501","-75.69597691","41.1","13.2","-98.6","34","27","47","1","3","0.15","0.06","-1.15","1.4","0.1","-2.8","100.00","104.93","11142","6553.5","704.7","0","0","0","0","63.0","704.6","32.3","30.0","6.66","-4.3","0.1","3.263","0.410","31.97","12.8","0.75","0"
"39.300","64.7278","14","-0.1312","0.0984","-0.3268","-21.3194","-4.1136","33.4952","11.4000","0.1500","250.4323","45.39141256","-75.69598120","41.1","13.2","-98.6","33","27","47","1","3","-0.12","-0.00","-1.04","0.9","-0.4","-2.8","100.00","105.16","11149","6553.5","702.4","0","0","0","0","63.0","702.3","32.3","30.0","6.65","-4.3","0.1","3.370","0.405","31.98","12.8","0.76","0"
"39.350","64.9360","14","-0.1214","0.0835","-0.2878","-21.7073","-3.7974","33.5020","11.4000","0.1500","272.1593","45.39142012","-75.69598559","41.1","13.2","-98.5","36","29","48","1","3","-0.26","-0.06","-0.92","0.7","-0.6","-2.9","100.00","105.16","11155","6553.5","703.2","0","0","0","0","63.0","703.2","32.3","30.0","6.57","-4.3","0.0","3.389","0.417","31.92","12.7","0.76","0"
"39.400","65.1848","14","-0.1158","0.0766","-0.2776","-21.9175","-3.6131","33.5001","11.4000","0.1500","287.1384","45.39142772","-75.69599000","41.1","13.2","-98.6","39","31","47","1","3","-0.24","-0.01","-0.90","0.7","-1.0","-3.1","100.00","103.61","11188","6553.5","704.2","0","0","0","0","63.0","704.2","32.3","30.0","6.52","-4.3","0.0","3.285","0.416","31.90","12.6","0.76","0"
"39.450","65.4607","14","-0.1130","0.0750","-0.2866","-22.0092","-3.5167","33.4924","11.4000","0.1500","296.2548","45.39143535","-75.69599441","41.1","13.2","-98.6","38","32","48","1","3","-0.15","-0.18","-0.89","1.6","-0.8","-3.4","100.00","101.77","11236","6553.5","705.9","0","0","0","0","63.0","705.9","32.3","30.0","6.49","-4.3","0.1","3.352","0.408","31.90","12.7","0.76","0"
"39.500","65.5114","14","-0.1172","0.0751","-0.2744","-22.1393","-3.6407","33.4954","11.4000","0.1500","286.3837","45.39144292","-75.69599881","41.1","13.2","-98.6","37","30","46","1","3","0.05","-0.16","-0.88","2.2","0.6","-3.1","100.00","100.71","11249","6553.5","707.6","0","0","0","0","63.0","707.6","32.3","30.0","6.48","-4.3","0.1","3.526","0.414","31.90","12.8","0.76","0"
"39.550","65.4120","14","-0.1262","0.0763","-0.2480","-22.2950","-3.9117","33.5057","11.4000","0.1500","266.1418","45.39145045","-75.69600322","41.1","13.2","-98.6","36","24","45","1","3","0.25","-0.13","-1.06","1.3","2.9","-2.4","100.00","101.73","11253","6553.5","709.2","0","0","0","0","63.0","709.2","32.4","30.0","6.51","-4.3","0.2","3.568","0.424","31.90","12.8","0.76","0"
"39.600","65.4602","14","-0.1300","0.0683","-0.2100","-22.4047","-4.0227","33.5171","11.4000","0.1500","258.9870","45.39145801","-75.69600771","41.1","13.2","-98.6","34","29","50","1","3","0.34","0.04","-1.00","0.4","2.9","-1.9","100.00","103.35","11262","6553.5","710.8","0","0","0","0","63.0","710.8","32.4","30.0","6.53","-4.3","0.1","3.580","0.427","31.96","12.7","0.77","0"
"39.650","65.6068","14","-0.1304","0.0542","-0.1642","-22.4837","-4.0271","33.5292","11.4000","0.1500","259.2831","45.39146559","-75.69601224","41.1","13.2","-98.6","36","32","51","1","3","0.16","0.07","-0.88","0.5","-0.0","-1.8","100.00","103.88","11292","6553.5","711.3","0","0","0","0","63.0","711.3","32.4","30.0","6.53","-4.3","-0.1","3.522","0.431","31.99","12.7","0.77","0"
"39.700","65.8429","14","-0.1399","0.0548","-0.1539","-22.7884","-4.3106","33.5288","11.3700","0.1500","243.1034","45.39147320","-75.69601689","41.1","13.2","-98.6","44","28","48","1","3","-0.20","0.02","-1.07","1.0","-1.6","-2.5","100.00","104.29","11398","6553.5","711.8","0","0","0","0","63.0","711.8","32.4","30.0","6.54","-4.3","-0.0","3.478","0.438","31.93","12.8","0.76","0"
"39.750","66.1385","14","-0.1553","0.0652","-0.1672","-23.2436","-4.7801","33.5201","11.3200","0.1500","220.2091","45.39148084","-75.69602163","41.1","13.2","-98.6","42","28","47","1","3","-0.15","-0.06","-1.05","1.6","0.6","-4.0","100.00","99.07","11423","6553.5","715.3","0","0","0","0","63.0","715.4","32.4","30.0","6.59","-4.3","0.1","3.485","0.436","31.90","12.7","0.76","0"
"39.800","66.1125","14","-0.1638","0.0619","-0.1412","-23.5856","-5.0352","33.5305","11.3000","0.1470","208.9697","45.39148838","-75.69602639","41.1","13.2","-98.6","33","29","50","1","3","0.14","-0.14","-0.91","1.5","3.1","-5.1","100.00","97.72","11335","6553.5","719.2","0","0","0","0","63.0","719.3","32.4","30.0","6.62","-4.3","0.2","3.494","0.421","31.90","12.6","0.76","0"
"39.850","65.8720","14","-0.1678","0.0495","-0.0889","-23.8522","-5.1474","33.5536","11.3000","0.1420","203.6722","45.39149586","-75.69603117","41.1","13.2","-98.6","30","28","49","1","3","0.10","-0.05","-0.95","0.9","2.3","-5.3","100.00","100.69","11291","6553.5","718.5","0","0","0","0","63.0","718.5","32.4","30.0","6.62","-4.3","0.3","3.502","0.419","31.87","12.7","0.76","0"
"39.900","66.0751","14","-0.1790","0.0495","-0.0628","-24.0928","-5.4829","33.5643","11.3000","0.1400","191.7983","45.39150341","-75.69603606","41.1","13.2","-98.6","37","25","46","1","3","-0.14","-0.05","-1.33","0.1","0.3","-5.3","100.00","104.70","11276","6553.5","717.5","0","0","0","0","63.0","717.5","32.4","30.0","6.59","-4.3","0.2","3.524","0.425","31.81","12.8","0.76","0"
"39.950","66.5739","14","-0.1950","0.0577","-0.0543","-24.3159","-5.9674","33.5668","11.3000","0.1400","177.5588","45.39151101","-75.69604103","41.1","13.2","-98.6","40","28","46","1","3","-0.24","-0.07","-1.48","-0.1","0.4","-5.4","100.00","105.30","11324","6553.5","716.3","0","0","0","0","63.0","716.3","32.4","30.0","6.52","-4.3","0.2","3.555","0.426","31.75","12.8","0.76","0"
"40.000","66.6442","14","-0.1916","0.0636","-0.0275","-24.5687","-5.8540","33.5795","11.3000","0.1400","181.1872","45.39151855","-75.69604603","41.1","13.2","-98.6","37","29","48","1","3","-0.30","-0.02","-1.41","0.4","1.9","-5.3","100.00","104.39","11385","6553.5","715.1","0","0","0","0","63.0","715.1","32.5","30.0","6.48","-4.3","0.2","3.437","0.425","31.70","12.8","0.76","0"
"40.050","66.4287","14","-0.1751","0.0680","0.0116","-24.8412","-5.3422","33.5992","11.3000","0.1400","197.9044","45.39152606","-75.69605106","41.1","13.2","-98.6","35","30","49","1","3","-0.22","-0.13","-1.04","0.8","1.8","-4.9","100.00","104.89","11454","6553.5","714.4","0","0","0","0","63.0","714.3","32.4","30.0","6.46","-4.3","0.2","3.292","0.435","31.87","12.8","0.76","0"
"40.100","66.4879","14","-0.1599","0.0651","0.0347","-25.0481","-4.8695","33.6074","11.3000","0.1400","217.3086","45.39153360","-75.69605614","41.1","13.2","-98.6","35","29","47","1","3","-0.11","-0.20","-0.94","0.9","0.1","-4.2","100.00","105.79","11506","6553.5","713.7","0","0","0","0","63.0","713.6","32.4","30.0","6.45","-4.3","0.1","3.429","0.444","32.22","12.8","0.76","0"
"40.150","66.7302","14","-0.1455","0.0572","0.0472","-25.2114","-4.4229","33.6080","11.3000","0.1400","240.1226","45.39154115","-75.69606124","41.1","13.2","-98.6","39","29","48","1","3","-0.11","-0.24","-0.90","0.7","-1.2","-3.5","100.00","104.41","11497","6553.5","714.6","0","0","0","0","63.0","714.6","32.5","30.0","6.46","-4.3","0.1","3.524","0.451","33.22","12.8","0.76","0"
"40.200","66.8996","14","-0.1286","0.0660","0.0626","-25.4310","-3.9020","33.6158","11.3000","0.1400","272.8671","45.39154872","-75.69606644","41.1","13.2","-98.6","38","30","49","1","3","-0.09","-0.27","-1.04","0.5","-1.3","-3.1","100.00","102.88","11508","6553.5","715.7","0","0","0","0","63.0","715.7","32.5","30.0","6.48","-4.3","0.1","3.470","0.464","34.29","12.7","0.77","0"
"40.250","67.0203","14","-0.1099","0.0860","0.0799","-25.6882","-3.3316","33.6286","11.3000","0.1400","320.1612","45.39155629","-75.69607170","41.1","13.2","-98.6","38","30","50","1","3","-0.01","-0.22","-1.10","-0.1","-1.1","-3.0","100.00","102.88","11545","6553.5","718.7","0","0","0","0","63.0","718.8","32.5","30.0","6.52","-4.3","0.2","3.453","0.487","35.46","12.7","0.78","0"
"40.300","67.2075","14","-0.1028","0.1068","0.0899","-25.8326","-3.1094","33.6373","11.3000","0.1400","344.0044","45.39156390","-75.69607695","41.1","13.2","-98.6","38","32","50","1","3","0.17","-0.15","-0.95","-0.4","-1.4","-2.9","100.00","102.88","11588","6553.5","721.9","0","0","0","0","63.0","722.0","32.5","30.0","6.55","-4.3","0.2","3.490","0.493","36.24","12.7","0.79","0"
"40.350","67.4391","14","-0.1034","0.1282","0.0950","-25.9017","-3.1192","33.6432","11.3000","0.1400","344.1002","45.39157153","-75.69608218","41.1","13.2","-98.6","38","31","48","1","3","-0.10","-0.20","-1.04","0.3","-1.9","-2.7","100.00","103.61","11635","6553.5","722.2","0","0","0","0","63.0","722.2","32.5","30.0","6.58","-4.3","0.1","3.534","0.490","36.80","12.7","0.79","0"
"40.400","67.7167","14","-0.0947","0.1328","0.0982","-26.0446","-2.8484","33.6435","11.3000","0.1400","378.3697","45.39157918","-75.69608751","41.1","13.2","-98.6","38","29","47","1","3","0.08","-0.31","-1.11","1.6","-1.9","-2.5","100.00","104.39","11674","6553.5","722.1","0","0","0","0","63.0","722.1","32.5","30.0","6.58","-4.3","0.1","3.581","0.490","37.08","12.8","0.80","0"
"40.450","68.0250","14","-0.0797","0.1262","0.1000","-26.2367","-2.3904","33.6399","11.3000","0.1400","452.9104","45.39158683","-75.69609291","41.1","13.2","-98.6","36","30","48","1","3","-0.00","-0.10","-1.05","2.2","-2.0","-2.1","100.00","103.78","11711","6553.5","724.0","0","0","0","0","63.0","724.1","32.6","30.0","6.52","-4.3","0.2","3.458","0.492","37.31","12.8","0.80","0"
"40.500","68.3291","14","-0.0671","0.1404","0.0938","-26.3140","-2.0064","33.6380","11.3000","0.1400","542.0163","45.39159455","-75.69609833","41.1","13.2","-98.6","37","32","49","1","3","0.54","0.25","-0.79","1.7","-2.6","-1.5","100.00","103.67","11758","6553.5","726.1","0","0","0","0","63.0","726.2","32.6","30.0","6.48","-4.3","0.2","3.300","0.504","37.70","12.8","0.80","0"
"40.550","68.6305","14","-0.0561","0.1685","0.0823","-26.3147","-1.6716","33.6372","11.3000","0.1400","653.4365","45.39160231","-75.69610378","41.1","13.2","-98.6","39","31","48","1","3","0.99","0.19","-0.89","1.2","-2.9","-1.0","100.00","104.82","11809","6553.5","729.1","0","0","0","0","63.0","729.2","32.6","30.0","6.46","-4.3","0.2","3.278","0.512","38.05","12.8","0.80","0"
"40.600","68.8596","14","-0.0525","0.1681","0.0817","-26.3624","-1.5579","33.6323","11.3000","0.1400","703.4525","45.39161007","-75.69610921","41.1","13.2","-98.6","39","30","48","1","3","0.61","-0.17","-1.08","0.6","-2.2","-0.7","100.00","105.42","11877","6553.5","732.2","0","0","0","0","63.0","732.2","32.6","30.0","6.49","-4.3","0.2","3.280","0.505","38.27","12.9","0.80","0"
"40.650","69.0404","14","-0.0539","0.1486","0.0884","-26.4414","-1.5917","33.6246","11.3000","0.1400","690.3521","45.39161782","-75.69611464","41.1","13.2","-98.6","37","29","49","1","3","-0.05","-0.26","-1.14","-0.4","-1.2","-0.7","100.00","105.29","11910","6553.5","732.5","0","0","0","0","63.5","732.5","32.6","30.0","6.58","-4.3","0.2","3.366","0.505","38.47","12.9","0.80","0"
"40.700","69.2334","14","-0.0574","0.1443","0.0762","-26.5536","-1.6865","33.6153","11.3000","0.1400","653.3465","45.39162560","-75.69612019","41.1","13.2","-98.6","37","28","47","1","3","-0.66","-0.29","-1.38","-1.7","-0.7","-0.7","100.00","105.63","11895","6553.5","732.7","0","0","0","0","64.0","732.7","32.7","30.0","6.61","-4.3","0.3","3.402","0.514","38.64","12.8","0.79","0"
"40.750","69.4345","14","-0.0622","0.1501","0.0514","-26.6878","-1.8221","33.6050","11.3000","0.1400","606.4817","45.39163338","-75.69612580","41.1","13.2","-98.6","37","30","48","1","3","-0.77","-0.37","-1.38","-2.2","-0.7","-0.9","100.00","106.60","11915","6553.5","732.6","0","0","0","0","64.0","732.6","32.7","30.0","6.56","-4.3","0.3","3.370","0.518","38.77","12.7","0.79","0"
"40.800","69.7562","14","-0.0749","0.1492","0.0456","-26.8069","-2.1832","33.6004","11.3000","0.1400","508.5335","45.39164118","-75.69613146","41.1","13.2","-98.6","37","31","49","1","3","-0.78","-0.44","-1.25","-1.9","-1.4","-1.4","100.00","107.57","11957","6553.5","732.4","0","0","0","0","64.0","732.4","32.7","30.0","6.54","-4.3","0.5","3.350","0.519","38.88","12.6","0.80","0"
"40.850","70.1584","14","-0.0928","0.1438","0.0525","-26.9159","-2.6945","33.5998","11.3000","0.1400","414.4077","45.39164900","-75.69613716","41.1","13.2","-98.6","38","30","50","1","3","-0.80","-0.53","-0.98","-1.4","-2.0","-2.2","100.00","112.56","11981","6553.5","736.9","0","0","0","0","64.0","737.0","32.7","30.0","6.58","-4.3","0.5","3.337","0.514","38.95","12.6","0.80","0"
"40.900","70.3931","14","-0.1072","0.1356","0.0362","-27.0891","-3.1044","33.5897","11.3000","0.1400","360.8871","45.39165684","-75.69614290","41.1","13.2","-98.6","39","29","49","1","3","-0.67","-0.48","-0.95","-1.3","-2.2","-2.9","100.00","114.44","12000","6553.5","741.8","0","0","0","0","64.0","741.9","32.7","30.0","6.59","-4.3","0.5","3.353","0.509","39.00","12.7","0.79","0"
"40.950","70.5160","14","-0.1195","0.1255","0.0046","-27.3051","-3.4468","33.5734","11.3000","0.1400","325.6079","45.39166467","-75.69614869","41.1","13.2","-98.6","38","30","49","1","3","-0.11","-0.26","-0.82","-1.2","-2.0","-3.3","100.00","114.44","12000","6553.5","743.0","0","0","0","0","64.0","743.0","32.7","30.0","6.55","-4.3","0.8","3.375","0.501","39.00","12.7","0.79","0"
"41.000","70.6283","14","-0.1346","0.0960","-0.0195","-27.5181","-3.8684","33.5539","11.3000","0.1400","290.5776","45.39167250","-75.69615455","41.1","13.2","-98.6","37","28","48","1","3","0.48","-0.22","-0.33","-1.1","-2.1","-3.3","100.00","114.44","11928","6553.5","743.8","0","0","0","0","64.0","743.8","32.7","30.0","6.54","-4.3","1.2","3.395","0.478","38.19","12.8","0.78","0"
"41.050","70.7334","14","-0.1515","0.0537","-0.0385","-27.7292","-4.3430","33.5323","11.3000","0.1400","259.2127","45.39168032","-75.69616046","41.1","13.2","-98.6","38","29","50","1","3","0.77","-0.12","0.06","-1.0","-2.8","-3.3","100.00","132.45","11601","6553.5","740.5","0","0","0","0","64.0","740.4","32.8","30.0","6.58","-4.3","2.3","3.415","0.403","34.53","12.8","0.77","0"
"41.100","70.8131","14","-0.1540","-0.0101","-0.0668","-27.9318","-4.4086","33.5142","11.3000","0.1430","255.6440","45.39168811","-75.69616642","41.1","13.2","-98.6","39","29","49","1","3","0.80","0.06","-0.23","-1.0","-3.8","-3.7","100.00","143.14","11337","6553.5","736.8","0","0","0","0","64.0","736.7","32.8","30.0","6.56","-4.3","3.5","3.438","0.345","29.20","12.8","0.75","0"
"41.150","70.8759","14","-0.1469","-0.0880","-0.1014","-28.1289","-4.2015","33.4986","11.3000","0.1480","268.4794","45.39169587","-75.69617242","41.1","13.2","-98.6","41","27","46","1","3","0.19","-0.06","-0.85","-1.2","-4.0","-4.8","100.00","72.54","11158","6553.5","731.2","0","0","0","0","64.0","731.1","32.8","30.0","6.48","-4.3","4.8","3.454","0.308","21.59","12.8","0.89","0"
"41.200","70.4109","14","-0.1373","-0.1739","-0.1285","-28.3657","-3.9315","33.4799","11.3000","0.1500","285.0353","45.39170348","-75.69617834","41.1","13.2","-98.6","41","27","44","1","3","-0.33","-0.18","-0.94","-0.7","-3.2","-6.1","100.00","-68.67","11170","6553.5","725.5","0","0","0","0","64.0","725.3","32.8","30.0","6.41","-4.3","6.0","3.458","0.277","16.74","12.7","1.05","0"
"41.250","69.5940","14","-0.1260","-0.2651","-0.1506","-28.6290","-3.6195","33.4592","11.3000","0.1500","306.0116","45.39171097","-75.69618421","41.1","13.2","-98.6","38","26","45","1","3","-0.40","-0.21","-1.17","0.3","-2.6","-6.3","100.00","-209.88","11298","6553.5","716.3","0","0","0","0","64.0","716.1","32.8","30.0","6.37","-4.3","6.4","3.431","0.249","13.57","12.7","1.07","0"
"41.300","68.6651","14","-0.1076","-0.3411","-0.1750","-28.7500","-3.1044","33.4419","11.3000","0.1500","352.0237","45.39171831","-75.69619000","41.1","13.2","-98.6","38","24","44","1","3","-0.24","-0.13","-1.45","0.8","-1.8","-5.1","100.00","-269.18","11211","6553.5","706.8","0","0","0","0","64.0","706.6","32.8","30.0","6.36","-4.3","6.6","3.386","0.247","12.32","12.8","1.08","0"
"41.350","67.6616","14","-0.0844","-0.4068","-0.2008","-28.7762","-2.4539","33.4267","11.3000","0.1500","438.8314","45.39172556","-75.69619574","41.1","13.2","-98.6","40","25","44","1","3","-0.11","-0.11","-1.05","0.5","-0.3","-2.9","100.00","-222.33","11077","6553.5","700.9","0","0","0","0","64.0","700.8","32.9","30.0","6.40","-4.3","6.4","3.348","0.250","11.50","12.8","1.08","0"
"41.400","66.8150","14","-0.0578","-0.4481","-0.2262","-28.8032","-1.6913","33.4088","11.3000","0.1470","628.7484","45.39173272","-75.69620138","41.1","13.2","-98.6","39","30","46","1","3","-0.06","-0.22","-0.73","-0.2","0.5","-0.7","100.00","-187.05","10993","6553.5","695.4","0","0","0","0","64.0","695.3","32.9","30.0","6.24","-4.3","6.4","3.315","0.237","11.27","12.9","1.08","0"
"41.450","66.0730","14","-0.0290","-0.4731","-0.2513","-28.8308","-0.8539","33.3890","11.3000","0.1420","1231.5645","45.39173982","-75.69620695","41.1","13.2","-98.6","40","29","46","1","3","-0.21","-0.11","-0.58","-0.5","-0.3","1.0","100.00","-202.37","10880","6553.5","686.8","0","0","0","0","64.0","686.6","32.9","30.0","5.80","-4.3","6.7","3.407","0.225","11.08","12.9","1.07","0"
"41.500","65.3706","14","-0.0074","-0.4882","-0.2874","-28.8156","-0.2148","33.3618","11.3000","0.1400","4843.6616","45.39174687","-75.69621244","41.1","13.2","-98.6","43","27","45","1","3","-0.30","0.13","-0.63","-0.3","-1.0","1.6","100.00","-212.81","10664","6553.5","677.9","0","0","0","0","64.0","677.7","32.9","30.0","5.63","-4.3","6.9","3.475","0.216","10.96","12.8","1.06","0"
"41.550","64.6944","14","0.0094","-0.4966","-0.3308","-28.7718","0.2920","33.3296","11.3000","0.1400","3525.8750","45.39175389","-75.69621787","41.1","13.2","-98.6","41","28","42","1","3","-0.27","0.17","-1.02","0.6","-0.8","1.4","100.00","-179.25","10531","6553.5","675.5","0","0","0","0","64.0","675.5","32.9","30.0","5.90","-4.3","7.1","3.460","0.211","10.76","12.8","1.05","0"
"41.600","63.9996","14","0.0203","-0.4840","-0.3567","-28.7065","0.6296","33.3077","11.3000","0.1400","1617.7368","45.39176082","-75.69622319","41.1","13.2","-98.7","39","31","45","1","3","-0.34","0.09","-1.29","1.5","-1.1","0.9","100.00","-171.20","10513","6553.5","673.7","0","0","0","0","64.0","673.7","32.9","30.0","6.13","-4.3","8.2","3.419","0.213","10.43","12.7","1.03","0"
"41.650","63.2924","14","0.0272","-0.4575","-0.3709","-28.6268","0.8544","33.2926","11.3000","0.1400","1178.9347","45.39176768","-75.69622844","41.1","13.2","-98.6","40","26","44","1","3","-0.53","0.00","-1.36","1.7","-1.3","0.4","99.83","-143.37","10372","6553.5","672.3","0","0","0","0","64.0","672.2","32.9","30.0","6.25","-4.3","9.1","3.341","0.212","10.06","12.7","1.04","0"
"41.700","62.4846","14","0.0278","-0.4307","-0.3908","-28.6326","0.8809","33.2777","11.3000","0.1400","1128.8733","45.39177439","-75.69623369","41.1","13.2","-98.6","43","24","42","1","3","-0.67","0.13","-1.30","1.3","0.1","-0.0","99.37","-106.75","10156","6553.5","670.8","0","0","0","0","64.0","670.8","32.9","30.0","6.32","-4.3","8.9","3.359","0.209","9.67","12.8","1.06","0"
"41.750","61.6099","14","0.0242","-0.4039","-0.4144","-28.6954","0.7752","33.2629","11.3000","0.1400","1264.8262","45.39178100","-75.69623894","41.1","13.2","-98.6","37","27","45","1","3","-0.57","0.22","-1.06","0.7","1.7","-0.2","98.92","-89.17","10141","6553.5","670.5","0","0","0","0","64.0","670.5","32.9","30.0","6.32","-4.3","8.9","3.435","0.200","9.37","12.8","1.05","0"
"41.800","60.7506","14","0.0140","-0.4037","-0.4232","-28.6976","0.4491","33.2526","11.3000","0.1400","2153.0129","45.39178752","-75.69624402","41.1","13.2","-98.6","37","27","45","1","3","-0.42","0.10","-0.83","0.5","1.6","-0.3","98.46","-91.82","10164","6553.5","670.3","0","0","0","0","64.0","670.3","33.0","30.0","6.30","-4.3","9.3","3.508","0.189","9.10","12.9","1.04","0"
"41.850","59.9018","14","-0.0006","-0.4212","-0.4220","-28.6592","-0.0241","33.2453","11.3000","0.1400","10000.0000","45.39179400","-75.69624899","41.1","13.2","-98.6","40","26","44","1","3","-0.55","-0.12","-0.96","0.5","1.0","-0.6","98.01","-91.63","9901","6553.5","668.5","0","0","0","0","64.0","668.5","33.0","30.0","6.26","-4.3","9.2","3.577","0.186","8.87","12.8","1.03","0"
"41.900","59.2076","14","-0.0086","-0.4329","-0.4290","-28.6888","-0.2878","33.2316","11.3000","0.1400","3274.2588","45.39180037","-75.69625397","41.1","13.2","-98.6","40","27","45","1","3","-0.70","-0.17","-1.02","0.6","0.9","-0.7","97.55","-86.54","9681","6553.5","666.6","0","0","0","0","64.0","666.5","33.0","30.0","6.21","-4.3","8.8","3.457","0.184","8.66","12.6","1.01","0"
"41.950","58.6166","14","-0.0122","-0.4406","-0.4415","-28.7637","-0.4119","33.2135","11.3000","0.1400","2264.7808","45.39180669","-75.69625896","41.1","13.2","-98.5","40","27","44","1","3","-0.60","-0.10","-1.01","0.4","1.2","-0.6","97.09","-83.59","9615","6553.5","663.5","0","0","0","0","64.0","663.5","33.0","30.0","6.15","-4.3","8.2","3.375","0.191","8.50","12.7","1.01","0"
"42.000","57.8507","14","-0.0177","-0.4358","-0.4478","-28.7385","-0.6070","33.2035","11.3000","0.1400","1516.8101","45.39181293","-75.69626386","41.1","13.2","-98.6","40","27","45","1","3","-0.59","-0.11","-1.10","0.2","1.3","-0.5","96.64","-88.52","9523","6553.5","660.4","0","0","0","0","64.0","660.4","33.0","30.0","6.10","-4.3","7.5","3.428","0.201","8.35","12.8","1.02","0"
"42.050","56.9684","14","-0.0245","-0.4227","-0.4501","-28.6465","-0.8494","33.1989","11.3000","0.1400","1067.4169","45.39181912","-75.69626872","41.1","13.2","-98.6","39","27","45","1","3","-0.55","-0.05","-1.20","-0.1","0.8","-0.6","96.18","-217.06","9398","6553.5","658.1","0","0","0","0","64.0","658.1","33.0","30.0","6.07","-4.3","6.0","3.493","0.216","8.24","12.8","1.06","0"
"42.100","56.2974","14","-0.0231","-0.4091","-0.4553","-28.7257","-0.8069","33.1882","11.3000","0.1400","1110.4019","45.39182521","-75.69627350","41.1","13.2","-98.6","40","27","44","1","3","-0.43","-0.02","-1.08","-0.5","0.1","-0.8","95.73","-506.91","9260","6553.5","655.9","0","0","0","0","64.0","655.8","33.0","30.0","6.05","-4.3","4.9","3.576","0.213","8.13","12.9","1.10","0"
"42.150","55.7560","14","-0.0167","-0.3953","-0.4624","-28.9097","-0.5898","33.1738","11.3000","0.1400","1504.5504","45.39183123","-75.69627824","41.1","13.3","-98.6","41","28","46","1","3","-0.23","-0.19","-0.84","-0.7","-0.3","-1.1","95.27","-796.76","9114","6553.5","652.0","0","0","0","0","64.0","651.9","33.1","30.0","6.05","-4.3","5.2","3.526","0.200","8.02","12.9","1.10","0"
"42.200","55.0830","14","-0.0105","-0.3837","-0.4633","-28.9670","-0.3735","33.1673","11.3000","0.1400","2347.1982","45.39183714","-75.69628290","41.1","13.3","-98.6","41","28","46","1","3","-0.22","-0.16","-0.77","-0.7","-0.4","-1.4","94.82","-843.14","9028","6553.5","648.0","0","0","0","0","64.0","647.9","33.1","30.0","6.04","-4.3","5.3","3.395","0.211","7.91","12.8","1.10","0"
"42.250","54.3294","14","-0.0044","-0.3736","-0.4603","-28.9465","-0.1577","33.1656","11.3000","0.1400","5483.2739","45.39184299","-75.69628752","41.1","13.3","-98.6","40","27","44","1","3","-0.42","0.05","-0.87","-0.5","-0.4","-1.5","94.36","-477.30","8955","6553.5","646.8","0","0","0","0","64.5","646.8","33.0","30.0","6.02","-4.3","5.1","3.497","0.226","7.80","12.8","1.07","0"
"42.300","53.6405","14","-0.0061","-0.3676","-0.4639","-28.9300","-0.2275","33.1609","11.3000","0.1400","3753.2236","45.39184874","-75.69629203","41.1","13.3","-98.6","40","27","44","1","3","-0.50","0.22","-0.87","-0.2","0.0","-1.3","93.91","-466.61","8876","6553.5","645.8","0","0","0","0","65.0","645.8","33.1","30.0","6.01","-4.3","4.9","3.643","0.223","7.74","12.9","1.03","0"
"42.350","52.9912","14","-0.0126","-0.3641","-0.4716","-28.9159","-0.4723","33.1546","11.3000","0.1400","1785.8503","45.39185444","-75.69629648","41.1","13.3","-98.6","39","28","44","1","3","-0.48","0.21","-0.73","0.1","0.3","-0.9","93.45","-536.83","8788","6553.5","644.9","0","0","0","0","65.0","644.9","33.1","30.0","6.00","-4.3","4.8","3.381","0.221","7.69","12.8","1.02","0"
"42.400","52.3757","14","-0.0156","-0.3551","-0.4796","-28.8220","-0.5872","33.1448","11.3000","0.1400","1419.5397","45.39186008","-75.69630085","41.1","13.3","-98.6","40","28","45","1","3","-0.61","-0.03","-0.82","0.2","0.2","-0.5","93.00","-625.98","8668","6553.5","644.1","0","0","0","0","65.0","644.1","33.1","30.0","5.98","-4.3","4.7","3.189","0.224","7.63","12.7","1.00","0"
"42.450","51.7809","14","-0.0163","-0.3428","-0.4878","-28.6793","-0.6226","33.1330","11.3000","0.1400","1323.6458","45.39186570","-75.69630518","41.1","13.3","-98.6","40","27","45","1","3","-0.51","-0.07","-0.85","0.3","0.0","-0.4","92.54","-831.35","8577","6553.5","644.1","0","0","0","0","65.0","644.1","33.1","30.0","5.95","-4.3","4.5","3.244","0.232","7.60","12.8","0.99","0"
"42.500","51.2574","14","-0.0207","-0.3252","-0.4938","-28.8321","-0.8009","33.1247","11.3000","0.1400","1018.5812","45.39187121","-75.69630958","41.1","13.3","-98.6","40","27","45","1","3","-0.55","-0.08","-0.99","0.1","0.1","-0.6","92.09","-861.69","8524","6553.5","644.3","0","0","0","0","65.0","644.3","33.1","30.0","5.94","-4.3","4.7","3.336","0.248","7.60","13.0","0.97","0"
"42.550","50.7776","14","-0.0273","-0.3044","-0.4984","-29.1659","-1.0668","33.1186","11.3000","0.1400","757.5587","45.39187664","-75.69631403","41.1","13.3","-98.6","40","27","45","1","3","-0.57","-0.06","-1.13","-0.1","0.5","-0.8","91.63","-868.16","8467","6553.5","646.7","0","0","0","0","65.0","646.7","33.1","30.0","5.95","-4.3","4.8","3.477","0.240","7.63","13.0","0.92","0"
"42.600","50.2794","14","-0.0287","-0.2945","-0.4898","-29.3087","-1.1323","33.1145","11.3000","0.1400","706.6991","45.39188202","-75.69631834","41.1","13.3","-98.6","39","27","45","1","3","-0.40","0.02","-1.17","-0.3","0.9","-1.0","91.18","-873.47","8407","6553.5","649.3","0","0","0","0","65.0","649.3","33.1","30.0","5.94","-4.3","4.7","3.568","0.218","7.69","12.9","0.87","0"
"42.650","49.7701","14","-0.0270","-0.2914","-0.4730","-29.3343","-1.0751","33.1116","11.3000","0.1400","736.7719","45.39188737","-75.69632256","41.1","13.3","-98.6","39","27","45","1","3","-0.36","-0.02","-1.03","-0.3","1.1","-1.2","90.72","-873.47","8295","6553.5","650.4","0","0","0","0","65.0","650.4","33.1","30.0","5.89","-4.3","4.7","3.626","0.222","7.65","12.9","0.83","0"
"42.700","49.2975","14","-0.0337","-0.2789","-0.4658","-29.3397","-1.3617","33.1108","11.3000","0.1400","576.2000","45.39189265","-75.69632679","41.1","13.3","-98.6","39","27","45","1","3","-0.35","-0.09","-0.95","-0.2","1.1","-1.2","90.50","-1050.35","8173","6553.5","651.3","0","0","0","0","65.0","651.3","33.1","30.0","5.84","-4.3","4.7","3.484","0.232","7.60","13.0","0.79","0"
"42.750","48.8476","14","-0.0456","-0.2607","-0.4645","-29.3327","-1.8589","33.1112","11.3000","0.1400","418.2161","45.39189790","-75.69633104","41.1","13.3","-98.6","39","28","45","1","3","-0.33","0.07","-1.06","-0.2","1.0","-1.2","90.68","-1040.42","8107","6553.5","651.9","0","0","0","0","65.0","651.9","33.1","30.0","5.77","-4.3","4.8","3.303","0.237","7.60","12.9","0.82","0"
"42.800","48.3573","14","-0.0448","-0.2557","-0.4490","-29.3866","-1.8355","33.1104","11.3000","0.1400","419.2968","45.39190308","-75.69633522","41.1","13.3","-98.6","39","27","44","1","3","-0.33","-0.02","-1.04","-0.1","1.0","-1.2","90.85","-1007.56","8036","6553.5","652.4","0","0","0","0","65.0","652.4","33.1","30.0","5.72","-4.3","4.9","3.361","0.240","7.60","12.8","0.85","0"
"42.850","47.8423","14","-0.0361","-0.2589","-0.4246","-29.4779","-1.4930","33.1088","11.3000","0.1400","509.9980","45.39190822","-75.69633937","41.1","13.3","-98.6","39","27","45","1","3","-0.30","-0.11","-0.93","-0.0","0.8","-1.2","91.02","-974.70","7950","6553.5","652.3","0","0","0","0","65.0","652.3","33.1","30.0","5.70","-4.3","5.0","3.390","0.237","7.60","12.8","0.85","0"
"42.900","47.3939","14","-0.0279","-0.2600","-0.4183","-29.5174","-1.1658","33.1076","11.3000","0.1400","647.0169","45.39191332","-75.69634348","41.1","13.3","-98.6","39","27","46","1","3","-0.26","-0.09","-1.00","0.0","0.3","-1.2","91.19","-742.70","7877","6553.5","652.1","0","0","0","0","65.0","652.1","33.1","30.0","5.69","-4.3","5.2","3.319","0.239","7.60","12.8","0.86","0"
"42.950","46.9863","14","-0.0201","-0.2600","-0.4231","-29.5252","-0.8480","33.1068","11.3000","0.1400","881.8688","45.39191839","-75.69634757","41.1","13.3","-98.6","39","28","45","1","3","-0.46","-0.05","-0.91","0.0","-0.2","-1.1","91.37","-713.33","7821","6553.5","651.5","0","0","0","0","65.0","651.5","33.2","30.0","5.68","-4.3","5.0","3.319","0.247","7.60","12.8","0.86","0"
"43.000","46.5599","14","-0.0124","-0.2574","-0.4202","-29.6283","-0.5247","33.1040","11.3000","0.1400","1412.2517","45.39192335","-75.69635165","41.1","13.3","-98.6","39","28","45","1","3","-0.45","0.01","-0.91","0.0","-0.4","-1.1","91.54","-701.95","7763","6553.5","650.9","0","0","0","0","65.0","650.9","33.2","30.0","5.66","-4.3","4.9","3.421","0.252","7.60","12.7","0.86","0"
"43.050","46.1219","14","-0.0047","-0.2533","-0.4126","-29.7899","-0.1981","33.1001","11.3000","0.1400","3705.5037","45.39192826","-75.69635572","41.1","13.3","-98.6","39","28","45","1","3","-0.47","0.06","-0.95","0.1","-0.4","-1.1","91.71","-689.01","7704","6553.5","652.0","0","0","0","0","65.0","652.0","33.2","30.0","5.63","-4.3","4.6","3.499","0.255","7.60","12.8","0.86","0"
"43.100","45.6585","14","-0.0150","-0.2470","-0.4056","-29.7754","-0.6619","33.1022","11.3000","0.1400","1097.8613","45.39193315","-75.69635968","41.1","13.3","-98.6","39","27","44","1","3","-0.29","0.00","-1.12","0.3","0.1","-1.2","91.88","-682.54","7635","6553.5","653.2","0","0","0","0","65.0","653.2","33.2","30.0","5.61","-4.3","4.3","3.563","0.262","7.55","13.0","0.86","0"
"43.150","45.1797","14","-0.0365","-0.2394","-0.3989","-29.6530","-1.6102","33.1079","11.3000","0.1400","446.5750","45.39193803","-75.69636357","41.1","13.3","-98.6","39","27","45","1","3","0.24","-0.06","-0.93","0.3","1.0","-1.4","92.06","-1837.61","7565","6553.5","653.4","0","0","0","0","65.0","653.4","33.2","30.0","5.60","-4.3","4.1","3.437","0.270","7.50","12.9","0.84","0"
"43.200","44.7674","14","-0.0550","-0.2340","-0.3814","-29.8224","-2.4461","33.1084","11.3000","0.1400","291.2725","45.39194280","-75.69636752","41.1","13.3","-98.6","39","28","45","1","3","0.45","-0.19","-0.70","0.1","1.3","-1.7","92.23","-2360.40","7509","6553.5","653.6","0","0","0","0","65.0","653.6","33.1","30.0","5.59","-4.3","4.2","3.276","0.285","7.50","12.8","0.82","0"
"43.250","44.3959","14","-0.0717","-0.2300","-0.3574","-30.1707","-3.2133","33.1058","11.3000","0.1400","219.8917","45.39194750","-75.69637151","41.1","13.3","-98.6","39","29","46","1","3","0.43","0.00","-0.75","-0.0","0.6","-2.4","92.40","-207.47","7450","6553.5","654.1","0","0","0","0","65.0","654.1","33.1","30.0","5.56","-4.3","4.4","3.450","0.297","7.51","12.9","0.82","0"
"43.300","44.0687","14","-0.0998","-0.2226","-0.3519","-30.3355","-4.5174","33.0999","11.3000","0.1400","155.2596","45.39195219","-75.69637541","41.1","13.3","-98.6","39","28","46","1","3","0.19","0.05","-0.80","0.2","-0.4","-3.7","92.57","1945.46","7374","6553.5","654.7","0","0","0","0","65.0","654.7","33.1","30.0","5.55","-4.3","4.3","3.577","0.301","7.57","13.0","0.83","0"
"43.350","43.7686","14","-0.1348","-0.2132","-0.3577","-30.3880","-6.1506","33.0921","11.3000","0.1400","113.2563","45.39195687","-75.69637926","41.1","13.3","-98.6","39","27","46","1","3","-0.21","-0.11","-0.97","0.6","-0.9","-5.3","92.75","-1781.47","7319","6553.5","654.9","0","0","0","0","65.0","654.9","33.1","30.0","5.57","-4.3","4.1","3.538","0.304","7.60","12.9","0.83","0"
"43.400","43.3551","14","-0.1762","-0.2047","-0.3455","-30.9244","-8.1133","33.0935","11.3000","0.1400","85.0481","45.39196139","-75.69638326","41.1","13.3","-98.6","39","27","46","1","3","-0.29","-0.27","-1.02","0.7","-0.9","-6.9","92.92","-2377.77","7291","6553.5","655.1","0","0","0","0","65.0","655.1","33.2","30.0","5.57","-4.3","3.8","3.516","0.305","7.60","12.8","0.82","0"
"43.450","42.8721","14","-0.2216","-0.1966","-0.3221","-31.7576","-10.2778","33.1006","11.3000","0.1400","66.3887","45.39196581","-75.69638734","41.1","13.3","-98.6","39","27","47","1","3","-0.36","-0.30","-1.04","0.9","-0.8","-8.6","93.09","-1211.69","7218","6553.5","655.1","0","0","0","0","65.0","655.1","33.2","30.0","5.54","-4.3","3.6","3.517","0.306","7.60","12.8","0.82","0"
"43.500","42.5493","14","-0.2625","-0.1884","-0.3086","-32.5449","-12.2753","33.1044","11.3000","0.1400","55.1670","45.39197018","-75.69639151","41.1","13.3","-98.6","38","28","46","1","3","-0.36","-0.35","-1.00","1.0","-0.9","-10.3","93.26","176.50","7119","6553.5","655.2","0","0","0","0","65.0","655.2","33.1","30.0","5.48","-4.3","3.6","3.486","0.305","7.60","12.9","0.82","0"
"43.550","42.3245","14","-0.3007","-0.1800","-0.3011","-33.3041","-14.1704","33.1060","11.3000","0.1400","47.5368","45.39197452","-75.69639573","41.1","13.3","-98.6","38","26","46","1","3","-0.31","-0.35","-1.08","0.9","-0.7","-11.8","93.44","648.48","7081","6553.5","655.8","0","0","0","0","65.0","655.8","33.1","30.0","5.39","-4.3","3.6","3.437","0.320","7.60","12.9","0.82","0"
"43.600","42.0726","14","-0.3354","-0.1746","-0.2983","-34.1451","-15.9260","33.1026","11.3000","0.1400","42.0449","45.39197875","-75.69640002","41.1","13.3","-98.6","38","27","47","1","3","-0.31","-0.33","-1.04","0.7","-0.5","-13.0","93.61","609.25","7056","6553.5","656.4","0","0","0","0","65.0","656.4","33.1","30.0","5.26","-4.3","3.6","3.368","0.338","7.60","12.9","0.83","0"
"43.650","41.8041","14","-0.3679","-0.1710","-0.2983","-35.0364","-17.5960","33.0959","11.3000","0.1400","37.8115","45.39198291","-75.69640433","41.1","13.3","-98.6","38","28","47","1","3","-0.20","-0.33","-0.93","0.6","-0.6","-13.8","93.78","593.29","7005","6553.5","656.1","0","0","0","0","65.0","656.1","33.2","30.0","5.03","-4.3","3.4","3.299","0.333","7.54","12.9","0.83","0"
"43.700","41.4748","14","-0.3842","-0.1709","-0.2914","-35.8917","-18.5107","33.0950","11.3000","0.1400","35.6599","45.39198698","-75.69640873","41.1","13.3","-98.6","38","27","46","1","3","-0.28","-0.42","-1.03","0.1","-0.7","-14.4","93.96","599.73","6950","6553.5","655.8","0","0","0","0","65.0","655.8","33.2","30.0","4.88","-4.3","3.1","3.389","0.331","7.50","12.9","0.82","0"
"43.750","41.1082","14","-0.3908","-0.1729","-0.2802","-36.7249","-18.9625","33.0975","11.3000","0.1400","34.5027","45.39199100","-75.69641317","41.1","13.3","-98.6","38","25","46","1","3","-0.34","-0.53","-1.13","-0.5","-0.1","-15.0","94.17","602.82","6877","6553.5","655.4","0","0","0","0","65.0","655.4","33.2","30.0","4.87","-4.3","2.7","3.465","0.339","7.50","12.8","0.83","0"
"43.800","40.7218","14","-0.3970","-0.1675","-0.2689","-37.7020","-19.4131","33.0992","11.3000","0.1400","33.3851","45.39199486","-75.69641768","41.1","13.3","-98.6","39","26","49","1","3","-0.19","-0.40","-0.86","-0.8","0.6","-15.4","94.45","467.40","6837","6553.5","654.9","0","0","0","0","65.0","654.9","33.2","30.0","4.75","-4.3","2.3","3.494","0.348","7.50","12.7","0.85","0"
"43.850","40.3232","14","-0.4031","-0.1574","-0.2575","-38.7672","-19.8629","33.1002","11.3000","0.1400","32.3097","45.39199863","-75.69642225","41.1","13.3","-98.6","38","28","50","1","3","-0.12","-0.36","-0.82","-1.1","0.1","-15.6","94.74","311.07","6841","6553.5","654.6","0","0","0","0","65.0","654.6","33.2","30.0","4.48","-4.3","1.9","3.490","0.358","7.50","12.8","0.84","0"
"43.900","40.1087","14","-0.3950","-0.1488","-0.2652","-39.7868","-19.5985","33.1017","11.3000","0.1400","32.5714","45.39200235","-75.69642695","41.1","13.3","-98.6","38","27","47","1","3","-0.21","-0.35","-0.89","-1.4","-0.9","-15.9","95.02","250.82","6809","6553.5","654.2","0","0","0","0","65.0","654.2","33.2","30.0","4.26","-4.3","1.4","3.443","0.365","7.50","12.9","0.83","0"
"43.950","40.0071","14","-0.3782","-0.1412","-0.2847","-40.7786","-18.8964","33.1034","11.3000","0.1400","33.6961","45.39200605","-75.69643174","41.1","13.3","-98.6","38","25","46","1","3","-0.24","-0.41","-1.06","-1.6","-0.8","-16.2","95.30","187.77","6753","6553.5","654.1","0","0","0","0","65.0","654.1","33.2","30.0","4.12","-4.3","0.9","3.449","0.369","7.50","12.8","0.83","0"
"44.000","39.7382","14","-0.3789","-0.1349","-0.2918","-41.7500","-19.0662","33.1053","11.3000","0.1400","33.1714","45.39200963","-75.69643651","41.1","13.3","-98.6","39","28","48","1","3","-0.14","-0.41","-1.07","-1.6","-0.0","-16.4","95.58","153.41","6705","6553.5","654.0","0","0","0","0","65.0","654.0","33.2","30.0","4.03","-4.3","0.4","3.489","0.370","7.50","12.7","0.84","0"
"44.050","39.3668","14","-0.3904","-0.1296","-0.2914","-42.7089","-19.7706","33.1074","11.3000","0.1400","31.6906","45.39201314","-75.69644128","41.1","13.3","-98.6","37","29","49","1","3","-0.01","-0.41","-0.96","-1.3","-0.3","-16.4","95.87","143.30","6660","6553.5","653.8","0","0","0","0","65.0","653.8","33.2","30.0","3.99","-4.3","0.1","3.486","0.369","7.50","12.7","0.84","0"
"44.100","39.2575","14","-0.3932","-0.1175","-0.2833","-43.6336","-20.0299","33.1034","11.3000","0.1369","31.1936","45.39201658","-75.69644617","41.1","13.3","-98.6","38","26","46","1","3","-0.02","-0.51","-0.99","-0.6","-1.1","-16.6","96.15","122.26","6667","6553.5","653.5","0","0","0","0","65.0","653.5","33.1","30.0","3.93","-4.3","-0.1","3.474","0.382","7.56","12.8","0.84","0"
"44.150","39.3090","14","-0.3906","-0.1012","-0.2705","-44.5374","-20.0164","33.0956","11.3000","0.1319","31.2555","45.39201998","-75.69645114","41.1","13.2","-98.6","38","26","46","1","3","-0.08","-0.39","-0.97","0.2","-0.9","-17.0","96.43","101.22","6668","6553.5","653.3","0","0","0","0","65.0","653.3","33.1","30.0","3.84","-4.3","-0.2","3.458","0.392","7.60","12.8","0.83","0"
"44.200","39.1000","14","-0.3928","-0.0926","-0.2667","-45.5643","-20.2339","33.0918","11.3000","0.1300","30.7551","45.39202327","-75.69645615","41.1","13.2","-98.6","37","27","47","1","3","-0.12","-0.24","-0.91","0.5","-0.0","-17.3","96.71","99.53","6650","6553.5","653.1","0","0","0","0","65.0","653.1","33.2","30.0","3.77","-4.3","-0.1","3.442","0.395","7.60","12.9","0.82","0"
"44.250","38.7315","14","-0.3979","-0.0888","-0.2686","-46.6667","-20.5930","33.0905","11.3000","0.1300","29.9340","45.39202648","-75.69646118","41.1","13.2","-98.6","37","27","47","1","3","-0.14","-0.24","-0.90","0.7","0.6","-17.5","97.00","96.05","6633","6553.5","653.4","0","0","0","0","65.5","653.4","33.2","30.0","3.75","-4.3","0.0","3.422","0.399","7.62","12.9","0.81","0"
"44.300","38.5425","14","-0.4042","-0.0820","-0.2662","-47.7862","-21.0094","33.0873","11.3000","0.1300","29.1975","45.39202960","-75.69646636","41.1","13.2","-98.6","37","27","48","1","3","-0.19","-0.34","-0.94","0.7","0.6","-17.9","97.28","97.46","6618","6553.5","653.8","0","0","0","0","66.0","653.8","33.1","30.0","3.72","-4.3","0.0","3.412","0.405","7.68","12.9","0.80","0"
"44.350","38.4637","14","-0.4111","-0.0736","-0.2612","-48.9164","-21.4611","33.0829","11.3000","0.1300","28.5246","45.39203265","-75.69647163","41.1","13.2","-98.6","38","26","48","1","3","-0.22","-0.41","-1.08","0.1","0.6","-18.5","97.56","99.31","6627","6553.5","654.1","0","0","0","0","66.0","654.1","33.1","30.0","3.67","-4.3","0.0","3.416","0.420","8.39","12.9","0.80","0"
"44.400","38.3546","14","-0.4231","-0.0566","-0.2607","-50.0788","-22.1760","33.0821","11.3000","0.1300","27.5268","45.39203559","-75.69647697","41.1","13.2","-98.6","37","27","47","1","3","-0.16","-0.34","-1.15","-0.4","0.8","-18.9","97.85","100.94","6652","6553.5","654.5","0","0","0","0","66.0","654.5","33.2","30.0","3.58","-4.3","0.0","3.456","0.441","9.50","12.9","0.80","0"
"44.450","38.2271","14","-0.4383","-0.0345","-0.2629","-51.2610","-23.0522","33.0833","11.3000","0.1300","26.3924","45.39203846","-75.69648236","41.1","13.2","-98.6","37","26","47","1","3","-0.13","-0.37","-1.19","-0.7","1.3","-19.0","98.13","100.94","6846","6553.5","655.9","0","0","0","0","66.0","656.0","33.2","30.0","3.42","-4.3","-0.0","3.516","0.467","11.57","12.9","0.79","0"
"44.500","38.1732","14","-0.4494","-0.0019","-0.2404","-52.4517","-23.6936","33.0875","11.3000","0.1300","25.6418","45.39204122","-75.69648787","41.1","13.2","-98.6","37","27","47","1","3","0.04","-0.36","-1.08","-0.4","2.2","-18.8","98.41","100.60","7067","6553.5","657.5","0","0","0","0","66.0","657.5","33.1","30.0","3.34","-4.3","-0.1","3.400","0.493","13.82","12.8","0.78","0"
"44.550","38.1646","14","-0.4581","0.0371","-0.2028","-53.6476","-24.1910","33.0935","11.3000","0.1300","25.1089","45.39204392","-75.69649345","41.1","13.2","-98.6","35","31","50","1","3","0.36","-0.37","-0.88","0.2","2.2","-18.4","98.69","100.22","6762","6553.5","659.0","0","0","0","0","66.0","659.0","33.1","30.0","3.38","-4.3","-0.1","3.250","0.514","15.05","12.9","0.78","0"
"44.600","38.4925","14","-0.4656","0.0680","-0.1960","-54.8034","-24.5716","33.0924","11.3000","0.1300","24.9323","45.39204661","-75.69649922","41.1","13.2","-98.6","35","32","50","1","3","0.31","-0.55","-0.73","0.7","0.5","-19.0","98.98","98.41","6576","6553.5","660.5","0","0","0","0","66.0","660.5","33.1","30.0","3.38","-4.3","0.0","3.361","0.530","16.09","13.0","0.78","0"
"44.650","39.0265","14","-0.4724","0.0941","-0.2081","-55.9345","-24.8807","33.0870","11.3000","0.1300","24.9642","45.39204928","-75.69650511","41.1","13.2","-98.6","36","28","48","1","3","0.06","-0.63","-0.92","1.7","-1.3","-20.9","99.26","96.40","6808","6553.5","661.5","0","0","0","0","66.0","661.5","33.1","30.0","3.30","-4.3","0.4","3.442","0.529","16.47","12.9","0.79","0"
"44.700","39.2077","14","-0.4777","0.1281","-0.2252","-57.2358","-25.0724","33.0784","11.3000","0.1300","24.8883","45.39205179","-75.69651107","41.1","13.2","-98.7","38","27","50","1","3","-0.04","-0.50","-1.13","2.3","-1.4","-23.3","99.54","100.75","6945","6553.5","662.4","0","0","0","0","66.0","662.4","33.1","30.0","3.45","-4.3","0.8","3.417","0.539","16.79","12.8","0.80","0"
"44.750","39.1725","14","-0.4820","0.1672","-0.2453","-58.6413","-25.1924","33.0679","11.3000","0.1300","24.7476","45.39205419","-75.69651708","41.1","13.2","-98.6","36","28","50","1","3","0.15","-0.52","-1.02","1.9","-0.3","-24.3","99.82","110.65","6951","6553.5","663.9","0","0","0","0","66.0","663.9","33.1","30.0","3.94","-4.3","0.3","3.365","0.562","17.02","12.8","0.81","0"
"44.800","39.4405","14","-0.5091","0.1794","-0.2247","-60.0688","-26.4230","33.0695","11.3000","0.1300","23.7563","45.39205648","-75.69652336","41.1","13.2","-98.6","34","27","50","1","3","0.29","-0.62","-0.94","0.4","1.1","-23.6","99.74","120.55","6933","6553.5","665.4","0","0","0","0","66.0","665.4","33.1","30.0","4.34","-4.3","-0.1","3.278","0.557","17.20","12.9","0.83","0"
"44.850","39.8942","14","-0.5500","0.1753","-0.1792","-61.5099","-28.3345","33.0784","11.3000","0.1300","22.4086","45.39205871","-75.69652979","41.1","13.2","-98.6","35","27","49","1","3","0.03","-0.44","-1.02","-1.0","2.1","-22.8","99.07","101.69","6900","6553.5","666.3","0","0","0","0","66.0","666.3","33.1","30.0","4.59","-4.3","-0.0","3.317","0.534","17.37","12.9","0.83","0"
"44.900","40.1660","14","-0.5950","0.1709","-0.1426","-62.9090","-30.4223","33.0845","11.2690","0.1300","21.0129","45.39206084","-75.69653628","41.1","13.2","-98.6","36","29","51","1","3","-0.03","-0.35","-0.88","-1.0","2.1","-23.5","98.39","98.39","7044","6553.5","667.2","0","0","0","0","66.0","667.2","33.1","30.0","4.77","-4.3","0.0","3.433","0.528","17.54","12.8","0.84","0"
"44.950","40.3262","14","-0.6423","0.1664","-0.1115","-64.2825","-32.6182","33.0887","11.2190","0.1300","19.6765","45.39206292","-75.69654280","41.1","13.2","-98.6","35","33","50","1","3","0.02","-0.60","-0.80","-0.2","0.7","-25.6","97.72","99.40","7227","6553.5","667.6","0","0","0","0","66.0","667.6","33.1","30.0","4.84","-4.3","0.1","3.406","0.525","17.70","12.8","0.84","0"
"45.000","40.6182","14","-0.6896","0.1551","-0.1088","-66.0983","-34.7893","33.0852","11.2000","0.1300","18.5821","45.39206474","-75.69654958","41.1","13.2","-98.6","34","30","49","1","3","-0.06","-0.90","-0.90","1.2","-1.4","-29.1","97.04","100.58","7366","6553.5","668.0","0","0","0","0","66.0","668.0","33.1","30.0","4.80","-4.3","0.1","3.348","0.522","17.81","12.8","0.84","0"
"45.050","40.9910","14","-0.7369","0.1396","-0.1233","-68.1853","-36.9451","33.0771","11.2000","0.1300","17.6584","45.39206642","-75.69655651","41.1","13.2","-98.6","36","27","49","1","3","-0.01","-1.18","-0.97","3.3","-2.0","-33.7","96.37","101.66","7469","6553.5","670.9","0","0","0","0","66.0","671.0","33.1","30.0","4.59","-4.3","0.1","3.355","0.516","17.91","12.8","0.87","0"
"45.100","41.0863","14","-0.7744","0.1328","-0.1045","-70.5733","-38.6260","33.0790","11.2000","0.1331","16.9292","45.39206781","-75.69656354","41.1","13.2","-98.6","36","26","53","1","3","0.11","-1.10","-1.15","4.7","-1.0","-37.6","95.69","101.66","7445","6553.5","674.1","0","0","0","0","66.0","674.2","33.1","30.0","4.46","-4.3","0.1","3.352","0.500","17.97","12.9","0.90","0"
"45.150","41.0116","14","-0.8060","0.1313","-0.0652","-73.1456","-40.0159","33.0870","11.2000","0.1381","16.3115","45.39206901","-75.69657062","41.1","13.2","-98.6","34","29","55","1","3","0.06","-0.96","-1.02","4.3","-0.5","-38.7","95.01","101.59","7429","6553.5","675.7","0","0","0","0","66.0","675.7","33.1","30.0","4.45","-4.3","0.1","3.312","0.488","18.00","12.9","0.89","0"
"45.200","41.1618","14","-0.8258","0.1380","-0.0590","-75.0429","-40.8185","33.0873","11.2000","0.1431","16.0493","45.39207013","-75.69657780","41.1","13.2","-98.6","35","29","54","1","3","-0.03","-0.77","-0.97","2.9","-0.8","-37.3","94.34","101.50","7425","6553.5","677.1","0","0","0","0","66.0","677.1","33.1","30.0","4.45","-4.3","0.1","3.321","0.481","18.00","12.9","0.88","0"
"45.250","41.4498","14","-0.8384","0.1496","-0.0730","-76.5265","-41.2612","33.0828","11.2000","0.1481","15.9882","45.39207120","-75.69658503","41.1","13.2","-98.6","35","28","51","1","3","0.05","-0.81","-1.01","1.3","-1.1","-35.2","93.66","101.42","7423","6553.5","678.6","0","0","0","0","66.0","678.6","33.1","30.0","4.45","-4.3","0.1","3.396","0.486","18.00","12.9","0.87","0"
"45.300","41.6891","14","-0.8562","0.1437","-0.0651","-78.4249","-41.9295","33.0851","11.2000","0.1500","15.8243","45.39207197","-75.69659243","41.1","13.2","-98.7","35","27","52","1","3","0.19","-0.89","-1.01","0.1","-0.7","-33.2","92.99","101.42","7423","6553.5","680.1","0","0","0","0","66.0","680.1","33.1","30.0","4.38","-4.3","0.1","3.429","0.499","18.00","12.8","0.86","0"
"45.350","41.8984","14","-0.8772","0.1272","-0.0436","-80.5775","-42.7359","33.0915","11.2000","0.1500","15.6036","45.39207255","-75.69659993","41.1","13.2","-98.6","35","27","54","1","3","0.04","-0.86","-0.91","-0.3","-0.3","-31.6","92.31","101.42","7390","6553.5","680.5","0","0","0","0","66.0","680.5","33.1","30.0","4.18","-4.3","0.1","3.435","0.501","18.00","12.8","0.86","0"
"45.400","42.1200","14","-0.8872","0.1230","-0.0406","-82.6935","-43.0397","33.0952","11.2000","0.1469","15.5754","45.39207292","-75.69660749","41.1","13.2","-98.7","35","27","54","1","3","0.06","-0.91","-1.00","-0.5","-0.2","-31.1","91.64","101.58","7353","6553.5","680.8","0","0","0","0","66.0","680.8","33.1","30.0","4.07","-4.3","0.1","3.465","0.500","18.00","12.8","0.86","0"
"45.450","42.3491","14","-0.8904","0.1263","-0.0488","-84.7870","-43.0355","33.0973","11.2000","0.1419","15.6616","45.39207315","-75.69661508","41.1","13.2","-98.6","35","27","52","1","3","0.07","-0.98","-1.07","-0.6","0.0","-32.6","90.96","101.75","7471","6553.5","682.4","0","0","0","0","66.0","682.4","33.1","30.0","4.10","-4.3","0.1","3.499","0.485","18.00","12.8","0.86","0"
"45.500","42.4312","14","-0.9017","0.1169","-0.0571","-87.1236","-43.4128","33.0910","11.2000","0.1400","15.5556","45.39207307","-75.69662265","41.1","13.2","-98.6","35","29","51","1","3","-0.14","-0.98","-0.98","-0.2","0.1","-35.7","90.28","101.90","7585","6553.5","684.2","0","0","0","0","66.0","684.2","33.1","30.0","4.19","-4.3","0.1","3.474","0.472","18.00","12.8","0.85","0"
"45.550","42.4232","14","-0.9179","0.0997","-0.0654","-89.6092","-44.0240","33.0796","11.2000","0.1400","15.3368","45.39207279","-75.69663021","41.1","13.2","-98.7","35","29","51","1","3","-0.26","-1.06","-0.95","0.7","-0.5","-38.9","89.61","101.90","7689","6553.5","685.7","0","0","0","0","66.0","685.7","33.0","30.0","4.39","-4.3","0.1","3.455","0.464","18.00","12.8","0.85","0"
"45.600","42.5439","14","-0.9453","0.0975","-0.0522","-91.9314","-45.2023","33.0812","11.2000","0.1400","14.9795","45.39207227","-75.69663781","41.1","13.2","-98.6","35","29","51","1","3","-0.18","-1.00","-0.98","2.0","-1.7","-41.3","88.93","102.13","7766","6553.5","687.2","0","0","0","0","66.0","687.2","33.0","30.0","4.59","-4.3","0.1","3.452","0.454","18.00","12.9","0.84","0"
"45.650","42.7434","14","-0.9795","0.1044","-0.0257","-94.1535","-46.7282","33.0906","11.2000","0.1400","14.5583","45.39207161","-75.69664545","41.1","13.2","-98.6","35","28","53","1","3","-0.14","-1.06","-1.08","2.8","-2.4","-42.9","88.26","102.45","7808","6553.5","688.5","0","0","0","0","66.0","688.6","33.0","30.0","4.80","-4.3","0.1","3.428","0.443","18.00","12.9","0.84","0"
"45.700","42.8266","14","-1.0090","0.1044","-0.0278","-96.6579","-48.0160","33.0863","11.2000","0.1431","14.1954","45.39207060","-75.69665299","41.1","13.2","-98.6","35","27","53","1","3","-0.12","-1.08","-1.08","2.9","-2.4","-44.0","87.58","102.74","7812","6553.5","689.9","0","0","0","0","66.0","689.9","33.0","30.0","4.79","-4.3","0.1","3.373","0.450","18.00","12.8","0.83","0"
"45.750","42.8386","14","-1.0358","0.1002","-0.0472","-99.3354","-49.1579","33.0735","11.2000","0.1481","13.8695","45.39206937","-75.69666046","41.1","13.2","-98.6","35","28","55","1","3","-0.02","-1.11","-0.88","2.1","-2.0","-44.2","86.91","103.20","7792","6553.5","690.9","0","0","0","0","66.0","690.9","33.0","30.0","4.42","-4.3","0.1","3.385","0.467","18.00","12.8","0.83","0"
"45.800","42.9093","14","-1.0193","0.0991","-0.0598","-101.6963","-48.2628","33.0704","11.2000","0.1500","14.1501","45.39206793","-75.69666788","41.1","13.2","-98.6","35","28","54","1","3","-0.01","-1.03","-0.84","1.0","-1.8","-43.0","86.23","103.63","7759","6553.5","691.9","0","0","0","0","66.0","691.9","33.0","30.0","4.11","-4.3","0.1","3.439","0.460","18.00","12.8","0.82","0"
"45.850","43.0160","14","-0.9762","0.0998","-0.0680","-103.8631","-46.1192","33.0734","11.2000","0.1500","14.8446","45.39206637","-75.69667527","41.1","13.2","-98.6","35","27","54","1","3","-0.09","-0.95","-0.87","-0.0","-1.7","-40.5","85.56","103.53","7724","6553.5","692.8","0","0","0","0","66.0","692.8","33.0","30.0","3.89","-4.3","0.1","3.476","0.448","18.00","12.8","0.82","0"
"45.900","43.1464","14","-0.9526","0.1033","-0.0982","-105.9869","-44.8896","33.0666","11.2000","0.1500","15.2975","45.39206457","-75.69668258","41.1","13.2","-98.7","35","28","53","1","3","-0.12","-0.86","-0.87","-0.7","-1.7","-37.5","84.91","103.28","7682","6553.5","693.7","0","0","0","0","66.0","693.7","33.0","30.0","3.76","-4.3","0.1","3.507","0.446","18.00","12.8","0.81","0"
"45.950","43.2913","14","-0.9408","0.1084","-0.1418","-108.0843","-44.2201","33.0539","11.2000","0.1500","15.5812","45.39206264","-75.69668984","41.1","13.2","-98.6","35","28","53","1","3","-0.01","-0.77","-0.88","-1.2","-1.8","-34.3","84.25","103.13","7645","6553.5","694.7","0","0","0","0","66.0","694.7","33.0","30.0","3.78","-4.3","0.1","3.473","0.444","18.00","12.8","0.81","0"
"46.000","43.4562","14","-0.9290","0.1086","-0.1555","-110.1279","-43.5396","33.0428","11.2000","0.1531","15.8850","45.39206049","-75.69669699","41.1","13.2","-98.7","35","28","52","1","3","-0.06","-0.71","-0.94","-1.2","-1.9","-31.9","83.60","103.13","7625","6553.5","695.7","0","0","0","0","66.0","695.7","33.0","30.0","3.78","-4.3","0.1","3.447","0.445","18.00","12.8","0.82","0"
"46.050","43.6332","14","-0.9172","0.1056","-0.1509","-112.1384","-42.8523","33.0328","11.2000","0.1581","16.2055","45.39205821","-75.69670408","41.1","13.2","-98.6","35","29","52","1","3","-0.17","-0.83","-0.84","-0.9","-1.9","-30.9","82.94","102.78","7644","6553.5","696.8","0","0","0","0","66.0","696.8","33.0","30.0","3.73","-4.3","0.1","3.451","0.445","18.00","12.8","0.82","0"
"46.100","43.7958","14","-0.9146","0.1035","-0.1746","-114.2135","-42.6062","33.0200","11.2000","0.1600","16.3599","45.39205568","-75.69671106","41.1","13.2","-98.6","35","29","53","1","3","-0.09","-0.96","-0.93","-0.3","-2.3","-31.4","82.29","101.91","7714","6553.5","697.8","0","0","0","0","66.0","697.8","33.0","30.0","3.66","-4.3","0.1","3.443","0.443","18.00","12.9","0.83","0"
"46.150","43.9496","14","-0.9178","0.1019","-0.2155","-116.3280","-42.6305","33.0055","11.2000","0.1600","16.4080","45.39205299","-75.69671798","41.1","13.2","-98.6","35","26","52","1","3","-0.07","-1.15","-1.05","0.3","-2.4","-33.2","81.64","102.17","7774","6553.5","699.1","0","0","0","0","66.0","699.1","33.0","30.0","3.55","-4.3","0.1","3.415","0.452","18.00","12.9","0.83","0"
"46.200","44.0167","14","-0.9086","0.1069","-0.2442","-118.7541","-42.0883","32.9909","11.2000","0.1600","16.6447","45.39204999","-75.69672461","41.1","13.2","-98.7","35","26","51","1","3","-0.15","-1.25","-0.99","0.9","-1.5","-35.9","80.98","103.02","7826","6553.5","700.3","0","0","0","0","66.0","700.3","33.0","30.0","3.49","-4.3","0.2","3.401","0.467","18.00","12.8","0.82","0"
"46.250","44.0307","14","-0.8918","0.1159","-0.2655","-121.3710","-41.1989","32.9761","11.2000","0.1600","17.0095","45.39204679","-75.69673107","41.1","13.2","-98.6","34","28","52","1","3","-0.19","-1.04","-0.94","0.5","-0.3","-37.7","80.33","103.54","7872","6553.5","701.4","0","0","0","0","66.0","701.4","33.0","30.0","3.51","-4.3","0.2","3.395","0.451","18.00","12.8","0.82","0"
"46.300","44.1620","14","-0.8906","0.1216","-0.2651","-123.4327","-41.0062","32.9693","11.2000","0.1600","17.1403","45.39204348","-75.69673745","41.1","13.2","-98.7","33","29","53","1","3","-0.12","-0.85","-0.79","-0.3","-0.3","-37.0","79.67","104.07","7914","6553.5","702.5","0","0","0","0","66.0","702.5","33.0","30.0","3.50","-4.3","0.1","3.369","0.429","18.00","12.8","0.82","0"
"46.350","44.3652","14","-0.8988","0.1252","-0.2513","-125.1542","-41.2406","32.9672","11.2000","0.1600","17.1213","45.39204011","-75.69674378","41.1","13.2","-98.6","34","28","53","1","3","-0.12","-0.78","-0.76","-0.7","-1.2","-34.6","79.02","103.33","7882","6553.5","703.4","0","0","0","0","66.5","703.4","33.0","30.0","3.45","-4.3","0.1","3.340","0.449","18.00","12.8","0.82","0"
"46.400","44.5704","14","-0.8978","0.1204","-0.2626","-126.9214","-41.0448","32.9522","11.2000","0.1600","17.2826","45.39203653","-75.69674994","41.1","13.2","-98.6","36","27","52","1","3","-0.06","-0.81","-0.95","-0.9","-2.0","-31.9","78.36","102.65","7849","6553.5","704.3","0","0","0","0","67.0","704.3","33.0","30.0","3.39","-4.3","0.1","3.384","0.462","18.00","12.8","0.81","0"
"46.450","44.7768","14","-0.8911","0.1103","-0.2891","-128.7166","-40.5853","32.9294","11.2000","0.1600","17.5592","45.39203283","-75.69675598","41.1","13.2","-98.6","36","29","53","1","3","-0.10","-0.92","-0.97","-1.4","-2.3","-30.2","77.71","102.85","7818","6553.5","705.2","0","0","0","0","67.0","705.2","32.9","30.0","3.32","-4.3","0.1","3.414","0.449","18.00","12.9","0.81","0"
"46.500","44.9498","14","-0.8896","0.1001","-0.3245","-130.5504","-40.3846","32.9117","11.2000","0.1600","17.7147","45.39202897","-75.69676183","41.1","13.2","-98.6","36","29","53","1","3","-0.08","-0.85","-0.84","-1.3","-2.5","-29.8","77.05","103.27","7807","6553.5","706.1","0","0","0","0","67.0","706.1","32.9","30.0","3.27","-4.3","0.2","3.394","0.447","18.00","13.0","0.81","0"
"46.550","45.1023","14","-0.8913","0.0897","-0.3652","-132.4076","-40.3424","32.8970","11.2000","0.1600","17.7934","45.39202500","-75.69676756","41.1","13.2","-98.6","36","27","52","1","3","-0.05","-0.95","-0.89","-0.7","-2.4","-31.5","76.40","103.75","7822","6553.5","707.2","0","0","0","0","67.0","707.2","32.9","30.0","3.22","-4.3","0.2","3.424","0.462","18.00","12.9","0.81","0"
"46.600","45.1307","14","-0.8938","0.0798","-0.3763","-134.7197","-40.3550","32.8915","11.2000","0.1600","17.7990","45.39202079","-75.69677297","41.1","13.2","-98.6","36","25","49","1","3","-0.13","-1.09","-1.14","0.1","-1.3","-35.0","75.74","104.17","7906","6553.5","708.2","0","0","0","0","67.0","708.2","32.9","30.0","3.21","-4.3","0.2","3.520","0.465","18.00","12.8","0.81","0"
"46.650","45.0830","14","-0.8967","0.0703","-0.3694","-137.3105","-40.4011","32.8917","11.2000","0.1600","17.7599","45.39201643","-75.69677817","41.1","13.2","-98.6","35","28","53","1","3","-0.12","-0.96","-1.13","0.2","-0.0","-38.3","75.09","104.36","8032","6553.5","708.9","0","0","0","0","67.0","709.0","32.9","30.0","3.24","-4.3","0.2","3.529","0.462","18.00","12.8","0.81","0"
"46.700","45.0894","14","-0.9016","0.0712","-0.3764","-139.5377","-40.5551","32.8765","11.2000","0.1631","17.6949","45.39201194","-75.69678306","41.1","13.2","-98.6","33","29","53","1","3","-0.12","-0.84","-0.96","0.1","0.0","-39.3","74.43","104.23","8006","6553.5","709.6","0","0","0","0","67.0","709.7","32.9","30.0","3.25","-4.3","0.1","3.485","0.461","18.00","12.9","0.81","0"
"46.750","45.1292","14","-0.9077","0.0784","-0.3921","-141.5421","-40.7753","32.8519","11.2000","0.1681","17.6149","45.39200736","-75.69678774","41.1","13.2","-98.6","35","26","53","1","3","0.04","-0.77","-0.98","-0.8","-0.4","-38.1","73.78","104.03","7947","6553.5","710.4","0","0","0","0","67.0","710.4","32.9","30.0","3.21","-4.3","0.1","3.513","0.461","18.00","12.9","0.81","0"
"46.800","45.2501","14","-0.9146","0.0888","-0.4142","-143.4979","-41.0123","32.8329","11.2000","0.1700","17.5600","45.39200261","-75.69679219","41.1","13.2","-98.7","37","25","53","1","3","0.05","-0.70","-1.13","-2.0","0.0","-35.4","73.12","103.51","7947","6553.5","711.1","0","0","0","0","67.0","711.2","32.9","30.0","3.17","-4.3","0.1","3.557","0.456","18.00","12.8","0.80","0"
"46.850","45.4209","14","-0.9218","0.1012","-0.4404","-145.4241","-41.2596","32.8172","11.2000","0.1700","17.5207","45.39199775","-75.69679650","41.1","13.2","-98.6","35","25","54","1","3","0.03","-0.75","-1.13","-2.8","0.9","-32.3","72.47","101.74","7934","6553.5","712.0","0","0","0","0","67.0","712.0","32.9","30.0","3.15","-4.3","0.1","3.547","0.450","18.00","12.9","0.80","0"
"46.900","45.5414","14","-0.9028","0.1079","-0.4412","-147.2262","-40.3097","32.8117","11.2000","0.1669","17.9812","45.39199281","-75.69680058","41.1","13.2","-98.7","34","28","53","1","3","0.19","-0.86","-0.90","-3.6","0.9","-29.5","72.01","101.96","7877","6553.5","712.8","0","0","0","0","67.0","712.8","32.9","30.0","3.11","-4.3","0.1","3.507","0.439","18.00","13.0","0.79","0"
"46.950","45.6311","14","-0.8676","0.1112","-0.4264","-148.9522","-38.6259","32.8124","11.2000","0.1619","18.8019","45.39198780","-75.69680450","41.1","13.2","-98.6","35","32","52","1","3","0.26","-0.80","-0.79","-3.2","-0.8","-27.7","71.87","102.61","7900","6553.5","713.4","0","0","0","0","67.0","713.4","32.9","30.0","3.04","-4.3","0.1","3.356","0.431","18.00","12.8","0.80","0"
"47.000","45.9503","14","-0.8433","0.1124","-0.4546","-150.6091","-37.4282","32.7933","11.2000","0.1600","19.5393","45.39198262","-75.69680826","41.1","13.2","-98.6","36","30","51","1","3","0.06","-0.68","-0.88","-0.6","-2.8","-27.7","71.73","102.87","8032","6553.5","714.0","0","0","0","0","67.0","714.0","32.8","30.0","2.99","-4.3","0.1","3.298","0.429","18.00","12.6","0.82","0"
"47.050","46.4101","14","-0.8258","0.1124","-0.5091","-152.2235","-36.5284","32.7620","11.2000","0.1600","20.2210","45.39197734","-75.69681193","41.1","13.2","-98.6","36","24","51","1","3","-0.09","-0.86","-1.26","2.3","-2.6","-29.9","71.59","101.58","8101","6553.5","714.6","0","0","0","0","67.0","714.7","32.8","30.0","2.96","-4.3","0.1","3.369","0.432","18.00","12.6","0.81","0"
"47.100","46.4555","14","-0.8116","0.1126","-0.5147","-154.1965","-35.7851","32.7501","11.2000","0.1600","20.6612","45.39197199","-75.69681516","41.1","13.2","-98.6","35","26","51","1","3","-0.00","-0.99","-1.37","3.7","-0.7","-32.7","71.45","101.63","8132","6553.5","715.3","0","0","0","0","67.0","715.4","32.8","30.0","2.96","-4.3","0.1","3.418","0.440","18.00","12.7","0.80","0"
"47.150","46.2468","14","-0.7996","0.1129","-0.4904","-156.3891","-35.1376","32.7501","11.2000","0.1600","20.9474","45.39196661","-75.69681813","41.1","13.2","-98.7","30","33","54","1","3","0.18","-0.90","-1.00","2.6","-0.2","-33.7","71.31","101.81","8136","6553.5","715.9","0","0","0","0","67.0","715.9","32.8","30.0","3.00","-4.3","0.1","3.455","0.432","18.14","12.7","0.79","0"
"47.200","46.4020","14","-0.8034","0.1149","-0.5118","-158.4034","-35.1826","32.7303","11.2000","0.1600","20.9908","45.39196105","-75.69682077","41.1","13.2","-98.6","34","28","52","1","3","0.26","-0.86","-0.79","0.8","-1.3","-33.1","71.17","101.98","8135","6553.5","716.5","0","0","0","0","67.0","716.5","32.8","30.0","2.99","-4.3","0.1","3.371","0.422","18.30","12.8","0.78","0"
"47.250","46.7802","14","-0.8169","0.1180","-0.5613","-160.3084","-35.6521","32.6984","11.2000","0.1600","20.8832","45.39195538","-75.69682321","41.1","13.2","-98.6","39","20","50","1","3","0.02","-0.86","-1.21","-0.5","-0.5","-32.3","71.03","102.14","8199","6553.5","717.1","0","0","0","0","67.0","717.1","32.8","30.0","2.92","-4.3","0.1","3.267","0.437","18.53","12.8","0.79","0"
"47.300","46.8849","14","-0.8089","0.1177","-0.5471","-162.0120","-35.1853","32.6914","11.2000","0.1600","21.2076","45.39194973","-75.69682546","41.1","13.2","-98.6","36","28","53","1","3","-0.01","-0.48","-1.23","-1.5","1.5","-30.2","70.89","103.08","8232","6553.5","717.7","0","0","0","0","67.0","717.8","32.8","30.0","2.91","-4.3","0.1","3.392","0.447","18.74","12.9","0.80","0"
"47.350","46.8221","14","-0.7878","0.1153","-0.4940","-163.5921","-34.1446","32.6996","11.2000","0.1600","21.8247","45.39194408","-75.69682759","41.1","13.2","-98.6","30","32","53","1","3","0.26","-0.30","-0.85","-2.2","1.4","-26.6","70.75","101.98","8155","6553.5","718.4","0","0","0","0","67.0","718.4","32.8","30.0","3.02","-4.3","0.1","3.470","0.435","18.90","12.9","0.79","0"
"47.400","47.0541","14","-0.7730","0.1146","-0.5030","-164.8570","-33.3834","32.6883","11.2000","0.1600","22.4330","45.39193833","-75.69682954","41.1","13.2","-98.6","35","28","49","1","3","0.09","-0.44","-0.88","-1.6","-0.1","-23.8","70.61","102.76","8131","6553.5","719.0","0","0","0","0","67.0","719.1","32.8","30.0","3.05","-4.3","0.2","3.381","0.427","19.02","12.8","0.78","0"
"47.450","47.4668","14","-0.7619","0.1150","-0.5501","-165.9285","-32.7935","32.6649","11.2000","0.1600","23.0368","45.39193252","-75.69683138","41.1","13.2","-98.7","37","23","47","1","3","-0.12","-0.65","-1.26","-0.2","0.1","-24.1","70.47","103.66","8179","6553.5","719.5","0","0","0","0","67.0","719.5","32.7","30.0","2.93","-4.3","0.2","3.351","0.423","19.08","12.7","0.80","0"
"47.500","47.6427","14","-0.7545","0.1111","-0.5393","-167.5990","-32.3601","32.6587","11.2000","0.1600","23.4318","45.39192664","-75.69683279","41.1","13.2","-98.7","34","29","52","1","3","-0.02","-0.71","-1.15","1.5","1.1","-26.0","70.33","104.39","8291","6553.5","720.0","0","0","0","0","67.0","720.0","32.7","30.0","2.87","-4.3","0.2","3.405","0.422","19.17","12.6","0.82","0"
"47.550","47.6734","14","-0.7493","0.1046","-0.4932","-169.6366","-32.0227","32.6631","11.2000","0.1600","23.6940","45.39192070","-75.69683393","41.1","13.2","-98.6","32","34","53","1","3","0.11","-0.71","-0.73","3.0","-0.3","-27.8","70.19","104.39","8441","6553.5","720.4","0","0","0","0","67.0","720.4","32.7","30.0","2.91","-4.3","0.1","3.346","0.425","19.28","12.6","0.80","0"
"47.600","47.8427","14","-0.7426","0.1087","-0.5243","-171.2803","-31.6358","32.6415","11.2000","0.1569","24.0689","45.39191473","-75.69683486","41.1","13.2","-98.6","35","30","50","1","3","0.05","-0.88","-0.79","3.8","-2.7","-29.9","70.05","103.62","8520","6553.5","720.8","0","0","0","0","67.0","720.8","32.7","30.0","2.96","-4.3","0.1","3.219","0.420","19.53","12.6","0.78","0"
"47.650","48.0969","14","-0.7350","0.1191","-0.6028","-172.6828","-31.2186","32.6040","11.2000","0.1519","24.5202","45.39190873","-75.69683566","41.1","13.2","-98.6","39","25","50","1","3","-0.05","-0.99","-1.16","3.9","-2.8","-32.5","69.91","102.52","8581","6553.5","721.1","0","0","0","0","67.0","721.1","32.7","30.0","3.00","-4.3","0.1","3.270","0.416","19.81","12.7","0.78","0"
"47.700","48.2474","14","-0.7446","0.1221","-0.6104","-174.5708","-31.5102","32.5882","11.2000","0.1500","24.3693","45.39190273","-75.69683602","41.1","13.2","-98.7","35","25","54","1","3","0.17","-0.66","-1.19","3.3","-0.6","-33.3","69.77","101.81","8493","6553.5","721.4","0","0","0","0","67.0","721.4","32.7","30.0","3.01","-4.3","0.1","3.358","0.443","20.25","12.8","0.78","0"
"47.750","48.3345","14","-0.7646","0.1205","-0.5748","-176.7566","-32.2363","32.5857","11.2000","0.1500","23.8634","45.39189673","-75.69683611","41.1","13.2","-98.6","31","28","55","1","3","0.38","-0.40","-0.98","1.4","0.7","-30.5","69.63","102.50","8424","6553.5","721.7","0","0","0","0","67.0","721.7","32.7","30.0","2.98","-4.3","0.1","3.382","0.463","20.66","12.8","0.78","0"
"47.800","48.4847","14","-0.7626","0.1345","-0.5745","-178.2991","-32.0361","32.5766","11.2000","0.1500","24.0871","45.39189067","-75.69683604","41.1","13.2","-98.6","33","29","50","1","3","0.17","-0.48","-0.84","-0.7","0.0","-25.6","69.49","102.64","8427","6553.5","722.1","0","0","0","0","67.0","722.1","32.6","30.0","2.93","-4.3","0.1","3.415","0.456","20.94","12.7","0.78","0"
"47.850","48.6738","14","-0.7470","0.1583","-0.5961","-179.4473","-31.2682","32.5635","11.2000","0.1500","24.7749","45.39188458","-75.69683587","41.1","13.2","-98.6","36","29","49","1","3","0.09","-0.54","-0.90","-1.6","-1.3","-21.7","69.35","102.32","8461","6553.5","722.4","0","0","0","0","67.0","722.4","32.6","30.0","2.88","-4.3","0.0","3.482","0.450","21.26","12.7","0.79","0"
"47.900","48.9760","14","-0.7305","0.1633","-0.6047","-68.9854","-30.4383","32.5486","11.2000","0.1500","25.6084","45.39187842","-75.69683550","41.1","13.2","-98.6","36","28","49","1","3","0.02","-0.62","-0.91","-1.2","-1.8","-20.4","69.21","101.92","8541","6553.5","722.8","0","0","0","0","67.0","722.8","32.7","30.0","2.86","-4.3","0.0","3.481","0.446","21.65","12.7","0.80","0"
"47.950","49.3476","14","-0.7135","0.1568","-0.6054","109.8825","-29.5705","32.5327","11.2000","0.1500","26.5600","45.39187222","-75.69683502","41.1","13.2","-98.6","36","29","51","1","3","0.11","-0.72","-0.81","-0.3","-1.5","-20.9","69.33","101.52","8613","6553.5","723.2","0","0","0","0","67.0","723.2","32.7","30.0","2.88","-4.3","0.1","3.385","0.441","21.97","12.7","0.80","0"
"48.000","49.6877","14","-0.6928","0.1647","-0.5994","176.9158","-28.5663","32.5217","11.2000","0.1500","27.6832","45.39186598","-75.69683419","41.1","13.2","-98.6","35","29","51","1","3","0.20","-0.78","-0.80","0.6","-1.0","-22.4","69.86","101.42","8682","6553.5","723.6","0","0","0","0","67.0","723.6","32.6","30.0","2.93","-4.3","0.1","3.373","0.435","22.25","12.7","0.81","0"
"48.050","50.0084","14","-0.6697","0.1813","-0.5892","175.4053","-27.4785","32.5136","11.2000","0.1500","28.9648","45.39185971","-75.69683315","41.1","13.2","-98.6","35","28","51","1","3","0.19","-0.73","-0.87","1.1","-0.7","-24.3","70.40","101.50","8821","6553.5","724.1","0","0","0","0","67.0","724.1","32.6","30.0","3.03","-4.3","0.1","3.413","0.450","22.71","12.7","0.81","0"
"48.100","50.2800","14","-0.6828","0.1919","-0.5766","173.7788","-27.8465","32.5078","11.2000","0.1500","28.7373","45.39185346","-75.69683179","41.1","13.2","-98.6","35","28","52","1","3","-0.03","-0.66","-0.69","1.4","-0.8","-26.1","70.94","101.61","8974","6553.5","724.7","0","0","0","0","67.0","724.7","32.6","30.0","3.09","-4.3","0.1","3.333","0.468","23.21","12.7","0.82","0"
"48.150","50.5215","14","-0.7180","0.1989","-0.5625","172.0813","-29.1066","32.5034","11.2000","0.1500","27.6252","45.39184722","-75.69683022","41.1","13.2","-98.6","35","29","52","1","3","-0.22","-0.60","-0.58","1.6","-0.9","-27.9","71.47","101.53","9071","6553.5","724.9","0","0","0","0","67.0","724.9","32.6","30.0","3.10","-4.3","0.0","3.234","0.430","23.88","12.7","0.84","0"
"48.200","50.8380","14","-0.7430","0.2029","-0.5529","170.4430","-29.9339","32.4948","11.2000","0.1500","27.0300","45.39184098","-75.69682832","41.1","13.1","-98.6","35","29","51","1","3","-0.15","-0.89","-0.76","1.8","-0.8","-29.5","72.01","101.42","9142","6553.5","725.1","0","0","0","0","67.0","725.1","32.6","30.0","3.14","-4.3","0.0","3.427","0.401","24.50","12.8","0.86","0"
"48.250","51.2005","14","-0.7618","0.2051","-0.5460","168.8411","-30.4957","32.4836","11.2000","0.1500","26.7211","45.39183474","-75.69682621","41.1","13.1","-98.6","34","30","52","1","3","0.01","-0.97","-1.06","2.3","-0.9","-30.3","72.54","101.05","9121","6553.5","725.2","0","0","0","0","67.5","725.2","32.6","30.0","3.26","-4.3","0.0","3.540","0.404","24.94","12.7","0.86","0"
"48.300","51.6054","14","-0.7941","0.2087","-0.5608","167.3449","-31.5820","32.4632","11.2000","0.1500","26.0061","45.39182847","-75.69682380","41.1","13.1","-98.6","34","32","55","1","3","0.16","-0.75","-0.90","2.8","-2.2","-29.4","73.08","100.36","9177","6553.5","725.3","0","0","0","0","68.0","725.3","32.6","30.0","3.32","-4.3","0.0","3.370","0.409","25.43","12.6","0.86","0"
"48.350","52.0363","14","-0.8347","0.2130","-0.5887","165.9133","-32.9896","32.4372","11.2000","0.1500","25.1044","45.39182217","-75.69682122","41.1","13.1","-98.6","34","34","51","1","3","0.32","-0.78","-0.87","2.8","-3.8","-27.8","73.61","100.45","9340","6553.5","725.5","0","0","0","0","68.0","725.5","32.5","30.0","3.31","-4.3","0.0","3.259","0.416","25.99","12.6","0.85","0"
"48.400","52.2879","14","-0.8255","0.2122","-0.5869","164.3938","-32.4317","32.4221","11.2000","0.1500","25.6597","45.39181593","-75.69681831","41.1","13.1","-98.6","36","24","45","1","3","0.21","-1.08","-1.26","3.1","-1.9","-28.0","74.15","100.94","9446","6553.5","725.7","0","0","0","0","68.0","725.7","32.5","30.0","3.31","-4.3","0.0","3.229","0.419","26.72","12.7","0.83","0"
"48.450","52.4296","14","-0.7858","0.2082","-0.5669","162.8203","-30.6691","32.4139","11.2000","0.1500","27.2079","45.39180973","-75.69681521","41.1","13.1","-98.6","36","23","51","1","3","0.09","-1.00","-1.69","3.9","3.3","-29.6","74.69","100.49","9516","6553.5","725.9","0","0","0","0","68.0","725.9","32.5","30.0","3.35","-4.3","0.1","3.308","0.420","27.55","12.7","0.85","0"
"48.500","52.7206","14","-0.7442","0.2110","-0.5471","161.2114","-28.8653","32.4101","11.2000","0.1500","29.0687","45.39180357","-75.69681179","41.1","13.1","-98.6","25","28","56","1","3","0.48","-0.67","-1.40","2.6","6.2","-28.9","75.22","100.59","9466","6553.5","726.1","0","0","0","0","68.0","726.1","32.5","30.0","3.37","-4.3","0.1","3.452","0.427","28.02","12.6","0.88","0"
"48.550","53.1031","14","-0.7016","0.2180","-0.5275","159.5808","-27.0361","32.4091","11.2000","0.1500","31.2605","45.39179743","-75.69680816","41.1","13.1","-98.6","30","30","48","1","3","0.54","-0.29","-0.91","-0.1","3.9","-24.8","75.76","101.83","9394","6553.5","726.4","0","0","0","0","68.0","726.4","32.5","30.0","3.36","-4.3","-0.0","3.452","0.436","28.41","12.7","0.86","0"
"48.600","53.5240","14","-0.6782","0.2206","-0.5278","158.4724","-25.9587","32.3994","11.2000","0.1500","32.8160","45.39179121","-75.69680437","41.1","13.1","-98.6","39","26","20","1","3","0.26","-0.49","-0.88","-1.8","0.9","-20.9","76.29","102.29","9577","6553.5","726.8","0","0","0","0","68.0","726.8","32.5","30.0","3.35","-4.3","-0.2","3.419","0.424","28.68","12.8","0.83","0"
"48.650","53.9684","14","-0.6667","0.2205","-0.5403","157.6841","-25.3420","32.3842","11.2000","0.1500","33.8937","45.39178494","-75.69680048","41.1","13.1","-98.6","39","26","50","1","3","0.18","-0.61","-0.98","-2.3","1.2","-19.5","76.83","98.67","9717","6553.5","727.2","0","0","0","0","68.0","727.2","32.5","30.0","3.34","-4.3","-0.3","3.372","0.415","28.95","12.7","0.84","0"
"48.700","54.3734","14","-0.6644","0.2178","-0.4833","156.6015","-25.0827","32.3946","11.2000","0.1500","34.5010","45.39177872","-75.69679635","41.1","13.1","-98.6","32","30","54","1","3","0.22","-0.74","-0.98","-2.7","3.2","-19.1","77.36","96.48","9704","6553.5","727.7","0","0","0","0","68.0","727.7","32.5","30.0","3.35","-4.3","-0.2","3.321","0.421","29.17","12.6","0.85","0"
"48.750","54.7542","14","-0.6679","0.2134","-0.3836","155.3386","-25.0425","32.4206","11.2000","0.1500","34.7984","45.39177252","-75.69679208","41.1","13.1","-98.6","31","26","52","1","3","0.24","-0.67","-0.93","-2.9","4.1","-18.3","77.90","94.66","9702","6553.5","727.7","0","0","0","0","68.0","727.7","32.5","30.0","3.40","-4.3","-0.1","3.253","0.425","29.35","12.7","0.85","0"
"48.800","55.1118","14","-0.6755","0.2098","-0.3335","153.9986","-25.1620","32.4334","11.2000","0.1469","34.8593","45.39176641","-75.69678747","41.1","13.1","-98.6","33","24","49","1","3","0.13","-0.65","-0.95","-3.1","3.8","-18.1","78.44","92.84","9715","6553.5","727.8","0","0","0","0","68.0","727.8","32.5","30.0","3.43","-4.3","-0.0","3.242","0.425","29.46","12.8","0.84","0"
"48.850","55.4551","14","-0.6857","0.2066","-0.3136","152.6114","-25.3794","32.4381","11.2000","0.1419","34.7760","45.39176034","-75.69678265","41.1","13.1","-98.6","33","26","51","1","3","-0.08","-0.75","-1.02","-2.9","3.2","-19.5","78.97","99.51","9787","6553.5","728.0","0","0","0","0","68.0","728.0","32.5","30.0","3.42","-4.3","0.0","3.440","0.414","29.57","12.8","0.83","0"
"48.900","55.6813","14","-0.7078","0.2011","-0.2732","151.0507","-26.0304","32.4475","11.2000","0.1400","34.0447","45.39175439","-75.69677748","41.1","13.1","-98.6","33","28","54","1","3","-0.02","-0.94","-0.84","-2.3","2.1","-21.9","79.51","100.71","9895","6553.5","728.2","0","0","0","0","68.0","728.2","32.5","30.0","3.45","-4.3","0.1","3.491","0.397","29.68","12.7","0.82","0"
"48.950","55.8357","14","-0.7371","0.1941","-0.2201","149.3838","-26.9471","32.4598","11.2000","0.1400","32.9777","45.39174851","-75.69677211","41.1","13.1","-98.6","35","34","56","1","3","0.09","-0.90","-0.55","-1.9","-0.0","-23.8","80.04","102.02","9954","6553.5","728.3","0","0","0","0","68.0","728.3","32.5","30.0","3.55","-4.3","0.1","3.342","0.392","29.75","12.7","0.82","0"
"49.000","56.1132","14","-0.7943","0.1752","-0.2122","148.0418","-28.8641","32.4555","11.2000","0.1431","30.9405","45.39174267","-75.69676648","41.1","13.1","-98.6","37","31","53","1","3","0.23","-0.88","-0.82","-1.0","-1.7","-25.7","80.27","103.62","10005","6553.5","728.5","0","0","0","0","68.0","728.5","32.4","30.0","3.64","-4.3","0.2","3.346","0.389","29.80","12.8","0.82","0"
"49.050","56.4660","14","-0.8685","0.1492","-0.2321","146.8991","-31.3941","32.4411","11.2000","0.1481","28.6259","45.39173684","-75.69676070","41.1","13.1","-98.6","37","26","53","1","3","0.22","-1.05","-1.10","0.4","-1.2","-28.9","80.00","105.23","10155","6553.5","728.7","0","0","0","0","68.0","728.7","32.5","30.0","3.70","-4.3","0.2","3.443","0.386","29.86","12.8","0.81","0"
"49.100","56.6882","14","-0.9343","0.1330","-0.1974","145.3051","-33.6349","32.4579","11.2000","0.1500","26.8239","45.39173121","-75.69675457","41.1","13.1","-98.6","33","23","50","1","3","0.11","-1.22","-1.19","1.3","0.7","-33.5","79.73","105.42","10271","6553.5","729.0","0","0","0","0","68.0","729.0","32.5","30.0","3.73","-4.3","0.1","3.413","0.382","29.91","12.7","0.80","0"
"49.150","56.8302","14","-0.9951","0.1228","-0.1292","143.4344","-35.6985","32.4940","11.2000","0.1500","25.3367","45.39172569","-75.69674824","41.1","13.1","-98.6","30","27","56","1","3","0.08","-1.08","-0.93","1.3","1.4","-36.8","79.46","101.35","10264","6553.5","729.1","0","0","0","0","68.0","729.1","32.4","30.0","3.70","-4.3","-0.0","3.356","0.372","29.97","12.7","0.79","0"
"49.200","57.0290","14","-0.9942","0.1172","-0.1051","141.6542","-35.5675","32.5019","11.2000","0.1500","25.5189","45.39172031","-75.69674151","41.1","13.1","-98.6","31","30","55","1","3","-0.08","-0.85","-0.78","0.7","-0.3","-37.7","79.19","99.65","10314","6553.5","729.2","0","0","0","0","68.0","729.2","32.4","30.0","3.69","-4.3","-0.1","3.333","0.373","30.00","12.7","0.77","0"
"49.250","57.2625","14","-0.9555","0.1145","-0.1082","139.9293","-34.0916","32.4925","11.2000","0.1500","26.7327","45.39171501","-75.69673455","41.1","13.1","-98.6","40","28","48","1","3","-0.14","-1.13","-0.97","1.1","-1.4","-38.7","78.92","98.42","10441","6553.5","729.2","0","0","0","0","68.0","729.2","32.4","30.0","3.72","-4.3","0.1","3.331","0.386","30.00","12.7","0.77","0"
"49.300","57.2237","14","-0.8648","0.1147","-0.0641","138.0013","-30.7786","32.5061","11.2000","0.1500","29.5902","45.39171003","-75.69672736","41.1","13.1","-98.6","38","27","49","1","3","0.06","-1.36","-1.00","2.5","0.2","-40.2","78.65","98.39","10439","6553.5","729.1","0","0","0","0","68.0","729.1","32.4","30.0","3.82","-4.3","0.2","3.401","0.395","29.97","12.7","0.77","0"
"49.350","57.0180","14","-0.7422","0.1167","0.0089","135.9489","-26.3397","32.5337","11.2000","0.1500","34.4526","45.39170522","-75.69672003","41.1","13.1","-98.6","30","28","50","1","3","0.07","-0.73","-0.88","3.4","2.2","-37.6","78.38","104.50","10358","6553.5","729.6","0","0","0","0","68.0","729.6","32.4","30.0","4.03","-4.3","0.3","3.460","0.402","29.91","12.7","0.76","0"
"49.400","57.1482","14","-0.5572","0.1021","0.0355","135.0714","-19.7322","32.5479","11.2000","0.1500","46.0944","45.39170023","-75.69671272","41.1","13.1","-98.6","29","27","43","1","3","0.09","-0.03","-0.80","2.7","2.1","-26.2","78.11","106.62","10193","6553.5","730.2","0","0","0","0","68.0","730.2","32.4","30.0","4.09","-4.3","0.4","3.505","0.389","29.95","12.6","0.75","0"
"49.450","57.4843","14","-0.3340","0.0773","0.0337","134.9141","-11.7955","32.5538","11.2000","0.1500","77.5626","45.39169511","-75.69670542","41.1","13.1","-98.6","33","27","46","1","3","0.25","0.43","-0.86","-0.3","0.4","-6.4","77.83","108.47","10018","6553.5","731.2","0","0","0","0","68.0","731.2","32.4","30.0","3.90","-4.3","0.5","3.551","0.373","30.00","12.6","0.76","0"
"49.500","57.7971","14","-0.0810","0.0408","0.0627","135.5227","-2.8708","32.5635","11.2000","0.1500","320.4200","45.39168977","-75.69669835","41.1","13.1","-98.6","40","33","45","1","3","0.09","0.94","-1.10","-4.3","-1.2","16.5","77.56","110.30","10232","6553.5","732.2","0","0","0","0","68.0","732.2","32.4","30.0","3.75","-4.3","0.4","3.599","0.389","29.94","12.5","0.78","0"
"49.550","58.0957","14","0.1902","-0.0027","0.1105","136.6007","6.6595","32.5754","11.2000","0.1500","138.8434","45.39168428","-75.69669142","41.1","13.1","-98.6","47","37","45","1","3","-0.14","1.25","-0.97","-6.4","-2.0","36.5","77.29","111.99","10422","6553.5","732.3","0","0","0","0","68.0","732.3","32.4","30.0","3.68","-4.3","0.4","3.483","0.397","29.89","12.6","0.78","0"
"49.600","57.9277","14","0.4725","-0.0400","0.1522","138.1808","16.5849","32.5938","11.2000","0.1469","55.5897","45.39167865","-75.69668499","41.1","13.1","-98.6","47","36","46","1","3","-0.21","1.03","-0.85","-6.3","-2.2","50.0","77.02","111.70","10526","6553.5","732.3","0","0","0","0","68.0","732.3","32.4","30.0","3.67","-4.3","0.3","3.336","0.379","29.83","12.7","0.78","0"
"49.650","57.4739","14","0.7616","-0.0733","0.1901","140.0686","26.7524","32.6163","11.2000","0.1419","34.1922","45.39167293","-75.69667887","41.1","13.1","-98.6","47","38","1","1","3","-0.17","0.88","-0.93","-5.1","-2.1","57.8","76.75","110.38","10571","6553.5","732.8","0","0","0","0","68.0","732.8","32.4","30.0","3.79","-4.3","0.3","3.395","0.368","29.78","12.6","0.76","0"
"49.700","57.0783","14","0.9769","-0.1058","0.2087","141.7635","34.4155","32.6288","11.2000","0.1431","26.3959","45.39166715","-75.69667299","41.1","13.1","-98.6","47","37","0","1","3","-0.36","1.05","-0.92","-4.0","-2.2","61.7","76.48","109.06","10536","6553.5","733.3","0","0","0","0","68.0","733.3","32.4","30.0","4.17","-4.3","0.3","3.438","0.367","29.72","12.5","0.74","0"
"49.750","56.7185","14","1.1469","-0.1377","0.2155","143.3403","40.5435","32.6352","11.2000","0.1481","22.2650","45.39166133","-75.69666726","41.1","13.1","-98.6","46","38","0","1","3","-0.33","1.33","-0.96","-3.3","-2.6","64.1","76.21","107.20","10484","6553.5","733.7","0","0","0","0","68.0","733.7","32.4","30.0","4.96","-4.3","0.3","3.420","0.360","29.32","12.5","0.74","0"
"49.800","56.3189","14","1.2392","-0.1585","0.2146","145.3215","44.0285","32.6362","11.2000","0.1469","20.3583","45.39165531","-75.69666210","41.1","13.1","-98.6","46","37","0","1","3","-0.12","1.29","-0.94","-2.9","-3.0","66.0","75.94","106.73","10422","6553.5","734.1","0","0","0","0","68.0","734.1","32.4","30.0","5.26","-4.3","0.3","3.412","0.350","28.71","12.6","0.74","0"
"49.850","55.8950","14","1.2839","-0.1725","0.2090","147.5508","45.8935","32.6338","11.2000","0.1419","19.3839","45.39164919","-75.69665728","41.1","13.1","-98.6","46","39","0","1","3","-0.15","1.17","-0.84","-2.7","-3.1","68.1","75.67","106.65","10368","6553.5","733.5","0","0","0","0","68.0","733.5","32.4","30.0","4.75","-4.3","0.3","3.448","0.350","28.24","12.6","0.74","0"
"49.900","55.3614","14","1.2432","-0.1897","0.2255","149.8691","44.7114","32.6425","11.2000","0.1431","19.7065","45.39164300","-75.69665295","41.1","13.1","-98.6","46","38","0","1","3","-0.16","1.23","-0.79","-2.4","-2.6","70.6","75.40","106.53","10315","6553.5","732.9","0","0","0","0","68.0","732.8","32.4","30.0","4.26","-4.3","0.3","3.468","0.352","27.79","12.7","0.73","0"
"49.950","54.7605","14","1.1502","-0.2087","0.2555","152.2421","41.6617","32.6579","11.2000","0.1481","20.9195","45.39163677","-75.69664892","41.1","13.1","-98.6","46","39","0","1","3","0.01","1.04","-0.97","-2.2","-1.7","72.8","75.13","106.33","10277","6553.5","734.3","0","0","0","0","68.0","734.3","32.4","30.0","3.81","-4.3","0.2","3.432","0.351","27.46","12.7","0.73","0"
"50.000","54.3373","14","1.0506","-0.1766","0.2747","154.2331","38.3334","32.6694","11.2000","0.1500","22.5601","45.39163050","-75.69664518","41.1","13.1","-98.6","44","40","0","1","3","0.20","0.72","-1.02","-1.2","-1.6","71.1","74.86","106.17","10230","6553.5","735.9","0","0","0","0","68.0","735.9","32.4","30.0","3.35","-4.3","0.1","3.428","0.351","27.15","12.7","0.74","0"
"50.050","54.0230","14","0.9469","-0.1132","0.2872","155.9900","34.8343","32.6784","11.2000","0.1500","24.6826","45.39162420","-75.69664162","41.1","13.1","-98.6","41","35","0","1","3","0.17","0.38","-1.03","-0.2","-2.0","63.3","74.76","105.17","10148","6553.5","734.8","0","0","0","0","68.0","734.8","32.4","30.0","2.90","-4.3","0.1","3.467","0.355","26.93","12.7","0.74","0"
"50.100","54.1138","14","0.8035","-0.0531","0.3112","157.0065","29.7083","32.6852","11.2000","0.1500","28.9902","45.39161785","-75.69663807","41.1","13.1","-98.6","42","32","0","1","3","0.16","0.25","-1.11","-0.2","-1.4","49.5","74.95","102.99","9984","6553.5","733.5","0","0","0","0","68.0","733.5","32.4","30.0","2.63","-4.3","0.1","3.477","0.335","25.89","12.7","0.75","0"
"50.150","54.4530","14","0.6355","0.0049","0.3422","157.5690","23.5850","32.6905","11.2000","0.1500","36.7457","45.39161146","-75.69663452","41.1","13.1","-98.7","42","33","0","1","3","0.22","0.27","-1.12","-1.2","0.3","32.1","75.14","101.90","9706","6553.5","733.9","0","0","0","0","68.0","733.9","32.4","30.0","2.67","-4.3","0.1","3.469","0.283","23.72","12.6","0.75","0"
"50.200","54.5879","14","0.4432","0.0106","0.3679","158.1678","16.4788","32.7012","11.2000","0.1500","52.7218","45.39160506","-75.69663107","41.1","13.1","-98.6","42","37","0","1","3","0.33","0.30","-1.07","-1.3","1.1","11.0","75.33","101.90","9154","6553.5","734.5","0","0","0","0","68.0","734.5","32.4","30.0","2.79","-4.3","0.1","3.505","0.252","18.46","12.5","0.74","0"
"50.250","54.5977","14","0.2360","-0.0156","0.3903","158.7888","8.7702","32.7152","11.2000","0.1500","99.0792","45.39159865","-75.69662768","41.1","13.1","-98.6","44","35","0","1","3","0.24","0.07","-1.25","0.6","0.3","-12.9","75.52","101.67","8434","6553.5","727.6","0","0","0","0","68.0","727.5","32.4","30.0","3.06","-4.3","0.1","3.550","0.235","11.29","12.6","0.78","0"
"50.300","54.5849","14","0.0110","-0.0688","0.4071","158.8622","0.4040","32.7260","11.2000","0.1500","2150.5918","45.39159227","-75.69662419","41.1","13.1","-98.6","45","30","0","1","3","-0.20","-0.28","-1.11","3.9","-1.3","-39.8","75.71","101.21","8122","6553.5","720.1","0","0","0","0","68.0","720.0","32.4","30.0","3.14","-4.3","0.2","3.527","0.232","7.63","12.7","0.82","0"
"50.350","54.5583","14","-0.2247","-0.1385","0.4207","158.6002","-8.3654","32.7349","11.2000","0.1500","103.7987","45.39158592","-75.69662064","41.1","13.1","-98.6","41","28","0","1","3","-0.73","-0.70","-0.99","7.5","-2.9","-67.5","75.90","102.28","7904","6553.5","714.1","0","0","0","0","68.0","714.0","32.4","30.0","2.92","-4.3","0.3","3.511","0.233","4.79","12.7","0.89","0"
"50.400","54.0304","14","-0.3971","-0.2154","0.4424","157.2911","-14.8548","32.7475","11.2000","0.1469","57.8883","45.39157992","-75.69661664","41.1","13.1","-98.6","38","20","0","1","3","-1.01","-0.84","-1.19","8.4","-3.5","-90.8","76.09","104.12","7879","6553.5","708.2","0","0","0","0","68.0","708.1","32.4","30.0","2.79","-4.3","0.4","3.517","0.244","4.52","12.7","0.97","0"
"50.450","53.1953","14","-0.5307","-0.2967","0.4692","155.3403","-19.9468","32.7624","11.2000","0.1419","42.4444","45.39157415","-75.69661237","41.1","13.1","-98.6","38","22","0","1","3","-0.96","-0.63","-1.21","7.1","-2.2","-104.8","76.28","106.13","7856","6553.5","704.9","0","0","0","0","68.0","704.9","32.4","30.0","2.84","-4.3","0.4","3.499","0.258","4.63","12.7","1.03","0"
"50.500","51.9615","14","-0.6005","-0.3689","0.5157","153.9691","-22.7724","32.7806","11.2000","0.1431","36.3156","45.39156866","-75.69660814","41.1","13.1","-98.6","35","24","0","1","3","-0.59","-0.37","-0.98","5.6","-0.6","-107.1","76.47","109.35","7836","6553.5","701.9","0","0","0","0","68.0","701.9","32.4","30.0","3.03","-4.3","0.4","3.448","0.282","6.13","12.8","1.08","0"
"50.550","50.4832","14","-0.6314","-0.4353","0.5741","152.9532","-24.2089","32.8010","11.2000","0.1481","33.1889","45.39156335","-75.69660396","41.1","13.1","-98.6","35","25","0","1","3","-0.21","-0.66","-0.88","4.6","-0.3","-100.7","76.66","110.39","7822","6553.5","703.8","0","0","0","0","68.0","703.8","32.4","30.0","3.45","-4.3","0.3","3.421","0.303","7.63","12.8","0.98","0"
"50.600","49.6064","14","-0.5990","-0.4637","0.5889","151.8654","-23.2485","32.8059","11.2000","0.1500","33.9597","45.39155814","-75.69659959","41.1","13.1","-98.6","35","25","0","1","3","-0.13","-0.82","-0.98","3.0","-0.8","-89.0","76.86","111.44","7818","6553.5","706.0","0","0","0","0","68.0","706.1","32.4","30.0","3.89","-4.3","0.2","3.409","0.320","9.13","12.7","0.88","0"
"50.650","49.0982","14","-0.5278","-0.4686","0.5770","150.7336","-20.8190","32.8015","11.2000","0.1500","37.5342","45.39155299","-75.69659511","41.1","13.1","-98.6","38","27","7","1","3","-0.05","-0.31","-1.12","2.0","-1.3","-73.0","77.05","105.27","7787","6553.5","708.1","0","0","0","0","68.0","708.2","32.4","30.0","4.35","-4.3","0.2","3.450","0.339","10.11","12.7","0.83","0"
"50.700","48.5852","14","-0.4086","-0.4373","0.5886","150.2328","-16.3135","32.8041","11.2000","0.1500","47.3997","45.39154786","-75.69659076","41.1","13.1","-98.6","38","24","50","1","3","-0.10","0.08","-1.09","1.8","-1.2","-52.2","77.24","103.48","7741","6553.5","710.2","0","0","0","0","68.0","710.3","32.4","30.0","4.66","-4.3","0.1","3.500","0.361","10.78","12.8","0.78","0"
"50.750","48.0691","14","-0.2599","-0.3838","0.6146","150.1187","-10.5358","32.8110","11.2000","0.1500","72.6139","45.39154273","-75.69658649","41.1","13.1","-98.6","37","24","47","1","3","-0.18","0.13","-1.03","1.7","-0.4","-26.6","77.43","102.68","7704","6553.5","712.1","0","0","0","0","68.0","712.1","32.4","30.0","4.73","-4.3","0.1","3.470","0.365","11.08","12.7","0.78","0"
"50.800","47.8273","14","-0.0940","-0.3278","0.6363","150.3503","-3.7923","32.8203","11.2000","0.1469","200.7200","45.39153755","-75.69658237","41.1","13.1","-98.6","35","24","51","1","3","-0.21","0.19","-0.90","0.3","-0.1","4.1","77.62","102.10","7671","6553.5","713.9","0","0","0","0","68.0","713.9","32.4","30.0","4.45","-4.3","0.3","3.425","0.366","11.30","12.6","0.77","0"
"50.850","47.7536","14","0.0825","-0.2702","0.6552","150.7938","3.5430","32.8313","11.2000","0.1419","214.5137","45.39153232","-75.69657834","41.1","13.1","-98.6","37","26","49","1","3","-0.11","0.49","-0.89","-2.3","-0.6","36.9","77.81","106.94","7748","6553.5","715.7","0","0","0","0","67.0","715.7","32.4","30.0","3.60","-4.3","0.3","3.331","0.355","11.41","12.6","0.77","0"
"50.900","47.4015","14","0.1728","-0.2055","0.6816","151.6537","7.3626","32.8453","11.2000","0.1431","102.4664","45.39152707","-75.69657457","41.1","13.1","-98.6","42","29","48","1","3","-0.13","0.42","-1.05","-5.8","-1.1","63.8","78.00","106.63","7829","6553.5","717.6","0","0","0","0","66.0","717.6","32.4","30.0","3.07","-4.3","0.2","3.372","0.349","11.52","12.7","0.78","0"
"50.950","46.8788","14","0.2103","-0.1364","0.7125","152.7688","9.0274","32.8612","11.2000","0.1481","82.6484","45.39152180","-75.69657095","41.1","13.1","-98.6","45","34","43","1","3","-0.13","0.17","-1.08","-6.9","-1.2","76.2","78.19","105.18","7927","6553.5","718.9","0","0","0","0","67.0","718.9","32.4","30.0","3.07","-4.3","0.1","3.597","0.359","11.64","12.7","0.78","0"
"51.000","46.4316","14","0.1544","-0.1051","0.7552","153.0339","6.6385","32.8781","11.2000","0.1500","111.3176","45.39151668","-75.69656726","41.1","13.1","-98.6","44","33","44","1","3","0.07","-0.40","-0.95","-5.4","-1.1","69.2","78.38","103.73","7996","6553.5","720.2","0","0","0","0","68.0","720.2","32.4","30.0","3.29","-4.3","0.1","3.656","0.364","11.70","12.7","0.77","0"
"51.050","46.0306","14","0.0411","-0.0971","0.8053","152.7780","1.7651","32.8955","11.2000","0.1500","415.0504","45.39151165","-75.69656352","41.1","13.1","-98.6","44","34","41","1","3","0.19","-0.62","-0.95","-2.3","-1.2","48.2","78.57","102.18","8027","6553.5","721.3","0","0","0","0","68.0","721.3","32.5","30.0","3.89","-4.3","0.1","3.614","0.365","11.70","12.7","0.77","0"
"51.100","45.9186","14","-0.0413","-0.1098","0.8292","152.0161","-1.8066","32.9094","11.2000","0.1500","404.5269","45.39150670","-75.69655955","41.1","13.1","-98.6","43","32","43","1","3","0.14","-0.48","-0.94","2.3","-1.2","21.4","78.78","101.56","7987","6553.5","722.3","0","0","0","0","68.0","722.3","32.5","30.0","4.41","-4.3","0.0","3.534","0.365","11.73","12.7","0.77","0"
"51.150","45.9837","14","-0.1048","-0.1352","0.8370","150.9441","-4.5805","32.9211","11.2000","0.1500","159.7774","45.39150179","-75.69655544","41.1","13.1","-98.6","39","28","47","1","3","-0.01","-0.44","-0.93","6.4","-0.6","-2.1","79.04","101.14","7903","6553.5","722.7","0","0","0","0","68.0","722.7","32.5","30.0","4.81","-4.3","-0.0","3.447","0.365","11.79","12.7","0.77","0"
"51.200","45.8410","14","-0.1406","-0.1274","0.8393","150.0198","-6.1677","32.9233","11.2000","0.1500","118.2909","45.39149696","-75.69655121","41.1","13.1","-98.6","36","26","47","1","3","-0.11","-0.47","-1.04","7.2","0.3","-15.6","79.29","100.72","7775","6553.5","723.0","0","0","0","0","68.0","723.0","32.5","30.0","4.68","-4.3","-0.0","3.364","0.369","11.89","12.8","0.78","0"
"51.250","45.5710","14","-0.1593","-0.0993","0.8382","149.1860","-7.0277","32.9198","11.2000","0.1500","103.2045","45.39149219","-75.69654689","41.1","13.1","-98.6","36","27","50","1","3","-0.08","-0.18","-1.13","4.9","0.7","-18.1","79.54","98.76","7642","6553.5","723.8","0","0","0","0","67.5","723.8","32.5","30.0","3.67","-4.3","0.0","3.323","0.373","12.00","12.8","0.78","0"
"51.300","45.4193","14","-0.0982","-0.0859","0.8308","149.1545","-4.3338","32.9224","11.2000","0.1500","166.7983","45.39148732","-75.69654278","41.1","13.1","-98.6","37","29","13","1","3","-0.02","0.29","-1.17","0.7","0.0","-11.4","79.80","99.34","7713","6553.5","724.7","0","0","0","0","67.0","724.7","32.5","30.0","2.88","-4.3","0.1","3.430","0.371","12.06","12.8","0.78","0"
"51.350","45.3401","14","0.0118","-0.0814","0.8196","149.6149","0.5382","32.9288","11.2000","0.1500","1340.8035","45.39148239","-75.69653879","41.1","13.1","-98.6","41","32","0","1","3","-0.09","0.63","-1.13","-2.7","-1.2","-0.7","80.05","100.49","7771","6553.5","725.6","0","0","0","0","66.5","725.6","32.5","30.0","2.47","-4.3","0.2","3.490","0.369","12.10","12.7","0.78","0"
"51.400","45.2208","14","0.1645","-0.0706","0.8213","150.8979","7.3556","32.9370","11.2000","0.1500","97.8458","45.39147733","-75.69653517","41.1","13.1","-98.6","43","32","0","1","3","-0.12","0.69","-0.95","-4.2","-2.0","9.5","80.30","101.64","7784","6553.5","726.5","0","0","0","0","66.0","726.5","32.4","30.0","2.47","-4.3","0.2","3.484","0.367","12.10","12.6","0.78","0"
"51.450","45.0771","14","0.3432","-0.0558","0.8311","152.6851","15.3653","32.9462","11.2000","0.1500","46.6912","45.39147219","-75.69653177","41.1","13.1","-98.6","43","34","0","1","3","0.05","0.73","-0.78","-3.9","-2.3","17.3","80.55","105.72","7748","6553.5","727.7","0","0","0","0","66.5","727.7","32.4","30.0","3.17","-4.3","0.0","3.521","0.369","12.15","12.7","0.78","0"
"51.500","45.0177","14","0.5085","-0.0439","0.8426","154.3519","22.8164","32.9525","11.2000","0.1500","31.4020","45.39146699","-75.69652859","41.1","13.1","-98.6","44","34","0","1","3","0.13","0.78","-0.73","-3.0","-2.4","22.5","80.81","104.41","7642","6553.5","728.8","0","0","0","0","67.0","728.8","32.5","30.0","3.83","-4.3","-0.0","3.584","0.380","12.26","12.8","0.78","0"
"51.550","45.0100","14","0.6656","-0.0336","0.8552","155.9448","29.9251","32.9571","11.2000","0.1500","23.9384","45.39146176","-75.69652553","41.1","13.1","-98.6","44","34","0","1","3","0.15","0.78","-0.73","-1.8","-2.3","25.6","81.06","101.90","7663","6553.5","729.5","0","0","0","0","67.5","729.5","32.5","30.0","4.43","-4.3","-0.0","3.597","0.390","12.54","12.8","0.78","0"
"51.600","44.8644","14","0.7179","-0.0121","0.8551","157.5302","32.3340","32.9594","11.2000","0.1500","22.0832","45.39145651","-75.69652280","41.1","13.1","-98.6","44","32","39","1","3","0.04","0.74","-0.90","-0.7","-1.4","26.8","81.31","99.52","7762","6553.5","730.1","0","0","0","0","68.0","730.1","32.5","30.0","4.86","-4.3","-0.0","3.599","0.398","12.93","12.7","0.78","0"
"51.650","44.6342","14","0.7061","0.0164","0.8472","159.1110","31.8625","32.9602","11.2000","0.1500","22.2950","45.39145125","-75.69652027","41.1","13.1","-98.6","43","33","43","1","3","0.04","0.53","-1.04","0.6","-0.1","25.5","81.57","99.34","7787","6553.5","730.7","0","0","0","0","68.0","730.8","32.5","30.0","4.98","-4.3","-0.0","3.530","0.407","13.64","12.7","0.78","0"
"51.700","44.6959","14","0.6286","0.0435","0.8502","160.1738","28.3820","32.9701","11.2000","0.1500","25.0637","45.39144590","-75.69651774","41.1","13.2","-98.6","41","32","47","1","3","0.06","0.25","-1.05","2.0","0.2","21.3","81.82","99.51","7796","6553.5","731.4","0","0","0","0","68.0","731.5","32.4","30.0","5.11","-4.3","-0.0","3.483","0.416","14.42","12.8","0.79","0"
"51.750","44.9364","14","0.5109","0.0698","0.8599","160.9191","23.0572","32.9854","11.2000","0.1500","31.0178","45.39144051","-75.69651521","41.1","13.2","-98.6","40","32","47","1","3","0.05","0.14","-1.01","2.9","-0.9","15.9","82.07","99.77","7780","6553.5","732.1","0","0","0","0","67.0","732.1","32.5","30.0","5.28","-4.3","0.0","3.508","0.426","15.36","12.8","0.80","0"
"51.800","45.2116","14","0.3903","0.0760","0.8432","161.2135","17.5951","32.9905","11.2000","0.1500","40.8957","45.39143509","-75.69651262","41.1","13.2","-98.6","40","30","47","1","3","0.10","0.16","-0.97","2.3","-2.0","11.4","82.33","100.06","7786","6553.5","732.7","0","0","0","0","66.0","732.8","32.5","30.0","5.20","-4.3","0.0","3.542","0.439","16.28","12.7","0.81","0"
"51.850","45.5080","14","0.2680","0.0698","0.8103","161.2315","12.0488","32.9892","11.2000","0.1500","60.1124","45.39142966","-75.69651000","41.1","13.2","-98.6","39","29","47","1","3","0.01","0.29","-1.02","1.0","-2.1","8.8","82.58","100.81","7868","6553.5","733.9","0","0","0","0","66.5","733.9","32.5","30.0","4.70","-4.3","0.0","3.588","0.461","17.12","12.7","0.82","0"
"51.900","45.5680","14","0.1820","0.0784","0.7809","161.4425","8.1607","32.9842","11.2000","0.1469","88.8696","45.39142426","-75.69650748","41.1","13.2","-98.6","40","30","48","1","3","-0.04","0.32","-0.92","-0.1","-1.7","7.6","82.83","100.80","7905","6553.5","735.0","0","0","0","0","67.0","735.0","32.5","30.0","4.56","-4.3","0.0","3.523","0.470","17.81","12.8","0.83","0"
"51.950","45.4831","14","0.1183","0.0961","0.7535","161.7717","5.2889","32.9769","11.2000","0.1419","136.8686","45.39141888","-75.69650503","41.1","13.2","-98.6","39","31","48","1","3","0.15","0.28","-0.92","-1.0","-1.6","7.0","83.08","100.63","7881","6553.5","736.6","0","0","0","0","66.0","736.6","32.5","30.0","4.99","-4.3","0.0","3.389","0.460","18.31","12.8","0.83","0"
"52.000","45.6933","14","0.0824","0.1139","0.7323","162.2319","3.6716","32.9737","11.2000","0.1400","198.0683","45.39141338","-75.69650262","41.1","13.2","-98.6","39","30","46","1","3","0.21","0.19","-1.02","-1.5","-1.7","6.8","83.34","100.45","7923","6553.5","738.2","0","0","0","0","65.0","738.2","32.5","30.0","5.32","-4.3","-0.0","3.345","0.454","18.74","12.8","0.84","0"
"52.050","46.0846","14","0.0636","0.1318","0.7150","162.7724","2.8232","32.9729","11.2000","0.1400","259.7948","45.39140782","-75.69650023","41.1","13.2","-98.6","39","29","45","1","3","0.12","0.10","-1.06","-1.5","-1.2","6.6","83.59","100.07","8004","6553.5","738.8","0","0","0","0","65.0","738.8","32.4","30.0","5.45","-4.3","-0.0","3.322","0.452","19.13","12.8","0.84","0"
"52.100","46.3497","14","0.0275","0.1421","0.6979","163.0813","1.2223","32.9720","11.2000","0.1431","603.5183","45.39140221","-75.69649785","41.1","13.2","-98.6","39","31","47","1","3","0.17","0.13","-0.97","-0.9","-0.5","5.7","83.84","99.93","8068","6553.5","739.4","0","0","0","0","65.0","739.4","32.4","30.0","5.57","-4.3","-0.0","3.340","0.450","19.43","12.8","0.85","0"
"52.150","46.5376","14","-0.0193","0.1477","0.6812","163.2482","-0.8399","32.9711","11.2000","0.1481","881.9032","45.39139658","-75.69649547","41.1","13.2","-98.6","38","31","49","1","3","0.20","-0.09","-0.83","-0.1","-0.8","3.4","84.07","99.85","8126","6553.5","740.0","0","0","0","0","64.5","740.0","32.5","30.0","5.64","-4.3","-0.1","3.356","0.449","19.70","12.8","0.84","0"
"52.200","46.8402","14","-0.0673","0.1426","0.6662","163.0365","-2.9239","32.9717","11.2000","0.1500","254.9657","45.39139094","-75.69649299","41.1","13.2","-98.6","38","30","48","1","3","0.01","-0.17","-0.96","0.9","-1.6","-0.2","84.27","99.77","8140","6553.5","740.6","0","0","0","0","64.0","740.7","32.5","30.0","5.67","-4.3","-0.0","3.371","0.472","19.93","12.8","0.83","0"
"52.250","47.2130","14","-0.1159","0.1311","0.6523","162.5927","-5.0213","32.9734","11.2000","0.1500","149.6470","45.39138529","-75.69649043","41.1","13.2","-98.6","38","29","48","1","3","-0.01","-0.23","-1.07","1.7","-1.7","-4.3","84.47","98.64","8161","6553.5","741.1","0","0","0","0","65.9","741.1","32.5","30.0","5.62","-4.3","0.0","3.402","0.484","20.15","12.8","0.83","0"
"52.300","47.4812","14","-0.1723","0.1346","0.6509","161.8076","-7.4263","32.9742","11.2000","0.1500","101.7581","45.39137968","-75.69648761","41.1","13.2","-98.6","37","28","48","1","3","0.02","-0.43","-1.06","1.9","-1.1","-8.5","84.66","98.99","8209","6553.5","741.6","0","0","0","0","67.9","741.6","32.5","30.0","5.61","-4.3","0.0","3.457","0.462","20.37","12.7","0.82","0"
"52.350","47.6854","14","-0.2334","0.1474","0.6571","160.8135","-10.0199","32.9744","11.2000","0.1500","75.7429","45.39137411","-75.69648463","41.1","13.2","-98.6","36","29","49","1","3","0.17","-0.40","-0.91","1.4","-0.7","-11.9","84.86","99.75","8240","6553.5","742.0","0","0","0","0","68.0","742.0","32.5","30.0","5.67","-4.3","-0.0","3.491","0.449","20.62","12.7","0.82","0"
"52.400","47.8634","14","-0.2814","0.1551","0.6323","159.8236","-12.0208","32.9725","11.2000","0.1500","63.3709","45.39136855","-75.69648148","41.1","13.2","-98.6","36","29","51","1","3","0.25","-0.41","-0.81","0.5","-1.2","-13.4","85.06","100.49","8246","6553.5","742.4","0","0","0","0","68.0","742.4","32.4","30.0","5.70","-4.3","0.0","3.512","0.449","20.89","12.7","0.82","0"
"52.450","48.0252","14","-0.3214","0.1597","0.5884","158.8364","-13.6584","32.9694","11.2000","0.1500","55.9614","45.39136301","-75.69647822","41.1","13.2","-98.6","37","31","51","1","3","0.20","-0.28","-0.83","-0.5","-2.1","-12.8","85.25","100.87","8304","6553.5","743.0","0","0","0","0","68.5","743.0","32.4","30.0","5.72","-4.3","0.0","3.460","0.456","21.14","12.7","0.82","0"
"52.500","48.2668","14","-0.3340","0.1549","0.5322","158.3810","-14.1184","32.9532","11.2000","0.1500","54.4104","45.39135738","-75.69647495","41.1","13.2","-98.6","37","30","50","1","3","0.17","-0.28","-0.88","-1.3","-3.0","-10.8","85.45","100.94","8392","6553.5","743.6","0","0","0","0","69.0","743.6","32.4","30.0","5.69","-4.3","0.0","3.394","0.466","21.36","12.7","0.81","0"
"52.550","48.5571","14","-0.3297","0.1445","0.4683","158.2515","-13.8566","32.9288","11.2000","0.1500","55.7718","45.39135171","-75.69647168","41.1","13.2","-98.6","38","30","49","1","3","0.19","-0.16","-0.97","-1.8","-3.3","-8.4","85.65","100.78","8444","6553.5","744.0","0","0","0","0","69.0","744.0","32.4","30.0","5.60","-4.3","0.0","3.401","0.463","21.57","12.7","0.81","0"
"52.600","48.8570","14","-0.3201","0.1484","0.4327","158.0739","-13.3875","32.9163","11.2000","0.1469","58.0829","45.39134601","-75.69646836","41.1","13.2","-98.6","38","29","49","1","3","0.16","-0.16","-1.04","-2.0","-3.0","-7.2","85.84","100.59","8487","6553.5","744.4","0","0","0","0","69.0","744.4","32.4","30.0","5.55","-4.3","0.0","3.403","0.456","21.78","12.8","0.81","0"
"52.650","49.1627","14","-0.3074","0.1612","0.4146","157.8668","-12.7912","32.9111","11.2000","0.1419","61.1709","45.39134029","-75.69646501","41.1","13.2","-98.6","38","27","49","1","3","0.11","-0.24","-0.99","-1.9","-2.0","-7.6","86.04","100.47","8529","6553.5","744.5","0","0","0","0","69.5","744.5","32.4","30.0","5.54","-4.3","0.0","3.348","0.463","21.90","12.7","0.81","0"
"52.700","49.4661","14","-0.3078","0.1624","0.4020","157.2239","-12.7324","32.9114","11.2000","0.1400","61.8327","45.39133460","-75.69646142","41.1","13.2","-98.6","38","28","49","1","3","0.10","-0.43","-0.89","-1.6","-0.7","-9.8","86.24","100.56","8572","6553.5","744.6","0","0","0","0","70.0","744.6","32.4","30.0","5.59","-4.3","-0.0","3.334","0.470","22.01","12.7","0.81","0"
"52.750","49.7679","14","-0.3162","0.1564","0.3927","156.3139","-13.0029","32.9150","11.2000","0.1400","60.9155","45.39132893","-75.69645769","41.1","13.2","-98.6","36","28","51","1","3","0.20","-0.64","-0.91","-1.5","0.1","-13.1","86.43","100.55","8634","6553.5","744.9","0","0","0","0","69.5","744.9","32.4","30.0","5.68","-4.3","0.0","3.433","0.455","22.12","12.8","0.81","0"
"52.800","50.1237","14","-0.3349","0.1622","0.3701","155.1762","-13.6923","32.9070","11.1690","0.1400","58.2622","45.39132329","-75.69645367","41.1","13.2","-98.6","35","29","51","1","3","0.19","-0.49","-1.02","-1.4","0.3","-16.2","86.63","100.15","8699","6553.5","745.2","0","0","0","0","69.0","745.2","32.4","30.0","5.75","-4.3","0.1","3.488","0.449","22.22","12.8","0.82","0"
"52.850","50.5125","14","-0.3599","0.1752","0.3393","153.8990","-14.6384","32.8917","11.1190","0.1400","54.9196","45.39131766","-75.69644948","41.1","13.2","-98.6","36","27","51","1","3","0.14","-0.50","-1.11","-1.9","0.5","-17.9","86.82","99.80","8775","6553.5","745.2","0","0","0","0","69.0","745.2","32.4","30.0","5.78","-4.3","0.1","3.417","0.462","22.27","12.7","0.82","0"
"52.900","50.7504","14","-0.3879","0.1835","0.3041","152.8568","-15.6835","32.8788","11.1000","0.1400","51.5010","45.39131210","-75.69644513","41.1","13.2","-98.6","36","28","51","1","3","0.30","-0.25","-1.08","-2.4","0.7","-17.4","87.02","101.37","8847","6553.5","745.1","0","0","0","0","69.0","745.1","32.4","30.0","5.81","-4.3","0.1","3.410","0.449","22.33","12.7","0.83","0"
"52.950","50.8958","14","-0.4178","0.1889","0.2662","151.9587","-16.7895","32.8673","11.1000","0.1400","48.2463","45.39130656","-75.69644066","41.1","13.1","-98.6","36","28","49","1","3","0.31","-0.05","-0.95","-2.8","0.6","-15.0","87.22","101.65","8915","6553.5","745.5","0","0","0","0","69.0","745.6","32.4","30.0","5.84","-4.3","0.1","3.586","0.407","22.38","12.8","0.83","0"
"53.000","51.1284","14","-0.4254","0.1926","0.2419","151.3846","-16.9925","32.8563","11.1000","0.1400","47.8877","45.39130099","-75.69643617","41.1","13.1","-98.6","36","31","50","1","3","0.29","-0.09","-0.77","-2.7","-0.1","-12.1","87.41","101.21","8949","6553.5","746.0","0","0","0","0","69.0","746.0","32.4","30.0","5.80","-4.3","0.1","3.676","0.389","22.44","12.9","0.83","0"
"53.050","51.4144","14","-0.4193","0.1952","0.2260","151.0092","-16.6421","32.8455","11.1000","0.1400","49.1695","45.39129538","-75.69643165","41.1","13.1","-98.6","37","31","49","1","3","0.24","-0.20","-0.82","-1.8","-1.0","-10.0","87.61","100.68","8967","6553.5","746.0","0","0","0","0","69.0","746.1","32.4","30.0","5.68","-4.3","0.0","3.524","0.381","22.49","12.8","0.83","0"
"53.100","51.8969","14","-0.3805","0.1960","0.1939","150.5874","-15.0184","32.8308","11.1000","0.1400","54.9969","45.39128970","-75.69642695","41.1","13.1","-98.6","37","28","49","1","3","0.21","-0.30","-0.97","-1.0","-1.1","-9.3","87.81","100.14","9029","6553.5","746.1","0","0","0","0","69.0","746.1","32.4","30.0","5.53","-4.3","-0.0","3.443","0.380","22.50","12.8","0.84","0"
"53.150","52.4997","14","-0.3217","0.1956","0.1521","150.1371","-12.6142","32.8137","11.1000","0.1400","66.2396","45.39128396","-75.69642213","41.1","13.1","-98.6","37","28","49","1","3","0.29","-0.31","-1.23","-0.3","-0.3","-9.5","88.00","100.00","9098","6553.5","746.0","0","0","0","0","69.0","746.0","32.4","30.0","5.34","-4.3","-0.0","3.565","0.381","22.50","12.7","0.84","0"
"53.200","52.8218","14","-0.2755","0.1950","0.1296","149.5478","-10.7321","32.8070","11.1000","0.1400","78.3337","45.39127828","-75.69641719","41.1","13.1","-98.6","35","28","49","1","3","0.30","-0.34","-1.25","0.0","0.1","-9.7","88.11","99.85","9171","6553.5","745.8","0","0","0","0","69.0","745.8","32.4","30.0","5.38","-4.3","-0.0","3.617","0.395","22.56","12.7","0.83","0"
"53.250","52.9717","14","-0.2369","0.1943","0.1189","148.8732","-9.1700","32.8068","11.1000","0.1400","91.9381","45.39127265","-75.69641219","41.1","13.1","-98.6","35","30","49","1","3","0.30","-0.26","-0.98","0.2","-0.3","-9.7","88.07","99.65","9241","6553.5","746.1","0","0","0","0","69.0","746.2","32.4","30.0","5.69","-4.3","0.0","3.466","0.396","22.60","12.7","0.84","0"
"53.300","53.3015","14","-0.2269","0.1954","0.0953","148.3036","-8.7173","32.7978","11.1000","0.1400","97.3146","45.39126697","-75.69640701","41.1","13.1","-98.6","36","29","48","1","3","0.22","-0.35","-0.86","0.3","-0.7","-9.7","88.03","100.03","9305","6553.5","746.5","0","0","0","0","69.0","746.5","32.4","30.0","5.87","-4.3","0.0","3.372","0.362","22.60","12.7","0.86","0"
"53.350","53.7415","14","-0.2344","0.1975","0.0638","147.7985","-8.9446","32.7836","11.1000","0.1400","95.6249","45.39126127","-75.69640172","41.1","13.1","-98.6","37","29","48","1","3","-0.09","-0.34","-1.06","0.2","-0.1","-9.7","87.98","100.71","9354","6553.5","746.1","0","0","0","0","69.0","746.1","32.4","30.0","5.88","-4.3","0.0","3.421","0.348","22.60","12.7","0.85","0"
"53.400","54.0641","14","-0.2500","0.1986","0.0475","147.2829","-9.4779","32.7727","11.1000","0.1400","90.7860","45.39125562","-75.69639635","41.1","13.1","-98.6","36","29","48","1","3","-0.00","-0.41","-1.05","0.1","0.6","-9.5","87.94","100.71","9387","6553.5","745.7","0","0","0","0","69.0","745.7","32.4","30.0","5.88","-4.3","0.1","3.436","0.357","22.60","12.7","0.84","0"
"53.450","54.3147","14","-0.2708","0.1991","0.0406","146.7611","-10.1987","32.7638","11.1000","0.1400","84.7601","45.39125000","-75.69639093","41.1","13.1","-98.6","36","29","48","1","3","0.24","-0.35","-0.84","-0.1","0.6","-8.9","87.90","101.09","9428","6553.5","746.3","0","0","0","0","69.0","746.3","32.4","30.0","5.87","-4.3","0.1","3.416","0.366","22.64","12.6","0.84","0"
"53.500","54.6420","14","-0.2732","0.1886","0.0293","146.3338","-10.2284","32.7565","11.1000","0.1400","85.0235","45.39124433","-75.69638540","41.1","13.1","-98.6","37","29","48","1","3","0.38","-0.09","-0.85","-0.3","0.3","-8.0","87.86","101.99","9472","6553.5","746.9","0","0","0","0","69.0","746.9","32.3","30.0","5.85","-4.3","0.1","3.412","0.374","22.69","12.6","0.83","0"
"53.550","55.0164","14","-0.2643","0.1714","0.0151","145.9645","-9.8345","32.7501","11.1000","0.1400","89.0352","45.39123862","-75.69637980","41.1","13.1","-98.6","37","28","48","1","3","0.32","-0.07","-1.10","-0.4","0.4","-6.9","87.82","102.86","9541","6553.5","746.5","0","0","0","0","69.0","746.5","32.3","30.0","5.81","-4.3","0.1","3.415","0.350","22.65","12.7","0.83","0"
"53.600","55.2971","14","-0.2357","0.1637","0.0090","145.5861","-8.7238","32.7427","11.1000","0.1400","100.8826","45.39123292","-75.69637412","41.1","13.1","-98.6","37","29","49","1","3","0.18","-0.13","-1.10","-0.5","0.6","-6.2","87.78","101.66","9610","6553.5","746.0","0","0","0","0","69.0","746.0","32.4","30.0","5.83","-4.3","0.1","3.476","0.323","22.60","12.7","0.82","0"
"53.650","55.5203","14","-0.1948","0.1619","0.0078","145.2021","-7.1739","32.7347","11.1000","0.1400","123.1740","45.39122723","-75.69636839","41.1","13.1","-98.6","37","30","48","1","3","0.13","-0.05","-0.98","-0.5","0.5","-5.7","87.73","101.57","9637","6553.5","745.7","0","0","0","0","69.5","745.7","32.4","30.0","5.91","-4.3","0.1","3.537","0.328","22.54","12.6","0.82","0"
"53.700","55.8113","14","-0.1460","0.1657","-0.0021","144.9373","-5.3555","32.7276","11.1000","0.1400","165.8604","45.39122149","-75.69636258","41.1","13.1","-98.7","37","28","47","1","3","0.12","-0.00","-1.05","-0.6","0.6","-5.3","87.69","101.76","9669","6553.5","745.4","0","0","0","0","70.0","745.4","32.4","30.0","5.97","-4.3","0.1","3.519","0.329","22.50","12.6","0.82","0"
"53.750","56.1438","14","-0.0924","0.1730","-0.0174","144.7456","-3.3726","32.7211","11.1000","0.1400","264.9453","45.39121572","-75.69635674","41.1","13.1","-98.6","37","29","47","1","3","0.20","0.10","-0.99","-0.8","1.2","-4.3","87.65","101.87","9715","6553.5","746.3","0","0","0","0","70.0","746.3","32.4","30.0","6.01","-4.3","0.2","3.496","0.318","22.50","12.7","0.82","0"
"53.800","56.4045","14","-0.0262","0.1626","-0.0243","144.7293","-0.9638","32.7162","11.1000","0.1400","931.3923","45.39120993","-75.69635095","41.1","13.1","-98.6","37","30","46","1","3","0.21","0.13","-0.96","-0.9","1.5","-2.2","87.61","101.70","9761","6553.5","747.3","0","0","0","0","70.0","747.3","32.4","30.0","6.05","-4.3","0.3","3.463","0.321","22.47","12.8","0.81","0"
"53.850","56.6213","14","0.0477","0.1412","-0.0259","144.8205","1.7060","32.7123","11.1000","0.1400","528.2375","45.39120414","-75.69634518","41.1","13.1","-98.6","37","30","46","1","3","0.23","0.23","-1.06","-1.2","1.1","0.5","87.57","102.83","9808","6553.5","747.8","0","0","0","0","70.5","747.8","32.4","30.0","6.09","-4.3","0.3","3.460","0.339","22.42","12.7","0.81","0"
"53.900","56.9026","14","0.1426","0.1280","-0.0238","145.1042","5.0974","32.7081","11.1000","0.1400","177.6658","45.39119823","-75.69633945","41.1","13.1","-98.6","39","31","46","1","3","0.21","0.30","-1.05","-1.4","0.4","3.6","87.53","104.33","9829","6553.5","748.3","0","0","0","0","71.0","748.3","32.4","30.0","6.08","-4.3","0.2","3.488","0.329","22.40","12.7","0.82","0"
"53.950","57.2233","14","0.2505","0.1198","-0.0192","145.5060","8.9311","32.7037","11.1000","0.1400","101.9737","45.39119225","-75.69633373","41.1","13.1","-98.6","39","31","45","1","3","0.02","0.54","-1.00","-1.3","-0.0","7.1","87.48","105.82","9838","6553.5","748.1","0","0","0","0","71.0","748.0","32.3","30.0","5.99","-4.3","0.2","3.469","0.306","22.40","12.7","0.81","0"
"54.000","57.3674","14","0.3405","0.1099","-0.0175","146.2892","12.1029","32.7006","11.1000","0.1400","75.4388","45.39118618","-75.69632824","41.1","13.1","-98.6","40","32","45","1","3","-0.04","0.68","-1.01","-1.2","-0.0","10.5","87.44","104.51","9868","6553.5","747.8","0","0","0","0","71.0","747.8","32.3","30.0","5.94","-4.3","0.2","3.428","0.316","22.35","12.7","0.79","0"
"54.050","57.4032","14","0.4197","0.0988","-0.0176","147.3063","14.8691","32.6983","11.1000","0.1400","61.4429","45.39118005","-75.69632290","41.1","13.1","-98.6","41","33","45","1","3","-0.11","0.66","-0.86","-0.9","-0.3","13.2","87.40","104.44","9899","6553.5","748.6","0","0","0","0","71.0","748.6","32.3","30.0","5.94","-4.3","0.2","3.450","0.328","22.29","12.6","0.79","0"
"54.100","57.4971","14","0.4376","0.0937","-0.0080","148.2796","15.4678","32.6985","11.1000","0.1400","59.1612","45.39117382","-75.69631771","41.1","13.1","-98.6","41","33","45","1","3","-0.06","0.39","-1.05","-0.8","-0.5","14.8","87.36","104.83","9917","6553.5","749.4","0","0","0","0","71.0","749.4","32.3","30.0","5.94","-4.3","0.2","3.480","0.310","22.12","12.6","0.78","0"
"54.150","57.6267","14","0.4181","0.0922","0.0074","149.2260","14.7381","32.7001","11.1000","0.1400","62.2302","45.39116752","-75.69631261","41.1","13.1","-98.6","42","32","44","1","3","-0.05","0.40","-1.17","-0.6","0.0","14.7","87.32","105.13","9922","6553.5","749.4","0","0","0","0","71.0","749.3","32.3","30.0","5.96","-4.3","0.2","3.509","0.290","21.86","12.6","0.77","0"
"54.200","57.7022","14","0.3192","0.0770","0.0098","149.9452","11.2333","32.7006","11.1000","0.1431","81.7529","45.39116120","-75.69630760","41.1","13.1","-98.6","41","31","43","1","3","-0.09","0.25","-1.23","0.6","1.1","11.9","87.28","104.94","9893","6553.5","749.3","0","0","0","0","71.0","749.3","32.3","30.0","5.95","-4.3","0.2","3.490","0.268","21.36","12.6","0.76","0"
"54.250","57.7446","14","0.1716","0.0533","0.0042","150.5251","6.0277","32.7003","11.1000","0.1481","152.4685","45.39115486","-75.69630265","41.1","13.1","-98.6","36","28","46","1","3","-0.01","-0.03","-1.11","2.5","1.7","6.1","87.17","104.90","9821","6553.5","749.4","0","0","0","0","70.5","749.4","32.3","30.0","5.91","-4.3","0.2","3.349","0.262","20.38","12.6","0.76","0"
"54.300","57.9055","14","-0.0175","0.0267","0.0132","150.1784","-0.6006","32.7064","11.1000","0.1500","1534.4005","45.39114862","-75.69629739","41.1","13.1","-98.6","36","27","48","1","3","0.11","-0.49","-0.99","4.6","1.1","-2.4","86.97","105.25","9702","6553.5","749.5","0","0","0","0","70.0","749.5","32.3","30.0","5.90","-4.3","0.2","3.272","0.271","18.88","12.6","0.75","0"
"54.350","58.1389","14","-0.2320","-0.0017","0.0311","149.2638","-8.1009","32.7162","11.1000","0.1500","114.2230","45.39114245","-75.69629196","41.1","13.1","-98.6","35","27","50","1","3","-0.02","-1.03","-0.95","5.9","-0.1","-12.3","86.77","105.69","9628","6553.5","749.4","0","0","0","0","70.5","749.3","32.3","30.0","5.92","-4.3","0.3","3.264","0.272","17.98","12.7","0.75","0"
"54.400","58.0598","14","-0.4276","-0.0335","0.0531","147.7006","-14.9417","32.7231","11.1000","0.1500","61.8436","45.39113658","-75.69628607","41.1","13.1","-98.6","36","26","51","1","3","-0.26","-1.27","-1.03","6.3","-0.7","-22.1","86.57","106.12","9575","6553.5","749.2","0","0","0","0","71.0","749.2","32.3","30.0","5.95","-4.3","0.4","3.243","0.269","17.37","12.7","0.76","0"
"54.450","57.7892","14","-0.6114","-0.0675","0.0775","145.7398","-21.3784","32.7283","11.1000","0.1500","43.0221","45.39113089","-75.69627990","41.1","13.1","-98.6","36","27","52","1","3","-0.27","-1.15","-1.04","6.0","-0.6","-29.3","86.36","106.20","9567","6553.5","749.4","0","0","0","0","71.5","749.5","32.3","30.0","5.97","-4.3","0.6","3.215","0.237","16.52","12.7","0.75","0"
"54.500","57.5106","14","-0.7169","-0.0961","0.1087","144.1722","-25.1228","32.7369","11.1000","0.1469","36.4334","45.39112529","-75.69627363","41.1","13.1","-98.6","35","27","53","1","3","-0.03","-0.92","-0.95","4.7","-0.9","-31.3","86.16","109.57","9549","6553.5","749.7","0","0","0","0","72.0","749.7","32.3","30.0","5.98","-4.3","1.0","3.452","0.205","15.57","12.7","0.73","0"
"54.550","57.2272","14","-0.7745","-0.1216","0.1440","142.8457","-27.2172","32.7477","11.1000","0.1419","33.4641","45.39111975","-75.69626731","41.1","13.1","-98.6","35","25","50","1","3","-0.07","-0.56","-0.98","2.5","-1.6","-27.8","85.96","117.70","9355","6553.5","744.5","0","0","0","0","71.5","744.4","32.3","30.0","5.97","-4.3","1.0","3.678","0.226","13.96","12.7","0.75","0"
"54.600","56.7919","14","-0.7248","-0.1606","0.1436","141.8556","-25.5512","32.7474","11.1000","0.1400","35.3749","45.39111435","-75.69626097","41.1","13.1","-98.6","38","25","46","1","3","-0.21","-0.35","-1.23","-0.2","-1.8","-20.1","85.76","126.72","9227","6553.5","739.2","0","0","0","0","71.0","739.1","32.3","30.0","5.87","-4.3","0.8","3.372","0.239","12.60","12.7","0.77","0"
"54.650","56.2637","14","-0.6094","-0.2079","0.1213","141.0716","-21.5806","32.7405","11.1000","0.1400","41.4940","45.39110903","-75.69625461","41.1","13.1","-98.6","39","26","45","1","3","-0.31","-0.13","-1.26","-2.4","-1.2","-10.8","85.55","131.74","9271","6553.5","735.7","0","0","0","0","71.5","735.6","32.3","30.0","5.64","-4.3","0.7","3.149","0.227","11.88","12.7","0.84","0"
"54.700","55.6403","14","-0.4316","-0.2512","0.1389","140.8831","-15.3371","32.7443","11.1000","0.1400","57.7388","45.39110373","-75.69624844","41.1","13.1","-98.6","39","28","44","1","3","-0.21","-0.03","-0.93","-3.4","-0.3","-2.3","85.35","122.61","9254","6553.5","732.2","0","0","0","0","72.0","732.1","32.3","30.0","5.41","-4.3","0.7","3.136","0.224","11.31","12.7","0.92","0"
"54.750","54.9586","14","-0.2156","-0.2921","0.1808","141.0594","-7.7005","32.7547","11.1000","0.1400","113.5892","45.39109845","-75.69624238","41.1","13.1","-98.6","40","28","43","1","3","-0.26","0.28","-0.85","-2.7","0.7","4.0","85.15","120.42","9170","6553.5","731.7","0","0","0","0","72.0","731.7","32.3","30.0","5.18","-4.3","0.7","3.277","0.231","10.92","12.8","0.89","0"
"54.800","54.4473","14","0.0048","-0.3196","0.2055","141.5314","0.2558","32.7602","11.1000","0.1400","3387.9285","45.39109313","-75.69623652","41.1","13.1","-98.6","41","30","43","1","3","-0.23","0.48","-1.00","-1.2","1.1","7.7","84.95","119.95","9084","6553.5","731.3","0","0","0","0","72.0","731.3","32.3","30.0","5.06","-4.3","0.8","3.582","0.219","10.31","12.8","0.86","0"
"54.850","54.0403","14","0.2280","-0.3390","0.2195","142.1846","8.4080","32.7626","11.1000","0.1400","102.2928","45.39108779","-75.69623079","41.1","13.1","-98.6","41","32","43","1","3","-0.26","0.37","-1.06","0.6","0.7","9.6","84.74","119.55","8998","6553.5","729.5","0","0","0","0","72.0","729.5","32.3","30.0","5.08","-4.3","1.0","3.672","0.198","9.59","12.8","0.85","0"
"54.900","53.6052","14","0.3783","-0.3306","0.2247","142.9475","14.0461","32.7665","11.1000","0.1400","60.7395","45.39108244","-75.69622526","41.1","13.1","-98.6","41","31","44","1","3","-0.20","0.31","-1.13","1.8","0.0","11.0","84.54","119.55","8903","6553.5","727.7","0","0","0","0","72.0","727.7","32.3","30.0","5.14","-4.3","1.3","3.661","0.205","8.67","12.8","0.84","0"
"54.950","53.1527","14","0.4839","-0.3050","0.2244","143.7775","18.1433","32.7714","11.1000","0.1400","46.6262","45.39107708","-75.69621987","41.1","13.1","-98.6","41","30","43","1","3","-0.30","0.33","-1.21","1.9","-0.3","12.4","84.34","133.34","8807","6553.5","724.8","0","0","0","0","72.0","724.8","32.3","30.0","5.23","-4.3","1.7","3.465","0.216","7.77","12.6","0.85","0"
"55.000","52.6333","14","0.5214","-0.2868","0.2371","144.5926","19.7213","32.7772","11.1000","0.1400","42.4761","45.39107171","-75.69621472","41.1","13.1","-98.6","41","29","43","1","3","-0.45","0.43","-1.11","1.3","-0.3","13.8","84.14","146.12","8714","6553.5","721.9","0","0","0","0","72.0","721.8","32.3","30.0","5.33","-4.3","2.2","3.255","0.210","7.38","12.5","0.87","0"
"55.050","52.0729","14","0.5172","-0.2730","0.2577","145.3985","19.7555","32.7837","11.1000","0.1400","41.9512","45.39106633","-75.69620973","41.1","13.1","-98.6","42","30","44","1","3","-0.31","0.48","-0.97","0.4","-0.5","14.9","83.93","158.51","8621","6553.5","719.7","0","0","0","0","72.0","719.7","32.3","30.0","5.41","-4.3","2.7","3.167","0.207","7.05","12.6","0.90","0"
"55.100","51.5167","14","0.4937","-0.2584","0.2757","146.3029","19.0306","32.7901","11.1000","0.1431","43.0840","45.39106095","-75.69620490","41.1","13.1","-98.6","42","30","43","1","3","-0.30","0.46","-0.99","-0.4","-0.6","15.3","83.73","170.90","8528","6553.5","717.6","0","0","0","0","72.0","717.6","32.3","30.0","5.49","-4.3","2.9","3.204","0.212","6.89","12.7","0.93","0"
"55.150","50.9630","14","0.4585","-0.2431","0.2921","147.2677","17.8405","32.7965","11.1000","0.1481","45.4641","45.39105558","-75.69620017","41.1","13.1","-98.6","42","28","44","1","3","-0.32","0.38","-1.00","-0.6","-0.1","14.6","83.53","272.24","8469","6553.5","716.8","0","0","0","0","72.0","716.8","32.3","30.0","5.56","-4.3","3.0","3.561","0.219","6.77","12.7","0.92","0"
"55.200","50.4992","14","0.3945","-0.2376","0.3212","148.0390","15.4658","32.8051","11.1000","0.1500","51.9675","45.39105022","-75.69619561","41.1","13.1","-98.6","42","30","46","1","3","-0.15","0.09","-0.80","-0.4","0.4","12.4","83.33","299.60","8447","6553.5","715.9","0","0","0","0","72.0","715.9","32.3","30.0","5.58","-4.3","2.9","3.603","0.228","6.72","12.7","0.90","0"
"55.250","50.0904","14","0.3128","-0.2380","0.3581","148.6917","12.3651","32.8149","11.1000","0.1500","64.4728","45.39104488","-75.69619114","41.1","13.1","-98.6","40","29","46","1","3","-0.14","-0.08","-0.66","-0.1","-0.2","9.3","83.13","315.81","8381","6553.5","717.6","0","0","0","0","72.0","717.6","32.3","30.0","5.53","-4.3","2.9","3.303","0.233","6.66","12.8","0.87","0"
"55.300","49.7725","14","0.2240","-0.2381","0.3619","149.0162","8.9143","32.8206","11.1000","0.1500","88.8632","45.39103958","-75.69618666","41.1","13.1","-98.6","41","29","45","1","3","-0.20","-0.08","-0.77","0.5","-1.1","6.2","83.31","319.66","8295","6553.5","719.3","0","0","0","0","72.0","719.3","32.3","30.0","5.49","-4.3","3.0","3.277","0.237","6.61","12.8","0.84","0"
"55.350","49.5103","14","0.1310","-0.2378","0.3455","149.1394","5.2489","32.8237","11.1000","0.1500","150.1228","45.39103429","-75.69618216","41.1","13.1","-98.6","40","27","45","1","3","-0.14","-0.24","-0.78","1.2","-1.0","3.3","84.12","314.71","8246","6553.5","719.6","0","0","0","0","72.0","719.7","32.3","30.0","5.45","-4.3","3.6","3.379","0.222","6.55","12.7","0.83","0"
"55.400","49.1040","14","0.0270","-0.2294","0.3542","149.0501","1.0592","32.8307","11.1000","0.1500","737.8560","45.39102910","-75.69617769","41.1","13.1","-98.6","39","29","46","1","3","-0.14","-0.36","-0.73","1.8","-0.6","0.1","84.93","322.42","8197","6553.5","720.0","0","0","0","0","72.0","720.0","32.3","30.0","5.49","-4.3","4.9","3.471","0.208","6.50","12.7","0.81","0"
"55.450","48.6094","14","-0.0835","-0.2159","0.3783","148.8304","-3.4519","32.8402","11.1000","0.1500","224.1178","45.39102395","-75.69617324","41.1","13.1","-98.6","38","27","46","1","3","-0.12","-0.52","-0.83","2.1","-0.9","-3.8","85.74","194.98","8087","6553.5","720.1","0","0","0","0","72.0","720.2","32.3","30.0","5.60","-4.3","5.4","3.552","0.227","6.50","12.8","0.81","0"
"55.500","48.2203","14","-0.1970","-0.2151","0.3949","148.1441","-8.1724","32.8475","11.1000","0.1500","93.9079","45.39101898","-75.69616862","41.1","13.1","-98.7","39","26","47","1","3","-0.14","-0.63","-0.93","2.1","-1.6","-7.9","86.55","-87.93","7984","6553.5","720.3","0","0","0","0","72.0","720.3","32.3","30.0","5.67","-4.3","5.3","3.532","0.241","6.48","12.9","0.82","0"
"55.550","47.8959","14","-0.3123","-0.2220","0.4071","147.1717","-13.0211","32.8534","11.1000","0.1500","58.5426","45.39101412","-75.69616389","41.1","13.1","-98.7","38","26","48","1","3","-0.18","-0.61","-0.90","1.9","-2.0","-11.7","87.36","-370.83","7902","6553.5","719.2","0","0","0","0","72.0","719.2","32.3","30.0","5.67","-4.3","5.2","3.471","0.244","6.43","12.7","0.83","0"
"55.600","47.4486","14","-0.4224","-0.2371","0.4046","146.1629","-17.7598","32.8581","11.1000","0.1500","42.5212","45.39100939","-75.69615908","41.1","13.1","-98.6","38","26","48","1","3","-0.25","-0.61","-0.84","1.9","-2.0","-14.5","88.16","-429.01","7817","6553.5","718.0","0","0","0","0","72.0","718.0","32.3","30.0","5.63","-4.3","5.2","3.304","0.246","6.37","12.6","0.84","0"
"55.650","46.9258","14","-0.5295","-0.2572","0.3932","145.1317","-22.4311","32.8619","11.1000","0.1500","33.2953","45.39100475","-75.69615422","41.1","13.1","-98.6","37","27","48","1","3","-0.07","-0.68","-0.92","2.3","-1.7","-16.7","88.97","-438.78","7726","6553.5","718.0","0","0","0","0","72.0","718.0","32.3","30.0","5.52","-4.3","6.4","3.260","0.248","6.32","12.7","0.85","0"
"55.700","46.4139","14","-0.6087","-0.2761","0.4038","143.8960","-26.0347","32.8658","11.1000","0.1469","28.3737","45.39100030","-75.69614919","41.1","13.1","-98.6","37","27","47","1","3","-0.14","-0.71","-0.94","2.7","-1.5","-19.0","89.78","-438.78","7632","6553.5","718.0","0","0","0","0","72.0","718.0","32.3","30.0","5.35","-4.3","7.5","3.350","0.258","6.30","12.8","0.86","0"
"55.750","45.9086","14","-0.6709","-0.2942","0.4280","142.5349","-28.9839","32.8696","11.1000","0.1419","25.2091","45.39099597","-75.69614406","41.1","13.1","-98.6","37","25","48","1","3","-0.23","-0.66","-1.02","3.0","-1.3","-22.0","90.59","-302.63","7537","6553.5","717.6","0","0","0","0","72.0","717.6","32.3","30.0","5.12","-4.3","8.2","3.447","0.271","6.30","12.7","0.85","0"
"55.800","45.2309","14","-0.7071","-0.3059","0.4471","140.7767","-30.8942","32.8747","11.1000","0.1400","23.3012","45.39099191","-75.69613881","41.1","13.1","-98.6","37","24","47","1","3","-0.07","-0.68","-1.19","3.2","-0.5","-25.3","91.40","-122.48","7462","6553.5","717.2","0","0","0","0","72.0","717.2","32.3","30.0","4.92","-4.3","8.6","3.546","0.272","6.25","12.7","0.83","0"
"55.850","44.4476","14","-0.7274","-0.3138","0.4631","138.7750","-32.1675","32.8805","11.1000","0.1400","21.9913","45.39098801","-75.69613350","41.1","13.2","-98.6","36","24","49","1","3","-0.03","-0.67","-1.12","2.7","0.7","-27.9","92.21","-98.91","7386","6553.5","716.9","0","0","0","0","72.5","716.8","32.3","30.0","4.77","-4.3","8.6","3.446","0.271","6.20","12.8","0.84","0"
"55.900","43.8903","14","-0.7338","-0.3177","0.4884","136.9180","-32.8631","32.8889","11.1000","0.1400","21.2560","45.39098429","-75.69612799","41.1","13.2","-98.6","36","27","49","1","3","-0.14","-0.66","-0.95","1.9","1.1","-28.5","93.02","-99.55","7268","6553.5","716.5","0","0","0","0","73.0","716.5","32.3","30.0","4.53","-4.3","8.3","3.335","0.282","6.14","12.8","0.86","0"
"55.950","43.4716","14","-0.7317","-0.3193","0.5195","135.1498","-33.2045","32.8990","11.1000","0.1400","20.8367","45.39098068","-75.69612236","41.1","13.2","-98.6","36","26","49","1","3","-0.12","-0.61","-0.96","0.9","0.7","-27.3","93.83","-100.20","7158","6553.5","716.3","0","0","0","0","72.5","716.2","32.3","30.0","4.15","-4.3","7.9","3.422","0.291","6.10","12.8","0.85","0"
"56.000","42.8703","14","-0.7294","-0.3217","0.5214","133.7245","-33.5516","32.8992","11.1000","0.1400","20.3359","45.39097723","-75.69611678","41.1","13.2","-98.6","37","24","46","1","3","-0.27","-0.52","-1.00","-0.1","0.6","-25.3","94.64","-116.45","7065","6553.5","716.0","0","0","0","0","72.0","716.0","32.3","30.0","3.88","-4.3","7.9","3.482","0.293","6.10","12.8","0.84","0"
"56.050","42.1571","14","-0.7269","-0.3247","0.5053","132.5095","-33.9022","32.8933","11.1000","0.1400","19.7908","45.39097389","-75.69611124","41.1","13.2","-98.6","38","24","47","1","3","-0.33","-0.48","-1.11","-0.3","1.3","-23.8","95.45","-119.55","7000","6553.5","715.4","0","0","0","0","72.5","715.3","32.3","30.0","3.74","-4.3","7.8","3.469","0.296","6.07","12.9","0.84","0"
"56.100","41.5332","14","-0.7267","-0.3121","0.5461","131.1302","-34.3794","32.9041","11.1000","0.1400","19.2273","45.39097071","-75.69610561","41.1","13.2","-98.6","36","25","49","1","3","-0.18","-0.65","-0.93","-0.2","1.5","-23.6","96.26","-119.67","6965","6553.5","714.7","0","0","0","0","73.0","714.7","32.3","30.0","3.59","-4.3","7.4","3.464","0.300","6.02","12.9","0.84","0"
"56.150","40.9641","14","-0.7279","-0.2899","0.6216","129.6503","-34.9343","32.9251","11.1000","0.1400","18.6626","45.39096764","-75.69609992","41.1","13.2","-98.6","36","25","49","1","3","-0.18","-0.80","-0.83","0.1","0.8","-25.2","97.07","-119.82","6917","6553.5","714.0","0","0","0","0","73.0","714.0","32.3","30.0","3.41","-4.3","7.0","3.467","0.309","5.92","12.8","0.84","0"
"56.200","40.4843","14","-0.7179","-0.2728","0.6433","127.6060","-34.9153","32.9350","11.1000","0.1369","18.4541","45.39096486","-75.69609405","41.1","13.2","-98.6","37","25","50","1","3","-0.10","-0.82","-0.96","0.2","-0.1","-28.0","97.88","-134.26","6862","6553.5","713.2","0","0","0","0","73.0","713.2","32.3","30.0","3.33","-4.3","6.2","3.448","0.321","5.81","12.8","0.84","0"
"56.250","40.0593","14","-0.7012","-0.2588","0.6320","125.2156","-34.5445","32.9381","11.1000","0.1319","18.4563","45.39096227","-75.69608807","41.1","13.2","-98.6","37","26","51","1","3","-0.10","-0.77","-1.06","0.2","-0.4","-30.6","98.69","-148.10","6732","6553.5","710.4","0","0","0","0","73.0","710.3","32.3","30.0","3.36","-4.3","5.1","3.419","0.340","5.80","12.8","0.84","0"
"56.300","39.7122","14","-0.6956","-0.2388","0.6497","123.0845","-34.7056","32.9421","11.1000","0.1300","18.2115","45.39095983","-75.69608202","41.1","13.2","-98.6","37","27","52","1","3","-0.14","-0.70","-0.86","-0.0","-0.6","-31.6","99.50","-178.77","6598","6553.5","707.5","0","0","0","0","73.0","707.4","32.2","30.0","3.35","-4.3","3.7","3.401","0.359","5.80","12.8","0.85","0"
"56.350","39.4128","14","-0.6969","-0.2151","0.6851","121.1124","-35.1926","32.9466","11.1000","0.1300","17.8241","45.39095749","-75.69607591","41.1","13.2","-98.6","37","25","50","1","3","-0.29","-0.63","-0.84","-0.4","-0.9","-30.9","100.00","-242.67","6528","6553.5","707.0","0","0","0","0","73.0","707.0","32.3","30.0","3.28","-4.3","2.1","3.389","0.355","5.80","12.8","0.85","0"
"56.400","38.9955","14","-0.7186","-0.1916","0.6996","119.5061","-36.7024","32.9527","11.1000","0.1300","16.9098","45.39095532","-75.69606984","41.1","13.2","-98.6","37","26","49","1","3","-0.29","-0.63","-0.93","-0.5","-1.0","-29.7","100.00","5.75","6492","6553.5","706.5","0","0","0","0","73.0","706.5","32.3","30.0","3.21","-4.3","0.4","3.435","0.353","5.78","12.8","0.84","0"
"56.450","38.5059","14","-0.7528","-0.1682","0.7012","118.1241","-38.8393","32.9598","11.1000","0.1300","15.7789","45.39095327","-75.69606380","41.1","13.2","-98.6","37","25","49","1","3","-0.17","-0.75","-0.99","-0.3","-0.8","-29.2","100.00","400.00","6545","6553.5","707.6","0","0","0","0","73.0","707.7","32.2","30.0","3.15","-4.3","0.1","3.450","0.356","5.73","12.8","0.84","0"
"56.500","38.1810","14","-0.7724","-0.1435","0.7399","116.4130","-40.2123","32.9748","11.1000","0.1300","15.1115","45.39095139","-75.69605765","41.1","13.2","-98.6","37","26","50","1","3","-0.13","-0.85","-0.96","0.3","-0.5","-30.0","100.00","337.61","6526","6553.5","708.8","0","0","0","0","73.0","708.8","32.2","30.0","3.08","-4.3","0.1","3.382","0.367","5.67","12.8","0.85","0"
"56.550","37.9570","14","-0.7832","-0.1181","0.8014","114.5001","-41.1172","32.9947","11.1000","0.1300","14.6922","45.39094960","-75.69605143","41.1","13.2","-98.6","37","27","51","1","3","-0.07","-0.94","-0.98","0.9","-0.5","-32.0","100.00","189.05","6429","6553.5","708.7","0","0","0","0","73.0","708.7","32.3","30.0","2.99","-4.3","-0.0","3.360","0.388","5.62","12.8","0.83","0"
"56.600","37.7292","14","-0.7960","-0.1176","0.8306","112.1989","-42.0907","33.0068","11.1000","0.1331","14.2663","45.39094813","-75.69604512","41.1","13.2","-98.6","37","26","52","1","3","-0.08","-0.96","-0.96","1.2","-0.8","-34.6","100.00","100.71","6363","6553.5","708.5","0","0","0","0","73.0","708.5","32.3","30.0","2.92","-4.3","-0.1","3.389","0.405","5.60","12.8","0.80","0"
"56.650","37.4991","14","-0.8100","-0.1322","0.8400","109.6596","-43.1061","33.0140","11.1000","0.1381","13.8453","45.39094685","-75.69603874","41.1","13.2","-98.6","37","27","52","1","3","-0.13","-0.89","-0.96","1.3","-1.2","-37.2","100.00","97.72","6312","6553.5","707.9","0","0","0","0","73.0","707.8","32.2","30.0","2.86","-4.3","-0.0","3.416","0.420","5.60","12.7","0.81","0"
"56.700","37.2832","14","-0.8435","-0.1413","0.8406","107.0890","-45.2383","33.0197","11.1000","0.1400","13.1168","45.39094582","-75.69603230","41.1","13.2","-98.6","36","26","52","1","3","-0.21","-0.89","-0.93","1.1","-1.6","-39.5","100.00","98.22","6170","6553.5","707.2","0","0","0","0","73.0","707.2","32.2","30.0","2.82","-4.3","0.1","3.443","0.427","5.60","12.7","0.82","0"
"56.750","37.0760","14","-0.8890","-0.1469","0.8357","104.4992","-48.0549","33.0245","11.1000","0.1400","12.2794","45.39094494","-75.69602582","41.1","13.2","-98.6","36","26","51","1","3","-0.19","-0.92","-1.10","1.3","-1.9","-41.3","100.00","99.40","6032","6553.5","706.7","0","0","0","0","73.0","706.7","32.3","30.0","2.80","-4.3","0.1","3.464","0.434","5.60","12.8","0.84","0"
"56.800","36.7580","14","-0.9433","-0.1412","0.8513","101.9017","-51.4552","33.0327","11.1000","0.1431","11.3695","45.39094435","-75.69601939","41.1","13.2","-98.6","36","26","51","1","3","-0.11","-0.97","-1.27","1.6","-2.1","-42.8","100.00","100.59","6078","6553.5","706.1","0","0","0","0","73.0","706.1","32.3","30.0","2.73","-4.3","0.1","3.477","0.457","5.66","12.9","0.87","0"
"56.850","36.3720","14","-1.0032","-0.1288","0.8795","99.2996","-55.2133","33.0429","11.1000","0.1481","10.4844","45.39094394","-75.69601299","41.1","13.2","-98.6","36","26","51","1","3","-0.11","-1.05","-1.10","1.8","-2.2","-44.4","100.00","102.46","6119","6553.5","706.3","0","0","0","0","73.0","706.4","32.3","30.0","2.60","-4.3","0.0","3.418","0.480","5.79","12.8","0.86","0"
"56.900","35.9717","14","-1.0304","-0.1170","0.9026","96.3355","-57.1974","33.0523","11.1000","0.1500","10.0093","45.39094385","-75.69600664","41.1","13.2","-98.6","36","26","51","1","3","-0.38","-1.10","-0.82","2.1","-2.2","-45.9","100.00","102.88","6148","6553.5","706.6","0","0","0","0","73.0","706.6","32.2","30.0","2.50","-4.3","0.0","3.381","0.503","6.13","12.8","0.84","0"
"56.950","35.5628","14","-1.0378","-0.1056","0.9226","93.1496","-58.0943","33.0612","11.1000","0.1500","9.7428","45.39094396","-75.69600030","41.1","13.2","-98.6","36","26","51","1","3","-0.50","-1.02","-0.82","2.2","-1.8","-47.0","100.00","102.00","6183","6553.5","706.6","0","0","0","0","73.0","706.6","32.2","30.0","2.44","-4.3","0.0","3.397","0.522","7.02","12.8","0.83","0"
"57.000","35.2262","14","-1.0216","-0.0963","0.9148","90.2018","-57.6257","33.0615","11.1000","0.1500","9.7290","45.39094431","-75.69599409","41.1","13.2","-98.6","36","27","52","1","3","-0.32","-1.02","-0.91","1.8","-1.5","-47.3","100.00","100.86","6225","6553.5","706.6","0","0","0","0","73.0","706.6","32.3","30.0","2.38","-4.3","0.0","3.395","0.538","8.52","12.8","0.82","0"
"57.050","34.9341","14","-0.9909","-0.0882","0.8899","87.3997","-56.3200","33.0565","11.1000","0.1500","9.8720","45.39094480","-75.69598796","41.1","13.2","-98.6","36","26","52","1","3","-0.19","-0.97","-0.92","1.2","-1.4","-46.8","100.00","100.09","6315","6553.5","707.7","0","0","0","0","73.0","707.7","32.3","30.0","2.33","-4.3","0.0","3.371","0.578","11.30","12.8","0.81","0"
"57.100","34.7959","14","-0.9546","-0.0562","0.8864","84.8872","-54.6298","33.0536","11.1000","0.1500","10.1372","45.39094552","-75.69598181","41.1","13.2","-98.6","36","26","52","1","3","-0.12","-0.93","-0.99","0.6","-1.0","-45.7","100.00","100.44","6428","6553.5","708.8","0","0","0","0","73.0","708.8","32.2","30.0","2.30","-4.3","-0.0","3.389","0.630","14.69","12.8","0.80","0"
"57.150","34.7520","14","-0.9149","-0.0095","0.8961","82.5521","-52.7040","33.0521","11.1000","0.1500","10.4944","45.39094636","-75.69597566","41.1","13.2","-98.6","36","28","52","1","3","-0.10","-0.83","-0.96","0.6","-0.3","-44.5","100.00","99.84","6418","6553.5","708.0","0","0","0","0","73.5","708.0","32.2","30.0","2.29","-4.3","-0.0","3.427","0.647","16.86","12.7","0.82","0"
"57.200","34.9673","14","-0.8740","0.0436","0.8986","80.2098","-50.5258","33.0555","11.1000","0.1500","11.0146","45.39094744","-75.69596946","41.1","13.2","-98.6","35","28","52","1","3","-0.04","-0.81","-0.94","1.0","0.2","-43.3","100.00","99.15","6406","6553.5","707.1","0","0","0","0","74.0","707.1","32.2","30.0","2.28","-4.3","0.0","3.434","0.658","18.75","12.7","0.84","0"
"57.250","35.3415","14","-0.8324","0.1005","0.8967","77.8631","-48.1930","33.0618","11.1000","0.1500","11.6714","45.39094867","-75.69596323","41.1","13.2","-98.6","35","28","52","1","3","0.02","-0.92","-0.87","1.4","0.4","-42.1","100.00","99.01","6556","6553.5","710.1","0","0","0","0","74.0","710.2","32.3","30.0","2.26","-4.3","0.0","3.442","0.644","19.42","12.7","0.86","0"
"57.300","35.5817","14","-0.8014","0.1450","0.8950","75.5853","-46.3061","33.0643","11.1000","0.1531","12.2295","45.39095008","-75.69595710","41.1","13.2","-98.6","35","28","52","1","3","0.21","-0.95","-0.92","1.7","0.6","-41.6","100.00","100.80","6665","6553.5","713.1","0","0","0","0","74.0","713.2","32.3","30.0","2.26","-4.3","0.0","3.497","0.633","19.99","12.7","0.88","0"
"57.350","35.7397","14","-0.7770","0.1819","0.8934","73.3498","-44.6925","33.0644","11.1000","0.1581","12.7273","45.39095162","-75.69595104","41.1","13.2","-98.6","33","29","52","1","3","0.35","-0.89","-1.06","1.3","0.7","-41.5","100.00","100.63","6667","6553.5","713.3","0","0","0","0","74.0","713.3","32.2","30.0","2.27","-4.3","0.0","3.520","0.628","20.33","12.7","0.89","0"
"57.400","36.0648","14","-0.7809","0.2042","0.8868","71.1287","-44.5987","33.0668","11.1000","0.1600","12.8701","45.39095341","-75.69594496","41.1","13.2","-98.6","34","29","54","1","3","0.38","-0.73","-1.00","0.6","0.0","-41.0","100.00","100.30","6717","6553.5","713.5","0","0","0","0","74.0","713.5","32.2","30.0","2.36","-4.3","0.1","3.461","0.625","20.61","12.7","0.90","0"
"57.450","36.4923","14","-0.8021","0.2175","0.8773","68.9164","-45.4363","33.0706","11.1000","0.1600","12.7826","45.39095536","-75.69593886","41.1","13.2","-98.6","34","30","56","1","3","0.28","-0.71","-0.82","0.1","-1.4","-40.4","100.00","100.19","6818","6553.5","714.7","0","0","0","0","74.0","714.7","32.3","30.0","2.56","-4.3","0.1","3.423","0.623","20.83","12.7","0.90","0"
"57.500","36.8511","14","-0.8430","0.2270","0.8273","66.6533","-47.3146","33.0661","11.1000","0.1631","12.3958","45.39095751","-75.69593286","41.1","13.2","-98.6","35","29","54","1","3","0.12","-0.87","-0.74","0.1","-2.8","-41.0","100.00","101.80","6905","6553.5","715.9","0","0","0","0","74.0","715.9","32.3","30.0","2.80","-4.3","0.1","3.406","0.612","20.94","12.7","0.90","0"
"57.550","37.1677","14","-0.8958","0.2342","0.7527","64.3589","-49.8307","33.0567","11.1000","0.1681","11.8710","45.39095977","-75.69592692","41.1","13.2","-98.6","35","28","53","1","3","-0.00","-1.04","-0.87","0.4","-2.9","-43.6","100.00","101.71","6984","6553.5","716.8","0","0","0","0","74.0","716.8","32.3","30.0","3.11","-4.3","0.0","3.429","0.598","20.99","12.7","0.90","0"
"57.600","37.4527","14","-0.9359","0.2273","0.7157","61.2705","-51.5826","33.0525","11.1000","0.1669","11.5558","45.39096247","-75.69592121","41.1","13.2","-98.6","35","27","53","1","3","-0.14","-1.03","-1.10","1.0","-1.8","-47.0","100.00","101.15","7077","6553.5","717.8","0","0","0","0","74.0","717.8","32.3","30.0","3.30","-4.3","0.0","3.469","0.576","20.85","12.7","0.90","0"
"57.650","37.7182","14","-0.9681","0.2118","0.7017","57.6953","-52.8661","33.0517","11.1000","0.1619","11.3552","45.39096542","-75.69591563","41.1","13.2","-98.6","35","29","55","1","3","-0.13","-0.81","-1.15","1.4","-1.0","-48.9","100.00","100.93","7159","6553.5","718.7","0","0","0","0","74.0","718.8","32.3","30.0","3.37","-4.3","0.1","3.454","0.555","20.59","12.7","0.90","0"
"57.700","38.0393","14","-0.9840","0.2001","0.6791","54.9388","-53.3060","33.0462","11.1000","0.1600","11.3573","45.39096854","-75.69591021","41.1","13.2","-98.6","33","30","57","1","3","-0.03","-0.76","-0.99","1.2","-1.5","-48.1","100.00","102.03","7090","6553.5","719.7","0","0","0","0","74.0","719.7","32.3","30.0","3.44","-4.3","0.1","3.436","0.540","19.20","12.7","0.91","0"
"57.750","38.3945","14","-0.9900","0.1906","0.6510","52.6842","-53.2288","33.0381","11.1000","0.1600","11.4800","45.39097175","-75.69590489","41.1","13.2","-98.6","36","28","55","1","3","-0.08","-0.90","-1.00","1.2","-2.3","-46.0","100.00","102.14","7058","6553.5","720.5","0","0","0","0","74.0","720.5","32.3","30.0","3.52","-4.3","0.0","3.461","0.524","18.00","12.8","0.90","0"
"57.800","38.5451","14","-0.9848","0.1867","0.6185","50.3575","-52.5835","33.0356","11.1000","0.1631","11.6665","45.39097511","-75.69589978","41.1","13.2","-98.6","36","23","51","1","3","-0.13","-1.09","-1.20","1.5","-1.3","-44.3","100.00","102.06","7118","6553.5","721.3","0","0","0","0","74.0","721.3","32.2","30.0","3.59","-4.3","0.1","3.468","0.508","17.28","12.8","0.88","0"
"57.850","38.5702","14","-0.9726","0.1864","0.5833","47.9866","-51.5899","33.0366","11.1000","0.1681","11.8989","45.39097856","-75.69589481","41.1","13.2","-98.6","36","25","52","1","3","-0.17","-1.05","-1.12","1.5","1.1","-43.0","100.00","101.98","7119","6553.5","721.8","0","0","0","0","74.0","721.8","32.2","30.0","3.66","-4.3","0.1","3.428","0.509","16.77","12.7","0.86","0"
"57.900","38.6602","14","-0.9524","0.1760","0.6016","45.6142","-50.1929","33.0424","11.1000","0.1700","12.2586","45.39098221","-75.69589012","41.1","13.2","-98.6","32","31","54","1","3","-0.21","-0.91","-0.78","1.3","2.2","-40.7","100.00","101.90","7057","6553.5","722.4","0","0","0","0","74.0","722.4","32.3","30.0","3.66","-4.3","0.1","3.368","0.527","16.49","12.7","0.84","0"
"57.950","38.7900","14","-0.9274","0.1596","0.6525","43.2407","-48.5486","33.0510","11.1000","0.1700","12.7164","45.39098597","-75.69588561","41.1","13.2","-98.6","32","30","53","1","3","-0.14","-0.92","-0.57","1.3","0.5","-37.7","100.00","101.90","6961","6553.5","722.7","0","0","0","0","74.0","722.7","32.3","30.0","3.59","-4.3","0.1","3.287","0.519","16.36","12.7","0.83","0"
"58.000","39.1898","14","-0.8985","0.1500","0.6215","40.9722","-46.7700","33.0446","11.1000","0.1700","13.3360","45.39098999","-75.69588121","41.1","13.2","-98.6","35","27","52","1","3","-0.13","-1.14","-0.79","1.2","-1.6","-36.3","100.00","102.00","6848","6553.5","723.0","0","0","0","0","74.0","723.0","32.3","30.0","3.51","-4.3","0.0","3.352","0.499","16.31","12.7","0.81","0"
"58.050","39.7552","14","-0.8674","0.1447","0.5403","38.7681","-44.9092","33.0290","11.1000","0.1700","14.0890","45.39099417","-75.69587687","41.1","13.2","-98.6","37","26","52","1","3","-0.18","-0.94","-1.01","0.8","-1.8","-36.9","100.00","102.11","7004","6553.5","723.6","0","0","0","0","74.0","723.6","32.3","30.0","3.44","-4.3","0.0","3.485","0.487","16.25","12.8","0.80","0"
"58.100","39.9227","14","-0.8516","0.1382","0.5460","36.4438","-43.8645","33.0323","11.1000","0.1669","14.4853","45.39099841","-75.69587292","41.1","13.2","-98.6","35","28","54","1","3","0.02","-0.77","-0.91","0.5","-1.0","-37.6","100.00","100.53","7174","6553.5","724.2","0","0","0","0","74.0","724.2","32.3","30.0","3.41","-4.3","0.1","3.474","0.479","16.20","12.8","0.79","0"
"58.150","39.8462","14","-0.8452","0.1309","0.6051","34.0459","-43.3200","33.0472","11.1000","0.1619","14.6392","45.39100270","-75.69586922","41.1","13.2","-98.6","34","29","54","1","3","0.07","-0.85","-0.90","0.4","-0.9","-37.4","100.00","99.53","7101","6553.5","724.6","0","0","0","0","74.0","724.6","32.3","30.0","3.47","-4.3","0.1","3.444","0.507","16.26","12.8","0.79","0"
"58.200","40.0519","14","-0.8567","0.1395","0.5966","31.9733","-43.7050","33.0463","11.1000","0.1600","14.5852","45.39100717","-75.69586567","41.1","13.2","-98.6","34","27","52","1","3","0.11","-0.95","-0.98","0.3","-1.1","-37.0","100.00","100.29","7068","6553.5","725.0","0","0","0","0","74.0","725.0","32.3","30.0","3.46","-4.3","0.1","3.419","0.523","16.32","12.8","0.80","0"
"58.250","40.4306","14","-0.8791","0.1577","0.5468","30.1002","-44.6596","33.0358","11.1000","0.1600","14.4084","45.39101175","-75.69586223","41.1","13.2","-98.6","34","26","51","1","3","0.13","-0.94","-1.11","0.2","-0.6","-37.4","100.00","101.51","7136","6553.5","725.6","0","0","0","0","74.0","725.6","32.3","30.0","3.38","-4.3","0.1","3.401","0.510","16.37","12.7","0.81","0"
"58.300","40.6092","14","-0.8694","0.1621","0.5396","27.7712","-43.9475","33.0389","11.1000","0.1600","14.7065","45.39101644","-75.69585924","41.1","13.2","-98.6","34","28","52","1","3","0.16","-0.84","-1.04","0.2","0.3","-37.7","100.00","101.80","7173","6553.5","726.2","0","0","0","0","74.0","726.2","32.3","30.0","3.31","-4.3","0.1","3.402","0.499","16.40","12.7","0.82","0"
"58.350","40.6652","14","-0.8400","0.1580","0.5585","25.1628","-42.2139","33.0504","11.1000","0.1600","15.3316","45.39102121","-75.69585652","41.1","13.1","-98.6","33","27","52","1","3","0.23","-0.71","-0.95","-0.1","0.8","-36.9","100.00","101.42","7175","6553.5","726.9","0","0","0","0","74.0","727.0","32.2","30.0","3.26","-4.3","0.1","3.427","0.491","16.40","12.7","0.82","0"
"58.400","40.7905","14","-0.8233","0.1496","0.5458","23.1351","-41.1439","33.0485","11.1000","0.1600","15.7788","45.39102605","-75.69585395","41.1","13.1","-98.6","34","27","51","1","3","0.17","-0.61","-0.97","-0.1","0.8","-35.0","100.00","101.47","7174","6553.5","727.7","0","0","0","0","74.0","727.7","32.2","30.0","3.24","-4.3","0.1","3.479","0.494","16.51","12.7","0.82","0"
"58.450","40.9582","14","-0.8146","0.1386","0.5136","21.4632","-40.4806","33.0385","11.1000","0.1600","16.1033","45.39103095","-75.69585148","41.1","13.1","-98.6","34","28","50","1","3","0.12","-0.65","-0.93","-0.1","0.6","-33.0","100.00","101.57","7172","6553.5","728.3","0","0","0","0","74.0","728.3","32.3","30.0","3.27","-4.3","0.0","3.402","0.500","16.68","12.7","0.82","0"
"58.500","41.2761","14","-0.8004","0.1395","0.4759","19.6841","-39.5793","33.0293","11.1000","0.1600","16.5978","45.39103599","-75.69584926","41.1","13.1","-98.6","34","30","52","1","3","0.11","-0.70","-0.85","-0.0","-0.2","-31.6","100.00","101.66","7312","6553.5","728.9","0","0","0","0","74.0","728.9","32.3","30.0","3.30","-4.3","0.0","3.265","0.489","16.85","12.7","0.82","0"
"58.550","41.6859","14","-0.7828","0.1476","0.4347","17.8393","-38.5322","33.0207","11.1000","0.1600","17.2181","45.39104113","-75.69584719","41.1","13.1","-98.6","35","30","53","1","3","0.07","-0.67","-0.75","0.4","-1.4","-30.9","100.00","100.97","7457","6553.5","729.5","0","0","0","0","74.5","729.6","32.3","30.0","3.31","-4.3","-0.0","3.329","0.477","17.03","12.6","0.82","0"
"58.600","41.9734","14","-0.7583","0.1612","0.3877","16.0424","-37.1390","33.0061","11.1000","0.1600","17.9872","45.39104633","-75.69584538","41.1","13.2","-98.7","35","26","51","1","3","-0.13","-0.65","-0.99","0.9","-2.1","-30.6","100.00","98.49","7435","6553.5","730.2","0","0","0","0","75.0","730.2","32.2","30.0","3.30","-4.3","-0.0","3.418","0.495","17.36","12.6","0.83","0"
"58.650","42.1860","14","-0.7294","0.1781","0.3370","14.2750","-35.5337","32.9880","11.1000","0.1600","18.8951","45.39105155","-75.69584373","41.1","13.2","-98.6","35","27","52","1","3","-0.19","-0.72","-1.05","1.2","-1.2","-30.5","100.00","99.15","7425","6553.5","731.3","0","0","0","0","75.0","731.3","32.2","30.0","3.24","-4.3","0.0","3.480","0.510","17.77","12.8","0.85","0"
"58.700","42.3682","14","-0.7092","0.1791","0.3136","12.4522","-34.3329","32.9790","11.1000","0.1600","19.6404","45.39105682","-75.69584238","41.1","13.2","-98.6","35","27","53","1","3","-0.05","-0.80","-1.03","0.8","0.0","-30.2","100.00","99.93","7447","6553.5","732.4","0","0","0","0","75.0","732.4","32.2","30.0","3.20","-4.3","0.0","3.503","0.515","18.38","12.9","0.87","0"
"58.750","42.5318","14","-0.6943","0.1704","0.3068","10.5956","-33.3800","32.9757","11.1000","0.1600","20.2790","45.39106210","-75.69584121","41.1","13.2","-98.6","33","31","55","1","3","0.00","-0.71","-0.98","-0.1","-0.6","-29.2","100.00","100.71","7480","6553.5","733.1","0","0","0","0","75.0","733.2","32.2","30.0","3.17","-4.3","0.0","3.425","0.512","18.86","12.8","0.87","0"
"58.800","42.8799","14","-0.6632","0.1735","0.2671","9.0480","-31.6876","32.9586","11.1000","0.1600","21.5370","45.39106751","-75.69584022","41.1","13.2","-98.6","35","30","53","1","3","-0.04","-0.68","-0.98","-0.7","-2.6","-28.2","100.00","100.91","7524","6553.5","733.9","0","0","0","0","75.0","733.9","32.3","30.0","3.17","-4.3","0.0","3.419","0.498","19.19","12.8","0.88","0"
"58.850","43.3411","14","-0.6222","0.1839","0.2071","7.6897","-29.5418","32.9330","11.1000","0.1600","23.3497","45.39107300","-75.69583934","41.1","13.2","-98.6","36","27","48","1","3","-0.02","-0.60","-1.09","-1.1","-3.3","-27.4","100.00","100.86","7623","6553.5","735.3","0","0","0","0","75.0","735.3","32.3","30.0","3.21","-4.3","0.0","3.493","0.489","19.41","12.8","0.88","0"
"58.900","43.5643","14","-0.5982","0.1858","0.1821","6.3273","-28.2072","32.9220","11.1000","0.1569","24.5805","45.39107847","-75.69583870","41.1","13.2","-98.6","36","27","50","1","3","0.01","-0.38","-1.06","-1.1","-2.0","-25.6","100.00","100.76","7749","6553.5","736.7","0","0","0","0","75.0","736.7","32.2","30.0","3.28","-4.3","0.1","3.470","0.483","19.58","12.8","0.88","0"
"58.950","43.6416","14","-0.5846","0.1825","0.1784","4.9622","-27.3696","32.9198","11.1000","0.1519","25.3777","45.39108393","-75.69583821","41.1","13.2","-98.6","34","29","51","1","3","0.27","-0.28","-0.89","-0.6","-0.7","-22.6","100.00","100.71","7646","6553.5","737.7","0","0","0","0","75.0","737.8","32.2","30.0","3.39","-4.3","0.1","3.401","0.488","19.75","12.8","0.88","0"
"59.000","43.9981","14","-0.5466","0.1766","0.1515","3.8915","-25.4257","32.9071","11.1000","0.1500","27.5411","45.39108953","-75.69583782","41.1","13.2","-98.6","34","28","51","1","3","0.15","-0.40","-0.98","-0.4","-0.6","-19.9","100.00","100.99","7532","6553.5","738.8","0","0","0","0","75.0","738.8","32.3","30.0","3.37","-4.3","0.0","3.447","0.494","19.91","12.8","0.88","0"
"59.050","44.5256","14","-0.4936","0.1692","0.1105","3.0010","-22.8037","32.8880","11.1000","0.1500","31.0760","45.39109522","-75.69583750","41.1","13.2","-98.6","36","28","50","1","3","-0.04","-0.50","-1.20","-0.2","-0.8","-18.6","100.00","101.30","7658","6553.5","739.1","0","0","0","0","75.0","739.2","32.3","30.0","3.18","-4.3","0.1","3.501","0.494","20.08","12.7","0.88","0"
"59.100","44.8257","14","-0.4549","0.1678","0.0708","1.9547","-20.8779","32.8747","11.1000","0.1531","34.1712","45.39110089","-75.69583740","41.1","13.2","-98.6","36","27","48","1","3","0.03","-0.50","-1.06","0.2","-0.1","-18.5","100.00","100.98","7787","6553.5","739.5","0","0","0","0","75.0","739.5","32.3","30.0","3.09","-4.3","0.1","3.481","0.492","20.22","12.7","0.87","0"
"59.150","44.9865","14","-0.4250","0.1701","0.0320","0.8129","-19.3790","32.8650","11.1000","0.1581","36.9463","45.39110655","-75.69583744","41.1","13.2","-98.6","35","29","48","1","3","0.01","-0.52","-0.93","0.4","1.0","-18.3","100.00","100.88","7924","6553.5","740.6","0","0","0","0","75.0","740.7","32.2","30.0","3.12","-4.3","0.1","3.472","0.483","20.27","12.8","0.87","0"
"59.200","45.1851","14","-0.4025","0.1657","0.0267","-0.0717","-18.2364","32.8608","11.1000","0.1600","39.4345","45.39111224","-75.69583756","41.1","13.2","-98.6","35","29","50","1","3","0.09","-0.46","-1.04","0.5","1.5","-17.5","100.00","102.37","7924","6553.5","741.8","0","0","0","0","75.0","741.8","32.2","30.0","3.19","-4.3","0.0","3.488","0.475","20.30","12.8","0.88","0"
"59.250","45.4069","14","-0.3846","0.1573","0.0421","-0.7985","-17.3122","32.8599","11.1000","0.1600","41.7436","45.39111795","-75.69583773","41.1","13.2","-98.6","35","28","49","1","3","0.07","-0.40","-1.12","0.4","1.3","-16.5","100.00","102.64","7776","6553.5","742.8","0","0","0","0","75.0","742.8","32.2","30.0","3.32","-4.3","0.1","3.469","0.467","20.30","12.8","0.87","0"
"59.300","45.7034","14","-0.3703","0.1518","0.0415","-1.6537","-16.5652","32.8564","11.1000","0.1600","43.9108","45.39112372","-75.69583809","41.1","13.2","-98.6","36","26","49","1","3","-0.03","-0.38","-0.99","-0.5","1.0","-16.0","100.00","103.30","7885","6553.5","743.8","0","0","0","0","75.0","743.8","32.2","30.0","3.53","-4.3","0.2","3.411","0.456","20.19","12.8","0.85","0"
"59.350","46.0456","14","-0.3581","0.1481","0.0310","-2.5876","-15.9269","32.8513","11.1000","0.1600","46.0127","45.39112954","-75.69583856","41.1","13.2","-98.6","38","27","51","1","3","0.05","-0.21","-0.81","-1.4","1.0","-15.6","100.00","104.10","8114","6553.5","744.6","0","0","0","0","75.0","744.7","32.2","30.0","3.85","-4.3","0.1","3.390","0.444","20.02","12.7","0.85","0"
"59.400","46.2366","14","-0.3447","0.1448","0.0216","-3.4143","-15.2476","32.8483","11.1000","0.1569","48.2620","45.39113533","-75.69583920","41.1","13.2","-98.6","37","26","52","1","3","0.12","-0.20","-0.85","-2.2","0.7","-14.6","100.00","104.39","8014","6553.5","745.5","0","0","0","0","75.0","745.5","32.2","30.0","4.17","-4.3","0.1","3.388","0.440","19.80","12.7","0.86","0"
"59.450","46.3350","14","-0.3306","0.1417","0.0128","-4.1754","-14.5432","32.8466","11.1000","0.1519","50.7070","45.39114111","-75.69583994","41.1","13.2","-98.6","36","29","51","1","3","0.11","-0.35","-0.90","-3.2","-0.2","-13.1","100.00","102.80","7885","6553.5","745.5","0","0","0","0","75.0","745.6","32.2","30.0","4.49","-4.3","0.0","3.357","0.435","19.46","12.8","0.82","0"
"59.500","46.6403","14","-0.3410","0.1281","0.0030","-4.7908","-14.9134","32.8375","11.1000","0.1531","49.7742","45.39114700","-75.69584073","41.1","13.2","-98.6","37","29","49","1","3","0.05","-0.40","-0.92","-3.4","-1.1","-12.2","99.59","101.49","7947","6553.5","745.6","0","0","0","0","75.0","745.6","32.2","30.0","4.79","-4.3","0.1","3.324","0.404","17.74","12.8","0.78","0"
"59.550","47.0725","14","-0.3664","0.1079","-0.0075","-5.3170","-15.9422","32.8240","11.1000","0.1581","46.9936","45.39115295","-75.69584154","41.1","13.2","-98.6","37","28","50","1","3","-0.00","-0.38","-0.89","-2.5","-1.6","-12.4","98.50","100.83","8000","6553.5","746.5","0","0","0","0","75.0","746.5","32.2","30.0","5.07","-4.3","0.1","3.317","0.376","16.20","12.8","0.79","0"
"59.600","47.1805","14","-0.4041","0.0988","-0.0329","-6.0944","-17.5035","32.8118","11.1000","0.1600","42.8999","45.39115881","-75.69584258","41.1","13.2","-98.6","37","28","50","1","3","-0.00","-0.49","-0.93","-1.1","-1.9","-13.7","97.42","100.47","8034","6553.5","747.4","0","0","0","0","75.0","747.4","32.3","30.0","5.24","-4.3","0.1","3.312","0.360","15.15","12.8","0.80","0"
"59.650","47.0897","14","-0.4492","0.0964","-0.0674","-7.0259","-19.3912","32.8004","11.1000","0.1600","38.6493","45.39116462","-75.69584376","41.1","13.2","-98.6","36","27","49","1","3","-0.15","-0.62","-1.08","0.2","-1.8","-15.9","96.34","101.97","8041","6553.5","746.7","0","0","0","0","75.0","746.7","32.3","30.0","5.24","-4.3","0.1","3.311","0.350","14.41","12.8","0.79","0"
"59.700","47.0947","14","-0.5300","0.0741","-0.0840","-8.3992","-22.7979","32.7954","11.0690","0.1569","32.8773","45.39117041","-75.69584528","41.1","13.2","-98.6","36","26","49","1","3","-0.18","-0.75","-1.14","1.4","-1.3","-19.3","95.25","103.93","8021","6553.5","746.0","0","0","0","0","75.0","746.0","32.2","30.0","5.32","-4.3","0.1","3.301","0.345","14.02","12.8","0.77","0"
"59.750","47.1585","14","-0.6327","0.0397","-0.0895","-10.0433","-27.1358","32.7942","11.0190","0.1519","27.6591","45.39117618","-75.69584702","41.1","13.2","-98.7","36","27","52","1","3","-0.11","-0.84","-1.06","2.5","-0.9","-23.7","94.17","104.03","8013","6553.5","747.1","0","0","0","0","75.0","747.2","32.2","30.0","5.47","-4.3","0.2","3.279","0.344","13.86","12.7","0.77","0"
"59.800","47.2559","14","-0.7363","0.0095","-0.1132","-11.8482","-31.5475","32.7836","11.0000","0.1500","23.8403","45.39118188","-75.69584912","41.1","13.2","-98.6","35","28","54","1","3","-0.09","-0.93","-0.89","2.7","-1.3","-28.1","93.09","104.13","8011","6553.5","748.3","0","0","0","0","75.0","748.3","32.2","30.0","5.51","-4.3","0.1","3.278","0.345","13.81","12.7","0.76","0"
"59.850","47.3739","14","-0.8405","-0.0180","-0.1480","-13.7518","-36.0045","32.7672","11.0000","0.1500","20.9413","45.39118754","-75.69585145","41.1","13.2","-98.6","36","28","53","1","3","-0.09","-0.99","-0.76","2.5","-2.1","-32.4","92.00","104.14","8007","6553.5","748.8","0","0","0","0","75.0","748.8","32.2","30.0","5.41","-4.3","0.1","3.288","0.342","13.75","12.8","0.76","0"
"59.900","47.2581","14","-0.9449","-0.0307","-0.1703","-15.9350","-40.5444","32.7541","11.0000","0.1500","18.5509","45.39119305","-75.69585419","41.1","13.2","-98.6","36","27","53","1","3","-0.07","-1.04","-0.85","2.5","-2.5","-36.5","90.92","102.79","8001","6553.5","749.4","0","0","0","0","75.0","749.4","32.2","30.0","5.09","-4.3","0.1","3.274","0.339","13.70","12.8","0.77","0"
"59.950","46.9989","14","-1.0495","-0.0344","-0.1849","-18.2895","-45.1350","32.7431","11.0000","0.1500","16.5728","45.39119847","-75.69585718","41.1","13.2","-98.6","36","27","52","1","3","-0.12","-1.00","-1.06","2.5","-2.6","-40.0","89.84","102.96","7977","6553.5","749.4","0","0","0","0","75.5","749.5","32.2","30.0","4.50","-4.3","0.1","3.260","0.343","13.64","12.7","0.77","0"
"60.000","46.6954","14","-1.1249","-0.0347","-0.2134","-20.9054","-48.5174","32.7303","11.0000","0.1500","15.3178","45.39120367","-75.69586064","41.1","13.2","-98.6","35","25","53","1","3","-0.12","-1.03","-1.08","2.3","-2.0","-42.4","88.75","103.32","7962","6553.5","749.5","0","0","0","0","76.0","749.5","32.2","30.0","3.99","-4.3","0.1","3.287","0.350","13.68","12.7","0.76","0"
"60.050","46.3647","14","-1.1825","-0.0329","-0.2503","-23.6815","-51.1592","32.7164","11.0000","0.1500","14.4239","45.39120873","-75.69586438","41.1","13.2","-98.6","36","26","53","1","3","-0.14","-0.93","-1.06","2.0","-1.2","-43.5","87.67","103.49","7973","6553.5","749.9","0","0","0","0","76.0","750.0","32.2","30.0","3.58","-4.3","0.1","3.312","0.366","13.96","12.8","0.76","0"
"60.100","46.2494","14","-1.1887","-0.0163","-0.2796","-26.1169","-51.5847","32.7050","11.0000","0.1469","14.2694","45.39121372","-75.69586842","41.1","13.2","-98.6","34","28","55","1","3","-0.19","-0.97","-0.98","1.4","-1.0","-43.3","86.59","102.27","8010","6553.5","750.4","0","0","0","0","76.0","750.4","32.2","30.0","3.40","-4.3","0.1","3.332","0.388","14.90","12.8","0.76","0"
"60.150","46.2660","14","-1.1634","0.0094","-0.3040","-28.3434","-50.6519","32.6951","11.0000","0.1419","14.5374","45.39121868","-75.69587266","41.1","13.2","-98.6","35","28","53","1","3","-0.23","-1.03","-0.98","0.9","-1.2","-42.4","85.50","102.07","8074","6553.5","751.1","0","0","0","0","76.0","751.1","32.2","30.0","3.51","-4.3","0.1","3.344","0.418","16.57","12.8","0.77","0"
"60.200","46.3195","14","-1.0993","0.0279","-0.3328","-30.6367","-47.9509","32.6782","11.0000","0.1400","15.3740","45.39122347","-75.69587725","41.1","13.2","-98.6","35","26","53","1","3","-0.24","-1.01","-1.11","0.7","-1.2","-41.3","84.42","101.98","8108","6553.5","751.8","0","0","0","0","76.0","751.8","32.2","30.0","3.47","-4.3","0.1","3.349","0.448","18.12","12.8","0.78","0"
"60.250","46.3957","14","-1.0115","0.0420","-0.3641","-32.9710","-44.1663","32.6570","11.0000","0.1400","16.7189","45.39122814","-75.69588206","41.1","13.2","-98.6","35","27","53","1","3","-0.01","-0.87","-1.10","0.1","-0.9","-39.1","83.34","101.90","8128","6553.5","752.6","0","0","0","0","76.0","752.6","32.2","30.0","3.25","-4.3","0.1","3.353","0.478","19.62","12.7","0.80","0"
"60.300","46.4586","14","-0.8647","0.0628","-0.4163","-34.8256","-37.7630","32.6334","11.0000","0.1400","19.5803","45.39123272","-75.69588705","41.1","13.2","-98.6","33","28","53","1","3","0.26","-0.55","-0.96","-1.1","-0.9","-33.8","82.25","101.90","8089","6553.5","753.4","0","0","0","0","76.0","753.4","32.2","30.0","3.08","-4.3","0.1","3.355","0.482","20.19","12.7","0.83","0"
"60.350","46.5132","14","-0.6818","0.0876","-0.4814","-36.3862","-29.7546","32.6083","11.0000","0.1400","24.8795","45.39123725","-75.69589215","41.1","13.2","-98.6","36","27","50","1","3","0.28","-0.09","-1.09","-2.7","-0.6","-25.1","81.17","102.34","8049","6553.5","753.4","0","0","0","0","76.0","753.4","32.1","30.0","2.96","-4.3","0.1","3.404","0.480","20.61","12.8","0.83","0"
"60.400","46.6839","14","-0.4531","0.0909","-0.5145","-37.0436","-19.7606","32.5899","11.0000","0.1400","37.5999","45.39124186","-75.69589725","41.1","13.2","-98.6","37","28","47","1","3","0.11","0.31","-1.24","-4.4","0.5","-14.5","80.09","102.84","8075","6553.5","753.4","0","0","0","0","76.0","753.4","32.1","30.0","2.96","-4.3","0.1","3.455","0.473","20.78","12.8","0.84","0"
"60.450","46.9256","14","-0.1964","0.0811","-0.5281","-37.1476","-8.5495","32.5756","11.0000","0.1400","87.3549","45.39124654","-75.69590233","41.1","13.2","-98.6","38","30","46","1","3","0.05","0.61","-1.09","-5.4","1.6","-4.0","79.00","102.85","8108","6553.5","754.7","0","0","0","0","75.0","754.7","32.1","30.0","3.10","-4.3","0.0","3.448","0.472","20.92","12.8","0.85","0"
"60.500","47.0791","14","0.0604","0.0574","-0.5335","-36.5677","2.5789","32.5666","11.0000","0.1400","290.5458","45.39125137","-75.69590719","41.1","13.2","-98.6","39","33","44","1","3","0.19","0.92","-0.95","-5.5","1.7","5.7","77.92","102.17","8159","6553.5","756.0","0","0","0","0","74.0","756.0","32.1","30.0","3.18","-4.3","0.0","3.448","0.488","20.97","12.8","0.86","0"
"60.550","47.1784","14","0.3172","0.0251","-0.5338","-35.5687","13.6567","32.5609","11.0000","0.1400","54.9817","45.39125629","-75.69591191","41.1","13.2","-98.6","42","35","35","1","3","0.31","1.25","-0.88","-4.8","0.9","15.3","77.66","100.99","8251","6553.5","754.6","0","0","0","0","75.5","754.6","32.1","30.0","3.20","-4.3","0.1","3.471","0.489","21.05","12.8","0.85","0"
"60.600","47.1453","14","0.5601","-0.0016","-0.5555","-33.7711","24.1339","32.5460","11.0000","0.1431","31.0907","45.39126142","-75.69591614","41.1","13.2","-98.6","43","36","45","1","3","0.07","1.42","-0.82","-3.8","0.2","24.8","78.75","100.63","8385","6553.5","753.1","0","0","0","0","77.0","753.1","32.1","30.0","3.46","-4.3","0.0","3.420","0.475","21.16","12.8","0.83","0"
"60.650","47.0310","14","0.7945","-0.0248","-0.5903","-31.4840","34.2430","32.5256","11.0000","0.1481","21.8591","45.39126666","-75.69592008","41.1","13.2","-98.6","46","36","43","1","3","-0.13","1.38","-0.87","-3.1","0.1","33.8","79.83","100.32","8511","6553.5","754.8","0","0","0","0","77.0","754.9","32.1","30.0","4.03","-4.3","0.0","3.287","0.449","21.20","12.7","0.82","0"
"60.700","46.8102","14","0.9897","-0.0162","-0.6118","-29.1684","42.7473","32.5103","11.0000","0.1500","17.4282","45.39127198","-75.69592364","41.1","13.2","-98.6","46","38","39","1","3","-0.02","1.22","-0.82","-2.9","0.4","41.1","80.91","100.00","8632","6553.5","756.6","0","0","0","0","77.0","756.6","32.1","30.0","4.54","-4.3","0.0","3.265","0.417","21.20","12.7","0.81","0"
"60.750","46.5240","14","1.1608","0.0119","-0.6253","-26.8354","50.2680","32.4981","11.0000","0.1500","14.7301","45.39127735","-75.69592698","41.1","13.2","-98.6","45","38","42","1","3","0.21","1.23","-0.71","-2.8","0.2","46.0","82.00","100.00","8612","6553.5","756.5","0","0","0","0","77.0","756.5","32.1","30.0","4.97","-4.3","0.0","3.294","0.419","21.25","12.8","0.81","0"
"60.800","46.6014","14","1.2263","0.0559","-0.6356","-24.3424","53.1879","32.4855","11.0310","0.1531","13.9446","45.39128291","-75.69592985","41.1","13.2","-98.6","45","37","42","1","3","0.16","1.41","-0.90","-2.7","-0.2","49.0","83.08","100.00","8584","6553.5","756.3","0","0","0","0","77.0","756.3","32.1","30.0","4.85","-4.3","0.0","3.290","0.425","21.30","12.8","0.80","0"
"60.850","46.9016","14","1.2270","0.1097","-0.6440","-21.7513","53.2879","32.4726","11.0810","0.1581","14.0081","45.39128861","-75.69593244","41.1","13.2","-98.6","46","37","42","1","3","0.09","1.53","-1.04","-1.9","0.1","50.7","84.16","100.00","8699","6553.5","756.5","0","0","0","0","77.0","756.5","32.1","30.0","4.03","-4.3","-0.0","3.284","0.415","21.36","12.8","0.80","0"
"60.900","46.9595","14","1.1243","0.1532","-0.6252","-19.0628","48.7783","32.4752","11.1000","0.1600","15.3221","45.39129439","-75.69593455","41.1","13.2","-98.6","45","38","42","1","3","0.10","1.05","-1.13","-0.7","0.5","49.3","85.25","100.00","8744","6553.5","756.7","0","0","0","0","77.0","756.7","32.1","30.0","3.42","-4.3","-0.0","3.313","0.410","21.40","12.8","0.79","0"
"60.950","46.8691","14","0.9582","0.1904","-0.5896","-16.3145","41.4436","32.4873","11.1000","0.1600","17.9991","45.39130024","-75.69593636","41.1","13.2","-98.6","43","36","45","1","3","0.36","0.32","-1.13","0.7","0.5","41.9","86.33","100.00","8606","6553.5","756.5","0","0","0","0","77.0","756.5","32.1","30.0","3.09","-4.3","-0.0","3.324","0.415","21.40","12.8","0.80","0"
"61.000","47.3991","14","0.7244","0.2129","-0.5657","-15.0866","31.2245","32.4915","11.1000","0.1600","24.1599","45.39130620","-75.69593842","41.1","13.2","-98.7","43","35","44","1","3","0.53","0.15","-1.07","2.9","0.1","28.1","87.41","99.70","8493","6553.5","756.3","0","0","0","0","77.0","756.3","32.1","30.0","2.82","-4.3","-0.1","3.290","0.436","21.37","12.8","0.81","0"
"61.050","48.3094","14","0.4490","0.2264","-0.5490","-14.7906","19.2375","32.4908","11.1000","0.1600","39.9671","45.39131223","-75.69594062","41.1","13.2","-98.6","39","33","10","1","3","0.38","-0.19","-0.99","6.3","-0.4","10.9","88.50","99.03","8404","6553.5","757.0","0","0","0","0","76.0","757.0","32.1","30.0","2.65","-4.3","-0.0","3.277","0.473","21.32","12.8","0.81","0"
"61.100","48.9005","14","0.1570","0.2263","-0.5292","-15.1299","6.7612","32.4829","11.1000","0.1600","115.1093","45.39131820","-75.69594302","41.1","13.2","-98.7","34","29","16","1","3","0.17","-0.76","-0.93","9.3","-1.0","-6.5","89.58","98.46","8472","6553.5","757.8","0","0","0","0","75.0","757.8","32.1","30.0","2.58","-4.3","0.0","3.285","0.463","21.30","12.8","0.81","0"
"61.150","49.2959","14","-0.1452","0.2179","-0.5076","-15.8588","-6.0151","32.4707","11.1000","0.1600","130.4325","45.39132414","-75.69594555","41.1","13.2","-98.6","34","27","50","1","3","0.06","-1.12","-1.02","10.5","-1.3","-21.3","90.66","100.25","8614","6553.5","758.0","0","0","0","0","75.5","758.0","32.1","30.0","2.67","-4.3","0.0","3.266","0.431","21.30","12.8","0.82","0"
"61.200","49.4830","14","-0.4142","0.2058","-0.4886","-17.6269","-17.1862","32.4724","11.1000","0.1600","45.8244","45.39132992","-75.69594868","41.1","13.2","-98.7","35","27","53","1","3","0.03","-0.95","-0.92","9.1","-1.2","-31.8","91.75","100.47","8917","6553.5","758.3","0","0","0","0","76.0","758.3","32.1","30.0","2.78","-4.3","0.0","3.234","0.416","21.40","12.8","0.83","0"
"61.250","49.5423","14","-0.6629","0.1915","-0.4712","-20.0319","-27.3733","32.4827","11.1000","0.1600","28.8050","45.39133559","-75.69595219","41.1","13.2","-98.6","35","30","55","1","3","-0.01","-0.78","-0.77","6.5","-1.4","-37.6","92.83","99.70","9204","6553.5","758.3","0","0","0","0","76.5","758.3","32.0","30.0","2.91","-4.3","-0.1","3.314","0.402","21.50","12.8","0.83","0"
"61.300","49.6480","14","-0.8744","0.1720","-0.4775","-21.9070","-35.9087","32.4772","11.1000","0.1569","22.0051","45.39134121","-75.69595587","41.1","13.2","-98.6","35","29","54","1","3","0.16","-0.97","-0.98","4.1","-1.6","-39.8","93.91","98.83","9072","6553.5","758.4","0","0","0","0","77.0","758.4","32.1","30.0","3.46","-4.3","-0.0","3.400","0.373","21.50","12.8","0.83","0"
"61.350","49.7822","14","-1.0629","0.1494","-0.4983","-23.4573","-43.4316","32.4620","11.1000","0.1519","18.2427","45.39134679","-75.69595967","41.1","13.2","-98.6","36","30","55","1","3","0.18","-1.26","-1.15","2.7","-1.6","-40.3","95.00","98.39","8965","6553.5","758.5","0","0","0","0","77.0","758.6","32.1","30.0","4.52","-4.3","-0.0","3.374","0.360","21.48","12.9","0.83","0"
"61.400","50.0274","14","-1.1802","0.1360","-0.4977","-25.4148","-48.0496","32.4583","11.1000","0.1500","16.5706","45.39135227","-75.69596393","41.1","13.2","-98.6","33","27","54","1","3","0.13","-1.40","-1.16","2.3","-1.7","-40.3","96.08","98.39","8926","6553.5","758.7","0","0","0","0","77.0","758.7","32.0","30.0","5.15","-4.3","0.1","3.327","0.390","21.43","12.9","0.84","0"
"61.450","50.3407","14","-1.2538","0.1283","-0.4839","-27.6219","-50.8871","32.4616","11.1000","0.1500","15.7446","45.39135769","-75.69596848","41.1","13.2","-98.6","34","26","53","1","3","-0.09","-1.55","-1.15","2.5","-1.5","-40.7","97.16","99.52","8963","6553.5","758.7","0","0","0","0","77.0","758.7","32.0","30.0","5.23","-4.3","0.2","3.222","0.400","21.40","12.8","0.82","0"
"61.500","50.3582","14","-1.2463","0.1081","-0.4692","-30.0788","-50.4563","32.4659","11.1000","0.1500","15.8846","45.39136285","-75.69597345","41.1","13.2","-98.6","34","26","53","1","3","-0.18","-1.57","-1.15","2.5","-1.1","-41.8","98.25","101.77","9084","6553.5","758.6","0","0","0","0","77.0","758.6","32.1","30.0","5.21","-4.3","0.1","3.239","0.387","21.40","12.8","0.79","0"
"61.550","50.1943","14","-1.1891","0.0804","-0.4538","-32.6890","-48.0221","32.4706","11.1000","0.1500","16.6354","45.39136787","-75.69597869","41.1","13.2","-98.6","34","27","55","1","3","-0.10","-1.31","-0.99","1.8","-0.7","-42.8","99.33","103.76","9096","6553.5","758.4","0","0","0","0","77.0","758.4","32.1","30.0","5.06","-4.3","0.1","3.387","0.372","21.40","12.8","0.79","0"
"61.600","50.1948","14","-1.0710","0.0833","-0.4508","-35.1011","-43.1862","32.4663","11.1000","0.1469","18.4984","45.39137273","-75.69598428","41.1","13.2","-98.6","34","28","56","1","3","0.11","-1.22","-0.74","0.2","-0.6","-42.5","100.00","101.78","9057","6553.5","758.1","0","0","0","0","77.0","758.1","32.0","30.0","4.87","-4.3","0.1","3.447","0.355","21.40","12.8","0.80","0"
"61.650","50.2962","14","-0.9155","0.1050","-0.4552","-37.3919","-36.8783","32.4564","11.1000","0.1419","21.7062","45.39137750","-75.69599008","41.1","13.2","-98.6","35","28","56","1","3","0.24","-0.95","-0.81","-1.9","-0.4","-38.9","100.00","101.42","8988","6553.5","758.3","0","0","0","0","77.5","758.3","32.0","30.0","4.62","-4.3","0.2","3.467","0.360","21.40","12.8","0.80","0"
"61.700","50.4298","14","-0.6934","0.0788","-0.4555","-38.9907","-27.8917","32.4491","11.1000","0.1400","28.7761","45.39138224","-75.69599602","41.1","13.2","-98.7","35","27","53","1","3","0.14","-0.18","-0.99","-5.1","-0.0","-28.6","100.00","104.45","8911","6553.5","758.5","0","0","0","0","78.0","758.5","32.0","30.0","4.44","-4.3","0.4","3.351","0.370","21.39","12.8","0.81","0"
"61.750","50.5831","14","-0.4304","0.0232","-0.4532","-40.1654","-17.2633","32.4434","11.1000","0.1400","46.6339","45.39138697","-75.69600203","41.1","13.2","-98.6","36","31","0","1","3","0.01","0.70","-0.80","-8.9","-0.2","-10.9","100.00","108.15","8787","6553.5","758.4","0","0","0","0","77.0","758.4","32.0","30.0","4.35","-4.3","0.4","3.237","0.397","21.28","12.8","0.81","0"
"61.800","50.7497","14","-0.1443","-0.0303","-0.4418","-39.6104","-5.7761","32.4435","11.1000","0.1431","139.8365","45.39139201","-75.69600762","41.1","13.2","-98.6","41","33","0","1","3","-0.13","1.20","-0.92","-11.2","-1.2","10.0","100.00","110.88","8784","6553.5","758.3","0","0","0","0","76.0","758.3","32.0","30.0","4.22","-4.3","0.4","3.364","0.409","21.15","12.8","0.81","0"
"61.850","50.9244","14","0.1560","-0.0825","-0.4250","-37.9953","6.2376","32.4470","11.1000","0.1481","129.9364","45.39139723","-75.69601293","41.1","13.2","-98.6","47","35","0","1","3","-0.16","1.33","-1.08","-10.7","-2.1","29.1","100.00","110.72","9091","6553.5","758.4","0","0","0","0","76.5","758.5","32.0","30.0","4.06","-4.3","0.3","3.436","0.385","20.99","12.7","0.80","0"
"61.900","50.4105","14","0.4959","-0.1227","-0.4144","-35.8068","19.9402","32.4487","11.1000","0.1531","40.2356","45.39140250","-75.69601758","41.1","13.2","-98.6","48","36","0","1","3","-0.26","1.27","-1.17","-8.0","-1.6","43.6","100.00","109.94","9355","6553.5","758.6","0","0","0","0","77.0","758.6","32.0","30.0","4.13","-4.3","0.2","3.366","0.363","20.85","12.7","0.78","0"
"61.950","49.4744","14","0.8601","-0.1557","-0.4077","-33.2668","34.6781","32.4492","11.1000","0.1581","22.7063","45.39140782","-75.69602181","41.1","13.2","-98.6","48","39","0","1","3","-0.21","1.20","-1.17","-4.2","-0.0","53.5","100.00","107.92","9571","6553.5","758.7","0","0","0","0","77.5","758.8","32.0","30.0","4.48","-4.3","0.1","3.365","0.345","20.74","12.7","0.82","0"
"62.000","49.0215","14","1.1304","-0.1435","-0.3861","-30.9081","45.8756","32.4557","11.1000","0.1631","17.0069","45.39141335","-75.69602579","41.1","13.2","-98.6","45","38","0","1","3","0.04","1.22","-0.99","-1.7","0.8","58.6","100.00","105.89","9451","6553.5","758.9","0","0","0","0","78.0","758.9","32.0","30.0","4.82","-4.3","0.1","3.437","0.341","20.70","12.7","0.86","0"
"62.050","48.8647","14","1.3433","-0.1036","-0.3555","-28.6605","54.9033","32.4659","11.1000","0.1682","14.1650","45.39141901","-75.69602961","41.1","13.2","-98.6","45","38","0","1","3","0.12","1.34","-0.91","-1.2","0.0","60.3","100.00","103.19","9172","6553.5","758.7","0","0","0","0","78.0","758.7","32.0","30.0","5.13","-4.3","0.1","3.538","0.344","20.70","12.7","0.84","0"
"62.100","48.9337","14","1.4102","-0.0516","-0.3352","-26.0553","57.9644","32.4672","11.1000","0.1700","13.4359","45.39142485","-75.69603287","41.1","13.2","-98.6","46","36","0","1","3","-0.01","1.44","-0.96","-1.5","-1.3","61.0","100.00","101.90","9170","6553.5","758.4","0","0","0","0","78.0","758.4","32.0","30.0","4.78","-4.3","0.1","3.653","0.329","20.65","12.7","0.82","0"
"62.150","49.1299","14","1.3952","0.0072","-0.3207","-23.2489","57.6694","32.4635","11.1000","0.1700","13.5588","45.39143077","-75.69603582","41.1","13.2","-98.6","47","36","0","1","3","-0.14","1.37","-1.05","-1.6","-1.7","61.9","100.00","102.13","9203","6553.5","756.5","0","0","0","0","78.0","756.5","32.0","30.0","3.57","-4.3","0.1","3.531","0.313","20.59","12.7","0.79","0"
"62.200","48.8527","14","1.2331","0.0581","-0.2794","-20.5739","51.0985","32.4761","11.1000","0.1700","15.2160","45.39143668","-75.69603826","41.1","13.2","-98.7","46","36","0","1","3","-0.03","0.86","-1.11","-0.5","-0.7","60.1","100.00","102.51","9198","6553.5","754.6","0","0","0","0","78.0","754.6","32.0","30.0","2.77","-4.3","0.1","3.397","0.315","20.42","12.7","0.76","0"
"62.250","48.3093","14","0.9883","0.1045","-0.2232","-17.9729","40.9975","32.4977","11.1000","0.1700","18.7540","45.39144257","-75.69604042","41.1","13.2","-98.6","42","35","0","1","3","0.24","0.03","-1.09","0.8","0.6","51.3","100.00","102.88","9131","6553.5","756.9","0","0","0","0","78.0","757.0","32.0","30.0","2.48","-4.3","0.0","3.508","0.320","20.25","12.8","0.77","0"
"62.300","48.5619","14","0.6721","0.1149","-0.1899","-16.9536","27.8828","32.5045","11.1000","0.1668","27.7191","45.39144855","-75.69604281","41.1","13.2","-98.7","42","34","0","1","3","0.33","-0.39","-1.04","2.3","1.2","33.2","100.00","102.88","8904","6553.5","759.3","0","0","0","0","78.0","759.3","32.0","30.0","2.25","-4.3","0.0","3.558","0.330","20.09","12.8","0.78","0"
"62.350","49.2624","14","0.3158","0.1051","-0.1695","-16.8241","13.0730","32.5029","11.1000","0.1618","59.9738","45.39145458","-75.69604534","41.1","13.2","-98.6","39","31","0","1","3","0.26","-0.80","-1.19","4.0","1.0","5.9","100.00","101.01","8652","6553.5","759.3","0","0","0","0","78.0","759.2","32.0","30.0","2.12","-4.3","0.0","3.449","0.356","19.89","12.8","0.77","0"
"62.400","49.8831","14","-0.0195","0.0820","-0.1547","-17.6614","-0.7496","32.5067","11.1000","0.1600","1059.1423","45.39146057","-75.69604831","41.1","13.2","-98.6","38","32","0","1","3","0.13","-0.91","-1.10","7.3","-0.0","-25.3","100.00","102.31","8374","6553.5","759.2","0","0","0","0","78.0","759.2","32.0","30.0","2.13","-4.3","0.1","3.346","0.400","19.67","12.8","0.76","0"
"62.450","50.4587","14","-0.3430","0.0515","-0.1430","-19.0426","-14.0168","32.5134","11.1000","0.1600","57.2938","45.39146653","-75.69605153","41.1","13.2","-98.6","36","28","0","1","3","-0.06","-1.18","-1.01","9.9","-1.7","-52.8","100.00","104.18","8497","6553.5","759.5","0","0","0","0","78.0","759.5","32.0","30.0","2.32","-4.3","0.3","3.250","0.397","19.52","12.8","0.76","0"
"62.500","50.3351","14","-0.6191","-0.0030","-0.1154","-21.0298","-25.3045","32.5237","11.1000","0.1568","31.6587","45.39147217","-75.69605519","41.1","13.2","-98.6","36","26","0","1","3","-0.28","-1.20","-1.02","9.6","-2.6","-72.1","100.00","106.05","8808","6553.5","759.8","0","0","0","0","78.0","759.8","32.0","30.0","2.49","-4.3","0.3","3.383","0.373","19.41","12.8","0.76","0"
"62.550","49.8182","14","-0.8685","-0.0710","-0.0788","-23.3578","-35.4787","32.5361","11.1000","0.1518","22.3481","45.39147763","-75.69605908","41.1","13.2","-98.6","37","27","0","1","3","-0.53","-1.03","-0.97","8.0","-2.5","-82.9","100.00","106.20","9191","6553.5","760.2","0","0","0","0","78.0","760.2","32.0","30.0","2.62","-4.3","0.3","3.624","0.354","19.35","12.8","0.77","0"
"62.600","49.1199","14","-1.0072","-0.0821","-0.0453","-25.5887","-41.2802","32.5449","11.1000","0.1500","18.9381","45.39148284","-75.69606324","41.1","13.2","-98.7","33","25","0","1","3","-0.43","-1.31","-0.95","5.8","-2.2","-86.9","100.00","106.39","9539","6553.5","760.6","0","0","0","0","78.0","760.6","32.0","30.0","2.94","-4.3","0.2","3.440","0.336","19.30","12.8","0.78","0"
"62.650","48.3195","14","-1.0836","-0.0611","-0.0135","-27.7651","-44.6220","32.5518","11.1000","0.1500","17.2343","45.39148790","-75.69606755","41.1","13.2","-98.6","34","25","0","1","3","-0.21","-1.60","-0.98","3.5","-1.6","-86.8","99.88","106.60","9360","6553.5","760.5","0","0","0","0","78.5","760.5","32.0","30.0","3.50","-4.3","0.4","3.227","0.309","19.24","12.8","0.81","0"
"62.700","47.8969","14","-0.9758","-0.0593","-0.0108","-29.9889","-40.2984","32.5470","11.1000","0.1468","18.9165","45.39149278","-75.69607222","41.1","13.2","-98.6","34","26","0","1","3","-0.01","-1.20","-1.01","0.7","-1.1","-81.7","99.55","106.29","9155","6553.5","760.4","0","0","0","0","79.0","760.4","32.0","30.0","3.97","-4.3","0.6","3.333","0.297","19.20","12.8","0.84","0"
"62.750","47.6868","14","-0.7643","-0.0682","-0.0245","-32.2395","-31.6629","32.5356","11.1000","0.1418","23.9700","45.39149756","-75.69607709","41.1","13.2","-98.6","34","27","8","1","3","0.04","0.13","-0.87","-1.9","-1.2","-67.3","99.22","105.94","8883","6553.5","760.5","0","0","0","0","79.0","760.6","32.0","30.0","4.35","-4.3","0.7","3.422","0.323","19.20","12.8","0.81","0"
"62.800","47.7309","14","-0.4686","-0.1172","-0.0078","-32.3933","-19.4432","32.5407","11.1000","0.1400","39.0707","45.39150265","-75.69608159","41.1","13.2","-98.7","38","26","22","1","3","0.00","0.79","-0.89","-3.0","-1.4","-40.9","98.89","109.54","8613","6553.5","760.7","0","0","0","0","79.0","760.7","32.0","30.0","4.52","-4.3","0.7","3.465","0.351","19.17","12.8","0.78","0"
"62.850","47.9179","14","-0.1257","-0.1885","0.0258","-31.3676","-5.2075","32.5550","11.1000","0.1400","146.4509","45.39150790","-75.69608587","41.1","13.2","-98.6","38","27","0","1","3","0.07","0.75","-1.05","-2.8","-0.7","-4.5","98.57","116.22","8343","6553.5","761.1","0","0","0","0","79.0","761.2","32.0","30.0","4.44","-4.3","0.5","3.442","0.379","19.12","12.9","0.76","0"
"62.900","48.1058","14","0.1612","-0.1798","0.0703","-29.8421","6.8534","32.5743","11.1000","0.1400","111.7147","45.39151331","-75.69608978","41.1","13.2","-98.6","36","28","0","1","3","-0.13","0.79","-1.00","-3.7","-0.0","35.2","98.24","120.22","8173","6553.5","761.6","0","0","0","0","79.0","761.6","32.0","30.0","3.97","-4.3","0.5","3.348","0.395","19.14","12.9","0.74","0"
"62.950","48.2941","14","0.4165","-0.1261","0.1209","-28.0356","17.6909","32.5963","11.1000","0.1400","43.4474","45.39151881","-75.69609349","41.1","13.2","-98.6","41","35","0","1","3","-0.31","0.99","-0.82","-4.9","-1.0","67.8","97.91","116.26","8050","6553.5","762.4","0","0","0","0","79.0","762.4","32.0","30.0","3.02","-4.3","0.7","3.447","0.406","19.19","12.8","0.77","0"
"63.000","47.9930","14","0.5563","-0.0557","0.1411","-26.2853","23.7006","32.6028","11.1000","0.1400","32.2283","45.39152429","-75.69609683","41.1","13.2","-98.7","46","38","0","1","3","-0.16","0.82","-0.70","-4.2","-3.0","87.2","97.58","112.90","8321","6553.5","763.2","0","0","0","0","79.0","763.2","32.0","30.0","2.58","-4.3","0.7","3.637","0.408","19.20","12.7","0.80","0"
"63.050","47.4164","14","0.6312","0.0240","0.1441","-24.5665","26.9947","32.6005","11.1000","0.1400","27.9557","45.39152975","-75.69609996","41.1","13.2","-98.6","45","33","0","1","3","0.01","-0.06","-1.02","-2.6","-3.5","91.2","97.26","119.39","8632","6553.5","763.2","0","0","0","0","78.5","763.2","32.0","30.0","2.78","-4.3","0.4","3.557","0.407","19.20","12.8","0.80","0"
"63.100","46.9903","14","0.5649","0.0547","0.1519","-23.8536","24.1696","32.6013","11.1000","0.1432","30.9428","45.39153511","-75.69610321","41.1","13.2","-98.7","45","34","0","1","3","-0.03","-0.30","-1.14","-0.9","-2.4","81.3","96.93","125.88","8798","6553.5","763.2","0","0","0","0","78.0","763.2","32.0","30.0","3.31","-4.3","0.2","3.443","0.385","19.14","12.8","0.80","0"
"63.150","46.6487","14","0.4190","0.0578","0.1623","-23.7065","17.9024","32.6038","11.1000","0.1482","41.4713","45.39154040","-75.69610653","41.0","13.2","-98.6","42","33","0","1","3","0.18","-0.34","-1.11","0.5","-0.7","60.9","96.60","107.99","8809","6553.5","763.1","0","0","0","0","78.5","763.1","32.0","30.0","4.23","-4.3","0.2","3.366","0.371","19.08","12.7","0.80","0"
"63.200","46.8403","14","0.1803","0.0261","0.1783","-24.3279","7.7107","32.6113","11.1000","0.1500","96.6817","45.39154573","-75.69611015","41.0","13.2","-98.6","39","33","0","1","3","0.42","-0.48","-1.21","1.7","0.2","31.9","96.27","106.20","8425","6553.5","763.0","0","0","0","0","79.0","763.0","32.0","30.0","4.54","-4.3","0.2","3.323","0.380","19.03","12.6","0.79","0"
"63.250","47.3317","14","-0.1107","-0.0251","0.1975","-25.3816","-4.6886","32.6216","11.1000","0.1500","160.6687","45.39155108","-75.69611394","41.0","13.2","-98.6","39","33","0","1","3","0.46","-0.55","-1.13","4.2","-0.2","-2.1","95.95","105.16","8153","6553.5","763.7","0","0","0","0","77.5","763.7","32.0","30.0","4.07","-4.3","0.1","3.365","0.398","19.00","12.7","0.78","0"
"63.300","47.8590","14","-0.4032","-0.0403","0.2018","-26.6175","-17.1818","32.6273","11.1000","0.1500","44.3318","45.39155640","-75.69611806","41.0","13.2","-98.7","38","32","0","1","3","0.05","-0.60","-0.97","7.9","-1.7","-34.1","95.62","104.00","8003","6553.5","764.4","0","0","0","0","76.0","764.4","32.0","30.0","3.49","-4.3","0.2","3.375","0.428","19.00","12.7","0.76","0"
"63.350","48.4066","14","-0.6966","-0.0353","0.1976","-27.9560","-29.7278","32.6304","11.1000","0.1500","25.9156","45.39156168","-75.69612237","41.0","13.2","-98.6","37","29","0","1","3","-0.23","-0.97","-0.96","10.0","-3.3","-58.5","95.29","103.06","8189","6553.5","765.3","0","0","0","0","75.5","765.3","32.0","30.0","2.77","-4.3","0.3","3.351","0.436","19.04","12.7","0.81","0"
"63.400","48.1763","14","-0.8174","0.0034","0.2093","-29.9041","-34.9387","32.6381","11.1000","0.1500","21.9456","45.39156660","-75.69612704","41.0","13.2","-98.6","37","25","0","1","3","-0.33","-1.14","-1.04","9.5","-3.8","-72.6","94.96","107.55","8534","6553.5","766.2","0","0","0","0","75.0","766.2","32.0","30.0","2.29","-4.3","0.3","3.429","0.434","19.09","12.7","0.87","0"
"63.450","47.5084","14","-0.8410","0.0609","0.2300","-32.1952","-36.0235","32.6483","11.1000","0.1500","20.9896","45.39157131","-75.69613191","41.0","13.2","-98.6","36","25","0","1","3","-0.31","-1.10","-1.04","7.1","-3.0","-77.8","94.64","108.35","8822","6553.5","765.9","0","0","0","0","76.5","765.8","32.0","30.0","2.12","-4.3","0.3","3.556","0.388","19.20","12.8","0.83","0"
"63.500","47.0052","14","-0.7465","0.0821","0.2415","-34.1109","-31.9677","32.6570","11.1000","0.1500","23.4021","45.39157588","-75.69613690","41.0","13.2","-98.6","34","25","0","1","3","-0.10","-0.56","-0.94","2.5","-2.3","-73.1","94.31","106.72","9058","6553.5","765.5","0","0","0","0","77.9","765.5","32.0","30.0","2.18","-4.3","0.2","3.507","0.340","19.30","12.8","0.78","0"
"63.550","46.5947","14","-0.5855","0.0827","0.2478","-35.8155","-25.0202","32.6649","11.1000","0.1500","29.6391","45.39158035","-75.69614196","41.0","13.2","-98.6","37","31","0","1","3","0.20","0.38","-0.66","-1.5","-2.6","-56.9","93.98","104.72","8784","6553.5","765.6","0","0","0","0","74.9","765.6","32.0","30.0","2.54","-4.3","0.1","3.443","0.348","19.24","12.8","0.80","0"
"63.600","46.8396","14","-0.3442","0.0223","0.2409","-35.8140","-14.6964","32.6643","11.1000","0.1500","50.7250","45.39158519","-75.69614678","41.0","13.2","-98.7","39","30","24","1","3","0.09","0.83","-0.67","-3.6","-3.2","-30.1","93.66","102.72","8501","6553.5","765.7","0","0","0","0","72.0","765.7","32.0","30.0","2.96","-4.3","0.1","3.473","0.366","19.22","12.8","0.83","0"
"63.650","47.4532","14","-0.0576","-0.0725","0.2264","-34.8527","-2.4734","32.6588","11.1000","0.1500","305.3447","45.39159024","-75.69615146","41.0","13.2","-98.6","39","30","23","1","3","-0.08","0.99","-1.05","-5.3","-3.3","2.9","93.33","102.64","8194","6553.5","766.0","0","0","0","0","73.5","766.1","32.0","30.0","3.48","-4.3","-0.0","3.533","0.407","19.27","12.8","0.80","0"
"63.700","47.5969","15","0.2352","-0.1462","0.2122","-33.3951","10.0518","32.6543","11.1000","0.1500","75.3625","45.39159540","-75.69615574","41.0","13.2","-98.6","41","34","0","1","3","-0.03","0.94","-1.09","-7.3","-3.8","34.4","93.25","102.45","8112","6553.5","766.4","0","0","0","0","75.0","766.4","32.0","30.0","3.79","-4.3","-0.1","3.671","0.425","19.30","12.8","0.77","0"
"63.750","47.4763","15","0.5314","-0.2081","0.1981","-31.6584","22.7470","32.6504","11.1000","0.1500","33.2180","45.39160063","-75.69615979","41.0","13.2","-98.6","46","37","0","1","3","-0.14","1.20","-1.00","-7.8","-5.1","57.4","93.58","102.25","8273","6553.5","767.2","0","0","0","0","77.0","767.2","32.0","30.0","3.85","-4.3","0.1","3.769","0.417","19.30","12.7","0.81","0"
"63.800","46.9447","15","0.7758","-0.2066","0.1750","-29.5180","33.4976","32.6399","11.1000","0.1500","22.3045","45.39160587","-75.69616331","41.0","13.2","-98.7","48","35","13","1","3","-0.40","1.32","-1.00","-7.5","-6.1","71.5","93.90","105.13","8578","6553.5","768.0","0","0","0","0","79.0","768.0","32.0","30.0","3.71","-4.3","0.3","3.827","0.406","19.26","12.7","0.86","0"
"63.850","46.1819","15","0.9909","-0.1694","0.1469","-27.1505","43.1543","32.6258","11.1000","0.1500","17.0321","45.39161112","-75.69616654","41.0","13.2","-98.6","49","37","0","1","3","-0.45","1.27","-1.05","-6.7","-6.1","79.1","94.23","108.35","8951","6553.5","767.9","0","0","0","0","79.5","767.9","32.0","30.0","3.29","-4.3","0.4","3.757","0.394","19.21","12.7","0.82","0"
"63.900","45.5484","15","1.1016","-0.1180","0.1401","-24.5375","48.3319","32.6231","11.1000","0.1532","14.9989","45.39161644","-75.69616927","41.0","13.2","-98.6","49","39","0","1","3","-0.23","1.17","-1.00","-4.9","-5.1","82.7","94.56","108.61","9144","6553.5","767.8","0","0","0","0","80.0","767.8","32.0","30.0","3.40","-4.3","0.3","3.627","0.371","19.25","12.7","0.78","0"
"63.950","44.9877","15","1.1536","-0.0587","0.1453","-21.7865","50.9900","32.6268","11.1000","0.1582","14.0420","45.39162178","-75.69617172","41.0","13.2","-98.6","49","39","0","1","3","-0.11","1.17","-0.88","-2.8","-3.7","84.8","94.89","109.14","9286","6553.5","767.8","0","0","0","0","80.0","767.8","32.0","30.0","4.16","-4.3","0.2","3.589","0.349","19.29","12.7","0.81","0"
"64.000","44.6188","15","1.0881","-0.0397","0.1275","-19.5842","48.2980","32.6184","11.1000","0.1600","14.7031","45.39162716","-75.69617389","41.0","13.2","-98.7","45","38","0","1","3","0.10","0.80","-0.88","-1.5","-2.2","84.0","95.21","109.67","9141","6553.5","767.8","0","0","0","0","80.0","767.8","32.0","30.0","4.26","-4.3","0.2","3.573","0.331","19.18","12.7","0.84","0"
"64.050","44.3578","15","0.9565","-0.0434","0.0967","-17.6906","42.5965","32.6032","11.1000","0.1600","16.5736","45.39163255","-75.69617589","41.0","13.2","-98.6","41","34","0","1","3","0.45","0.12","-0.64","-1.1","-1.4","76.1","95.54","105.78","8934","6553.5","767.8","0","0","0","0","80.0","767.8","32.0","30.0","3.52","-4.3","0.1","3.651","0.329","19.12","12.7","0.82","0"
"64.100","44.6375","15","0.7611","-0.0237","0.0630","-16.8447","33.9733","32.5881","11.1000","0.1600","20.9114","45.39163803","-75.69617804","41.0","13.2","-98.6","41","33","0","1","3","0.41","-0.15","-0.72","-1.2","-1.3","59.4","95.87","105.13","8570","6553.5","767.9","0","0","0","0","80.0","767.9","32.0","30.0","2.88","-4.3","0.1","3.677","0.368","19.17","12.7","0.80","0"
"64.150","45.2214","15","0.5297","0.0091","0.0277","-16.5881","23.7068","32.5732","11.1000","0.1600","30.3593","45.39164354","-75.69618027","41.0","13.2","-98.6","42","33","0","1","3","0.42","-0.01","-0.95","-1.0","-0.8","37.1","96.20","104.69","8298","6553.5","768.1","0","0","0","0","80.0","768.1","32.0","30.0","2.38","-4.3","0.2","3.572","0.394","19.20","12.6","0.78","0"
"64.200","45.6663","15","0.3069","0.0721","0.0307","-16.2389","13.7554","32.5746","11.1000","0.1600","52.8378","45.39164916","-75.69618248","41.0","13.2","-98.7","42","36","0","1","3","0.27","-0.08","-0.98","-0.1","-0.3","11.8","96.52","104.18","8128","6553.5","768.3","0","0","0","0","80.0","768.3","32.0","30.0","2.15","-4.3","0.0","3.482","0.405","19.20","12.6","0.75","0"
"64.250","46.0331","15","0.0888","0.1521","0.0551","-15.8375","3.9812","32.5853","11.1000","0.1600","184.0233","45.39165483","-75.69618467","41.0","13.2","-98.6","42","37","0","1","3","0.16","-0.27","-0.88","2.3","-0.6","-15.2","96.85","103.88","7970","6553.5","769.3","0","0","0","0","80.0","769.3","32.0","30.0","2.27","-4.3","-0.0","3.408","0.431","19.24","12.7","0.78","0"
"64.300","46.4012","15","-0.1030","0.1821","0.0157","-15.9413","-4.5394","32.5719","11.1000","0.1600","162.6870","45.39166047","-75.69618693","41.0","13.2","-98.6","39","33","0","1","3","0.19","-0.51","-0.84","5.9","-1.6","-41.1","97.18","101.58","7818","6553.5","770.4","0","0","0","0","79.9","770.4","32.0","30.0","2.27","-4.3","0.1","3.368","0.463","19.29","12.8","0.82","0"
"64.350","46.7701","15","-0.2800","0.1839","-0.0597","-16.3293","-12.3549","32.5450","11.1000","0.1600","60.2490","45.39166609","-75.69618924","41.0","13.2","-98.6","37","28","0","1","3","-0.12","-0.81","-0.87","8.7","-2.7","-61.8","97.51","99.26","8021","6553.5","771.2","0","0","0","0","76.9","771.2","32.0","30.0","2.12","-4.3","0.1","3.343","0.466","19.30","12.7","0.84","0"
"64.400","46.8427","15","-0.4183","0.1586","-0.0708","-17.8713","-18.3543","32.5353","11.1000","0.1600","40.6185","45.39167152","-75.69619215","41.0","13.2","-98.6","36","24","0","1","3","-0.37","-0.90","-0.98","8.6","-3.2","-72.9","97.83","101.32","8264","6553.5","772.0","0","0","0","0","74.0","772.0","32.0","30.0","2.07","-4.3","0.1","3.319","0.464","19.30","12.6","0.87","0"
"64.450","46.7487","15","-0.5348","0.1180","-0.0457","-20.0626","-23.3323","32.5352","11.1000","0.1600","31.8884","45.39167684","-75.69619539","41.0","13.2","-98.6","36","25","0","1","3","-0.20","-0.62","-1.05","6.7","-2.8","-73.5","98.16","103.38","8406","6553.5","771.8","0","0","0","0","75.0","771.8","32.0","30.0","2.16","-4.3","0.0","3.309","0.451","19.36","12.6","0.85","0"
"64.500","46.5367","15","-0.6278","0.0789","-0.0643","-21.3741","-27.2813","32.5262","11.1000","0.1568","27.1487","45.39168212","-75.69619863","41.0","13.2","-98.6","35","26","0","1","3","-0.04","-0.60","-1.00","4.6","-2.0","-65.7","98.49","102.81","8487","6553.5","771.7","0","0","0","0","76.0","771.7","32.0","30.0","2.42","-4.3","-0.2","3.446","0.437","19.45","12.6","0.82","0"
"64.550","46.2583","15","-0.7076","0.0407","-0.1077","-22.1908","-30.6517","32.5120","11.1000","0.1518","24.0190","45.39168737","-75.69620185","41.0","13.2","-98.6","36","29","0","1","3","0.01","-0.81","-0.80","2.8","-1.7","-54.0","98.81","102.64","8411","6553.5","772.0","0","0","0","0","76.0","772.0","32.0","30.0","2.88","-4.3","-0.1","3.529","0.417","19.61","12.7","0.79","0"
"64.600","46.3761","15","-0.7871","0.0208","-0.1537","-23.6414","-34.0652","32.4926","11.1000","0.1500","21.6672","45.39169255","-75.69620547","41.0","13.2","-98.6","35","27","0","1","3","0.04","-0.95","-0.85","1.9","-1.7","-42.2","99.14","100.22","8350","6553.5","772.2","0","0","0","0","76.0","772.2","32.0","30.0","3.28","-4.3","-0.1","3.477","0.413","19.78","12.8","0.77","0"
"64.650","46.7166","15","-0.8666","0.0111","-0.2012","-25.4484","-37.5030","32.4702","11.1000","0.1500","19.8256","45.39169769","-75.69620930","41.0","13.2","-98.6","35","26","0","1","3","-0.00","-1.11","-0.98","1.1","-1.2","-33.0","99.47","97.28","8304","6553.5","772.6","0","0","0","0","76.0","772.6","32.0","30.0","3.58","-4.3","-0.0","3.444","0.425","19.95","12.8","0.79","0"
"64.700","46.9025","14","-0.9351","0.0378","-0.2174","-27.7831","-40.4929","32.4589","11.1000","0.1500","18.4348","45.39170264","-75.69621366","41.0","13.2","-98.7","34","27","0","1","3","-0.08","-1.08","-1.10","0.5","-0.6","-27.4","99.80","96.69","8266","6553.5","773.0","0","0","0","0","76.0","773.0","32.0","30.0","3.66","-4.3","-0.0","3.432","0.446","20.04","12.8","0.81","0"
"64.750","47.0014","14","-0.9974","0.0850","-0.2159","-30.4145","-43.2308","32.4539","11.1000","0.1500","17.3037","45.39170749","-75.69621833","41.0","13.2","-98.6","33","28","0","1","3","-0.06","-1.02","-1.12","-0.1","-0.6","-24.9","99.84","98.70","8233","6553.5","773.6","0","0","0","0","75.5","773.6","32.0","30.0","3.44","-4.3","-0.0","3.426","0.470","20.09","12.8","0.82","0"
"64.800","47.1448","14","-1.0244","0.1079","-0.2357","-32.7467","-44.3487","32.4406","11.1000","0.1468","16.9190","45.39171221","-75.69622327","41.0","13.2","-98.7","34","26","0","1","3","-0.04","-1.11","-1.18","-0.3","-0.5","-25.4","99.42","99.77","8286","6553.5","774.2","0","0","0","0","75.0","774.2","32.0","30.0","3.12","-4.3","-0.0","3.422","0.457","20.15","12.8","0.83","0"
"64.850","47.3133","14","-1.0316","0.1170","-0.2676","-34.9105","-44.5553","32.4228","11.1000","0.1418","16.9007","45.39171686","-75.69622836","41.0","13.2","-98.6","35","28","0","1","3","-0.09","-1.09","-1.13","-0.4","0.0","-27.8","99.00","99.77","8341","6553.5","774.7","0","0","0","0","75.5","774.7","32.0","30.0","2.68","-4.3","-0.0","3.422","0.440","20.20","12.8","0.84","0"
"64.900","47.5101","14","-1.0332","0.1347","-0.2916","-36.9775","-44.5010","32.4096","11.1000","0.1400","16.9917","45.39172138","-75.69623378","41.0","13.2","-98.7","33","29","0","1","3","0.15","-0.87","-1.02","0.3","-0.2","-30.3","98.58","99.75","8297","6553.5","775.2","0","0","0","0","76.0","775.2","32.0","30.0","2.55","-4.3","0.0","3.426","0.436","20.20","12.8","0.86","0"
"64.950","47.7229","14","-1.0316","0.1572","-0.3112","-38.9901","-44.3000","32.3990","11.1000","0.1400","17.1452","45.39172584","-75.69623940","41.0","13.1","-98.6","33","30","0","1","3","0.15","-0.78","-0.90","2.0","-1.5","-32.6","98.16","99.31","8310","6553.5","775.6","0","0","0","0","76.0","775.6","32.0","30.0","2.83","-4.3","0.1","3.463","0.430","20.20","12.8","0.84","0"
"65.000","47.8609","14","-0.9927","0.1719","-0.3440","-41.0241","-42.4632","32.3817","11.1000","0.1400","17.9386","45.39173010","-75.69624534","41.0","13.1","-98.6","35","28","0","1","3","-0.07","-0.98","-1.00","3.4","-2.5","-35.2","97.74","99.30","8471","6553.5","776.0","0","0","0","0","76.0","776.0","32.0","30.0","3.18","-4.3","0.0","3.460","0.421","20.20","12.8","0.82","0"
"65.050","47.9569","14","-0.9327","0.1822","-0.3842","-43.0702","-39.7063","32.3606","11.1000","0.1400","19.2226","45.39173427","-75.69625147","41.0","13.1","-98.6","35","26","0","1","3","-0.14","-1.06","-1.15","3.6","-1.8","-37.4","97.32","99.54","8593","6553.5","775.8","0","0","0","0","76.5","775.8","32.0","30.0","3.62","-4.3","0.0","3.354","0.410","20.23","12.7","0.81","0"
"65.100","47.9856","14","-0.7578","0.1546","-0.4119","-44.9333","-32.1340","32.3419","11.1000","0.1400","23.7666","45.39173825","-75.69625778","41.0","13.1","-98.6","35","25","0","1","3","-0.06","-0.55","-1.33","2.4","0.1","-35.3","96.90","99.78","8673","6553.5","775.5","0","0","0","0","77.0","775.5","32.0","30.0","3.93","-4.3","0.0","3.287","0.399","20.28","12.6","0.81","0"
"65.150","47.9763","14","-0.5183","0.1057","-0.4327","-46.6935","-21.8531","32.3244","11.1000","0.1400","34.9409","45.39174212","-75.69626419","41.0","13.1","-98.6","34","30","0","1","3","0.06","0.06","-1.19","-0.6","0.8","-26.2","96.48","100.08","8499","6553.5","775.5","0","0","0","0","77.0","775.5","32.0","30.0","4.08","-4.3","0.1","3.262","0.414","20.34","12.6","0.80","0"
"65.200","48.3854","14","-0.2523","0.0720","-0.4568","-46.8532","-10.6146","32.3084","11.1000","0.1400","72.5492","45.39174635","-75.69627046","41.0","13.1","-98.7","36","32","0","1","3","0.12","0.45","-0.85","-4.3","-0.6","-11.0","96.06","101.42","8205","6553.5","775.5","0","0","0","0","77.0","775.5","32.0","30.0","4.13","-4.3","0.4","3.338","0.443","20.39","12.6","0.80","0"
"65.250","49.0300","14","0.0285","0.0468","-0.4829","-46.1127","1.1627","32.2933","11.1000","0.1400","671.1641","45.39175078","-75.69627667","41.0","13.1","-98.7","44","31","0","1","3","-0.01","0.85","-0.85","-6.7","-1.7","6.6","95.64","105.73","8382","6553.5","775.9","0","0","0","0","78.5","775.9","32.0","30.0","4.03","-4.3","0.5","3.462","0.436","19.81","12.5","0.82","0"
"65.300","49.0207","14","0.3061","0.0127","-0.4903","-44.4418","12.7454","32.2854","11.1000","0.1400","61.2133","45.39175539","-75.69628233","41.0","13.1","-98.6","48","34","0","1","3","-0.13","1.27","-1.09","-7.4","-1.1","23.1","95.22","110.69","8616","6553.5","776.3","0","0","0","0","80.0","776.3","32.0","30.0","4.09","-4.3","0.3","3.574","0.420","19.12","12.5","0.84","0"
"65.350","48.6436","14","0.5818","-0.0264","-0.4872","-42.2475","24.2188","32.2815","11.1000","0.1400","31.9664","45.39176010","-75.69628770","41.0","13.1","-98.6","47","36","0","1","3","0.05","1.14","-1.05","-7.4","-0.2","35.2","94.80","114.20","8772","6553.5","776.2","0","0","0","0","80.5","776.2","32.0","30.0","4.36","-4.3","0.2","3.657","0.361","18.12","12.6","0.80","0"
"65.400","48.4139","14","0.8379","-0.0474","-0.4899","-40.0901","34.9619","32.2726","11.1000","0.1400","22.0392","45.39176498","-75.69629276","41.0","13.1","-98.7","47","37","0","1","3","0.18","1.13","-0.90","-6.9","-0.0","43.0","94.39","107.06","8837","6553.5","776.1","0","0","0","0","81.0","776.1","32.0","30.0","4.67","-4.3","0.1","3.428","0.308","16.67","12.7","0.77","0"
"65.450","48.2672","14","1.0830","-0.0582","-0.4958","-37.9534","45.2942","32.2609","11.1000","0.1400","16.9602","45.39176996","-75.69629764","41.0","13.1","-98.7","48","34","0","1","3","0.07","1.40","-0.90","-6.5","0.8","49.0","93.97","106.20","8667","6553.5","775.4","0","0","0","0","81.0","775.4","32.0","30.0","5.04","-4.3","0.1","3.278","0.268","14.06","12.7","0.77","0"
"65.500","47.9394","14","1.2501","-0.0567","-0.4744","-35.0837","52.4805","32.2599","11.1000","0.1400","14.5383","45.39177517","-75.69630191","41.0","13.1","-98.6","48","37","0","1","3","0.02","1.44","-0.94","-5.7","2.4","53.9","93.55","104.84","8510","6553.5","774.6","0","0","0","0","81.0","774.6","32.0","30.0","5.34","-4.3","0.2","3.330","0.257","12.14","12.7","0.77","0"
"65.550","47.5098","14","1.3732","-0.0482","-0.4376","-31.8016","57.8974","32.2649","11.1000","0.1400","13.0600","45.39178050","-75.69630581","41.0","13.1","-98.6","47","39","0","1","3","-0.03","1.22","-0.87","-3.9","2.9","55.5","93.13","103.28","8367","6553.5","774.6","0","0","0","0","81.0","774.6","32.0","30.0","5.54","-4.3","0.1","3.298","0.277","10.97","12.7","0.76","0"
"65.600","47.2298","14","1.4130","-0.0579","-0.4288","-29.0165","59.8194","32.2613","11.1000","0.1400","12.5659","45.39178592","-75.69630934","41.0","13.1","-98.6","46","39","0","1","3","-0.09","1.00","-0.88","-1.9","1.1","52.9","92.71","101.73","8256","6553.5","774.5","0","0","0","0","81.0","774.5","32.0","30.0","4.99","-4.3","0.1","3.175","0.278","10.37","12.7","0.75","0"
"65.650","47.0340","14","1.4058","-0.0778","-0.4358","-26.5111","59.7756","32.2529","11.1000","0.1400","12.5230","45.39179137","-75.69631266","41.0","13.1","-98.6","48","38","0","1","3","-0.27","1.17","-1.02","-0.3","-1.5","48.6","92.29","101.42","8161","6553.5","774.2","0","0","0","0","81.0","774.2","32.0","30.0","3.50","-4.3","0.1","3.346","0.268","10.04","12.7","0.75","0"
"65.700","46.7623","14","1.3701","-0.1129","-0.4600","-23.9445","58.5543","32.2403","11.1000","0.1432","12.7103","45.39179687","-75.69631546","41.0","13.1","-98.6","48","37","0","1","3","-0.32","1.21","-1.00","0.4","-3.1","45.3","91.87","102.14","8096","6553.5","774.0","0","0","0","0","81.0","774.0","32.0","30.0","2.51","-4.3","0.1","3.654","0.283","9.85","12.7","0.76","0"
"65.750","46.4479","14","1.3183","-0.1565","-0.4941","-21.3437","56.6707","32.2252","11.1000","0.1482","13.0445","45.39180239","-75.69631795","41.0","13.1","-98.6","48","37","0","1","3","-0.20","1.17","-0.99","0.3","-3.3","43.5","91.45","103.11","8032","6553.5","774.6","0","0","0","0","81.0","774.6","32.0","30.0","2.15","-4.3","0.1","3.667","0.300","9.70","12.8","0.75","0"
"65.800","46.1017","14","1.2916","-0.1597","-0.5047","-18.6307","55.9626","32.2166","11.1000","0.1500","13.1111","45.39180797","-75.69631999","41.0","13.1","-98.7","48","38","0","1","3","0.01","1.10","-0.93","-0.0","-2.7","42.4","91.35","103.63","7948","6553.5","775.2","0","0","0","0","81.0","775.2","32.0","30.0","2.01","-4.3","0.1","3.639","0.309","9.64","12.8","0.75","0"
"65.850","45.7377","14","1.2790","-0.1402","-0.5021","-15.8546","55.9156","32.2116","11.1000","0.1500","13.0185","45.39181359","-75.69632176","41.0","13.1","-98.6","48","35","0","1","3","-0.07","1.20","-0.86","-0.7","-1.9","41.4","91.77","102.84","7878","6553.5","775.5","0","0","0","0","81.0","775.5","32.0","30.0","2.15","-4.3","0.1","3.605","0.313","9.62","12.8","0.75","0"
"65.900","45.3724","14","1.2521","-0.1239","-0.4904","-13.0251","55.1724","32.2096","11.1000","0.1532","13.0885","45.39181922","-75.69632298","41.0","13.1","-98.7","48","35","0","1","3","-0.17","1.28","-0.89","-1.2","-0.8","40.9","92.19","101.90","7842","6553.5","775.8","0","0","0","0","81.0","775.8","32.0","30.0","2.33","-4.3","0.1","3.573","0.305","9.67","12.8","0.75","0"
"65.950","45.0063","14","1.2172","-0.1094","-0.4736","-10.1655","54.0374","32.2092","11.1000","0.1582","13.2556","45.39182486","-75.69632390","41.0","13.1","-98.6","48","34","0","1","3","-0.17","1.12","-0.93","-1.9","0.1","40.7","92.61","101.90","7859","6553.5","776.2","0","0","0","0","81.0","776.2","32.0","30.0","2.55","-4.3","0.1","3.543","0.319","10.13","12.7","0.75","0"
"66.000","44.7105","14","1.0927","-0.0819","-0.4813","-7.2995","48.7877","32.1999","11.1000","0.1600","14.5854","45.39183046","-75.69632430","41.0","13.1","-98.7","48","34","0","1","3","-0.21","1.01","-0.92","-2.0","0.4","39.3","93.03","101.90","7932","6553.5","776.6","0","0","0","0","81.0","776.6","32.0","30.0","2.84","-4.3","0.1","3.521","0.356","11.02","12.7","0.76","0"
"66.050","44.4542","14","0.9178","-0.0470","-0.5030","-4.4297","41.2235","32.1856","11.1000","0.1600","17.1628","45.39183604","-75.69632441","41.0","13.1","-98.7","47","33","0","1","3","-0.27","0.47","-1.08","-0.5","0.8","34.1","93.45","101.90","8068","6553.5","777.2","0","0","0","0","81.0","777.2","32.0","30.0","3.23","-4.3","0.0","3.508","0.391","13.49","12.6","0.76","0"
"66.100","44.4155","14","0.6985","-0.0207","-0.5122","-3.0395","31.4801","32.1703","11.1000","0.1600","22.4553","45.39184162","-75.69632461","41.0","13.1","-98.7","42","32","0","1","3","-0.08","-0.35","-1.08","2.5","1.9","23.5","93.86","102.12","8233","6553.5","777.7","0","0","0","0","80.9","777.7","32.0","30.0","3.59","-4.3","-0.1","3.440","0.425","16.71","12.6","0.77","0"
"66.150","44.4993","14","0.4541","0.0008","-0.5145","-2.4814","20.5110","32.1543","11.1000","0.1600","34.5292","45.39184722","-75.69632484","41.0","13.1","-98.6","36","33","0","1","3","0.20","-0.59","-0.85","6.2","2.7","9.4","94.28","99.52","7939","6553.5","778.3","0","0","0","0","78.4","778.3","32.0","30.0","3.94","-4.3","-0.2","3.346","0.481","19.30","12.6","0.79","0"
"66.200","44.7728","14","0.1459","0.0108","-0.4948","-3.1601","6.6015","32.1556","11.1000","0.1568","107.9418","45.39185285","-75.69632548","41.0","13.1","-98.7","32","32","0","1","3","0.29","-0.76","-0.74","8.4","1.4","-4.4","94.70","96.60","7631","6553.5","778.9","0","0","0","0","76.0","778.9","32.1","30.0","4.26","-4.3","0.0","3.288","0.535","21.68","12.6","0.82","0"
"66.250","45.1531","14","-0.1981","0.0143","-0.4627","-4.5345","-8.9619","32.1666","11.1000","0.1518","80.1880","45.39185852","-75.69632636","41.0","13.1","-98.6","34","30","0","1","3","0.02","-0.92","-0.78","8.6","-1.5","-17.1","95.12","94.90","7888","6553.5","780.3","0","0","0","0","77.5","780.3","32.0","30.0","4.55","-4.3","0.1","3.246","0.527","22.62","12.7","0.86","0"
"66.300","45.2853","14","-0.5075","0.0342","-0.4816","-6.6433","-22.9567","32.1566","11.1000","0.1532","31.3955","45.39186409","-75.69632775","41.0","13.1","-98.7","38","27","0","1","3","-0.33","-1.09","-0.86","7.8","-3.1","-28.6","95.54","97.74","8174","6553.5","781.7","0","0","0","0","79.0","781.7","32.0","30.0","4.78","-4.3","0.1","3.332","0.522","23.41","12.8","0.90","0"
"66.350","45.2779","14","-0.7974","0.0634","-0.5293","-9.1651","-36.0693","32.1348","11.1000","0.1582","19.9788","45.39186961","-75.69632945","41.0","13.1","-98.6","37","27","0","1","3","-0.34","-1.29","-0.98","6.2","-2.4","-38.5","95.96","101.62","8532","6553.5","782.0","0","0","0","0","79.0","782.0","32.1","30.0","4.93","-4.3","-0.0","3.403","0.525","23.80","12.7","0.88","0"
"66.400","45.1526","14","-1.0020","0.1039","-0.5357","-11.6411","-45.2777","32.1282","11.1000","0.1600","15.8715","45.39187498","-75.69633155","41.0","13.1","-98.6","34","28","0","1","3","-0.11","-1.14","-0.94","4.4","-0.9","-45.7","96.38","101.53","8578","6553.5","782.2","0","0","0","0","79.0","782.2","32.1","30.0","5.22","-4.3","-0.1","3.433","0.524","24.16","12.6","0.87","0"
"66.450","44.9609","14","-1.1586","0.1507","-0.5188","-14.0914","-52.2900","32.1301","11.1000","0.1600","13.6847","45.39188028","-75.69633387","41.0","13.1","-98.6","32","28","0","1","3","0.01","-1.03","-0.96","2.9","-0.2","-48.9","96.80","101.43","8287","6553.5","782.5","0","0","0","0","79.5","782.5","32.1","30.0","5.69","-4.3","-0.0","3.396","0.518","24.49","12.7","0.85","0"
"66.500","45.2179","14","-1.2197","0.1807","-0.4997","-16.6457","-54.8772","32.1269","11.1000","0.1600","13.1141","45.39188563","-75.69633673","41.0","13.1","-98.6","33","28","0","1","3","0.13","-1.06","-0.97","1.7","-0.6","-48.3","97.22","98.43","8263","6553.5","782.8","0","0","0","0","80.0","782.8","32.1","30.0","5.70","-4.3","0.0","3.285","0.524","24.79","12.8","0.82","0"
"66.550","45.7273","14","-1.2270","0.2012","-0.4794","-19.2584","-54.9752","32.1209","11.1000","0.1600","13.2382","45.39189100","-75.69633988","41.0","13.1","-98.6","34","26","0","1","3","0.10","-1.15","-0.98","0.8","-0.9","-45.6","97.64","100.93","8364","6553.5","783.5","0","0","0","0","80.0","783.5","32.1","30.0","5.11","-4.3","-0.0","3.280","0.537","25.07","12.7","0.86","0"
"66.600","45.9855","14","-1.1760","0.1947","-0.4720","-21.5042","-52.4270","32.1223","11.1000","0.1600","13.9600","45.39189622","-75.69634333","41.0","13.1","-98.6","34","27","0","1","3","-0.06","-1.08","-0.94","-0.1","-0.7","-41.7","98.06","100.81","8347","6553.5","784.2","0","0","0","0","80.0","784.2","32.1","30.0","4.78","-4.3","-0.0","3.325","0.535","25.20","12.7","0.89","0"
"66.650","46.1023","14","-1.0920","0.1731","-0.4718","-23.5435","-48.3905","32.1278","11.1000","0.1600","15.1629","45.39190136","-75.69634697","41.0","13.2","-98.7","34","28","0","1","3","0.04","-0.96","-0.90","-0.4","-0.6","-37.2","98.48","100.09","8318","6553.5","784.6","0","0","0","0","80.0","784.6","32.1","30.0","4.76","-4.3","0.1","3.380","0.532","25.31","12.8","0.88","0"
"66.700","46.3086","14","-1.0284","0.1640","-0.4559","-25.5881","-45.3309","32.1281","11.1000","0.1568","16.2588","45.39190647","-75.69635097","41.0","13.2","-98.7","34","29","0","1","3","0.16","-0.89","-0.88","-0.5","-0.9","-33.0","98.90","99.38","8336","6553.5","785.0","0","0","0","0","80.0","785.0","32.1","30.0","4.18","-4.3","0.0","3.427","0.548","25.48","12.8","0.88","0"
"66.750","46.5651","14","-0.9762","0.1619","-0.4312","-27.6356","-42.8208","32.1255","11.1000","0.1518","17.3072","45.39191155","-75.69635519","41.0","13.2","-98.6","35","28","0","1","3","0.12","-0.89","-0.94","-0.2","-1.1","-30.7","99.32","101.23","8371","6553.5","785.4","0","0","0","0","80.0","785.4","32.1","30.0","2.88","-4.3","-0.0","3.357","0.553","25.62","12.7","0.89","0"
"66.800","46.8705","14","-0.9421","0.1720","-0.4236","-29.7887","-41.1240","32.1224","11.1000","0.1468","18.1395","45.39191648","-75.69635979","41.0","13.2","-98.7","35","28","0","1","3","-0.02","-0.96","-1.00","0.4","-0.7","-30.7","99.74","101.01","8448","6553.5","785.8","0","0","0","0","80.0","785.8","32.0","30.0","2.48","-4.3","0.0","3.334","0.527","25.67","12.7","0.91","0"
"66.850","47.2034","14","-0.9182","0.1890","-0.4256","-32.0011","-39.8847","32.1191","11.1000","0.1418","18.8359","45.39192131","-75.69636460","41.0","13.2","-98.6","34","28","0","1","3","-0.09","-0.91","-0.96","1.0","-0.4","-31.4","100.00","100.19","8506","6553.5","786.3","0","0","0","0","80.0","786.3","32.0","30.0","3.22","-4.3","0.1","3.433","0.508","25.73","12.7","0.89","0"
"66.900","47.4471","14","-0.9210","0.1923","-0.4190","-34.1298","-39.7744","32.1159","11.1000","0.1400","18.9857","45.39192602","-75.69636973","41.0","13.2","-98.6","34","29","0","1","3","-0.18","-0.86","-1.02","1.2","-0.7","-31.9","100.00","99.77","8543","6553.5","786.9","0","0","0","0","80.0","786.9","32.0","30.0","3.71","-4.3","0.0","3.459","0.497","25.78","12.7","0.88","0"
"66.950","47.6405","14","-0.9389","0.1880","-0.4077","-36.2114","-40.2991","32.1128","11.1000","0.1400","18.8148","45.39193066","-75.69637505","41.0","13.1","-98.6","35","28","0","1","3","-0.24","-0.93","-1.18","1.3","-0.7","-32.4","100.00","100.68","8617","6553.5","787.1","0","0","0","0","79.0","787.1","32.0","30.0","3.90","-4.3","0.0","3.404","0.491","25.84","12.7","0.88","0"
"67.000","47.9138","14","-0.9625","0.1780","-0.4092","-38.2155","-41.0676","32.1092","11.1000","0.1400","18.5687","45.39193518","-75.69638074","41.0","13.1","-98.7","35","27","0","1","3","-0.14","-1.02","-1.13","1.0","-0.1","-33.1","100.00","101.34","8707","6553.5","787.3","0","0","0","0","78.0","787.3","32.0","30.0","4.10","-4.3","0.0","3.335","0.487","25.89","12.7","0.87","0"
"67.050","48.2322","14","-0.9892","0.1647","-0.4180","-40.1761","-41.9732","32.1055","11.1000","0.1400","18.2888","45.39193964","-75.69638664","41.0","13.1","-98.6","34","30","0","1","3","-0.00","-0.92","-0.93","0.8","-0.1","-33.7","100.00","100.68","8714","6553.5","787.0","0","0","0","0","78.0","787.0","32.0","30.0","4.33","-4.3","0.0","3.259","0.487","25.85","12.8","0.87","0"
"67.100","48.5499","14","-1.0034","0.1767","-0.4254","-42.0982","-42.3669","32.0985","11.1000","0.1400","18.2382","45.39194392","-75.69639278","41.0","13.1","-98.6","32","29","0","1","3","0.02","-1.01","-0.85","0.8","-1.1","-34.7","100.00","100.01","8724","6553.5","786.7","0","0","0","0","78.0","786.7","32.1","30.0","4.40","-4.3","0.1","3.220","0.489","25.80","12.8","0.86","0"
"67.150","48.8673","14","-1.0104","0.2028","-0.4321","-43.9987","-42.4726","32.0897","11.1000","0.1400","18.3118","45.39194810","-75.69639906","41.0","13.1","-98.6","35","28","0","1","3","-0.11","-1.10","-0.98","0.9","-1.8","-36.7","100.00","100.00","8898","6553.5","786.4","0","0","0","0","77.5","786.4","32.1","30.0","4.27","-4.3","0.1","3.190","0.496","25.80","12.7","0.86","0"
"67.200","49.1107","14","-0.9710","0.2116","-0.4278","-46.1388","-40.6009","32.0803","11.1000","0.1400","19.2513","45.39195208","-75.69640573","41.0","13.1","-98.6","35","29","0","1","3","-0.04","-1.05","-0.96","1.3","-1.8","-39.2","100.00","101.92","9025","6553.5","786.1","0","0","0","0","77.0","786.1","32.1","30.0","4.20","-4.3","0.1","3.212","0.495","25.80","12.7","0.86","0"
"67.250","49.3125","14","-0.9055","0.2106","-0.4174","-48.4137","-37.6170","32.0705","11.1000","0.1400","20.8638","45.39195595","-75.69641262","41.0","13.1","-98.6","34","29","0","1","3","0.08","-1.01","-0.85","0.9","-1.5","-40.5","100.00","101.96","9027","6553.5","785.8","0","0","0","0","78.0","785.8","32.1","30.0","4.22","-4.3","0.1","3.238","0.475","25.80","12.6","0.85","0"
"67.300","49.5805","14","-0.7748","0.2071","-0.4293","-50.2713","-32.0066","32.0581","11.1000","0.1400","24.6542","45.39195968","-75.69641971","41.0","13.1","-98.7","35","28","0","1","3","0.10","-0.73","-0.89","-0.0","-0.9","-37.9","100.00","101.76","8992","6553.5","785.5","0","0","0","0","79.0","785.5","32.1","30.0","4.26","-4.3","0.0","3.272","0.465","25.80","12.6","0.84","0"
"67.350","49.8858","14","-0.6073","0.2020","-0.4537","-51.8942","-24.9188","32.0443","11.1000","0.1400","31.8617","45.39196333","-75.69642691","41.0","13.1","-98.6","35","27","0","1","3","0.12","-0.08","-0.97","-2.1","-0.3","-28.7","100.00","101.66","8917","6553.5","785.5","0","0","0","0","78.5","785.5","32.1","30.0","4.31","-4.3","-0.1","3.356","0.464","25.80","12.7","0.83","0"
"67.400","50.2997","14","-0.3915","0.1800","-0.4510","-52.4499","-16.0017","32.0437","11.1000","0.1368","50.0286","45.39196718","-75.69643412","41.0","13.1","-98.7","35","28","0","1","3","0.14","0.47","-1.01","-5.7","-0.5","-13.7","100.00","101.15","8818","6553.5","785.5","0","0","0","0","78.0","785.5","32.1","30.0","4.34","-4.3","-0.2","3.495","0.455","24.97","12.7","0.83","0"
"67.450","50.7747","14","-0.1485","0.1486","-0.4330","-52.4051","-6.0557","32.0507","11.1000","0.1318","133.4454","45.39197116","-75.69644135","41.0","13.1","-98.6","41","28","0","1","3","0.25","0.83","-1.12","-9.3","-1.5","2.7","100.00","100.75","8707","6553.5","785.3","0","0","0","0","79.0","785.3","32.1","30.0","4.34","-4.3","-0.0","3.566","0.443","23.75","12.6","0.81","0"
"67.500","51.0375","14","0.0948","0.1212","-0.4155","-51.4431","3.7556","32.0526","11.1000","0.1300","216.2881","45.39197534","-75.69644826","41.0","13.1","-98.7","47","33","0","1","3","0.14","1.05","-0.91","-11.2","-2.6","16.9","100.00","100.85","8949","6553.5","785.2","0","0","0","0","80.0","785.2","32.1","30.0","4.39","-4.3","0.0","3.605","0.404","21.89","12.6","0.79","0"
"67.550","51.1808","14","0.3382","0.0959","-0.3983","-49.9650","13.4910","32.0518","11.1000","0.1300","60.3784","45.39197964","-75.69645500","41.0","13.1","-98.6","47","36","0","1","3","0.06","1.04","-0.81","-10.7","-3.0","27.3","100.00","100.94","9219","6553.5","785.0","0","0","0","0","80.0","785.0","32.1","30.0","4.48","-4.3","-0.0","3.522","0.362","20.02","12.6","0.77","0"
"67.600","51.1335","14","0.5160","0.0899","-0.3936","-48.1813","20.5551","32.0549","11.1000","0.1300","39.5918","45.39198415","-75.69646143","41.0","13.1","-98.7","48","38","0","1","3","-0.02","1.09","-0.87","-8.1","-2.2","34.1","100.00","99.96","9262","6553.5","784.7","0","0","0","0","80.0","784.7","32.1","30.0","4.67","-4.3","-0.0","3.417","0.319","18.96","12.6","0.76","0"
"67.650","50.9790","14","0.6571","0.0947","-0.3960","-46.2259","26.1166","32.0602","11.1000","0.1300","31.0667","45.39198878","-75.69646770","41.0","13.1","-98.6","46","39","0","1","3","-0.08","0.95","-1.07","-4.7","-1.2","37.5","100.00","99.77","9182","6553.5","784.0","0","0","0","0","79.5","784.0","32.1","30.0","4.99","-4.3","-0.0","3.246","0.281","17.53","12.6","0.77","0"
"67.700","50.9347","14","0.6907","0.0784","-0.3950","-44.7989","27.3925","32.0535","11.1000","0.1300","29.5939","45.39199347","-75.69647383","41.0","13.1","-98.7","44","40","0","1","3","0.09","0.64","-1.04","-0.4","-1.1","34.8","100.00","99.77","8780","6553.5","783.2","0","0","0","0","79.0","783.2","32.1","30.0","5.17","-4.3","-0.0","3.167","0.257","15.14","12.6","0.78","0"
"67.750","50.9524","14","0.6639","0.0503","-0.3922","-43.6692","26.2579","32.0399","11.1000","0.1300","30.8834","45.39199821","-75.69647989","41.0","13.1","-98.6","43","34","0","1","3","0.04","-0.04","-1.09","4.2","-1.8","23.4","100.00","99.77","8393","6553.5","781.6","0","0","0","0","80.5","781.6","32.1","30.0","5.20","-4.3","-0.1","3.324","0.226","11.87","12.7","0.77","0"
"67.800","51.2175","14","0.5300","-0.0105","-0.3965","-43.3964","20.9334","32.0308","11.1000","0.1300","38.9402","45.39200295","-75.69648614","41.0","13.1","-98.7","40","29","0","1","3","-0.19","-0.32","-1.05","7.2","-2.4","7.9","100.00","99.49","8023","6553.5","779.9","0","0","0","0","82.0","779.9","32.1","30.0","4.65","-4.3","0.1","3.402","0.189","7.65","12.7","0.77","0"
"67.850","51.6217","14","0.3358","-0.0896","-0.4049","-43.6057","13.2522","32.0242","11.1000","0.1300","61.9963","45.39200768","-75.69649248","41.0","13.1","-98.6","38","29","0","1","3","-0.43","-0.34","-0.86","8.0","-4.0","-5.3","100.00","98.63","8012","6553.5","773.8","0","0","0","0","82.0","773.8","32.1","30.0","3.36","-4.3","0.1","3.396","0.171","4.56","12.7","0.80","0"
"67.900","51.2307","14","0.1017","-0.1654","-0.4302","-44.0938","3.9816","32.0091","11.1000","0.1300","204.7799","45.39201213","-75.69649879","41.0","13.1","-98.7","38","28","0","1","3","-0.65","-0.52","-0.87","6.9","-5.1","-13.5","100.00","98.70","8171","6553.5","767.8","0","0","0","0","82.0","767.8","32.1","30.0","2.55","-4.3","0.0","3.436","0.163","2.01","12.7","0.84","0"
"67.950","50.3924","14","-0.1549","-0.2392","-0.4651","-44.7388","-6.1828","31.9892","11.1000","0.1300","129.7177","45.39201641","-75.69650509","41.0","13.1","-98.6","40","18","0","1","3","-0.68","-0.65","-1.48","5.8","-1.5","-18.2","100.00","98.77","8112","6553.5","762.0","0","0","0","0","82.0","762.0","32.1","30.0","2.34","-4.3","0.1","3.497","0.176","1.31","12.7","0.92","0"
"68.000","49.3881","14","-0.3766","-0.2846","-0.4156","-45.5798","-15.1484","32.0066","11.1000","0.1300","51.8889","45.39202047","-75.69651136","41.0","13.1","-98.7","38","18","0","1","3","-0.57","-0.91","-1.71","5.4","6.1","-21.2","100.00","98.84","8040","6553.5","756.3","0","0","0","0","82.0","756.3","32.2","30.0","2.32","-4.3","0.3","3.472","0.190","0.90","12.7","1.00","0"
"68.050","48.2904","14","-0.5788","-0.3139","-0.3186","-46.5311","-23.4397","32.0451","11.1000","0.1300","32.7890","45.39202442","-75.69651762","41.0","13.1","-98.6","26","25","0","1","3","-0.28","-0.95","-1.24","4.4","10.1","-22.1","100.00","98.85","8152","6553.5","751.5","0","0","0","0","80.5","751.5","32.2","30.0","2.57","-4.3","0.2","3.433","0.184","0.84","12.6","1.05","0"
"68.100","47.6862","14","-0.7193","-0.3368","-0.2820","-47.9730","-29.4480","32.0556","11.1000","0.1300","25.7725","45.39202812","-75.69652408","41.0","13.1","-98.7","28","28","0","1","3","-0.20","-0.92","-0.76","2.9","6.8","-22.4","100.00","108.87","8147","6553.5","746.6","0","0","0","0","79.0","746.6","32.2","30.0","3.05","-4.3","0.0","3.376","0.185","0.89","12.6","1.10","0"
"68.150","47.3596","14","-0.8252","-0.3562","-0.2792","-49.6910","-34.1721","32.0504","11.1000","0.1300","22.0575","45.39203169","-75.69653066","41.0","13.1","-98.6","37","26","0","1","3","-0.27","-1.05","-0.79","1.4","0.7","-24.9","100.00","105.92","7838","6553.5","744.1","0","0","0","0","79.5","744.1","32.2","30.0","3.84","-4.3","0.0","3.333","0.201","1.23","12.7","1.13","0"
"68.200","46.9404","14","-0.8969","-0.3689","-0.2636","-51.7935","-37.6443","32.0561","11.1000","0.1300","19.8457","45.39203496","-75.69653747","41.0","13.1","-98.6","42","28","0","1","3","-0.26","-1.14","-0.84","0.9","-3.0","-30.7","100.00","101.76","7612","6553.5","741.5","0","0","0","0","80.0","741.5","32.2","30.0","4.34","-4.3","0.0","3.324","0.211","1.64","12.7","1.16","0"
"68.250","46.4690","14","-0.9494","-0.3779","-0.2408","-54.1123","-40.4122","32.0680","11.1000","0.1300","18.3008","45.39203805","-75.69654441","41.0","13.1","-98.6","40","29","0","1","3","-0.34","-1.03","-0.70","0.9","-3.2","-37.6","100.00","99.77","7478","6553.5","740.8","0","0","0","0","80.0","740.8","32.1","30.0","4.47","-4.3","0.1","3.299","0.214","2.14","12.6","1.10","0"
"68.300","45.8551","14","-0.9944","-0.3589","-0.2232","-56.2455","-42.9858","32.0752","11.1000","0.1300","16.9779","45.39204086","-75.69655137","41.0","13.1","-98.7","38","26","0","1","3","-0.33","-1.01","-0.61","1.3","-1.8","-43.2","100.00","100.09","7409","6553.5","740.2","0","0","0","0","80.0","740.2","32.1","30.0","4.55","-4.3","0.1","3.257","0.226","2.64","12.6","1.03","0"
"68.350","45.1609","14","-1.0351","-0.3242","-0.2087","-58.2743","-45.4499","32.0799","11.1000","0.1300","15.8143","45.39204351","-75.69655834","40.9","13.1","-98.6","35","23","0","1","3","-0.43","-1.03","-0.76","1.1","-0.8","-46.0","100.00","100.64","7372","6553.5","741.2","0","0","0","0","80.0","741.2","32.2","30.0","4.57","-4.3","0.1","3.296","0.242","3.14","12.7","0.96","0"
"68.400","44.4236","14","-1.0696","-0.2835","-0.2017","-60.7009","-47.6565","32.0820","11.1000","0.1300","14.8358","45.39204581","-75.69656535","40.9","13.1","-98.6","34","22","0","1","3","-0.48","-1.12","-0.95","0.1","-1.2","-45.9","100.00","101.02","7315","6553.5","742.1","0","0","0","0","80.0","742.1","32.2","30.0","4.57","-4.3","0.1","3.373","0.254","3.64","12.7","0.90","0"
"68.450","43.6620","14","-1.1007","-0.2394","-0.1989","-63.3513","-49.7182","32.0827","11.1000","0.1300","13.9768","45.39204792","-75.69657239","40.9","13.1","-98.6","34","26","0","1","3","-0.40","-1.11","-1.07","-1.1","-2.4","-44.2","100.00","101.39","7253","6553.5","742.8","0","0","0","0","80.0","742.8","32.2","30.0","4.57","-4.3","0.1","3.355","0.267","4.12","12.7","0.88","0"
"68.500","43.1304","14","-1.1280","-0.2403","-0.1764","-66.1555","-51.5687","32.0846","11.1000","0.1300","13.3112","45.39204965","-75.69657953","40.9","13.1","-98.6","37","28","0","1","3","-0.37","-1.15","-1.10","-1.8","-3.2","-42.6","100.00","101.42","7167","6553.5","743.4","0","0","0","0","80.0","743.4","32.1","30.0","4.37","-4.3","0.1","3.326","0.287","4.40","12.7","0.85","0"
"68.550","42.7282","14","-1.1533","-0.2666","-0.1429","-69.0463","-53.3005","32.0873","11.1000","0.1300","12.7586","45.39205116","-75.69658672","40.9","13.1","-98.6","39","29","0","1","3","-0.33","-1.07","-1.10","-0.5","-2.8","-42.2","100.00","101.64","7107","6553.5","743.7","0","0","0","0","80.5","743.7","32.1","30.0","3.89","-4.3","0.0","3.328","0.309","4.93","12.7","0.84","0"
"68.600","42.2156","14","-1.1634","-0.2749","-0.1481","-71.6016","-54.4468","32.0883","11.1000","0.1300","12.3402","45.39205244","-75.69659389","40.9","13.1","-98.6","37","22","0","1","3","-0.45","-1.14","-1.31","1.5","-1.1","-42.9","100.00","101.43","7116","6553.5","743.9","0","0","0","0","81.0","743.9","32.2","30.0","3.51","-4.3","0.1","3.345","0.337","6.09","12.7","0.84","0"
"68.650","41.6409","14","-1.1649","-0.2729","-0.1750","-73.9682","-55.2638","32.0884","11.1000","0.1300","11.9922","45.39205359","-75.69660104","40.9","13.1","-98.6","35","23","0","1","3","-0.54","-1.12","-1.32","2.6","0.8","-43.7","100.00","101.18","7151","6553.5","745.2","0","0","0","0","81.0","745.2","32.2","30.0","3.26","-4.3","0.1","3.400","0.366","7.53","12.6","0.81","0"
"68.700","41.0291","14","-1.1506","-0.2336","-0.1665","-76.8168","-55.3239","32.0920","11.1000","0.1332","11.8032","45.39205435","-75.69660813","40.9","13.1","-98.7","32","25","0","1","3","-0.38","-1.12","-1.17","2.4","1.3","-43.5","100.00","101.00","7212","6553.5","746.5","0","0","0","0","81.0","746.5","32.2","30.0","3.08","-4.3","0.1","3.426","0.396","9.25","12.6","0.79","0"
"68.750","40.3964","14","-1.1273","-0.1732","-0.1381","-79.9365","-54.9582","32.0975","11.1000","0.1382","11.6985","45.39205487","-75.69661519","40.9","13.1","-98.6","33","28","0","1","3","-0.22","-1.07","-1.10","1.5","0.1","-42.3","100.00","102.01","7246","6553.5","748.0","0","0","0","0","81.5","748.0","32.2","30.0","3.01","-4.3","0.0","3.420","0.414","10.40","12.7","0.78","0"
"68.800","40.2407","14","-1.1130","-0.1265","-0.1284","-82.7608","-54.8469","32.0950","11.1000","0.1400","11.6771","45.39205510","-75.69662235","40.9","13.1","-98.6","36","28","0","1","3","-0.21","-1.03","-1.01","0.9","-1.2","-41.0","100.00","101.89","7266","6553.5","749.4","0","0","0","0","82.0","749.4","32.2","30.0","2.95","-4.3","0.0","3.374","0.427","11.29","12.8","0.77","0"
"68.850","40.3531","14","-1.1038","-0.0874","-0.1293","-85.4190","-54.8785","32.0881","11.1000","0.1400","11.7029","45.39205517","-75.69662956","40.9","13.1","-98.6","37","28","0","1","3","-0.13","-0.96","-0.82","0.8","-1.7","-40.1","100.00","101.59","7171","6553.5","750.5","0","0","0","0","82.0","750.5","32.2","30.0","2.92","-4.3","-0.0","3.310","0.435","11.74","12.7","0.76","0"
"68.900","40.3028","14","-1.0924","-0.0606","-0.1356","-87.8156","-54.6758","32.0840","11.1000","0.1400","11.7317","45.39205504","-75.69663675","40.9","13.1","-98.6","35","28","0","1","3","-0.07","-0.84","-0.64","0.8","-1.8","-39.0","100.00","100.66","7059","6553.5","751.6","0","0","0","0","82.0","751.6","32.2","30.0","2.93","-4.3","0.0","3.292","0.446","12.12","12.7","0.76","0"
"68.950","40.1608","14","-1.0798","-0.0407","-0.1450","-90.0650","-54.3413","32.0816","11.1000","0.1400","11.7623","45.39205480","-75.69664392","40.9","13.1","-98.6","35","26","0","1","3","-0.04","-0.99","-0.64","0.2","-2.1","-38.0","99.49","99.77","6941","6553.5","751.6","0","0","0","0","82.0","751.6","32.2","30.0","2.98","-4.3","0.0","3.279","0.478","12.34","12.8","0.76","0"
"69.000","40.0325","14","-1.0506","-0.0031","-0.1440","-92.5351","-53.0966","32.0805","11.1000","0.1432","11.9996","45.39205423","-75.69665101","40.9","13.1","-98.6","35","25","0","1","3","-0.13","-1.19","-0.98","-0.3","-1.6","-38.2","98.15","100.07","6891","6553.5","751.6","0","0","0","0","82.0","751.6","32.2","30.0","2.95","-4.3","0.1","3.250","0.501","12.56","12.8","0.76","0"
"69.050","39.9119","14","-1.0122","0.0446","-0.1371","-95.1293","-51.3400","32.0803","11.1000","0.1482","12.3728","45.39205346","-75.69665806","40.9","13.1","-98.6","35","26","0","1","3","-0.24","-1.05","-1.05","-0.8","-0.3","-39.7","96.81","100.73","7019","6553.5","752.6","0","0","0","0","81.5","752.6","32.2","30.0","2.83","-4.3","0.0","3.254","0.501","12.78","12.8","0.76","0"
"69.100","39.9027","14","-0.9036","0.0894","-0.1226","-97.9277","-45.8749","32.0837","11.1000","0.1500","13.8435","45.39205238","-75.69666504","40.8","13.1","-98.7","34","30","0","1","3","-0.18","-0.84","-0.85","-1.3","0.0","-40.5","95.47","101.40","7076","6553.5","753.6","0","0","0","0","81.0","753.6","32.2","30.0","2.87","-4.3","0.0","3.338","0.491","12.93","12.8","0.77","0"
"69.150","39.9560","14","-0.7557","0.1326","-0.1037","-100.8411","-38.3239","32.0893","11.1000","0.1500","16.5933","45.39205111","-75.69667196","40.8","13.1","-98.6","34","30","0","1","3","0.02","-0.66","-0.78","-2.1","-1.3","-38.5","94.13","101.42","7059","6553.5","754.1","0","0","0","0","81.0","754.1","32.2","30.0","3.13","-4.3","0.0","3.418","0.471","12.98","12.8","0.77","0"
"69.200","40.2410","14","-0.5430","0.1293","-0.1186","-102.2834","-27.4888","32.0837","11.1000","0.1532","23.2988","45.39204986","-75.69667903","40.8","13.1","-98.7","37","28","0","1","3","0.08","-0.30","-1.05","-3.7","-2.4","-31.3","92.79","100.81","7035","6553.5","754.6","0","0","0","0","81.0","754.6","32.2","30.0","3.25","-4.3","0.0","3.494","0.450","12.85","12.8","0.78","0"
"69.250","40.6564","14","-0.2938","0.0998","-0.1525","-102.8982","-14.8063","32.0718","11.1000","0.1582","43.7022","45.39204862","-75.69668618","40.8","13.1","-98.6","40","29","0","1","3","0.10","0.51","-1.26","-5.4","-2.0","-18.7","91.46","100.45","7009","6553.5","755.0","0","0","0","0","81.0","755.0","32.2","30.0","3.20","-4.3","0.1","3.538","0.429","12.63","12.7","0.78","0"
"69.300","40.9154","14","-0.0359","0.0634","-0.1588","-101.9947","-1.8522","32.0658","11.1000","0.1568","351.5812","45.39204774","-75.69669337","40.8","13.2","-98.7","41","32","0","1","3","-0.02","0.94","-1.33","-6.7","-1.2","-3.4","90.12","100.15","6879","6553.5","755.3","0","0","0","0","81.0","755.3","32.2","30.0","3.13","-4.3","0.1","3.567","0.396","9.81","12.7","0.78","0"
"69.350","41.0863","14","0.2269","0.0229","-0.1495","-100.2372","11.2547","32.0631","11.1000","0.1518","58.1009","45.39204706","-75.69670059","40.8","13.2","-98.6","42","34","0","1","3","-0.16","1.13","-1.14","-6.8","-1.4","11.3","88.78","101.44","6738","6553.5","754.5","0","0","0","0","81.5","754.4","32.2","30.0","3.01","-4.3","0.0","3.514","0.365","6.79","12.8","0.77","0"
"69.400","41.0912","14","0.4878","-0.0039","-0.1505","-97.8569","24.2554","32.0602","11.1000","0.1468","26.9625","45.39204675","-75.69670780","40.8","13.2","-98.7","46","34","0","1","3","-0.23","1.26","-1.08","-5.7","-2.0","23.7","87.44","102.88","6626","6553.5","753.6","0","0","0","0","82.0","753.6","32.2","30.0","2.87","-4.3","0.1","3.463","0.358","5.46","12.8","0.77","0"
"69.450","41.0027","14","0.7478","-0.0232","-0.1572","-95.1262","37.1963","32.0572","11.1000","0.1418","17.5441","45.39204665","-75.69671500","40.8","13.2","-98.6","47","33","0","1","3","-0.27","1.27","-1.18","-4.0","-1.2","34.5","86.10","102.74","6566","6553.5","752.3","0","0","0","0","82.5","752.3","32.2","30.0","2.71","-4.3","0.1","3.559","0.355","4.45","12.7","0.78","0"
"69.500","40.5493","14","0.9472","-0.0459","-0.1494","-92.2781","47.2378","32.0545","11.1000","0.1400","13.6620","45.39204688","-75.69672199","40.8","13.2","-98.7","47","36","0","1","3","-0.22","1.11","-1.08","-2.3","-0.1","42.0","84.76","102.45","6641","6553.5","751.0","0","0","0","0","83.0","751.0","32.2","30.0","2.80","-4.3","0.0","3.631","0.358","4.29","12.7","0.80","0"
"69.550","39.8906","14","1.1126","-0.0705","-0.1333","-89.3640","55.6482","32.0520","11.1000","0.1400","11.4088","45.39204728","-75.69672886","40.8","13.2","-98.6","46","38","0","1","3","-0.32","0.95","-0.79","-1.3","-0.9","44.9","83.42","102.16","6652","6553.5","750.5","0","0","0","0","82.5","750.5","32.2","30.0","3.19","-4.3","0.0","3.640","0.356","4.20","12.8","0.80","0"
"69.600","39.5094","14","1.1936","-0.1013","-0.1594","-86.9791","60.0020","32.0388","11.1000","0.1400","10.4798","45.39204787","-75.69673567","40.8","13.2","-98.7","46","33","0","1","3","-0.39","1.02","-0.85","-1.1","-2.6","45.0","82.08","102.15","6594","6553.5","750.0","0","0","0","0","82.0","750.0","32.2","30.0","3.43","-4.3","0.1","3.619","0.348","4.20","12.9","0.80","0"
"69.650","39.2842","14","1.2273","-0.1356","-0.2092","-84.8918","62.0739","32.0195","11.1000","0.1400","10.0723","45.39204856","-75.69674243","40.7","13.2","-98.6","48","32","0","1","3","-0.44","1.16","-1.16","-1.2","-2.7","45.7","80.74","100.30","6590","6553.5","749.1","0","0","0","0","82.0","749.0","32.2","30.0","3.47","-4.3","0.1","3.568","0.340","4.16","12.8","0.79","0"
"69.700","38.7399","14","1.2116","-0.1872","-0.2079","-82.2251","61.7677","32.0151","11.1000","0.1400","9.9820","45.39204960","-75.69674892","40.7","13.2","-98.7","48","34","0","1","3","-0.21","1.05","-1.13","-1.7","-1.4","47.2","79.40","101.07","6610","6553.5","748.1","0","0","0","0","82.0","748.1","32.2","30.0","3.37","-4.3","0.0","3.507","0.332","4.11","12.8","0.79","0"
"69.750","38.0160","14","1.1681","-0.2484","-0.1778","-79.2324","60.1239","32.0191","11.1000","0.1400","10.0633","45.39205085","-75.69675527","40.7","13.2","-98.6","48","36","0","1","3","0.05","0.90","-0.81","-2.4","-1.5","47.5","78.06","102.31","6524","6553.5","747.2","0","0","0","0","82.0","747.1","32.2","30.0","3.09","-4.3","-0.0","3.441","0.346","4.15","12.7","0.79","0"
"69.800","37.6457","14","1.1319","-0.2705","-0.1858","-76.3334","59.0196","32.0126","11.1000","0.1368","10.1517","45.39205235","-75.69676152","40.7","13.2","-98.7","48","33","0","1","3","-0.09","0.93","-0.75","-3.5","-3.0","47.0","76.72","100.70","6427","6553.5","746.2","0","0","0","0","82.0","746.2","32.2","30.0","2.69","-4.3","0.1","3.404","0.362","4.20","12.6","0.80","0"
"69.850","37.4744","14","1.0998","-0.2707","-0.2152","-73.4871","58.2186","32.0002","11.1000","0.1318","10.2445","45.39205400","-75.69676772","40.7","13.2","-98.7","48","32","0","1","3","-0.34","1.23","-0.93","-4.3","-3.4","47.9","75.38","98.85","6354","6553.5","744.1","0","0","0","0","82.5","744.1","32.2","30.0","2.14","-4.3","0.1","3.379","0.376","4.20","12.7","0.80","0"
"69.900","36.9138","14","1.0472","-0.2467","-0.1926","-70.2208","56.2480","32.0027","11.1000","0.1300","10.4448","45.39205597","-75.69677350","40.7","13.2","-98.7","48","35","0","1","3","-0.40","1.42","-1.13","-3.6","-1.8","50.3","74.04","99.62","6282","6553.5","742.0","0","0","0","0","83.0","742.0","32.2","30.0","1.91","-4.3","0.0","3.437","0.391","4.20","12.8","0.81","0"
"69.950","36.1343","14","0.9830","-0.2092","-0.1407","-66.7183","53.6194","32.0134","11.1000","0.1300","10.7255","45.39205811","-75.69677903","40.7","13.2","-98.7","46","37","0","1","3","-0.39","1.06","-1.03","-2.3","0.2","51.5","72.71","101.07","6212","6553.5","740.8","0","0","0","0","83.0","740.8","32.2","30.0","2.09","-4.3","0.0","3.473","0.407","4.20","12.7","0.83","0"
"70.000","35.5927","14","0.8564","-0.1828","-0.1332","-63.9533","47.2393","32.0128","11.1000","0.1300","11.9916","45.39206036","-75.69678439","40.7","13.2","-98.7","44","37","0","1","3","-0.07","0.58","-0.99","-0.3","0.0","47.6","72.34","101.50","6071","6553.5","739.6","0","0","0","0","83.0","739.6","32.2","30.0","2.39","-4.3","0.0","3.453","0.428","4.23","12.7","0.85","0"
"70.050","35.1849","14","0.6946","-0.1628","-0.1505","-61.6030","38.7491","32.0057","11.1000","0.1300","14.4516","45.39206267","-75.69678964","40.7","13.2","-98.7","42","33","0","1","3","0.02","-0.04","-0.94","2.9","-1.4","37.1","73.55","100.94","5855","6553.5","737.8","0","0","0","0","82.5","737.8","32.2","30.0","2.85","-4.3","-0.0","3.454","0.452","4.28","12.8","0.87","0"
"70.100","35.0961","14","0.4799","-0.1671","-0.1688","-61.0692","26.9546","31.9966","11.1000","0.1300","20.7227","45.39206483","-75.69679505","40.7","13.2","-98.6","41","28","0","1","3","-0.10","-0.58","-1.12","6.1","-1.8","21.6","74.76","100.40","5814","6553.5","735.9","0","0","0","0","82.0","735.9","32.2","30.0","3.16","-4.3","-0.1","3.479","0.460","4.30","12.8","0.88","0"
"70.150","35.1867","14","0.2354","-0.1851","-0.1877","-61.5572","13.3016","31.9863","11.1000","0.1300","42.1013","45.39206691","-75.69680056","40.7","13.2","-98.7","38","25","0","1","3","-0.39","-0.69","-1.10","8.0","-1.0","5.4","75.97","99.11","5856","6553.5","734.1","0","0","0","0","80.5","734.1","32.2","30.0","3.28","-4.3","0.0","3.446","0.459","4.30","12.8","0.89","0"
"70.200","34.7473","14","-0.0467","-0.1962","-0.1805","-62.9144","-2.8662","31.9836","11.1000","0.1300","192.9430","45.39206867","-75.69680603","40.7","13.2","-98.7","34","26","0","1","3","-0.39","-0.74","-0.80","7.9","-0.2","-9.0","77.18","97.82","5849","6553.5","732.2","0","0","0","0","79.0","732.2","32.2","30.0","3.35","-4.3","0.0","3.386","0.474","4.35","12.8","0.90","0"
"70.250","34.0098","14","-0.3501","-0.2035","-0.1587","-64.7605","-20.4486","31.9852","11.1000","0.1300","26.4704","45.39207026","-75.69681149","40.7","13.2","-98.7","35","28","0","1","3","-0.33","-0.97","-0.58","6.4","-0.5","-21.0","78.39","101.06","5827","6553.5","731.4","0","0","0","0","79.5","731.4","32.2","30.0","3.34","-4.3","-0.0","3.365","0.490","4.40","12.8","0.89","0"
"70.300","33.6665","14","-0.5996","-0.2065","-0.1648","-67.2836","-35.3408","31.9828","11.1000","0.1300","15.1615","45.39207160","-75.69681709","40.7","13.2","-98.7","35","30","0","1","3","-0.28","-1.01","-0.67","4.5","-1.7","-30.0","79.60","101.42","5699","6553.5","730.6","0","0","0","0","80.0","730.6","32.2","30.0","3.37","-4.3","-0.0","3.358","0.491","4.40","12.8","0.88","0"
"70.350","33.5449","14","-0.8188","-0.2072","-0.1866","-70.1875","-48.7198","31.9781","11.1000","0.1300","10.9583","45.39207279","-75.69682277","40.7","13.2","-98.7","35","29","0","1","3","-0.16","-1.01","-0.84","3.3","-3.5","-36.1","80.81","100.98","5579","6553.5","729.9","0","0","0","0","80.0","729.9","32.2","30.0","3.44","-4.3","-0.0","3.443","0.498","4.43","12.7","0.87","0"
"70.400","33.2551","14","-0.9776","-0.1815","-0.2619","-72.8734","-58.9011","31.9600","11.1000","0.1332","8.9858","45.39207370","-75.69682845","40.7","13.2","-98.7","36","28","0","1","3","-0.13","-1.09","-0.83","2.9","-4.8","-40.4","82.03","100.50","5477","6553.5","729.2","0","0","0","0","80.0","729.2","32.2","30.0","3.47","-4.3","-0.0","3.488","0.518","4.54","12.7","0.86","0"
"70.450","32.8706","14","-1.1024","-0.1410","-0.3672","-75.4367","-67.2837","31.9342","11.1000","0.1382","7.7753","45.39207445","-75.69683413","40.7","13.2","-98.7","36","24","0","1","3","-0.01","-1.16","-0.96","2.5","-4.3","-44.4","83.24","100.01","5439","6553.5","730.3","0","0","0","0","80.0","730.4","32.2","30.0","3.43","-4.3","-0.0","3.429","0.567","5.96","12.8","0.85","0"
"70.500","32.3154","14","-1.1400","-0.1288","-0.3915","-78.8992","-70.3164","31.9259","11.1000","0.1400","7.3143","45.39207483","-75.69683973","40.7","13.2","-98.8","36","21","0","1","3","-0.17","-1.20","-1.14","2.5","-1.7","-48.5","84.45","100.00","5470","6553.5","731.5","0","0","0","0","80.0","731.6","32.3","30.0","3.36","-4.3","0.0","3.367","0.645","8.79","12.8","0.84","0"
"70.550","31.6642","14","-1.1286","-0.1324","-0.3704","-82.8674","-70.3399","31.9275","11.1000","0.1400","7.1645","45.39207501","-75.69684529","40.7","13.2","-98.7","36","24","0","1","3","-0.36","-1.10","-1.20","3.1","2.0","-51.9","85.66","99.79","5505","6553.5","734.7","0","0","0","0","80.0","734.7","32.3","30.0","3.27","-4.3","0.1","3.302","0.658","10.72","12.9","0.82","0"
"70.600","31.1892","14","-1.0900","-0.1220","-0.3113","-86.6073","-68.6442","31.9372","11.1000","0.1400","7.2314","45.39207487","-75.69685078","40.7","13.2","-98.7","34","29","0","1","3","-0.27","-1.04","-1.11","2.7","4.5","-53.4","86.87","100.06","5543","6553.5","737.8","0","0","0","0","80.0","737.8","32.3","30.0","3.25","-4.3","0.0","3.301","0.641","12.22","12.9","0.80","0"
"70.650","30.8132","14","-1.0362","-0.1037","-0.2307","-90.2189","-65.9815","31.9516","11.1000","0.1400","7.4325","45.39207455","-75.69685623","40.7","13.2","-98.7","34","29","0","1","3","-0.22","-0.93","-0.89","1.3","4.5","-52.6","88.08","100.39","5689","6553.5","739.9","0","0","0","0","80.5","739.9","32.3","30.0","3.32","-4.3","0.0","3.330","0.643","12.69","12.9","0.82","0"
"70.700","30.8026","14","-0.9933","-0.0632","-0.2243","-93.0665","-63.8527","31.9498","11.1000","0.1432","7.6776","45.39207404","-75.69686169","40.7","13.2","-98.7","35","28","0","1","3","-0.08","-0.92","-0.96","0.0","2.6","-50.5","89.29","100.71","5826","6553.5","742.0","0","0","0","0","81.0","742.0","32.2","30.0","3.24","-4.3","-0.0","3.417","0.648","13.01","12.9","0.84","0"
"70.750","30.9975","14","-0.9565","-0.0102","-0.2596","-95.4845","-62.0244","31.9391","11.1000","0.1482","7.9540","45.39207343","-75.69686716","40.7","13.2","-98.7","36","27","0","1","3","0.04","-0.71","-0.90","-0.3","0.2","-48.1","90.50","100.71","5694","6553.5","742.3","0","0","0","0","81.0","742.3","32.3","30.0","2.95","-4.3","-0.0","3.497","0.662","13.18","12.8","0.83","0"
"70.800","31.1225","14","-0.9232","0.0320","-0.2745","-98.0167","-60.1476","31.9311","11.1000","0.1500","8.2352","45.39207260","-75.69687261","40.7","13.2","-98.7","35","27","0","1","3","0.06","-0.81","-0.85","-0.7","-1.7","-47.0","91.72","99.96","5643","6553.5","742.6","0","0","0","0","81.0","742.6","32.3","30.0","2.78","-4.3","0.1","3.404","0.677","13.72","12.8","0.83","0"
"70.850","31.2081","14","-0.8920","0.0680","-0.2779","-100.6132","-58.2435","31.9247","11.1000","0.1500","8.5279","45.39207163","-75.69687805","40.7","13.2","-98.8","36","28","0","1","3","-0.22","-0.99","-0.78","-1.1","-1.9","-47.8","92.93","99.12","5800","6553.5","743.0","0","0","0","0","81.0","743.0","32.2","30.0","2.78","-4.3","0.0","3.341","0.695","15.22","12.7","0.83","0"
"70.900","31.3007","14","-0.8605","0.1047","-0.2684","-103.5141","-56.1614","31.9266","11.1000","0.1532","8.8703","45.39207038","-75.69688342","40.7","13.2","-98.7","37","28","0","1","3","-0.15","-1.11","-1.02","-1.0","-0.8","-49.6","94.14","99.74","5946","6553.5","743.3","0","0","0","0","81.0","743.3","32.2","30.0","2.92","-4.3","-0.0","3.352","0.705","16.72","12.7","0.83","0"
"70.950","31.3972","14","-0.8289","0.1417","-0.2517","-106.5862","-53.9793","31.9331","11.1000","0.1582","9.2573","45.39206898","-75.69688873","40.7","13.2","-98.7","36","28","0","1","3","0.13","-1.09","-0.93","-0.6","-0.5","-50.1","95.35","101.42","6080","6553.5","743.5","0","0","0","0","81.0","743.5","32.3","30.0","3.23","-4.3","-0.0","3.353","0.706","18.22","12.6","0.85","0"
"71.000","31.6690","14","-0.8196","0.1544","-0.2384","-109.5911","-53.1038","31.9294","11.1000","0.1600","9.4914","45.39206730","-75.69689397","40.7","13.2","-98.7","33","31","0","1","3","0.28","-0.81","-0.61","-0.4","-0.8","-49.9","96.56","100.57","6003","6553.5","743.6","0","0","0","0","81.0","743.6","32.3","30.0","3.47","-4.3","0.0","3.342","0.714","19.04","12.6","0.87","0"
"71.050","32.0395","14","-0.8228","0.1535","-0.2270","-112.5583","-52.9633","31.9201","11.1000","0.1600","9.6279","45.39206546","-75.69689917","40.7","13.2","-98.6","33","31","0","1","3","0.28","-0.57","-0.40","0.5","-3.0","-48.0","96.89","99.98","5826","6553.5","744.2","0","0","0","0","81.0","744.2","32.2","30.0","3.61","-4.3","0.1","3.319","0.726","19.54","12.8","0.86","0"
"71.100","32.4106","14","-0.8524","0.1713","-0.2867","-114.8251","-54.4978","31.8998","11.1000","0.1632","9.4652","45.39206348","-75.69690434","40.7","13.2","-98.7","35","27","0","1","3","0.10","-1.06","-0.58","0.8","-4.7","-46.8","95.77","101.68","6064","6553.5","744.7","0","0","0","0","81.0","744.7","32.2","30.0","3.59","-4.3","0.0","3.290","0.709","19.65","12.9","0.84","0"
"71.150","32.7820","14","-0.8966","0.1996","-0.3863","-116.6978","-56.9745","31.8734","11.1000","0.1682","9.1575","45.39206141","-75.69690949","40.7","13.2","-98.7","36","21","0","1","3","-0.13","-1.42","-1.16","0.6","-2.3","-48.9","94.66","103.13","6345","6553.5","744.8","0","0","0","0","81.0","744.9","32.3","30.0","3.37","-4.3","-0.1","3.363","0.688","19.70","12.8","0.87","0"
"71.200","32.7230","14","-0.9074","0.2262","-0.3717","-120.4058","-57.2147","31.8740","11.1000","0.1700","9.1026","45.39205894","-75.69691421","40.7","13.2","-98.7","35","27","0","1","3","0.09","-1.11","-1.26","0.2","3.0","-52.6","93.54","103.13","6484","6553.5","745.0","0","0","0","0","81.0","745.0","32.3","30.0","3.39","-4.3","-0.2","3.438","0.653","19.70","12.7","0.89","0"
"71.250","32.4219","14","-0.8993","0.2520","-0.2928","-125.1462","-56.1969","31.8897","11.1000","0.1700","9.1822","45.39205623","-75.69691870","40.7","13.2","-98.7","32","34","14","1","3","0.49","-0.69","-0.87","0.3","6.0","-53.2","92.42","100.67","6501","6553.5","745.1","0","0","0","0","81.0","745.1","32.3","30.0","3.72","-4.3","-0.2","3.380","0.632","19.70","12.8","0.88","0"
"71.300","33.0918","14","-0.8593","0.2678","-0.3301","-127.3952","-53.1559","31.8722","11.1000","0.1700","9.9081","45.39205342","-75.69692344","40.7","13.2","-98.7","29","32","0","1","3","0.54","-0.60","-0.78","0.6","3.6","-48.9","91.31","97.51","6206","6553.5","745.2","0","0","0","0","81.0","745.2","32.3","30.0","3.78","-4.3","0.1","3.334","0.648","19.70","12.8","0.88","0"
"71.350","34.3079","14","-0.8012","0.2782","-0.4329","-128.2430","-48.9769","31.8360","11.1000","0.1700","11.1487","45.39205055","-75.69692831","40.7","13.2","-98.7","35","28","13","1","3","0.20","-0.81","-0.87","0.8","-0.7","-42.5","90.19","94.92","6175","6553.5","745.6","0","0","0","0","82.0","745.6","32.3","30.0","3.50","-4.3","0.4","3.318","0.650","19.70","12.7","0.87","0"
"71.400","34.8947","14","-0.7651","0.2746","-0.4582","-130.0935","-46.1743","31.8267","11.1000","0.1668","12.0276","45.39204747","-75.69693292","40.7","13.2","-98.7","38","27","45","1","3","-0.17","-0.81","-1.20","1.7","-2.0","-37.9","89.08","94.92","6431","6553.5","746.0","0","0","0","0","83.0","746.0","32.3","30.0","3.40","-4.3","0.3","3.320","0.638","19.70","12.7","0.85","0"
"71.450","35.1276","14","-0.7413","0.2631","-0.4400","-132.5082","-44.1461","31.8326","11.1000","0.1618","12.6642","45.39204428","-75.69693738","40.7","13.2","-98.7","34","30","50","1","3","0.13","-0.76","-1.08","2.2","-1.1","-36.1","87.96","108.16","6559","6553.5","746.2","0","0","0","0","82.5","746.2","32.3","30.0","3.53","-4.3","0.1","3.340","0.635","19.62","12.7","0.87","0"
"71.500","35.3597","14","-0.7297","0.2558","-0.4442","-134.5098","-42.9088","31.8265","11.1000","0.1600","13.1154","45.39204099","-75.69694171","40.7","13.2","-98.7","33","36","54","1","3","0.29","-0.54","-0.79","2.2","-1.7","-36.0","86.84","107.83","6628","6553.5","746.3","0","0","0","0","82.0","746.3","32.3","30.0","3.60","-4.3","0.0","3.364","0.637","19.51","12.7","0.89","0"
"71.550","35.5914","14","-0.7248","0.2509","-0.4611","-136.2792","-42.1165","31.8137","11.1000","0.1600","13.4497","45.39203764","-75.69694597","40.7","13.2","-98.7","33","31","48","1","3","-0.03","-0.67","-1.05","2.8","-3.2","-37.6","85.73","104.96","6754","6553.5","746.7","0","0","0","0","82.0","746.7","32.3","30.0","3.61","-4.3","0.0","3.390","0.613","19.30","12.7","0.88","0"
"71.600","35.8777","14","-0.7219","0.2426","-0.4411","-138.4610","-41.4758","31.8115","11.1000","0.1600","13.7673","45.39203404","-75.69694998","40.7","13.2","-98.7","35","24","44","1","3","-0.26","-0.96","-1.36","3.9","-2.3","-41.3","84.61","101.67","6880","6553.5","747.0","0","0","0","0","82.0","747.0","32.3","30.0","3.69","-4.3","0.0","3.345","0.586","19.06","12.7","0.88","0"
"71.650","36.1946","14","-0.7203","0.2323","-0.4005","-140.8748","-40.9205","31.8153","11.1000","0.1600","14.0774","45.39203029","-75.69695386","40.7","13.2","-98.7","37","26","50","1","3","-0.30","-0.94","-1.23","4.1","0.8","-45.4","83.50","100.00","6902","6553.5","747.2","0","0","0","0","82.0","747.2","32.3","30.0","3.87","-4.3","0.1","3.295","0.570","18.62","12.8","0.87","0"
"71.700","36.5038","14","-0.7197","0.2085","-0.3377","-143.3799","-40.4686","31.8294","11.1000","0.1600","14.3562","45.39202641","-75.69695750","40.7","13.2","-98.7","30","31","57","1","3","-0.06","-0.76","-0.76","2.6","1.8","-45.9","82.38","100.19","6844","6553.5","747.3","0","0","0","0","82.0","747.3","32.3","30.0","4.03","-4.3","0.2","3.292","0.543","17.46","12.8","0.85","0"
"71.750","36.8086","14","-0.7199","0.1770","-0.2625","-145.9365","-40.0750","31.8492","11.1000","0.1600","14.6183","45.39202245","-75.69696100","40.7","13.2","-98.7","31","29","58","1","3","0.17","-0.62","-0.73","0.3","-0.9","-42.0","81.26","100.53","6579","6553.5","747.8","0","0","0","0","82.0","747.8","32.3","30.0","4.15","-4.3","0.8","3.337","0.486","14.46","12.7","0.84","0"
"71.800","37.2270","14","-0.7501","0.1596","-0.2779","-147.7256","-41.4172","31.8409","11.1000","0.1600","14.3053","45.39201833","-75.69696439","40.7","13.1","-98.7","36","26","53","1","3","0.06","-0.87","-1.07","-2.3","-4.4","-37.0","80.15","102.97","6464","6553.5","748.3","0","0","0","0","82.0","748.3","32.3","30.0","4.10","-4.3","1.5","3.506","0.452","11.73","12.7","0.83","0"
"71.850","37.7092","14","-0.7974","0.1500","-0.3441","-149.0830","-43.7359","31.8167","11.1000","0.1600","13.7224","45.39201413","-75.69696773","40.7","13.1","-98.7","40","25","49","1","3","-0.08","-0.80","-1.20","-4.1","-5.1","-32.9","79.03","105.42","6513","6553.5","746.7","0","0","0","0","82.0","746.7","32.3","30.0","3.83","-4.3","1.8","3.527","0.444","9.28","12.8","0.80","0"
"71.900","37.7708","14","-0.7431","0.1308","-0.3493","-151.1004","-40.5567","31.8120","11.1000","0.1600","14.8222","45.39200988","-75.69697065","40.7","13.1","-98.7","38","28","50","1","3","-0.13","-0.40","-0.99","-4.6","-3.9","-29.0","77.92","145.32","6416","6553.5","745.0","0","0","0","0","82.0","745.0","32.3","30.0","3.64","-4.3","2.1","3.388","0.449","8.12","12.8","0.78","0"
"71.950","37.5957","14","-0.6318","0.1060","-0.3201","-153.4890","-34.2851","31.8182","11.1000","0.1600","17.4523","45.39200559","-75.69697335","40.7","13.1","-98.7","34","28","49","1","3","-0.13","-0.43","-0.84","-4.2","-3.4","-24.7","76.80","205.71","6251","6553.5","743.7","0","0","0","0","82.0","743.7","32.3","30.0","3.55","-4.3","2.5","3.353","0.462","7.57","12.7","0.79","0"
"72.000","37.5577","14","-0.5703","0.0565","-0.3370","-154.7330","-30.7959","31.8082","11.1000","0.1600","19.4101","45.39200129","-75.69697606","40.7","13.1","-98.7","37","27","46","1","3","-0.17","-0.47","-1.05","-3.5","-3.5","-21.3","75.68","241.46","6093","6553.5","742.4","0","0","0","0","82.0","742.4","32.3","30.0","3.39","-4.3","2.8","3.368","0.481","7.30","12.6","0.80","0"
"72.050","37.5969","14","-0.5368","-0.0068","-0.3799","-155.3330","-28.8718","31.7892","11.1000","0.1600","20.7252","45.39199698","-75.69697878","40.7","13.1","-98.6","38","25","46","1","3","-0.15","-0.35","-1.34","-2.9","-3.0","-19.6","74.57","277.21","5966","6553.5","740.9","0","0","0","0","82.0","740.9","32.3","30.0","3.13","-4.3","3.0","3.396","0.498","7.09","12.7","0.82","0"
"72.100","37.4459","14","-0.4914","-0.0601","-0.3943","-156.6137","-26.4161","31.7812","11.1000","0.1600","22.5609","45.39199265","-75.69698118","40.7","13.1","-98.7","38","25","45","1","3","-0.23","-0.22","-1.35","-1.9","-1.8","-18.9","73.76","343.35","6173","6553.5","739.4","0","0","0","0","82.0","739.4","32.3","30.0","2.97","-4.3","4.6","3.423","0.485","6.92","12.7","0.84","0"
"72.150","37.1880","14","-0.4393","-0.1078","-0.3927","-158.2772","-23.6613","31.7796","11.1000","0.1600","25.0140","45.39198831","-75.69698342","40.7","13.1","-98.6","38","24","45","1","3","-0.26","-0.32","-1.19","-0.7","-0.0","-19.0","73.44","206.39","6357","6553.5","738.4","0","0","0","0","82.0","738.4","32.3","30.0","2.93","-4.3","6.9","3.405","0.467","6.77","12.7","0.84","0"
"72.200","36.7110","14","-0.4272","-0.1318","-0.3893","-159.5725","-23.1257","31.7784","11.1000","0.1600","25.2651","45.39198409","-75.69698545","40.7","13.1","-98.6","38","26","46","1","3","-0.21","-0.35","-1.09","0.0","1.4","-19.4","73.13","24.71","6481","6553.5","737.4","0","0","0","0","82.0","737.4","32.3","30.0","2.89","-4.3","6.9","3.392","0.435","6.66","12.7","0.85","0"
"72.250","36.1109","14","-0.4376","-0.1424","-0.3848","-160.6608","-23.8385","31.7773","11.1000","0.1600","24.1091","45.39197993","-75.69698738","40.7","13.1","-98.7","36","30","46","1","3","-0.16","-0.30","-0.90","0.7","1.5","-19.5","72.82","-148.29","6439","6553.5","738.0","0","0","0","0","82.0","738.0","32.3","30.0","2.88","-4.3","6.5","3.393","0.417","6.55","12.7","0.81","0"
"72.300","35.9634","14","-0.4725","-0.1454","-0.4253","-161.6760","-25.9418","31.7592","11.1000","0.1600","22.0639","45.39197565","-75.69698921","40.7","13.1","-98.6","35","29","46","1","3","-0.08","-0.39","-0.88","1.2","0.2","-19.4","72.51","-185.27","6218","6553.5","738.5","0","0","0","0","82.0","738.5","32.3","30.0","2.88","-4.3","6.2","3.386","0.412","6.44","12.7","0.78","0"
"72.350","36.0706","14","-0.5212","-0.1440","-0.4911","-162.6502","-28.8273","31.7315","11.1000","0.1600","19.9145","45.39197129","-75.69699100","40.7","13.2","-98.6","36","27","46","1","3","0.00","-0.61","-0.92","1.9","-1.1","-20.4","72.19","-208.24","5914","6553.5","737.0","0","0","0","0","82.0","736.9","32.3","30.0","2.92","-4.3","6.2","3.369","0.439","6.32","12.8","0.77","0"
"72.400","36.0122","14","-0.5796","-0.1455","-0.4936","-164.3874","-32.3171","31.7251","11.1000","0.1568","17.7352","45.39196694","-75.69699241","40.7","13.2","-98.6","37","27","48","1","3","-0.19","-0.79","-0.92","2.9","-1.4","-23.5","71.88","-228.14","5572","6553.5","735.4","0","0","0","0","82.0","735.4","32.4","30.0","2.85","-4.3","7.0","3.378","0.481","6.21","12.8","0.77","0"
"72.450","35.8607","14","-0.6435","-0.1485","-0.4605","-166.5538","-36.1469","31.7308","11.1000","0.1518","15.7895","45.39196259","-75.69699361","40.7","13.2","-98.6","37","26","49","1","3","-0.43","-0.97","-0.87","3.6","-1.4","-28.6","71.57","-248.04","5609","6553.5","734.2","0","0","0","0","82.0","734.1","32.4","30.0","2.66","-4.3","8.2","3.399","0.518","6.15","12.8","0.82","0"
"72.500","35.5010","14","-0.7386","-0.1553","-0.4686","-169.1626","-41.8737","31.7244","11.1000","0.1500","13.4933","45.39195832","-75.69699434","40.7","13.2","-98.7","37","26","49","1","3","-0.61","-1.09","-0.80","3.3","-1.7","-34.7","71.26","-155.93","5691","6553.5","732.9","0","0","0","0","82.0","732.9","32.4","30.0","2.49","-4.3","10.1","3.426","0.550","6.10","12.8","0.88","0"
"72.550","35.0243","14","-0.8513","-0.1643","-0.4998","-172.0204","-48.6676","31.7113","11.1000","0.1500","11.4538","45.39195408","-75.69699481","40.7","13.2","-98.6","37","26","48","1","3","-0.64","-1.31","-0.89","2.7","-2.5","-40.8","70.94","-116.76","5702","6553.5","733.0","0","0","0","0","82.0","733.0","32.3","30.0","2.34","-4.3","10.4","3.449","0.522","6.10","12.7","0.87","0"
"72.600","34.4760","14","-0.9158","-0.1707","-0.5197","-174.8898","-52.8660","31.6991","11.1000","0.1500","10.3791","45.39194992","-75.69699488","40.7","13.2","-98.6","37","26","47","1","3","-0.51","-1.31","-1.15","2.9","-2.8","-46.7","70.63","-90.24","5669","6553.5","733.0","0","0","0","0","82.0","733.0","32.3","30.0","2.26","-4.3","9.9","3.422","0.509","6.10","12.7","0.85","0"
"72.650","33.8876","14","-0.9533","-0.1757","-0.5333","-177.7659","-55.6045","31.6873","11.1000","0.1500","9.6995","45.39194580","-75.69699473","40.7","13.2","-98.6","36","26","48","1","3","-0.35","-1.09","-1.17","3.1","-2.4","-50.7","70.32","-66.52","5524","6553.5","732.8","0","0","0","0","82.0","732.8","32.4","30.0","2.27","-4.3","5.0","3.382","0.533","6.10","12.8","0.84","0"
"72.700","33.3997","14","-1.0105","-0.1782","-0.4941","-65.9336","-59.6507","31.6915","11.0680","0.1500","8.9114","45.39194178","-75.69699408","40.7","13.2","-98.6","36","26","49","1","3","-0.30","-1.04","-1.05","2.7","-1.5","-53.2","70.01","-74.92","5386","6553.5","732.7","0","0","0","0","82.0","732.7","32.4","30.0","2.24","-4.3","-0.3","3.310","0.554","6.10","12.8","0.83","0"
"72.750","32.9685","14","-1.0789","-0.1793","-0.4252","110.4221","-64.4326","31.7047","11.0180","0.1500","8.1435","45.39193781","-75.69699315","40.7","13.2","-98.6","36","27","50","1","3","-0.15","-0.98","-0.84","2.3","-1.0","-53.7","69.69","-25.35","5258","6553.5","733.0","0","0","0","0","82.5","733.0","32.4","30.0","2.14","-4.3","-0.1","3.330","0.571","6.10","12.8","0.83","0"
"72.800","32.5378","14","-1.1074","-0.1879","-0.4305","172.4515","-66.9502","31.6958","11.0000","0.1500","7.7349","45.39193393","-75.69699199","40.7","13.2","-98.6","36","28","50","1","3","-0.12","-0.89","-0.79","2.3","-1.7","-52.5","69.38","36.94","5258","6553.5","733.3","0","0","0","0","83.0","733.3","32.4","30.0","2.05","-4.3","0.0","3.451","0.582","6.10","12.8","0.84","0"
"72.850","32.1075","14","-1.1136","-0.2007","-0.4775","170.1724","-68.1940","31.6746","11.0000","0.1500","7.4934","45.39193009","-75.69699069","40.7","13.2","-98.6","35","26","49","1","3","-0.34","-1.01","-1.00","2.1","-3.1","-51.0","69.07","99.22","5318","6553.5","734.5","0","0","0","0","82.5","734.6","32.3","30.0","1.99","-4.3","0.0","3.453","0.590","6.10","12.8","0.82","0"
"72.900","31.7894","14","-1.0829","-0.1899","-0.5023","166.9083","-67.2056","31.6583","11.0000","0.1500","7.5283","45.39192640","-75.69698885","40.7","13.2","-98.6","36","23","47","1","3","-0.56","-1.13","-1.15","1.4","-3.1","-51.0","68.76","101.27","5282","6553.5","735.8","0","0","0","0","82.0","735.8","32.3","30.0","1.91","-4.3","0.0","3.398","0.581","6.20","12.8","0.80","0"
"72.950","31.5345","14","-1.0315","-0.1659","-0.5146","163.0901","-64.9615","31.6449","11.0000","0.1500","7.7259","45.39192281","-75.69698672","40.7","13.2","-98.6","36","25","48","1","3","-0.57","-1.06","-1.04","0.9","-1.3","-52.2","68.44","100.75","5227","6553.5","737.3","0","0","0","0","82.0","737.3","32.4","30.0","1.81","-4.3","-0.0","3.342","0.572","6.30","12.9","0.80","0"
"73.000","31.1462","14","-0.9982","-0.1450","-0.5010","159.3247","-63.6898","31.6405","11.0000","0.1468","7.7832","45.39191946","-75.69698424","40.7","13.2","-98.6","35","28","52","1","3","-0.36","-0.93","-0.85","0.6","-0.2","-52.8","68.13","99.93","5099","6553.5","738.8","0","0","0","0","82.0","738.8","32.4","30.0","1.73","-4.3","0.0","3.295","0.596","6.30","12.9","0.81","0"
"73.050","30.6829","14","-0.9750","-0.1258","-0.4728","155.5892","-62.9651","31.6412","11.0000","0.1418","7.7556","45.39191625","-75.69698158","40.7","13.2","-98.6","36","28","53","1","3","-0.25","-0.83","-0.77","0.4","-0.8","-52.0","67.82","99.78","5004","6553.5","739.4","0","0","0","0","82.5","739.4","32.4","30.0","1.66","-4.3","0.1","3.356","0.619","6.33","12.8","0.80","0"
"73.100","30.3570","14","-0.9640","-0.1193","-0.4815","152.7299","-62.9252","31.6325","11.0320","0.1400","7.6781","45.39191309","-75.69697876","40.7","13.2","-98.6","37","27","51","1","3","-0.16","-0.84","-0.78","0.6","-2.3","-50.8","67.51","101.78","4993","6553.5","740.0","0","0","0","0","83.0","740.0","32.3","30.0","1.61","-4.3","0.1","3.396","0.635","6.44","12.8","0.79","0"
"73.150","30.1084","14","-0.9598","-0.1200","-0.5110","150.3636","-63.2706","31.6187","11.0820","0.1400","7.5737","45.39190995","-75.69697584","40.7","13.2","-98.6","36","25","50","1","3","-0.08","-0.90","-0.84","1.0","-3.6","-50.2","67.90","101.94","4958","6553.5","741.4","0","0","0","0","83.0","741.4","32.3","30.0","1.56","-4.3","0.1","3.382","0.642","6.58","12.7","0.79","0"
"73.200","29.8764","14","-0.9568","-0.1260","-0.4981","147.5717","-63.7122","31.6110","11.1000","0.1400","7.4632","45.39190704","-75.69697263","40.7","13.2","-98.6","36","25","49","1","3","-0.03","-0.92","-0.90","1.2","-4.1","-50.8","69.46","101.69","4899","6553.5","742.8","0","0","0","0","83.0","742.8","32.4","30.0","1.51","-4.3","0.0","3.382","0.637","6.75","12.7","0.79","0"
"73.250","29.6538","14","-0.9546","-0.1350","-0.4615","144.5403","-64.2080","31.6068","11.1000","0.1400","7.3504","45.39190426","-75.69696925","40.7","13.2","-98.6","36","26","48","1","3","-0.19","-0.97","-1.02","1.1","-3.6","-52.2","71.02","101.45","4889","6553.5","743.7","0","0","0","0","83.0","743.7","32.4","30.0","1.45","-4.3","0.0","3.396","0.638","6.95","12.7","0.79","0"
"73.300","29.3185","14","-0.9545","-0.1259","-0.4232","140.9967","-64.9132","31.6112","11.1000","0.1400","7.1883","45.39190177","-75.69696557","40.7","13.2","-98.6","36","26","48","1","3","-0.46","-0.93","-1.14","1.2","-2.4","-53.4","72.57","100.04","4901","6553.5","744.5","0","0","0","0","83.0","744.5","32.3","30.0","1.42","-4.3","0.0","3.445","0.640","7.17","12.7","0.80","0"
"73.350","28.9199","14","-0.9556","-0.1066","-0.3838","137.1650","-65.7363","31.6205","11.1000","0.1400","7.0018","45.39189944","-75.69696171","40.7","13.2","-98.6","36","27","50","1","3","-0.49","-0.90","-1.13","1.3","-1.1","-53.8","74.13","100.29","4923","6553.5","745.8","0","0","0","0","83.0","745.9","32.3","30.0","1.42","-4.3","0.0","3.510","0.697","10.18","12.8","0.80","0"
"73.400","28.6102","14","-0.9351","-0.0849","-0.4366","133.5921","-64.9594","31.6047","11.0680","0.1368","7.0097","45.39189734","-75.69695765","40.7","13.2","-98.6","36","27","50","1","3","-0.34","-0.89","-0.99","1.1","-0.6","-53.2","75.69","100.94","4967","6553.5","747.2","0","0","0","0","83.0","747.2","32.3","30.0","1.39","-4.3","0.0","3.494","0.757","13.50","12.8","0.81","0"
"73.450","28.3504","14","-0.9025","-0.0618","-0.5411","130.1649","-63.2824","31.5749","11.0180","0.1318","7.1301","45.39189537","-75.69695347","40.7","13.2","-98.6","36","28","51","1","3","-0.21","-0.89","-0.93","0.5","-1.0","-52.0","77.24","101.23","5260","6553.5","748.8","0","0","0","0","83.0","748.9","32.3","30.0","1.34","-4.3","-0.0","3.468","0.753","16.06","12.7","0.84","0"
"73.500","28.2683","14","-0.8874","-0.0026","-0.5999","127.1178","-62.6915","31.5493","11.0000","0.1300","7.1765","45.39189353","-75.69694915","40.7","13.2","-98.6","36","25","50","1","3","-0.15","-0.90","-1.16","-0.5","-1.1","-50.9","78.80","100.54","5456","6553.5","750.5","0","0","0","0","83.0","750.5","32.3","30.0","1.29","-4.3","-0.1","3.469","0.753","18.09","12.7","0.87","0"
"73.550","28.2861","14","-0.8821","0.0770","-0.6329","124.2844","-62.7116","31.5261","11.0000","0.1300","7.1787","45.39189175","-75.69694475","40.7","13.2","-98.6","36","26","51","1","3","0.04","-0.83","-1.25","-1.1","-0.1","-50.5","80.36","100.47","5401","6553.5","750.6","0","0","0","0","83.0","750.6","32.4","30.0","1.24","-4.3","-0.0","3.464","0.762","18.75","12.8","0.90","0"
"73.600","28.6159","14","-0.8674","0.1393","-0.5922","121.5360","-61.6740","31.5223","11.0000","0.1300","7.3846","45.39189013","-75.69694009","40.7","13.2","-98.7","36","30","56","1","3","0.07","-0.74","-1.17","-0.8","0.5","-49.8","81.91","103.08","5395","6553.5","750.7","0","0","0","0","83.0","750.7","32.4","30.0","1.23","-4.3","0.0","3.441","0.765","19.21","12.8","0.94","0"
"73.650","29.1212","14","-0.8476","0.1918","-0.5100","118.8352","-60.0413","31.5293","11.0000","0.1300","7.7193","45.39188859","-75.69693530","40.7","13.2","-98.6","36","30","57","1","3","-0.04","-0.68","-1.03","-0.6","-0.6","-48.1","83.47","105.99","5444","6553.5","750.5","0","0","0","0","83.0","750.4","32.4","30.0","1.28","-4.3","0.2","3.383","0.761","19.43","12.7","0.95","0"
"73.700","29.6032","14","-0.8069","0.2176","-0.5219","116.4470","-56.7403","31.5206","11.0000","0.1300","8.3036","45.39188716","-75.69693032","40.7","13.2","-98.6","36","29","53","1","3","-0.02","-0.80","-1.03","-0.8","-2.4","-46.5","85.03","108.89","5529","6553.5","750.2","0","0","0","0","83.0","750.2","32.4","30.0","1.32","-4.3","0.3","3.286","0.736","19.35","12.7","0.96","0"
"73.750","30.0723","14","-0.7545","0.2285","-0.5867","114.2346","-52.5007","31.5029","11.0000","0.1300","9.1164","45.39188578","-75.69692523","40.7","13.2","-98.6","36","27","51","1","3","0.01","-1.07","-1.23","-0.6","-3.0","-46.7","86.58","109.18","5631","6553.5","750.3","0","0","0","0","83.0","750.3","32.3","30.0","1.35","-4.3","0.2","3.241","0.701","19.13","12.7","0.94","0"
"73.800","30.3914","14","-0.7334","0.2261","-0.5608","111.4105","-50.4393","31.5054","11.0000","0.1332","9.5896","45.39188471","-75.69691998","40.7","13.2","-98.6","34","27","51","1","3","0.09","-1.00","-1.14","-0.3","-2.5","-48.4","88.14","102.99","5612","6553.5","750.4","0","0","0","0","83.0","750.4","32.3","30.0","1.36","-4.3","0.6","3.220","0.659","16.41","12.7","0.92","0"
"73.850","30.6262","14","-0.7300","0.2162","-0.4838","108.2423","-49.6032","31.5194","11.0000","0.1382","9.8266","45.39188382","-75.69691464","40.7","13.2","-98.6","33","27","52","1","3","0.09","-0.92","-1.01","-0.1","-2.0","-49.7","89.70","142.05","5577","6553.5","750.5","0","0","0","0","82.5","750.5","32.3","30.0","1.33","-4.3","1.9","3.331","0.617","13.43","12.8","0.89","0"
"73.900","30.8327","14","-0.7530","0.1854","-0.4618","105.4018","-50.5760","31.5189","11.0000","0.1400","9.7026","45.39188309","-75.69690918","40.7","13.2","-98.6","35","28","52","1","3","-0.13","-0.82","-0.90","0.0","-1.8","-49.6","91.25","187.40","5550","6553.5","750.6","0","0","0","0","82.0","750.6","32.4","30.0","1.33","-4.3","4.1","3.453","0.598","11.26","12.8","0.86","0"
"73.950","31.0231","14","-0.7908","0.1429","-0.4707","102.7456","-52.5664","31.5101","11.0000","0.1400","9.3929","45.39188247","-75.69690366","40.7","13.2","-98.6","36","27","52","1","3","-0.30","-0.78","-0.98","-0.0","-1.7","-48.3","92.81","109.03","5461","6553.5","750.5","0","0","0","0","82.0","750.4","32.4","30.0","1.35","-4.3","6.8","3.473","0.587","9.50","12.9","0.83","0"
"74.000","30.8974","14","-0.8302","0.0841","-0.4615","100.1000","-54.8055","31.5047","11.0000","0.1432","8.9726","45.39188210","-75.69689820","40.7","13.2","-98.7","36","27","51","1","3","-0.36","-0.92","-1.10","-0.1","-1.8","-46.8","94.37","-114.57","5209","6553.5","750.3","0","0","0","0","82.0","750.3","32.4","30.0","1.35","-4.3","7.3","3.492","0.600","8.78","12.9","0.80","0"
"74.050","30.5939","14","-0.8706","0.0161","-0.4422","97.4604","-57.1846","31.5012","11.0000","0.1482","8.5148","45.39188188","-75.69689278","40.7","13.2","-98.6","36","26","51","1","3","-0.27","-1.00","-1.12","0.1","-2.2","-46.0","95.92","-145.98","5026","6553.5","750.2","0","0","0","0","82.0","750.2","32.4","30.0","1.33","-4.3","7.4","3.506","0.608","8.16","12.8","0.79","0"
"74.100","30.4197","14","-0.9127","-0.0441","-0.4242","94.4210","-59.9869","31.5041","11.0000","0.1500","8.0709","45.39188196","-75.69688738","40.7","13.2","-98.6","36","25","50","1","3","-0.29","-1.08","-1.02","0.3","-2.4","-46.5","97.48","-140.77","4918","6553.5","750.1","0","0","0","0","82.0","750.1","32.3","30.0","1.33","-4.3","6.3","3.459","0.613","7.66","12.8","0.79","0"
"74.150","30.3184","14","-0.9559","-0.1000","-0.4070","91.1568","-63.0271","31.5105","11.0000","0.1500","7.6559","45.39188222","-75.69688199","40.7","13.2","-98.6","36","26","51","1","3","-0.42","-1.06","-0.95","0.3","-2.2","-48.1","99.03","-145.39","4843","6553.5","749.8","0","0","0","0","82.0","749.7","32.3","30.0","1.34","-4.3","4.7","3.344","0.615","7.35","12.9","0.79","0"
"74.200","29.9585","14","-0.9897","-0.1270","-0.3942","87.9333","-65.7814","31.5096","11.0000","0.1532","7.2483","45.39188272","-75.69687678","40.7","13.2","-98.6","36","27","49","1","3","-0.45","-1.01","-0.87","0.6","-1.7","-50.4","100.00","-303.94","4783","6553.5","749.4","0","0","0","0","82.0","749.4","32.4","30.0","1.35","-4.3","1.5","3.371","0.617","7.13","12.9","0.80","0"
"74.250","29.4531","14","-1.0183","-0.1379","-0.3839","84.7327","-68.3748","31.5046","11.0000","0.1582","6.8558","45.39188334","-75.69687166","40.7","13.2","-98.6","35","26","48","1","3","-0.35","-1.03","-0.93","0.9","-0.9","-53.0","100.00","-213.60","4852","6553.5","750.2","0","0","0","0","82.0","750.2","32.4","30.0","1.33","-4.3","-0.1","3.466","0.620","7.00","12.8","0.80","0"
"74.300","29.0568","14","-1.0316","-0.1415","-0.3859","80.9186","-70.0649","31.4988","11.0000","0.1600","6.6004","45.39188434","-75.69686674","40.7","13.2","-98.7","35","23","46","1","3","-0.46","-1.00","-1.13","0.9","0.7","-55.7","100.00","-35.81","4929","6553.5","751.0","0","0","0","0","82.0","751.0","32.4","30.0","1.31","-4.3","0.2","3.399","0.624","6.90","12.8","0.80","0"
"74.350","28.7218","14","-1.0363","-0.1409","-0.3949","76.7596","-71.2470","31.4926","11.0000","0.1600","6.4160","45.39188555","-75.69686194","40.7","13.2","-98.6","35","26","49","1","3","-0.50","-0.92","-1.08","0.7","2.7","-57.2","100.00","97.98","4903","6553.5","751.3","0","0","0","0","82.0","751.3","32.4","30.0","1.28","-4.3","0.2","3.320","0.637","6.90","12.7","0.80","0"
"74.400","28.5266","14","-1.0360","-0.1178","-0.3973","72.8462","-72.1137","31.4891","11.0000","0.1600","6.2958","45.39188698","-75.69685725","40.6","13.2","-98.6","35","28","51","1","3","-0.39","-0.78","-0.86","0.7","3.0","-56.5","100.00","106.57","4859","6553.5","751.6","0","0","0","0","82.0","751.6","32.4","30.0","1.27","-4.3","-0.0","3.349","0.669","7.63","12.7","0.81","0"
"74.450","28.4100","14","-1.0329","-0.0821","-0.3960","69.0709","-72.8031","31.4871","11.0000","0.1600","6.2107","45.39188853","-75.69685263","40.6","13.2","-98.6","34","27","52","1","3","-0.41","-0.75","-0.84","0.5","0.9","-54.0","100.00","108.63","4768","6553.5","753.0","0","0","0","0","82.0","753.0","32.4","30.0","1.27","-4.3","-0.0","3.362","0.752","10.24","12.7","0.80","0"
"74.500","28.2494","14","-0.9975","-0.0425","-0.4162","65.9201","-70.9701","31.4777","11.0000","0.1600","6.3351","45.39189024","-75.69684820","40.6","13.2","-98.6","35","26","49","1","3","-0.43","-0.85","-1.03","0.1","-1.5","-51.9","100.00","106.35","4872","6553.5","754.3","0","0","0","0","82.0","754.3","32.4","30.0","1.26","-4.3","0.0","3.333","0.809","14.85","12.7","0.80","0"
"74.550","28.0641","14","-0.9440","-0.0007","-0.4483","63.1206","-67.7182","31.4641","11.0000","0.1600","6.5958","45.39189203","-75.69684389","40.6","13.2","-98.6","36","25","49","1","3","-0.31","-0.87","-1.19","-0.0","-2.4","-51.3","100.00","103.35","5188","6553.5","756.5","0","0","0","0","81.0","756.5","32.4","30.0","1.23","-4.3","0.0","3.317","0.837","21.63","12.6","0.85","0"
"74.600","27.8446","14","-0.8954","0.0350","-0.3954","60.1458","-64.5240","31.4719","11.0000","0.1600","6.8681","45.39189399","-75.69683983","40.6","13.2","-98.7","36","27","51","1","3","-0.05","-0.72","-1.18","-0.0","-1.7","-51.7","100.00","100.48","5292","6553.5","758.6","0","0","0","0","79.9","758.6","32.4","30.0","1.24","-4.3","0.0","3.316","0.837","25.08","12.6","0.91","0"
"74.650","27.6057","14","-0.8496","0.0673","-0.2946","57.0724","-61.3623","31.4919","11.0000","0.1600","7.1601","45.39189605","-75.69683592","40.6","13.2","-98.6","35","30","52","1","3","0.12","-0.64","-1.05","0.1","-0.7","-52.3","100.00","100.70","5296","6553.5","758.6","0","0","0","0","74.9","758.6","32.4","30.0","1.31","-4.3","0.0","3.400","0.823","26.97","12.7","0.96","0"
"74.700","27.9226","14","-0.8149","0.1045","-0.2412","54.3457","-58.8275","31.5008","11.0000","0.1600","7.5543","45.39189834","-75.69683197","40.6","13.2","-98.6","35","30","53","1","3","0.11","-0.62","-1.12","0.6","-0.7","-52.4","100.00","100.70","5336","6553.5","758.6","0","0","0","0","70.0","758.6","32.4","30.0","1.34","-4.3","0.0","3.524","0.821","27.54","12.8","1.01","0"
"74.750","28.5521","14","-0.7865","0.1444","-0.2145","51.8140","-56.6454","31.5034","11.0000","0.1600","8.0222","45.39190075","-75.69682799","40.6","13.2","-98.6","35","30","53","1","3","-0.01","-0.66","-1.05","1.2","-1.9","-51.9","100.00","100.70","5394","6553.5","758.6","0","0","0","0","69.5","758.5","32.4","30.0","1.33","-4.3","0.1","3.489","0.820","27.90","12.7","1.02","0"
"74.800","29.0537","14","-0.7732","0.1769","-0.2287","49.2346","-55.3739","31.4948","11.0000","0.1600","8.3506","45.39190338","-75.69682414","40.6","13.2","-98.6","35","30","54","1","3","0.03","-0.86","-0.90","1.5","-3.2","-51.9","100.00","100.70","5624","6553.5","758.5","0","0","0","0","69.1","758.5","32.4","30.0","1.33","-4.3","0.1","3.430","0.809","27.90","12.7","1.03","0"
"74.850","29.4834","14","-0.7684","0.2053","-0.2660","46.6283","-54.6147","31.4799","11.0000","0.1600","8.5919","45.39190614","-75.69682037","40.6","13.2","-98.6","35","27","51","1","3","-0.05","-1.00","-1.00","1.8","-3.3","-52.8","100.00","101.39","5783","6553.5","757.9","0","0","0","0","75.1","757.9","32.4","30.0","1.32","-4.3","0.0","3.359","0.800","27.90","12.8","1.01","0"
"74.900","29.8115","14","-0.7738","0.2481","-0.2283","43.3641","-54.4612","31.4865","11.0000","0.1600","8.7120","45.39190912","-75.69681701","40.6","13.2","-98.6","34","24","50","1","3","-0.17","-0.89","-1.03","2.3","-1.8","-54.3","100.00","101.05","5759","6553.5","757.3","0","0","0","0","81.0","757.3","32.4","30.0","1.36","-4.3","0.0","3.320","0.797","27.90","12.8","1.00","0"
"74.950","30.0826","14","-0.7850","0.2992","-0.1483","39.7298","-54.6486","31.5054","11.0000","0.1600","8.7611","45.39191222","-75.69681388","40.6","13.1","-98.6","34","27","53","1","3","0.05","-1.01","-0.90","2.6","0.2","-55.0","100.00","100.67","5829","6553.5","758.4","0","0","0","0","81.0","758.4","32.4","30.0","1.43","-4.3","0.1","3.365","0.791","27.90","12.7","0.99","0"
"75.000","30.4481","14","-0.7805","0.3344","-0.0743","36.8350","-53.5673","31.5224","11.0000","0.1600","9.0465","45.39191549","-75.69681087","40.5","13.1","-98.6","35","34","55","1","3","0.44","-0.99","-0.74","2.2","0.7","-53.4","100.00","100.47","6001","6553.5","759.5","0","0","0","0","81.0","759.5","32.4","30.0","1.51","-4.3","0.1","3.425","0.780","27.90","12.7","0.97","0"
"75.050","30.8668","14","-0.7671","0.3608","-0.0035","34.3561","-51.7726","31.5384","11.0000","0.1600","9.4888","45.39191887","-75.69680793","40.5","13.1","-98.6","33","35","56","1","3","0.73","-1.04","-0.67","1.2","-1.3","-49.7","100.00","101.04","5991","6553.5","759.8","0","0","0","0","81.0","759.9","32.4","30.0","1.57","-4.3","0.0","3.501","0.776","27.86","12.8","0.99","0"
"75.100","31.5739","14","-0.7450","0.3633","-0.0415","32.4911","-49.3939","31.5269","11.0000","0.1600","10.1736","45.39192242","-75.69680496","40.5","13.1","-98.6","33","30","51","1","3","0.72","-1.15","-0.90","0.9","-4.4","-45.7","100.00","101.35","5896","6553.5","760.2","0","0","0","0","81.0","760.2","32.4","30.0","1.58","-4.3","0.0","3.458","0.777","27.81","12.8","1.00","0"
"75.150","32.4433","14","-0.7181","0.3523","-0.1405","30.9714","-46.6869","31.5000","11.0000","0.1600","11.0599","45.39192606","-75.69680199","40.5","13.1","-98.6","34","24","48","1","3","0.55","-1.15","-1.22","0.9","-5.6","-42.9","100.00","100.71","6017","6553.5","760.7","0","0","0","0","81.0","760.7","32.4","30.0","1.53","-4.3","0.1","3.358","0.765","27.70","12.7","0.99","0"
"75.200","32.9580","14","-0.7060","0.3296","-0.1003","28.6859","-45.0491","31.5102","11.0000","0.1600","11.6438","45.39192985","-75.69679948","40.5","13.1","-98.6","36","25","50","1","3","0.42","-0.81","-1.15","0.6","-3.5","-40.8","100.00","100.08","6151","6553.5","761.2","0","0","0","0","81.0","761.2","32.4","30.0","1.50","-4.3","0.1","3.334","0.748","27.31","12.7","0.97","0"
"75.250","33.2731","14","-0.7022","0.3003","0.0183","25.9697","-44.0128","31.5412","11.0000","0.1600","12.0319","45.39193373","-75.69679723","40.5","13.1","-98.6","34","29","52","1","3","0.22","-0.52","-1.09","0.3","-0.4","-38.4","100.00","101.68","6100","6553.5","761.2","0","0","0","0","81.0","761.3","32.4","30.0","1.50","-4.3","0.1","3.328","0.683","23.70","12.7","0.97","0"
"75.300","33.6792","14","-0.6935","0.2725","0.0559","24.1021","-42.8047","31.5535","11.0000","0.1600","12.5225","45.39193774","-75.69679499","40.5","13.1","-98.6","33","31","55","1","3","0.20","-0.65","-0.96","-0.5","0.4","-35.2","100.00","102.12","6016","6553.5","761.3","0","0","0","0","81.0","761.3","32.4","30.0","1.60","-4.3","0.2","3.402","0.624","19.33","12.7","0.97","0"
"75.350","34.1365","14","-0.6820","0.2454","0.0480","22.7119","-41.5001","31.5554","11.0000","0.1600","13.0915","45.39194183","-75.69679276","40.5","13.1","-98.6","36","31","53","1","3","0.07","-0.99","-0.98","-1.6","-0.9","-32.8","100.00","104.79","5844","6553.5","760.7","0","0","0","0","81.0","760.7","32.4","30.0","1.82","-4.3","0.4","3.453","0.578","12.99","12.8","0.89","0"
"75.400","34.4893","14","-0.7044","0.2022","0.0358","20.4547","-42.3186","31.5513","11.0000","0.1568","12.9710","45.39194604","-75.69679094","40.5","13.1","-98.6","37","23","49","1","3","-0.10","-1.20","-1.23","-1.9","-1.5","-33.6","100.00","107.80","5775","6553.5","760.1","0","0","0","0","81.0","760.1","32.4","30.0","1.98","-4.3","0.3","3.443","0.555","9.03","12.8","0.82","0"
"75.450","34.7832","14","-0.7460","0.1500","0.0213","17.7100","-44.3313","31.5439","11.0000","0.1518","12.4876","45.39195034","-75.69678936","40.5","13.1","-98.6","37","21","50","1","3","-0.28","-1.08","-1.12","-1.3","-0.0","-37.2","100.00","109.18","5819","6553.5","759.7","0","0","0","0","81.0","759.7","32.4","30.0","2.05","-4.3","0.3","3.429","0.558","7.64","12.8","0.79","0"
"75.500","34.6827","14","-0.8129","0.1016","0.0929","14.7073","-47.9555","31.5614","11.0000","0.1500","11.5105","45.39195457","-75.69678831","40.5","13.1","-98.6","36","24","51","1","3","-0.25","-0.95","-0.87","-0.9","2.0","-41.1","100.00","108.88","5822","6553.5","759.3","0","0","0","0","81.0","759.3","32.4","30.0","2.11","-4.3","0.4","3.411","0.547","7.12","12.8","0.76","0"
"75.550","34.3603","14","-0.8939","0.0554","0.2130","11.5594","-52.4861","31.5927","11.0000","0.1500","10.4191","45.39195877","-75.69678756","40.5","13.1","-98.6","33","30","51","1","3","-0.04","-0.99","-0.80","-0.9","2.0","-43.6","100.00","108.86","5807","6553.5","757.8","0","0","0","0","81.0","757.8","32.4","30.0","2.14","-4.3","0.3","3.401","0.528","7.01","12.7","0.77","0"
"75.600","34.2729","14","-0.9463","0.0099","0.2502","8.9813","-55.4906","31.6030","11.0000","0.1500","9.8299","45.39196304","-75.69678700","40.5","13.1","-98.6","33","29","49","1","3","-0.13","-1.01","-0.95","-0.8","0.2","-44.9","100.00","109.29","5802","6553.5","756.3","0","0","0","0","81.0","756.3","32.4","30.0","2.15","-4.3","0.2","3.395","0.544","6.95","12.7","0.79","0"
"75.650","34.3177","14","-0.9825","-0.0350","0.2406","6.7235","-57.6367","31.6015","11.0000","0.1500","9.4763","45.39196735","-75.69678655","40.5","13.1","-98.6","36","28","48","1","3","-0.35","-0.93","-0.95","0.1","-1.6","-46.1","100.00","109.73","5795","6553.5","755.2","0","0","0","0","81.0","755.1","32.4","30.0","2.11","-4.3","0.2","3.427","0.561","6.90","12.8","0.79","0"
"75.700","34.1682","14","-0.9978","-0.0619","0.2543","3.8053","-58.7445","31.6046","11.0000","0.1500","9.2571","45.39197157","-75.69678659","40.5","13.1","-98.6","36","26","51","1","3","-0.31","-1.02","-0.99","1.1","-2.4","-47.7","100.00","104.88","5752","6553.5","754.0","0","0","0","0","81.0","754.0","32.4","30.0","2.08","-4.3","0.1","3.458","0.547","6.96","12.8","0.80","0"
"75.750","33.9094","14","-1.0014","-0.0787","0.2812","0.5155","-59.2682","31.6104","11.0000","0.1500","9.1058","45.39197574","-75.69678691","40.5","13.1","-98.6","36","25","52","1","3","-0.15","-1.06","-1.08","1.4","-2.4","-49.0","100.00","104.37","5719","6553.5","753.7","0","0","0","0","81.0","753.7","32.4","30.0","2.06","-4.3","0.1","3.420","0.548","7.36","12.7","0.79","0"
"75.800","33.5694","14","-1.0208","-0.0833","0.3090","-2.6381","-60.8250","31.6198","11.0000","0.1500","8.7838","45.39197985","-75.69678764","40.5","13.1","-98.6","36","25","51","1","3","-0.20","-1.04","-1.03","1.1","-1.7","-49.8","100.00","103.71","5708","6553.5","753.4","0","0","0","0","81.0","753.4","32.4","30.0","2.05","-4.3","0.1","3.386","0.585","8.64","12.7","0.79","0"
"75.850","33.1837","14","-1.0491","-0.0810","0.3374","-5.7151","-62.9628","31.6312","11.0000","0.1500","8.3880","45.39198391","-75.69678860","40.5","13.1","-98.6","36","25","51","1","3","-0.20","-1.11","-1.00","0.5","-0.7","-50.3","100.00","102.98","5675","6553.5","754.8","0","0","0","0","81.0","754.9","32.4","30.0","2.04","-4.3","0.1","3.363","0.628","11.01","12.8","0.78","0"
"75.900","32.9317","14","-1.0319","-0.0684","0.3556","-8.7429","-62.3557","31.6416","11.0000","0.1500","8.4054","45.39198785","-75.69678996","40.5","13.1","-98.6","35","26","51","1","3","-0.14","-1.04","-0.91","-0.3","0.2","-50.5","100.00","101.98","5617","6553.5","756.3","0","0","0","0","81.0","756.3","32.4","30.0","2.01","-4.3","0.1","3.357","0.675","14.56","12.8","0.78","0"
"75.950","32.7549","14","-0.9891","-0.0498","0.3682","-11.7431","-60.2044","31.6516","11.0000","0.1500","8.6590","45.39199173","-75.69679155","40.5","13.1","-98.6","35","29","51","1","3","-0.11","-0.91","-0.94","-0.2","0.3","-50.4","100.00","101.42","5740","6553.5","758.0","0","0","0","0","81.0","758.0","32.4","30.0","1.95","-4.3","0.1","3.371","0.702","16.87","12.7","0.80","0"
"76.000","32.7835","14","-0.9563","-0.0076","0.3898","-14.6332","-58.5481","31.6575","11.0000","0.1468","8.9117","45.39199561","-75.69679343","40.5","13.1","-98.6","34","29","51","1","3","-0.11","-0.83","-1.07","0.3","-0.6","-50.2","100.00","101.47","5947","6553.5","759.7","0","0","0","0","81.0","759.7","32.4","30.0","1.91","-4.3","0.1","3.395","0.719","18.59","12.7","0.83","0"
"76.050","32.9277","14","-0.9292","0.0479","0.4165","-17.4614","-57.1702","31.6612","11.0000","0.1418","9.1667","45.39199948","-75.69679548","40.5","13.1","-98.6","34","28","50","1","3","-0.09","-0.76","-1.27","0.4","-1.4","-50.0","100.00","101.57","6048","6553.5","759.7","0","0","0","0","81.0","759.6","32.4","30.0","1.92","-4.3","0.0","3.424","0.720","19.29","12.6","0.84","0"
"76.100","33.0718","14","-0.8932","0.0929","0.4419","-20.3353","-55.0136","31.6735","11.0000","0.1400","9.5677","45.39200324","-75.69679791","40.5","13.1","-98.6","35","27","52","1","3","0.13","-0.56","-1.30","0.3","-1.4","-49.0","100.00","101.57","6122","6553.5","759.6","0","0","0","0","81.0","759.6","32.4","30.0","1.92","-4.3","0.0","3.398","0.718","19.82","12.6","0.86","0"
"76.150","33.2157","14","-0.8522","0.1319","0.4667","-23.2349","-52.4190","31.6905","11.0000","0.1400","10.0850","45.39200693","-75.69680055","40.5","13.1","-98.6","35","30","53","1","3","0.17","-0.48","-0.86","0.6","-1.6","-46.1","100.00","100.14","6063","6553.5","759.7","0","0","0","0","81.0","759.7","32.4","30.0","1.90","-4.3","0.1","3.363","0.712","20.10","12.7","0.85","0"
"76.200","33.5297","14","-0.7874","0.1625","0.4621","-25.1825","-48.2531","31.6938","11.0000","0.1400","11.0592","45.39201070","-75.69680336","40.5","13.1","-98.6","35","30","53","1","3","-0.11","-0.68","-0.58","0.3","-2.6","-42.0","100.00","100.00","6043","6553.5","759.7","0","0","0","0","80.9","759.7","32.4","30.0","1.89","-4.3","0.1","3.323","0.704","20.30","12.7","0.84","0"
"76.250","33.9393","14","-0.7093","0.1882","0.4410","-26.5947","-43.2034","31.6893","11.0000","0.1400","12.5027","45.39201452","-75.69680625","40.5","13.0","-98.6","35","28","50","1","3","-0.29","-0.71","-0.85","-0.3","-3.1","-38.3","100.00","100.77","6127","6553.5","760.0","0","0","0","0","78.4","760.0","32.4","30.0","1.89","-4.3","0.1","3.318","0.690","20.30","12.8","0.86","0"
"76.300","34.2635","14","-0.6652","0.2092","0.4214","-28.4507","-40.1917","31.6878","11.0000","0.1400","13.5680","45.39201823","-75.69680943","40.5","13.0","-98.6","35","30","50","1","3","0.14","-0.74","-1.00","-0.0","-2.6","-35.9","100.00","101.63","6198","6553.5","760.3","0","0","0","0","76.0","760.3","32.4","30.0","1.90","-4.3","0.1","3.404","0.676","20.33","12.8","0.87","0"
"76.350","34.5398","14","-0.6403","0.2275","0.4026","-30.5563","-38.3264","31.6880","11.0000","0.1400","14.3430","45.39202188","-75.69681277","40.5","13.1","-98.6","34","29","51","1","3","0.36","-0.67","-0.88","0.7","-2.0","-34.5","100.00","101.86","6256","6553.5","760.5","0","0","0","0","74.0","760.5","32.4","30.0","1.95","-4.3","0.1","3.456","0.662","20.38","12.7","0.87","0"
"76.400","34.9297","14","-0.6202","0.2327","0.4024","-32.4989","-36.7447","31.6942","11.0000","0.1368","15.1294","45.39202548","-75.69681636","40.5","13.1","-98.6","34","28","50","1","3","0.15","-0.69","-0.95","1.0","-1.4","-33.8","100.00","101.42","6384","6553.5","760.6","0","0","0","0","72.0","760.6","32.4","30.0","2.01","-4.3","0.0","3.470","0.654","20.40","12.7","0.86","0"
"76.450","35.3837","14","-0.6028","0.2307","0.4127","-34.3499","-35.3223","31.7037","11.0000","0.1318","15.9431","45.39202904","-75.69682007","40.5","13.1","-98.7","36","27","49","1","3","0.10","-0.67","-1.03","1.0","-0.1","-33.5","100.00","101.07","6545","6553.5","760.7","0","0","0","0","73.0","760.7","32.4","30.0","2.08","-4.3","-0.0","3.455","0.650","20.40","12.8","0.86","0"
"76.500","35.6449","14","-0.5984","0.2332","0.4433","-36.2365","-34.6783","31.7184","11.0000","0.1300","16.3591","45.39203252","-75.69682408","40.5","13.1","-98.6","35","30","52","1","3","0.16","-0.49","-0.86","1.0","1.4","-33.2","100.00","100.21","6547","6553.5","760.7","0","0","0","0","73.9","760.7","32.4","30.0","2.14","-4.3","0.0","3.426","0.637","20.35","12.8","0.86","0"
"76.550","35.7976","14","-0.6013","0.2382","0.4853","-38.1432","-34.4721","31.7361","11.0000","0.1300","16.5275","45.39203594","-75.69682824","40.5","13.1","-98.6","33","32","53","1","3","0.26","-0.63","-0.72","0.8","1.4","-32.4","100.00","99.34","6539","6553.5","760.6","0","0","0","0","70.4","760.5","32.4","30.0","2.17","-4.3","0.1","3.401","0.622","20.30","12.8","0.87","0"
"76.600","36.3154","14","-0.6214","0.2417","0.4887","-39.7936","-35.2247","31.7388","11.0000","0.1300","16.4083","45.39203938","-75.69683266","40.5","13.1","-98.7","33","28","51","1","3","-0.03","-0.76","-0.89","0.4","0.4","-32.1","100.00","99.30","6665","6553.5","760.4","0","0","0","0","67.0","760.4","32.4","30.0","2.16","-4.3","0.4","3.380","0.612","20.30","12.8","0.87","0"
"76.650","37.0385","14","-0.6511","0.2443","0.4704","-41.2999","-36.5167","31.7330","11.0000","0.1300","16.1429","45.39204283","-75.69683723","40.5","13.1","-98.6","37","26","51","1","3","-0.23","-0.81","-1.03","0.0","-0.1","-33.2","100.00","103.41","6780","6553.5","758.1","0","0","0","0","67.5","758.0","32.4","30.0","2.08","-4.3","0.6","3.406","0.603","20.28","12.7","0.87","0"
"76.700","37.4050","14","-0.6924","0.2356","0.4759","-43.1178","-38.3986","31.7378","11.0000","0.1300","15.5037","45.39204610","-75.69684204","40.5","13.1","-98.6","37","28","53","1","3","-0.16","-0.79","-0.99","-0.4","0.1","-34.9","100.00","108.26","6871","6553.5","755.7","0","0","0","0","68.0","755.7","32.4","30.0","2.16","-4.3","0.6","3.426","0.594","20.23","12.6","0.87","0"
"76.750","37.5711","14","-0.7400","0.2205","0.4948","-45.1111","-40.6123","31.7486","11.0000","0.1300","14.7237","45.39204927","-75.69684698","40.5","13.1","-98.6","33","29","56","1","3","0.01","-0.75","-0.89","-0.5","-0.5","-36.2","100.00","113.14","6888","6553.5","756.8","0","0","0","0","68.0","756.8","32.4","30.0","2.45","-4.3","0.9","3.433","0.559","18.87","12.7","0.86","0"
"76.800","37.8887","14","-0.7710","0.1939","0.4786","-47.3111","-41.9235","31.7456","11.0000","0.1300","14.3837","45.39205232","-75.69685226","40.5","13.1","-98.6","34","28","51","1","3","0.02","-0.96","-0.88","0.3","-1.6","-37.3","100.00","116.28","6827","6553.5","757.8","0","0","0","0","68.2","757.8","32.4","30.0","2.67","-4.3","1.8","3.412","0.494","16.09","12.7","0.85","0"
"76.850","38.2915","14","-0.7927","0.1608","0.4426","-49.6276","-42.7272","31.7350","11.0000","0.1300","14.2632","45.39205530","-75.69685773","40.5","13.1","-98.6","34","26","49","1","3","-0.08","-1.08","-1.04","1.3","-1.8","-39.1","100.00","116.94","6810","6553.5","759.3","0","0","0","0","76.7","759.3","32.4","30.0","2.82","-4.3","2.8","3.359","0.468","13.61","12.7","0.83","0"
"76.900","38.3106","14","-0.8329","0.1239","0.4578","-52.2266","-44.5898","31.7452","11.0000","0.1300","13.6742","45.39205797","-75.69686336","40.5","13.1","-98.6","35","29","49","1","3","-0.06","-0.93","-1.06","2.7","-1.1","-40.7","100.00","11.24","6814","6553.5","760.8","0","0","0","0","85.0","760.8","32.4","30.0","2.95","-4.3","4.3","3.331","0.461","11.28","12.7","0.81","0"
"76.950","38.1137","14","-0.8835","0.0849","0.5017","-54.9847","-47.0480","31.7672","11.0000","0.1300","12.8932","45.39206046","-75.69686910","40.5","13.1","-98.6","33","28","50","1","3","-0.06","-0.86","-1.09","3.9","-0.9","-41.0","100.00","-208.96","6570","6553.5","760.8","0","0","0","0","85.0","760.9","32.4","30.0","3.03","-4.3","5.3","3.315","0.452","9.88","12.8","0.79","0"
"77.000","38.0219","14","-0.9256","0.0327","0.5003","-57.4223","-49.1541","31.7730","11.0000","0.1300","12.3110","45.39206279","-75.69687509","40.5","13.1","-98.6","33","26","50","1","3","-0.04","-0.92","-1.22","3.3","-1.4","-40.5","100.00","-411.54","6298","6553.5","760.9","0","0","0","0","85.0","760.8","32.4","30.0","3.05","-4.3","5.0","3.370","0.444","8.61","12.8","0.77","0"
"77.050","37.9892","14","-0.9629","-0.0269","0.4734","-59.6796","-51.0622","31.7698","11.0000","0.1300","11.8408","45.39206504","-75.69688123","40.5","13.1","-98.6","36","26","50","1","3","-0.08","-0.82","-1.14","1.5","-1.7","-40.0","100.00","-411.54","6102","6553.5","758.2","0","0","0","0","85.0","758.1","32.3","30.0","2.97","-4.3","4.9","3.425","0.440","7.44","12.7","0.77","0"
"77.100","37.7814","14","-0.9938","-0.0899","0.4742","-62.2782","-52.8395","31.7706","11.0000","0.1300","11.3799","45.39206693","-75.69688738","40.5","13.1","-98.6","36","27","53","1","3","-0.23","-0.73","-1.17","-0.4","-2.1","-39.3","100.00","-694.03","5967","6553.5","755.5","0","0","0","0","85.0","755.5","32.3","30.0","2.85","-4.3","5.1","3.380","0.447","6.52","12.7","0.77","0"
"77.150","37.4911","14","-1.0217","-0.1544","0.4880","-65.0374","-54.5554","31.7731","11.0000","0.1300","10.9373","45.39206863","-75.69689353","40.5","13.1","-98.6","37","26","54","1","3","-0.44","-0.73","-1.02","-1.6","-3.2","-38.7","100.00","-635.46","5991","6553.5","753.4","0","0","0","0","85.0","753.4","32.4","30.0","2.68","-4.3","5.7","3.364","0.482","6.24","12.7","0.82","0"
"77.200","36.9388","14","-1.0216","-0.1928","0.4948","-67.6221","-55.0074","31.7744","11.0000","0.1300","10.6877","45.39207004","-75.69689963","40.5","13.1","-98.6","38","23","49","1","3","-0.67","-0.90","-1.09","-0.7","-3.9","-40.0","100.00","-535.49","5999","6553.5","751.3","0","0","0","0","85.0","751.3","32.4","30.0","2.54","-4.3","7.1","3.425","0.498","6.05","12.7","0.88","0"
"77.250","36.2633","14","-1.0082","-0.2190","0.4983","-70.1247","-54.8646","31.7750","11.0000","0.1300","10.5195","45.39207132","-75.69690569","40.5","13.1","-98.6","37","22","45","1","3","-0.91","-1.12","-1.27","1.2","-2.8","-43.7","100.00","-435.53","5988","6553.5","749.7","0","0","0","0","85.0","749.7","32.4","30.0","2.45","-4.3","7.1","3.429","0.493","5.94","12.6","0.87","0"
"77.300","35.5355","14","-1.0134","-0.2389","0.5248","-73.4766","-55.8595","31.7793","11.0000","0.1300","10.1248","45.39207213","-75.69691170","40.5","13.1","-98.7","35","26","45","1","3","-0.83","-0.99","-1.10","2.4","-0.6","-48.1","100.00","-172.27","5945","6553.5","748.1","0","0","0","0","85.0","748.1","32.4","30.0","2.32","-4.3","3.0","3.371","0.500","5.86","12.5","0.86","0"
"77.350","34.7830","14","-1.0274","-0.2558","0.5622","-77.2281","-57.3897","31.7853","11.0000","0.1300","9.6461","45.39207271","-75.69691770","40.5","13.1","-98.6","34","30","49","1","3","-0.48","-0.70","-0.85","3.0","0.5","-50.4","99.83","-51.07","5888","6553.5","746.8","0","0","0","0","85.0","746.7","32.4","30.0","2.16","-4.3","0.2","3.359","0.511","5.81","12.7","0.87","0"
"77.400","34.4114","14","-1.0387","-0.2468","0.5427","-79.7729","-58.8983","31.7815","11.0000","0.1300","9.2986","45.39207321","-75.69692369","40.5","13.1","-98.6","34","28","50","1","3","-0.32","-0.58","-0.90","3.1","-0.0","-50.1","99.39","24.42","5854","6553.5","745.4","0","0","0","0","85.0","745.4","32.4","30.0","2.05","-4.3","0.7","3.369","0.502","5.75","12.8","0.87","0"
"77.450","34.2191","14","-1.0487","-0.2256","0.4964","-81.7499","-60.3968","31.7733","11.0000","0.1300","9.0173","45.39207367","-75.69692968","40.5","13.1","-98.6","35","26","49","1","3","-0.31","-0.57","-0.93","3.4","-1.1","-48.4","98.94","99.91","5818","6553.5","744.5","0","0","0","0","85.0","744.5","32.4","30.0","2.00","-4.3","1.0","3.328","0.494","5.70","12.7","0.86","0"
"77.500","33.9419","14","-1.0558","-0.1975","0.4803","-84.7202","-61.7027","31.7710","11.0000","0.1334","8.7549","45.39207369","-75.69693562","40.5","13.1","-98.7","35","26","49","1","3","-0.21","-0.82","-1.00","3.0","-1.7","-46.8","98.50","132.29","5730","6553.5","743.6","0","0","0","0","85.0","743.6","32.4","30.0","1.94","-4.3","0.6","3.284","0.517","5.70","12.6","0.85","0"
"77.550","33.6247","14","-1.0616","-0.1661","0.4786","-88.1579","-62.9181","31.7716","11.0000","0.1384","8.5056","45.39207349","-75.69694153","40.5","13.1","-98.6","35","24","48","1","3","-0.25","-1.01","-1.17","1.7","-1.1","-46.3","98.06","132.92","5649","6553.5","742.9","0","0","0","0","85.0","742.8","32.4","30.0","1.84","-4.3","0.2","3.288","0.532","5.70","12.7","0.84","0"
"77.600","33.2512","14","-1.0410","-0.1405","0.5167","-91.6719","-62.4259","31.7838","11.0000","0.1434","8.4774","45.39207297","-75.69694734","40.5","13.1","-98.6","35","25","48","1","3","-0.45","-0.95","-1.19","1.1","0.6","-47.0","97.61","120.80","5587","6553.5","742.1","0","0","0","0","85.0","742.1","32.3","30.0","1.78","-4.3","-0.1","3.307","0.527","5.70","12.8","0.84","0"
"77.650","32.8511","14","-1.0081","-0.1176","0.5736","-95.2219","-61.1302","31.8016","11.0000","0.1484","8.5529","45.39207229","-75.69695309","40.5","13.1","-98.6","36","25","52","1","3","-0.45","-0.88","-1.01","0.6","1.9","-47.7","97.17","108.43","5521","6553.5","741.7","0","0","0","0","85.0","741.6","32.3","30.0","1.77","-4.3","-0.1","3.363","0.541","5.73","12.7","0.84","0"
"77.700","32.5294","14","-0.9839","-0.1054","0.5561","-98.3079","-60.2330","31.8022","11.0000","0.1500","8.5953","45.39207138","-75.69695868","40.5","13.2","-98.6","35","28","53","1","3","-0.38","-0.72","-0.76","-0.8","0.9","-47.0","96.73","96.06","5451","6553.5","741.2","0","0","0","0","85.0","741.2","32.3","30.0","1.74","-4.3","0.0","3.422","0.577","5.78","12.6","0.84","0"
"77.750","32.2446","14","-0.9638","-0.0982","0.5036","-101.1757","-59.5234","31.7948","11.0000","0.1500","8.6216","45.39207036","-75.69696420","40.5","13.2","-98.6","36","29","54","1","3","-0.43","-0.69","-0.76","-1.5","-2.3","-46.0","96.28","95.32","5385","6553.5","741.2","0","0","0","0","85.0","741.2","32.3","30.0","1.71","-4.3","0.1","3.483","0.596","5.88","12.7","0.84","0"
"77.800","32.0742","14","-0.9457","-0.1080","0.4475","-103.5670","-58.8817","31.7816","11.0000","0.1500","8.6695","45.39206917","-75.69696961","40.5","13.2","-98.7","37","24","48","1","3","-0.45","-0.98","-1.11","-2.2","-4.3","-46.1","95.84","101.90","5321","6553.5","741.2","0","0","0","0","85.0","741.2","32.3","30.0","1.67","-4.3","0.1","3.517","0.608","5.99","12.7","0.85","0"
"77.850","31.9576","14","-0.9285","-0.1258","0.3896","-105.7339","-58.2719","31.7658","11.0000","0.1500","8.7284","45.39206791","-75.69697497","40.5","13.2","-98.6","37","21","45","1","3","-0.41","-0.98","-1.37","-2.8","-3.0","-47.6","95.40","102.71","5297","6553.5","743.1","0","0","0","0","85.0","743.1","32.3","30.0","1.62","-4.3","0.1","3.538","0.620","6.24","12.8","0.84","0"
"77.900","31.4072","14","-0.9310","-0.1331","0.4855","-109.1878","-58.9866","31.7853","11.0000","0.1534","8.4741","45.39206628","-75.69697993","40.5","13.2","-98.6","37","24","49","1","3","-0.38","-0.84","-1.24","-3.3","0.7","-48.7","94.95","102.80","5279","6553.5","744.9","0","0","0","0","85.0","744.9","32.3","30.0","1.60","-4.3","0.1","3.465","0.629","6.51","12.8","0.83","0"
"77.950","30.6525","14","-0.9427","-0.1355","0.6538","-113.2473","-60.3245","31.8215","11.0000","0.1584","8.0871","45.39206447","-75.69698469","40.5","13.2","-98.6","37","30","52","1","3","-0.35","-0.70","-0.97","-2.6","3.2","-48.3","94.51","102.77","5259","6553.5","746.1","0","0","0","0","85.5","746.1","32.3","30.0","1.60","-4.3","-0.0","3.385","0.603","6.68","12.7","0.81","0"
"78.000","30.4325","14","-0.9171","-0.1389","0.6082","-115.7685","-59.2589","31.8166","11.0000","0.1600","8.1734","45.39206261","-75.69698942","40.5","13.2","-98.6","33","30","54","1","3","-0.29","-0.82","-0.91","-1.4","1.9","-46.6","94.07","101.83","5201","6553.5","747.2","0","0","0","0","86.0","747.2","32.3","30.0","1.56","-4.3","-0.1","3.367","0.595","6.83","12.7","0.80","0"
"78.050","30.4642","14","-0.8739","-0.1427","0.4620","-117.5658","-57.0620","31.7925","11.0000","0.1600","8.4969","45.39206072","-75.69699414","40.5","13.2","-98.6","34","26","48","1","3","-0.31","-1.06","-1.11","-0.3","-1.4","-45.7","93.62","101.16","5042","6553.5","748.6","0","0","0","0","86.0","748.6","32.3","30.0","1.47","-4.3","-0.0","3.343","0.633","6.94","12.7","0.79","0"
"78.100","30.2152","14","-0.8707","-0.1243","0.4008","-120.5710","-57.4951","31.7813","11.0000","0.1600","8.3640","45.39205853","-75.69699847","40.5","13.2","-98.6","34","23","45","1","3","-0.33","-1.14","-1.26","0.5","-2.5","-47.0","93.18","100.54","4990","6553.5","749.9","0","0","0","0","86.0","749.9","32.3","30.0","1.38","-4.3","0.0","3.308","0.652","7.05","12.7","0.79","0"
"78.150","29.8342","14","-0.8863","-0.0954","0.3796","-124.1447","-59.1658","31.7763","11.0000","0.1600","8.0253","45.39205621","-75.69700261","40.5","13.2","-98.6","35","24","46","1","3","-0.23","-0.94","-1.20","1.1","-1.0","-49.2","92.74","100.00","5054","6553.5","750.8","0","0","0","0","86.0","750.9","32.3","30.0","1.31","-4.3","0.0","3.331","0.649","7.16","12.8","0.79","0"
"78.200","29.6246","14","-0.8990","-0.0752","0.4477","-127.7344","-60.5443","31.7898","11.0000","0.1600","7.7875","45.39205367","-75.69700650","40.5","13.2","-98.7","35","30","51","1","3","-0.21","-0.74","-0.84","1.8","0.4","-50.0","92.29","100.00","5026","6553.5","751.8","0","0","0","0","86.0","751.8","32.3","30.0","1.25","-4.3","0.0","3.416","0.643","7.24","12.9","0.79","0"
"78.250","29.4957","14","-0.9103","-0.0592","0.5577","-131.3317","-61.7854","31.8119","11.0000","0.1600","7.5979","45.39205103","-75.69701026","40.5","13.2","-98.6","34","32","52","1","3","-0.21","-0.65","-0.68","2.3","-0.7","-48.8","91.85","101.31","4955","6553.5","752.8","0","0","0","0","86.0","752.8","32.3","30.0","1.21","-4.3","-0.0","3.384","0.636","7.29","12.8","0.79","0"
"78.300","29.4247","14","-0.8947","-0.0543","0.4972","-133.5360","-61.1145","31.7997","11.0000","0.1600","7.6628","45.39204836","-75.69701386","40.5","13.2","-98.6","35","28","49","1","3","-0.27","-0.84","-0.91","2.5","-3.3","-47.4","91.41","100.71","4889","6553.5","753.8","0","0","0","0","86.0","753.8","32.3","30.0","1.20","-4.3","-0.0","3.296","0.643","7.45","12.7","0.79","0"
"78.350","29.3811","14","-0.8664","-0.0547","0.3564","-135.0847","-59.5439","31.7713","11.0000","0.1600","7.8533","45.39204567","-75.69701739","40.5","13.2","-98.6","35","25","46","1","3","-0.25","-0.95","-1.10","2.2","-4.5","-47.4","90.96","99.94","4830","6553.5","754.7","0","0","0","0","86.0","754.7","32.3","30.0","1.25","-4.3","-0.0","3.349","0.652","7.64","12.8","0.79","0"
"78.400","29.1677","14","-0.8403","-0.0598","0.3545","-138.5120","-58.0933","31.7727","11.0000","0.1600","7.9909","45.39204276","-75.69702037","40.5","13.2","-98.6","35","23","47","1","3","-0.20","-0.83","-1.13","1.9","-3.4","-48.2","90.29","99.53","4850","6553.5","755.5","0","0","0","0","86.0","755.5","32.3","30.0","1.25","-4.3","-0.0","3.415","0.657","8.08","12.8","0.79","0"
"78.450","28.8744","14","-0.8153","-0.0672","0.4181","-142.8232","-56.6991","31.7881","11.0000","0.1600","8.1051","45.39203973","-75.69702309","40.5","13.2","-98.6","35","25","50","1","3","-0.14","-0.75","-1.01","1.6","-1.3","-48.6","89.26","99.42","4860","6553.5","756.6","0","0","0","0","86.0","756.6","32.3","30.0","1.21","-4.3","-0.0","3.411","0.675","8.82","12.8","0.80","0"
"78.500","28.5300","14","-0.8248","-0.0593","0.4506","-145.8122","-57.7580","31.7941","11.0000","0.1600","7.8616","45.39203671","-75.69702562","40.5","13.2","-98.6","35","26","51","1","3","-0.21","-0.76","-0.86","1.0","0.2","-47.7","88.22","99.36","4844","6553.5","757.6","0","0","0","0","86.0","757.6","32.3","30.0","1.18","-4.3","0.0","3.392","0.723","10.32","12.8","0.81","0"
"78.550","28.1617","14","-0.8506","-0.0443","0.4684","-148.1790","-59.9713","31.7957","11.0000","0.1600","7.4737","45.39203368","-75.69702805","40.5","13.2","-98.6","37","28","51","1","3","-0.30","-0.78","-0.81","0.4","0.5","-46.6","87.19","99.48","4945","6553.5","759.2","0","0","0","0","86.0","759.2","32.3","30.0","1.17","-4.3","0.1","3.329","0.758","12.54","12.8","0.81","0"
"78.600","28.0596","14","-0.8281","-0.0214","0.3961","-150.4871","-58.6856","31.7810","11.0000","0.1600","7.6097","45.39203054","-75.69703025","40.5","13.2","-98.6","35","28","50","1","3","-0.24","-0.78","-0.85","0.2","-0.2","-46.0","86.15","99.53","5172","6553.5","760.7","0","0","0","0","86.0","760.7","32.3","30.0","1.15","-4.3","0.0","3.304","0.778","15.54","12.8","0.82","0"
"78.650","28.0827","14","-0.7827","0.0054","0.2814","-152.7676","-55.7533","31.7587","11.0000","0.1600","8.0166","45.39202735","-75.69703233","40.5","13.2","-98.6","35","27","49","1","3","0.04","-0.73","-0.95","0.2","-1.2","-46.3","85.12","100.59","5294","6553.5","761.5","0","0","0","0","86.0","761.5","32.3","30.0","1.10","-4.3","-0.1","3.318","0.774","17.14","12.7","0.86","0"
"78.700","28.2954","14","-0.7774","0.0567","0.2332","-156.0329","-55.5340","31.7449","10.9660","0.1600","8.1092","45.39202395","-75.69703400","40.5","13.2","-98.6","35","28","49","1","3","0.24","-0.80","-0.85","0.3","-1.8","-47.5","84.08","100.69","5367","6553.5","762.3","0","0","0","0","86.0","762.3","32.3","30.0","1.09","-4.3","-0.0","3.339","0.758","18.09","12.7","0.90","0"
"78.750","28.5972","14","-0.7910","0.1197","0.2165","-159.7616","-56.5914","31.7351","10.9160","0.1600","8.0425","45.39202045","-75.69703548","40.5","13.2","-98.6","35","29","51","1","3","0.03","-0.73","-0.75","0.7","-2.1","-48.7","83.04","99.40","5378","6553.5","762.1","0","0","0","0","86.0","762.1","32.3","30.0","1.13","-4.3","-0.0","3.363","0.750","18.49","12.6","0.91","0"
"78.800","28.9726","14","-0.7860","0.1795","0.1886","-162.3777","-56.0274","31.7252","10.9000","0.1600","8.2301","45.39201687","-75.69703679","40.5","13.2","-98.6","35","29","53","1","3","-0.18","-0.73","-0.75","1.2","-2.4","-49.0","82.01","98.62","5391","6553.5","761.9","0","0","0","0","86.0","761.9","32.3","30.0","1.16","-4.3","0.0","3.403","0.743","18.80","12.6","0.93","0"
"78.850","29.3827","14","-0.7722","0.2380","0.1554","-164.4704","-54.7003","31.7151","10.9000","0.1600","8.5491","45.39201325","-75.69703803","40.5","13.2","-98.6","36","28","53","1","3","-0.08","-0.80","-0.81","1.5","-2.3","-48.9","80.97","99.08","5523","6553.5","762.0","0","0","0","0","86.0","762.0","32.3","30.0","1.18","-4.3","0.1","3.435","0.744","18.80","12.7","0.94","0"
"78.900","29.8338","14","-0.7457","0.2637","0.1436","-166.8732","-52.2631","31.7095","10.9000","0.1600","9.0852","45.39200949","-75.69703896","40.5","13.2","-98.7","36","28","53","1","3","0.02","-0.88","-0.84","1.4","-1.8","-48.9","79.94","99.77","5623","6553.5","762.0","0","0","0","0","86.0","762.0","32.3","30.0","1.23","-4.3","0.1","3.358","0.734","18.50","12.8","0.94","0"
"78.950","30.3043","14","-0.7132","0.2739","0.1417","-169.4218","-49.3033","31.7061","10.9000","0.1600","9.7825","45.39200568","-75.69703973","40.5","13.2","-98.6","35","28","52","1","3","-0.02","-1.09","-0.92","1.0","-1.6","-48.9","78.90","100.08","5639","6553.5","761.5","0","0","0","0","86.0","761.5","32.3","30.0","1.33","-4.3","0.1","3.299","0.694","17.45","12.8","0.91","0"
"79.000","30.7893","14","-0.7309","0.2829","0.1038","-172.0081","-49.7599","31.6913","10.9000","0.1566","9.8478","45.39200176","-75.69704011","40.5","13.2","-98.6","35","28","52","1","3","0.02","-1.06","-0.88","0.8","-1.8","-48.6","77.87","100.85","5668","6553.5","761.0","0","0","0","0","86.0","761.0","32.3","30.0","1.40","-4.3","0.1","3.285","0.670","16.07","12.8","0.89","0"
"79.050","31.2812","14","-0.7723","0.2914","0.0489","-174.6121","-51.8241","31.6710","10.9000","0.1516","9.6066","45.39199778","-75.69704030","40.5","13.2","-98.6","35","29","51","1","3","0.09","-0.98","-1.05","0.8","-2.3","-48.2","76.83","101.63","5712","6553.5","760.9","0","0","0","0","86.0","760.9","32.3","30.0","1.42","-4.3","0.2","3.303","0.664","14.35","12.8","0.87","0"
"79.100","31.5342","14","-0.7944","0.2583","0.0096","-54.9851","-52.5378","31.6581","10.9000","0.1500","9.5528","45.39199382","-75.69704014","40.5","13.2","-98.7","35","28","51","1","3","-0.17","-0.90","-1.04","0.9","-2.8","-48.0","75.79","101.66","5738","6553.5","760.8","0","0","0","0","86.0","760.8","32.3","30.0","1.43","-4.3","0.1","3.358","0.649","13.54","12.8","0.85","0"
"79.150","31.6749","14","-0.8073","0.2057","-0.0225","122.1623","-52.6160","31.6485","10.9000","0.1500","9.5812","45.39198987","-75.69703981","40.5","13.2","-98.6","35","29","51","1","3","-0.15","-0.81","-0.85","1.3","-3.2","-47.7","74.76","105.27","5756","6553.5","760.7","0","0","0","0","86.0","760.7","32.3","30.0","1.44","-4.3","0.1","3.408","0.629","13.15","12.7","0.82","0"
"79.200","31.8317","14","-0.8280","0.1703","-0.0634","177.1674","-53.3989","31.6342","10.9000","0.1500","9.4874","45.39198588","-75.69703913","40.5","13.2","-98.7","35","30","51","1","3","0.02","-0.87","-0.94","1.6","-3.6","-47.3","73.72","104.52","5787","6553.5","760.6","0","0","0","0","86.0","760.6","32.3","30.0","1.46","-4.3","0.1","3.454","0.621","13.00","12.6","0.79","0"
"79.250","31.9962","14","-0.8524","0.1430","-0.1084","174.6937","-54.5136","31.6176","10.9000","0.1500","9.3414","45.39198186","-75.69703829","40.5","13.2","-98.6","35","26","50","1","3","-0.12","-1.00","-1.08","1.5","-3.5","-47.1","72.69","103.59","5816","6553.5","760.6","0","0","0","0","86.0","760.5","32.3","30.0","1.49","-4.3","0.1","3.387","0.615","12.90","12.7","0.78","0"
"79.300","32.1560","14","-0.8817","0.1389","-0.1122","171.8130","-56.0417","31.6096","10.9000","0.1500","9.1321","45.39197790","-75.69703699","40.5","13.2","-98.6","35","25","49","1","3","-0.30","-0.98","-1.07","1.4","-2.2","-47.7","71.65","102.66","5810","6553.5","760.5","0","0","0","0","86.0","760.5","32.3","30.0","1.52","-4.3","0.0","3.317","0.629","12.84","12.7","0.78","0"
"79.350","32.3137","14","-0.9134","0.1458","-0.0967","168.7407","-57.7645","31.6056","10.9000","0.1500","8.9032","45.39197397","-75.69703549","40.5","13.2","-98.7","35","25","51","1","3","-0.24","-0.93","-1.08","1.1","0.2","-48.5","70.62","102.64","5785","6553.5","760.6","0","0","0","0","86.0","760.6","32.3","30.0","1.55","-4.3","0.1","3.399","0.637","12.80","12.8","0.78","0"
"79.400","32.4869","14","-0.9125","0.1379","-0.1282","165.5696","-57.4081","31.5955","10.9000","0.1500","9.0065","45.39197013","-75.69703355","40.5","13.2","-98.7","35","27","53","1","3","-0.10","-0.84","-1.01","0.3","2.1","-48.4","69.58","100.69","5715","6553.5","760.6","0","0","0","0","86.0","760.6","32.3","30.0","1.59","-4.3","0.1","3.449","0.632","12.80","12.8","0.78","0"
"79.450","32.6674","14","-0.8963","0.1231","-0.1819","162.3521","-56.0732","31.5824","10.9000","0.1500","9.2721","45.39196634","-75.69703140","40.5","13.2","-98.6","34","28","53","1","3","-0.09","-0.76","-0.72","-0.6","2.1","-47.0","69.14","101.25","5665","6553.5","760.6","0","0","0","0","86.0","760.5","32.3","30.0","1.65","-4.3","0.1","3.417","0.627","12.80","12.8","0.77","0"
"79.500","32.8510","14","-0.8869","0.1183","-0.2329","160.0343","-55.2335","31.5647","10.9000","0.1500","9.4660","45.39196255","-75.69702906","40.5","13.2","-98.6","34","28","53","1","3","0.13","-0.85","-0.74","-1.2","0.2","-45.1","69.69","102.11","5639","6553.5","760.5","0","0","0","0","86.0","760.5","32.3","30.0","1.71","-4.3","0.1","3.435","0.622","12.80","12.8","0.77","0"
"79.550","33.0361","14","-0.8808","0.1181","-0.2827","158.1400","-54.6269","31.5447","10.9000","0.1500","9.6250","45.39195876","-75.69702663","40.5","13.2","-98.6","35","27","51","1","3","0.21","-0.91","-0.93","-1.2","-2.0","-44.1","70.23","102.77","5640","6553.5","760.3","0","0","0","0","86.0","760.3","32.3","30.0","1.77","-4.3","0.0","3.505","0.626","12.80","12.7","0.77","0"
"79.600","33.1885","14","-0.8653","0.1176","-0.2815","155.6775","-53.4479","31.5395","10.9000","0.1466","9.8828","45.39195514","-75.69702383","40.5","13.2","-98.6","35","25","49","1","3","0.08","-0.90","-1.15","-0.8","-2.7","-45.0","70.78","101.63","5652","6553.5","760.1","0","0","0","0","86.0","760.1","32.4","30.0","1.76","-4.3","0.0","3.483","0.632","12.80","12.6","0.78","0"
"79.650","33.3257","14","-0.8454","0.1169","-0.2563","152.9477","-51.9995","31.5412","10.9000","0.1416","10.2000","45.39195161","-75.69702086","40.5","13.2","-98.6","35","27","51","1","3","-0.12","-0.84","-1.08","-0.5","-2.2","-46.9","71.32","101.16","5755","6553.5","760.4","0","0","0","0","86.0","760.4","32.4","30.0","1.66","-4.3","0.1","3.418","0.625","12.80","12.7","0.78","0"
"79.700","33.3548","14","-0.8092","0.1107","-0.2619","150.2104","-49.5701","31.5356","10.9000","0.1400","10.7093","45.39194818","-75.69701753","40.5","13.2","-98.6","35","28","52","1","3","-0.17","-0.90","-0.82","-0.2","-1.6","-48.1","71.87","100.84","5857","6553.5","760.7","0","0","0","0","86.0","760.7","32.3","30.0","1.64","-4.3","0.1","3.404","0.617","12.80","12.7","0.78","0"
"79.750","33.3332","14","-0.7654","0.1019","-0.2821","147.4696","-46.6791","31.5265","10.9000","0.1400","11.3651","45.39194480","-75.69701403","40.5","13.2","-98.6","35","28","52","1","3","0.01","-0.92","-0.84","0.1","-1.5","-47.4","72.41","100.71","5814","6553.5","760.9","0","0","0","0","86.0","760.9","32.4","30.0","1.70","-4.3","0.1","3.402","0.626","12.80","12.7","0.77","0"
"79.800","33.4744","14","-0.6976","0.0937","-0.2979","145.1438","-42.3845","31.5159","10.9000","0.1400","12.5697","45.39194152","-75.69701028","40.5","13.2","-98.7","34","25","49","1","3","0.02","-0.79","-1.03","-0.1","-1.2","-44.2","72.96","101.40","5784","6553.5","761.1","0","0","0","0","86.0","761.1","32.4","30.0","1.75","-4.3","0.0","3.445","0.630","12.82","12.7","0.77","0"
"79.850","33.6924","14","-0.6184","0.0858","-0.3117","143.0133","-37.4294","31.5047","10.9000","0.1400","14.3265","45.39193830","-75.69700640","40.5","13.2","-98.6","35","27","47","1","3","-0.01","-0.36","-0.91","-0.4","-0.5","-38.5","73.50","101.63","5791","6553.5","760.9","0","0","0","0","86.0","760.8","32.4","30.0","1.78","-4.3","0.1","3.456","0.621","12.87","12.6","0.77","0"
"79.900","33.8074","14","-0.5440","0.0820","-0.3366","141.7743","-32.8070","31.4941","10.9000","0.1400","16.4008","45.39193506","-75.69700249","40.5","13.2","-98.6","35","30","48","1","3","0.07","-0.12","-0.82","-0.6","-0.3","-31.3","74.05","101.16","5824","6553.5","760.6","0","0","0","0","85.0","760.6","32.4","30.0","1.77","-4.3","0.1","3.382","0.621","12.93","12.6","0.78","0"
"79.950","33.8739","14","-0.4716","0.0802","-0.3667","140.9549","-28.3411","31.4837","10.9000","0.1400","19.0225","45.39193182","-75.69699856","40.5","13.2","-98.6","35","31","47","1","3","0.12","-0.28","-0.94","-0.3","-1.0","-24.5","74.59","100.94","5885","6553.5","760.9","0","0","0","0","35.0","760.9","32.4","30.0","1.71","-4.3","0.0","3.356","0.632","12.98","12.7","0.78","0"
"80.000","34.0423","14","-0.4026","0.0753","-0.3888","140.4637","-24.1108","31.4763","10.9000","0.1400","22.4712","45.39192856","-75.69699459","40.5","13.2","-98.6","35","26","45","1","3","0.04","-0.38","-1.18","0.2","-1.4","-19.7","75.14","101.40","5808","6553.5","761.2","0","0","0","0","-13.0","761.2","32.4","30.0","1.72","-4.3","-0.0","3.384","0.627","13.08","12.7","0.78","0"
"80.050","34.2588","14","-0.3351","0.0689","-0.4072","140.1269","-19.9915","31.4702","10.9000","0.1400","27.2739","45.39192529","-75.69699061","40.5","13.2","-98.6","36","25","46","1","3","0.00","-0.32","-1.28","0.8","-0.4","-17.0","75.68","101.50","5664","6553.5","759.7","0","0","0","0","35.5","759.6","32.4","30.0","1.83","-4.3","0.0","3.374","0.616","13.19","12.8","0.78","0"
"80.100","34.3836","14","-0.2743","0.0666","-0.3941","139.2785","-16.3158","31.4732","10.9000","0.1400","33.5400","45.39192210","-75.69698649","40.5","13.2","-98.6","37","28","48","1","3","-0.02","-0.29","-1.13","1.1","0.9","-15.7","76.22","100.65","5602","6553.5","758.1","0","0","0","0","83.0","758.1","32.4","30.0","1.89","-4.3","0.1","3.345","0.657","13.25","12.8","0.78","0"
"80.150","34.4653","14","-0.2168","0.0662","-0.3662","138.1893","-12.8489","31.4805","10.9000","0.1400","42.6910","45.39191896","-75.69698231","40.5","13.2","-98.6","36","29","49","1","3","-0.14","-0.34","-0.98","0.9","0.6","-14.8","76.77","99.80","5606","6553.5","757.2","0","0","0","0","83.5","757.2","32.4","30.0","1.91","-4.3","0.1","3.350","0.698","13.41","12.8","0.81","0"
"80.200","34.4941","14","-0.2097","0.0848","-0.4025","137.3856","-12.3781","31.4643","10.9000","0.1400","44.3518","45.39191586","-75.69697806","40.5","13.2","-98.6","37","29","47","1","3","-0.07","-0.42","-1.01","0.7","-0.7","-14.5","77.31","101.92","6244","6553.5","756.4","0","0","0","0","84.0","756.4","32.4","30.0","1.98","-4.3","0.0","3.368","0.668","14.80","12.8","0.85","0"
"80.250","34.4979","14","-0.2263","0.1124","-0.4689","136.7164","-13.3172","31.4370","10.9000","0.1400","41.2288","45.39191278","-75.69697379","40.5","13.2","-98.6","38","27","46","1","3","0.11","-0.35","-1.12","0.8","-1.2","-15.0","77.86","102.15","6643","6553.5","754.5","0","0","0","0","83.5","754.4","32.4","30.0","2.11","-4.3","-0.1","3.497","0.649","16.72","12.7","0.84","0"
"80.300","34.7749","14","-0.2592","0.1465","-0.4787","135.7291","-15.1573","31.4294","10.9000","0.1400","36.5144","45.39190973","-75.69696932","40.5","13.2","-98.6","35","29","48","1","3","0.46","-0.38","-1.24","0.8","-0.4","-16.1","78.40","101.34","6424","6553.5","752.5","0","0","0","0","83.0","752.5","32.4","30.0","2.42","-4.3","-0.3","3.560","0.662","20.00","12.6","0.83","0"
"80.350","35.1804","14","-0.2996","0.1836","-0.4618","134.5922","-17.4215","31.4310","10.9000","0.1400","32.1393","45.39190671","-75.69696477","40.5","13.2","-98.7","33","31","50","1","3","0.53","-0.48","-1.22","0.7","0.4","-16.6","78.95","100.43","6345","6553.5","754.4","0","0","0","0","82.5","754.4","32.4","30.0","2.95","-4.3","-0.1","3.452","0.691","22.37","12.7","0.83","0"
"80.400","35.8582","14","-0.3176","0.2280","-0.4730","133.6403","-18.3199","31.4225","10.9000","0.1366","31.1520","45.39190360","-75.69695990","40.5","13.2","-98.6","34","31","51","1","3","0.22","-0.29","-1.00","0.5","-0.2","-15.7","79.49","96.17","6418","6553.5","756.3","0","0","0","0","82.0","756.2","32.3","30.0","3.32","-4.3","0.1","3.387","0.738","23.76","12.7","0.84","0"
"80.450","36.6642","14","-0.3250","0.2758","-0.4975","132.7756","-18.5756","31.4091","10.9000","0.1316","31.4137","45.39190045","-75.69695488","40.5","13.2","-98.6","37","30","49","1","3","0.12","-0.27","-0.93","0.1","-0.9","-14.3","80.04","92.64","6569","6553.5","753.2","0","0","0","0","83.0","753.1","32.3","30.0","3.49","-4.3","0.0","3.367","0.727","24.35","12.7","0.87","0"
"80.500","37.1605","14","-0.2961","0.3083","-0.4897","132.1146","-16.7527","31.4012","10.9000","0.1300","35.3034","45.39189735","-75.69694982","40.5","13.2","-98.6","36","30","49","1","3","0.36","-0.36","-0.95","-0.7","-0.8","-13.3","80.73","93.80","6756","6553.5","750.1","0","0","0","0","84.0","750.2","32.3","30.0","3.65","-4.3","-0.1","3.381","0.689","24.57","12.7","0.89","0"
"80.550","37.5110","14","-0.2501","0.3335","-0.4668","131.5495","-13.9516","31.3959","10.9000","0.1300","42.7912","45.39189425","-75.69694474","40.5","13.2","-98.6","34","29","49","1","3","0.45","-0.18","-0.97","-1.5","-0.5","-12.0","81.66","96.03","6771","6553.5","755.0","0","0","0","0","83.0","755.0","32.3","30.0","3.81","-4.3","-0.0","3.411","0.692","24.65","12.8","0.89","0"
"80.600","38.1491","14","-0.2008","0.3522","-0.4707","130.9769","-11.0564","31.3863","10.9000","0.1300","54.9148","45.39189112","-75.69693944","40.5","13.2","-98.7","36","29","49","1","3","0.38","-0.00","-0.98","-2.1","-1.0","-9.9","82.60","98.26","6770","6553.5","759.8","0","0","0","0","82.0","759.8","32.3","30.0","3.87","-4.3","-0.0","3.395","0.700","24.70","12.8","0.89","0"
"80.650","38.9224","14","-0.1498","0.3679","-0.4873","130.4008","-8.1170","31.3748","10.9000","0.1300","76.3179","45.39188795","-75.69693403","40.5","13.2","-98.6","40","29","49","1","3","0.33","-0.05","-0.95","-2.7","-1.3","-7.4","83.53","98.39","6856","6553.5","759.7","0","0","0","0","83.0","759.6","32.3","30.0","3.80","-4.3","-0.0","3.371","0.698","24.64","12.8","0.91","0"
"80.700","39.4713","14","-0.1229","0.3661","-0.5057","130.3527","-6.5421","31.3612","10.9000","0.1300","96.0247","45.39188468","-75.69692861","40.5","13.2","-98.6","39","31","49","1","3","0.26","-0.15","-0.93","-2.7","-1.1","-5.7","84.47","99.57","6959","6553.5","759.5","0","0","0","0","84.0","759.5","32.3","30.0","3.88","-4.3","-0.0","3.321","0.689","24.58","12.8","0.94","0"
"80.750","39.9145","14","-0.1074","0.3561","-0.5248","130.5529","-5.6094","31.3467","10.9000","0.1300","113.2482","45.39188135","-75.69692317","40.5","13.2","-98.7","37","31","48","1","3","0.19","-0.21","-0.94","-2.1","-1.0","-5.2","85.40","99.77","7107","6553.5","759.8","0","0","0","0","83.5","759.9","32.3","30.0","4.17","-4.3","0.0","3.305","0.660","24.53","12.7","0.93","0"
"80.800","40.5038","14","-0.0986","0.3350","-0.5491","130.4044","-5.0644","31.3327","10.9000","0.1300","127.2889","45.39187802","-75.69691751","40.5","13.1","-98.6","36","29","46","1","3","0.03","-0.20","-1.00","-1.3","-0.8","-5.4","86.34","99.77","7226","6553.5","760.2","0","0","0","0","83.0","760.2","32.3","30.0","4.39","-4.3","0.0","3.376","0.649","24.53","12.7","0.92","0"
"80.850","41.1619","14","-0.0930","0.3087","-0.5759","130.0919","-4.7017","31.3191","10.9000","0.1300","139.3349","45.39187469","-75.69691175","40.5","13.1","-98.6","37","28","46","1","3","0.09","-0.11","-1.04","-0.6","-0.0","-5.9","87.27","99.77","7315","6553.5","762.1","0","0","0","0","83.0","762.1","32.3","30.0","4.52","-4.3","0.0","3.431","0.657","24.58","12.7","0.91","0"
"80.900","41.7401","14","-0.1173","0.2965","-0.5599","129.5744","-5.8164","31.3127","10.9000","0.1300","114.2143","45.39187137","-75.69690582","40.5","13.1","-98.6","36","30","47","1","3","0.18","-0.16","-1.02","0.1","0.5","-6.8","88.21","100.33","7392","6553.5","763.9","0","0","0","0","83.0","763.9","32.3","30.0","4.62","-4.3","0.1","3.469","0.642","24.60","12.7","0.91","0"
"80.950","42.2805","14","-0.1555","0.2910","-0.5238","128.9605","-7.6263","31.3097","10.9000","0.1300","88.2367","45.39186807","-75.69689981","40.5","13.1","-98.6","36","30","47","1","3","0.23","-0.31","-0.95","0.5","0.3","-8.0","89.14","100.47","7465","6553.5","764.3","0","0","0","0","83.0","764.3","32.3","30.0","4.68","-4.3","0.1","3.421","0.616","24.60","12.7","0.91","0"
"81.000","42.7418","14","-0.2064","0.2884","-0.5276","128.3483","-9.9830","31.2938","10.9000","0.1300","68.1414","45.39186479","-75.69689368","40.5","13.1","-98.6","36","29","47","1","3","0.30","-0.30","-0.93","0.7","0.2","-9.3","90.08","100.87","7571","6553.5","764.7","0","0","0","0","83.0","764.7","32.3","30.0","4.69","-4.3","0.0","3.333","0.605","24.60","12.7","0.92","0"
"81.050","43.1658","14","-0.2632","0.2872","-0.5502","127.7367","-12.5971","31.2718","10.9000","0.1300","54.5366","45.39186154","-75.69688748","40.5","13.1","-98.6","37","28","49","1","3","0.35","-0.31","-1.10","0.8","0.6","-10.8","91.01","101.37","7673","6553.5","766.5","0","0","0","0","82.5","766.5","32.3","30.0","4.64","-4.3","0.1","3.290","0.596","24.58","12.7","0.92","0"
"81.100","43.5553","14","-0.3254","0.2691","-0.5485","126.9300","-15.3850","31.2571","10.9000","0.1334","45.0573","45.39185834","-75.69688111","40.5","13.1","-98.7","34","29","51","1","3","0.29","-0.43","-1.13","0.7","0.6","-12.4","91.94","101.26","7675","6553.5","768.2","0","0","0","0","82.0","768.2","32.3","30.0","4.69","-4.3","0.1","3.259","0.578","24.36","12.7","0.93","0"
"81.150","43.9287","14","-0.3902","0.2432","-0.5354","126.0315","-18.2545","31.2458","10.9000","0.1384","38.2999","45.39185518","-75.69687465","40.5","13.1","-98.6","35","30","51","1","3","0.34","-0.48","-1.05","0.6","0.0","-14.2","92.88","101.21","7686","6553.5","768.8","0","0","0","0","81.5","768.8","32.3","30.0","4.85","-4.3","0.1","3.289","0.556","23.69","12.8","0.92","0"
"81.200","44.3852","14","-0.4476","0.2309","-0.5277","124.8747","-20.7332","31.2361","10.9000","0.1400","34.0715","45.39185213","-75.69686789","40.5","13.1","-98.6","35","29","51","1","3","0.21","-0.50","-1.17","0.5","-0.8","-16.6","93.81","101.73","7720","6553.5","769.3","0","0","0","0","81.0","769.3","32.3","30.0","5.00","-4.3","0.0","3.320","0.522","21.85","12.8","0.91","0"
"81.250","44.8809","14","-0.5014","0.2250","-0.5226","123.5963","-23.0280","31.2271","10.9000","0.1400","31.0189","45.39184914","-75.69686100","40.5","13.1","-98.6","36","28","50","1","3","0.13","-0.55","-1.23","0.4","-1.1","-19.1","94.75","101.32","7796","6553.5","770.4","0","0","0","0","82.0","770.4","32.3","30.0","5.11","-4.3","0.1","3.353","0.486","20.50","12.7","0.89","0"
"81.300","45.1761","14","-0.5320","0.2020","-0.5127","122.2564","-24.2340","31.2220","10.9000","0.1400","29.6691","45.39184628","-75.69685399","40.5","13.1","-98.6","36","27","50","1","3","0.11","-0.50","-1.12","-0.1","-0.7","-21.2","95.68","101.00","7920","6553.5","771.5","0","0","0","0","82.0","771.5","32.3","30.0","5.07","-4.3","0.1","3.371","0.450","19.67","12.7","0.87","0"
"81.350","45.3771","14","-0.5518","0.1710","-0.5006","120.8876","-24.9277","31.2188","10.9000","0.1400","28.9717","45.39184349","-75.69684693","40.5","13.1","-98.6","36","29","51","1","3","0.12","-0.38","-0.91","-0.5","-0.4","-22.1","96.62","101.71","7931","6553.5","771.7","0","0","0","0","32.5","771.7","32.3","30.0","4.84","-4.3","0.1","3.373","0.430","19.14","12.7","0.85","0"
"81.400","45.5470","14","-0.5835","0.1422","-0.5194","119.6198","-26.1852","31.2054","10.9000","0.1366","27.6837","45.39184088","-75.69683970","40.5","13.1","-98.6","35","28","50","1","3","-0.08","-0.41","-0.88","0.0","-0.7","-22.5","97.55","101.90","7889","6553.5","771.8","0","0","0","0","-15.0","771.8","32.3","30.0","4.57","-4.3","0.1","3.427","0.417","18.75","12.7","0.82","0"
"81.450","45.7023","14","-0.6210","0.1144","-0.5528","118.3994","-27.7079","31.1872","10.9000","0.1316","26.2516","45.39183836","-75.69683240","40.5","13.1","-98.6","35","28","47","1","3","-0.24","-0.71","-0.98","1.4","-0.6","-23.6","98.49","101.90","7668","6553.5","770.1","0","0","0","0","36.5","770.1","32.3","30.0","4.25","-4.3","0.1","3.505","0.416","17.67","12.7","0.80","0"
"81.500","45.8018","14","-0.6619","0.0771","-0.5436","116.9528","-29.4101","31.1854","10.9000","0.1300","24.7860","45.39183599","-75.69682497","40.5","13.1","-98.6","35","29","47","1","3","-0.17","-0.85","-0.83","3.3","-0.1","-25.2","99.42","101.90","7464","6553.5","768.4","0","0","0","0","86.0","768.4","32.3","30.0","3.96","-4.3","0.1","3.349","0.416","16.54","12.7","0.79","0"
"81.550","45.8751","14","-0.7044","0.0354","-0.5144","115.3997","-31.1969","31.1913","10.9000","0.1300","23.4038","45.39183369","-75.69681747","40.5","13.1","-98.7","34","29","49","1","3","-0.09","-0.87","-0.71","4.4","0.0","-26.8","100.00","101.90","7729","6553.5","767.7","0","0","0","0","34.5","767.7","32.3","30.0","3.71","-4.3","0.1","3.185","0.408","15.82","12.7","0.82","0"
"81.600","45.7462","14","-0.7374","-0.0083","-0.4928","113.8098","-32.6239","31.1926","10.9000","0.1300","22.3172","45.39183166","-75.69680994","40.5","13.1","-98.6","35","25","50","1","3","-0.11","-0.93","-1.10","3.7","-0.2","-28.4","100.00","102.32","7873","6553.5","767.0","0","0","0","0","-16.0","766.9","32.3","30.0","3.63","-4.3","0.0","3.295","0.400","15.24","12.7","0.86","0"
"81.650","45.5222","14","-0.7658","-0.0528","-0.4748","112.2026","-33.8816","31.1916","10.9000","0.1300","21.3835","45.39182974","-75.69680239","40.5","13.1","-98.6","37","23","53","1","3","-0.12","-1.00","-1.28","1.5","0.2","-30.3","100.00","102.13","7707","6553.5","764.3","0","0","0","0","-17.0","764.2","32.3","30.0","3.79","-4.3","0.1","3.390","0.394","15.02","12.6","0.84","0"
"81.700","45.2090","14","-0.7936","-0.0898","-0.4646","110.0663","-35.1990","31.1868","10.9000","0.1334","20.4416","45.39182817","-75.69679474","40.5","13.1","-98.6","37","23","53","1","3","-0.17","-1.00","-1.15","-1.0","1.2","-31.9","100.00","101.27","7529","6553.5","761.6","0","0","0","0","-18.0","761.5","32.3","30.0","3.87","-4.3","0.1","3.449","0.403","14.85","12.5","0.82","0"
"81.750","44.8539","14","-0.8210","-0.1233","-0.4580","107.6808","-36.5445","31.1801","10.9000","0.1384","19.5343","45.39182676","-75.69678705","40.5","13.1","-98.6","36","27","53","1","3","-0.26","-0.87","-0.95","-3.1","1.4","-32.3","100.00","100.94","7337","6553.5","758.7","0","0","0","0","-17.5","758.6","32.3","30.0","3.84","-4.3","0.1","3.492","0.427","14.74","12.6","0.88","0"
"81.800","44.6011","14","-0.8456","-0.1419","-0.4668","105.7478","-37.8492","31.1716","10.9000","0.1400","18.7547","45.39182554","-75.69677931","40.5","13.1","-98.6","36","30","52","1","3","-0.42","-0.75","-0.70","-4.0","0.1","-31.8","100.00","101.99","7319","6553.5","755.7","0","0","0","0","-16.2","755.7","32.3","30.0","3.61","-4.3","0.1","3.519","0.434","14.70","12.7","0.95","0"
"81.850","44.3965","14","-0.8689","-0.1534","-0.4827","104.0277","-39.1347","31.1621","10.9000","0.1400","18.0554","45.39182441","-75.69677154","40.5","13.1","-98.6","36","24","49","1","3","-0.23","-0.85","-0.99","-3.2","-1.4","-31.6","100.00","102.33","7383","6553.5","754.2","0","0","0","0","23.8","754.2","32.3","30.0","3.11","-4.3","0.1","3.497","0.432","14.70","12.5","0.91","0"
"81.900","44.0195","14","-0.8883","-0.1629","-0.4719","102.2561","-40.2995","31.1605","10.9000","0.1400","17.3846","45.39182355","-75.69676390","40.5","13.1","-98.6","37","23","49","1","3","-0.33","-1.00","-1.16","-1.6","-1.1","-32.8","100.00","102.26","7480","6553.5","752.8","0","0","0","0","62.9","752.8","32.3","30.0","2.82","-4.3","0.1","3.451","0.422","14.70","12.4","0.88","0"
"81.950","43.5613","14","-0.9060","-0.1713","-0.4484","100.4603","-41.4076","31.1624","10.9000","0.1400","16.7433","45.39182283","-75.69675631","40.5","13.1","-98.7","35","25","51","1","3","-0.40","-1.09","-1.00","-0.6","0.0","-34.7","100.00","102.45","7584","6553.5","753.6","0","0","0","0","57.9","753.6","32.3","30.0","2.77","-4.3","-0.0","3.406","0.411","14.70","12.5","0.87","0"
"82.000","43.1508","14","-0.9165","-0.1673","-0.3995","98.2976","-42.2234","31.1759","10.9000","0.1400","16.2651","45.39182239","-75.69674872","40.5","13.1","-98.7","34","26","52","1","3","-0.24","-0.90","-0.98","-0.7","0.2","-36.0","100.00","102.63","7702","6553.5","754.4","0","0","0","0","53.1","754.4","32.3","30.0","2.75","-4.3","-0.1","3.369","0.395","14.76","12.6","0.85","0"
"82.050","42.7627","14","-0.9235","-0.1574","-0.3386","95.9621","-42.9018","31.1947","10.9000","0.1400","15.8639","45.39182209","-75.69674112","40.5","13.1","-98.6","36","28","50","1","3","-0.24","-0.80","-1.08","-0.8","-0.2","-37.0","100.00","102.64","7765","6553.5","755.6","0","0","0","0","58.1","755.6","32.3","30.0","2.78","-4.3","-0.1","3.426","0.386","14.80","12.6","0.82","0"
"82.100","42.5158","14","-0.9359","-0.1412","-0.3148","93.7496","-43.8291","31.2007","10.9000","0.1435","15.4386","45.39182209","-75.69673356","40.5","13.1","-98.6","36","28","50","1","3","-0.34","-0.97","-1.10","-0.6","0.2","-38.9","100.00","100.47","7683","6553.5","756.8","0","0","0","0","62.2","756.8","32.3","30.0","2.76","-4.3","-0.0","3.464","0.396","14.80","12.6","0.80","0"
"82.150","42.3293","14","-0.9506","-0.1222","-0.3070","91.5898","-44.8632","31.2013","10.9000","0.1485","15.0166","45.39182221","-75.69672601","40.5","13.1","-98.6","35","26","50","1","3","-0.19","-0.91","-1.05","-0.1","1.3","-41.8","100.00","98.06","7566","6553.5","757.5","0","0","0","0","20.7","757.6","32.3","30.0","2.70","-4.3","0.0","3.452","0.409","14.83","12.7","0.78","0"
"82.200","42.1469","14","-0.9690","-0.1120","-0.2524","89.0347","-46.0500","31.2100","10.9000","0.1500","14.5665","45.39182271","-75.69671858","40.5","13.1","-98.7","34","26","54","1","3","0.03","-0.80","-0.95","0.0","1.5","-43.5","100.00","97.97","7409","6553.5","758.3","0","0","0","0","-19.1","758.3","32.3","30.0","2.69","-4.3","0.1","3.449","0.426","14.88","12.7","0.77","0"
"82.250","41.9662","14","-0.9890","-0.1056","-0.1778","86.3103","-47.3022","31.2222","10.9000","0.1500","14.1201","45.39182337","-75.69671119","40.5","13.1","-98.6","33","26","55","1","3","-0.07","-0.85","-0.96","-0.6","-0.1","-43.2","100.00","100.57","7188","6553.5","756.8","0","0","0","0","25.4","756.8","32.3","30.0","2.75","-4.3","0.1","3.458","0.446","15.05","12.7","0.77","0"
"82.300","41.8221","14","-1.0173","-0.0931","-0.1882","83.8836","-48.9701","31.2162","10.9000","0.1500","13.5923","45.39182428","-75.69670383","40.5","13.1","-98.6","36","26","52","1","3","-0.35","-1.00","-1.04","-1.5","-1.7","-42.1","100.00","101.35","6936","6553.5","755.3","0","0","0","0","69.1","755.3","32.3","30.0","2.76","-4.3","0.0","3.436","0.467","15.27","12.7","0.77","0"
"82.350","41.6936","14","-1.0493","-0.0781","-0.2352","81.5847","-50.8162","31.2024","10.9000","0.1500","13.0583","45.39182530","-75.69669649","40.5","13.1","-98.6","37","26","51","1","3","-0.37","-1.02","-0.97","-2.2","-1.9","-41.6","100.00","101.18","7133","6553.5","755.8","0","0","0","0","74.6","755.9","32.3","30.0","2.69","-4.3","0.1","3.398","0.484","15.40","12.7","0.79","0"
"82.400","41.3556","14","-1.0391","-0.0662","-0.2113","79.1443","-50.5861","31.2068","10.9000","0.1500","13.0114","45.39182661","-75.69668943","40.5","13.1","-98.6","36","28","52","1","3","-0.16","-0.92","-0.83","-1.2","-1.5","-40.8","100.00","101.00","7377","6553.5","756.4","0","0","0","0","79.9","756.4","32.3","30.0","2.63","-4.3","0.1","3.454","0.498","15.50","12.7","0.82","0"
"82.450","40.9279","14","-1.0110","-0.0556","-0.1570","76.6434","-49.4662","31.2191","10.9000","0.1500","13.1683","45.39182803","-75.69668250","40.5","13.1","-98.6","34","28","54","1","3","-0.20","-1.08","-0.89","0.6","-1.4","-40.0","100.00","101.42","7447","6553.5","757.6","0","0","0","0","75.9","757.6","32.3","30.0","2.57","-4.3","0.0","3.510","0.473","15.56","12.6","0.79","0"
"82.500","40.6419","14","-0.9747","-0.0506","-0.1146","74.1625","-47.8911","31.2266","10.9000","0.1535","13.5064","45.39182977","-75.69667571","40.5","13.1","-98.6","34","24","50","1","3","-0.34","-1.25","-1.23","1.3","-0.8","-40.9","100.00","101.66","7479","6553.5","758.7","0","0","0","0","72.0","758.7","32.3","30.0","2.53","-4.3","0.0","3.436","0.457","15.63","12.5","0.77","0"
"82.550","40.4166","14","-0.9348","-0.0481","-0.0773","71.6902","-46.1208","31.2320","10.9000","0.1585","13.9471","45.39183164","-75.69666898","40.5","13.1","-98.6","35","26","51","1","3","-0.30","-0.94","-1.11","1.5","0.4","-43.0","100.00","101.17","7411","6553.5","759.3","0","0","0","0","74.0","759.4","32.3","30.0","2.51","-4.3","0.0","3.379","0.466","15.74","12.6","0.78","0"
"82.600","40.4034","14","-0.9005","-0.0361","-0.0684","69.3375","-44.5899","31.2326","10.9000","0.1600","14.4212","45.39183378","-75.69666240","40.5","13.1","-98.6","35","32","55","1","3","-0.08","-0.65","-0.67","1.7","0.1","-43.2","100.00","100.43","7355","6553.5","760.0","0","0","0","0","75.9","760.0","32.3","30.0","2.48","-4.3","0.1","3.366","0.476","15.96","12.7","0.80","0"
"82.650","40.4812","14","-0.8685","-0.0200","-0.0716","67.0360","-43.1615","31.2311","10.9000","0.1600","14.9272","45.39183604","-75.69665589","40.5","13.1","-98.6","34","31","55","1","3","-0.12","-0.72","-0.64","1.4","-2.4","-39.8","100.00","100.90","7313","6553.5","760.7","0","0","0","0","70.9","760.7","32.3","30.0","2.45","-4.3","0.1","3.377","0.486","16.29","12.7","0.79","0"
"82.700","40.6034","14","-0.8446","-0.0034","-0.1297","65.5376","-42.0790","31.2122","10.9000","0.1705","15.3574","45.39183837","-75.69664936","40.5","13.1","-98.7","37","28","48","1","3","-0.12","-0.81","-0.99","1.6","-4.3","-35.0","100.00","102.15","7310","6553.5","761.3","0","0","0","0","66.1","761.3","32.3","30.0","2.41","-4.3","0.0","3.413","0.493","16.55","12.7","0.79","0"
"82.750","40.7447","14","-0.8241","0.0134","-0.2113","64.3834","-41.1449","31.1857","10.9000","0.1855","15.7607","45.39184072","-75.69664283","40.5","13.1","-98.6","37","25","48","1","3","-0.07","-0.72","-1.12","1.9","-3.2","-31.5","100.00","101.67","7325","6553.5","762.0","0","0","0","0","71.6","762.1","32.3","30.0","2.37","-4.3","0.0","3.421","0.498","16.77","12.6","0.79","0"
"82.800","40.6526","14","-0.8321","0.0321","-0.1833","62.2957","-41.5871","31.1921","10.9000","0.1865","15.5578","45.39184336","-75.69663662","40.5","13.1","-98.6","35","28","50","1","3","-0.05","-0.62","-1.09","2.1","-0.6","-29.6","100.00","100.53","7325","6553.5","762.8","0","0","0","0","77.0","762.8","32.3","30.0","2.33","-4.3","-0.0","3.416","0.495","16.85","12.6","0.80","0"
"82.850","40.4603","14","-0.8524","0.0517","-0.1082","59.8080","-42.6191","31.2126","10.9000","0.1815","15.1093","45.39184612","-75.69663056","40.5","13.1","-98.6","32","27","50","1","3","-0.08","-0.83","-1.06","2.0","1.3","-29.7","100.00","99.39","7333","6553.5","763.1","0","0","0","0","77.5","763.1","32.3","30.0","2.31","-4.3","0.0","3.424","0.491","16.90","12.6","0.80","0"
"82.900","40.5634","14","-0.8777","0.0592","-0.0743","57.2830","-43.8590","31.2199","10.9000","0.1730","14.7196","45.39184922","-75.69662469","40.5","13.1","-98.6","34","26","51","1","3","0.00","-1.10","-0.90","1.5","2.1","-32.6","100.00","99.30","7454","6553.5","763.4","0","0","0","0","78.0","763.4","32.3","30.0","2.28","-4.3","0.1","3.428","0.489","16.90","12.6","0.80","0"
"82.950","40.7931","14","-0.9052","0.0616","-0.0581","54.7421","-45.1880","31.2215","10.9000","0.1630","14.3676","45.39185248","-75.69661892","40.5","13.1","-98.6","36","27","51","1","3","0.02","-1.20","-0.84","1.2","2.3","-37.6","100.00","101.60","7550","6553.5","764.1","0","0","0","0","78.0","764.1","32.3","30.0","2.24","-4.3","0.1","3.350","0.482","16.90","12.6","0.82","0"
"83.000","40.8175","14","-0.9495","0.0622","-0.0154","52.0046","-47.3472","31.2328","10.9000","0.1600","13.7206","45.39185595","-75.69661352","40.5","13.1","-98.6","34","27","54","1","3","0.05","-1.21","-0.79","0.4","1.9","-42.7","100.00","101.90","7579","6553.5","764.7","0","0","0","0","78.1","764.7","32.3","30.0","2.21","-4.3","0.1","3.310","0.462","16.90","12.6","0.84","0"
"83.050","40.7538","14","-1.0009","0.0619","0.0387","49.1829","-49.8621","31.2481","10.9000","0.1600","13.0082","45.39185953","-75.69660829","40.5","13.1","-98.6","34","27","54","1","3","0.10","-1.03","-0.89","-0.7","1.1","-46.0","100.00","101.90","7559","6553.5","765.6","0","0","0","0","82.1","765.6","32.3","30.0","2.20","-4.3","0.1","3.367","0.454","16.87","12.7","0.84","0"
"83.100","40.7927","14","-1.0429","0.0709","0.0814","46.7013","-51.9164","31.2602","10.9000","0.1635","12.5054","45.39186331","-75.69660327","40.5","13.1","-98.6","35","27","55","1","3","0.21","-1.08","-0.83","-1.5","0.4","-46.9","100.00","101.89","7486","6553.5","766.4","0","0","0","0","86.0","766.4","32.3","30.0","2.22","-4.3","0.1","3.370","0.459","16.82","12.7","0.84","0"
"83.150","40.8756","14","-1.0809","0.0838","0.1191","44.3655","-53.7733","31.2710","10.9000","0.1685","12.0981","45.39186719","-75.69659834","40.5","13.1","-98.7","35","26","54","1","3","0.18","-1.17","-0.87","-1.7","-0.2","-45.9","100.00","101.55","7463","6553.5","766.5","0","0","0","0","87.5","766.5","32.3","30.0","2.28","-4.3","0.0","3.316","0.458","16.76","12.6","0.82","0"
"83.200","40.9085","14","-1.0895","0.0997","0.1649","41.8160","-54.1351","31.2883","10.9000","0.1700","12.0269","45.39187127","-75.69659383","40.5","13.1","-98.6","35","26","52","1","3","-0.13","-1.04","-0.92","-1.3","-0.4","-44.0","100.00","101.26","7463","6553.5","766.6","0","0","0","0","89.0","766.6","32.3","30.0","2.28","-4.3","0.0","3.362","0.456","16.71","12.5","0.81","0"
"83.250","40.9199","14","-1.0856","0.1170","0.2142","39.1750","-53.8562","31.3083","10.9000","0.1700","12.0926","45.39187545","-75.69658951","40.5","13.1","-98.6","34","32","53","1","3","-0.06","-0.77","-0.75","-0.7","-0.9","-41.2","100.00","101.00","7400","6553.5","767.2","0","0","0","0","89.0","767.2","32.3","30.0","2.22","-4.3","0.0","3.456","0.468","16.65","12.5","0.81","0"
"83.300","41.0983","14","-1.0575","0.1150","0.2228","36.6666","-52.3298","31.3118","10.9000","0.1700","12.4996","45.39187986","-75.69658546","40.5","13.1","-98.6","34","28","53","1","3","0.08","-0.77","-0.78","0.8","-1.6","-38.5","100.00","100.73","7338","6553.5","767.8","0","0","0","0","89.0","767.8","32.3","30.0","2.19","-4.3","0.0","3.517","0.480","16.59","12.5","0.81","0"
"83.350","41.3484","14","-1.0191","0.1047","0.2141","34.2152","-50.2688","31.3082","10.9000","0.1700","13.0912","45.39188438","-75.69658152","40.5","13.1","-98.6","35","24","50","1","3","-0.07","-1.15","-1.06","1.7","-1.4","-38.0","100.00","100.90","7376","6553.5","768.1","0","0","0","0","89.0","768.1","32.2","30.0","2.18","-4.3","0.0","3.567","0.484","16.48","12.6","0.80","0"
"83.400","41.4033","14","-1.0152","0.0994","0.2128","31.4312","-49.9362","31.3097","10.9000","0.1665","13.1959","45.39188903","-75.69657811","40.5","13.1","-98.6","35","26","51","1","3","-0.12","-1.11","-1.11","0.8","0.2","-39.2","100.00","100.94","7407","6553.5","768.4","0","0","0","0","89.0","768.4","32.2","30.0","2.15","-4.3","0.0","3.527","0.482","16.40","12.6","0.80","0"
"83.450","41.3746","14","-1.0261","0.0963","0.2147","28.5048","-50.3444","31.3133","10.9000","0.1615","13.0799","45.39189373","-75.69657493","40.5","13.1","-98.6","32","32","53","1","3","0.05","-0.74","-0.88","-0.1","0.7","-39.8","100.00","100.79","7420","6553.5","768.7","0","0","0","0","89.0","768.7","32.2","30.0","2.10","-4.3","0.0","3.453","0.466","16.40","12.6","0.79","0"
"83.500","41.5637","14","-1.0258","0.0941","0.1987","26.2766","-50.2192","31.3135","10.9000","0.1600","13.1724","45.39189856","-75.69657198","40.5","13.1","-98.7","31","29","54","1","3","0.08","-0.81","-0.92","-0.3","-1.4","-39.0","100.00","100.59","7384","6553.5","768.9","0","0","0","0","89.0","768.9","32.2","30.0","2.08","-4.3","0.0","3.289","0.448","15.79","12.6","0.79","0"
"83.550","41.8460","14","-1.0207","0.0923","0.1751","24.3475","-49.8655","31.3122","10.9000","0.1600","13.3559","45.39190344","-75.69656914","40.5","13.1","-98.6","36","26","51","1","3","-0.08","-1.06","-1.13","0.2","-3.4","-39.0","100.00","100.56","7293","6553.5","769.1","0","0","0","0","89.0","769.1","32.3","30.0","2.11","-4.3","0.0","3.254","0.426","14.51","12.7","0.79","0"
"83.600","41.8167","14","-1.0337","0.0723","0.1960","21.7035","-50.3924","31.3183","10.9000","0.1600","13.2070","45.39190839","-75.69656685","40.5","13.1","-98.7","37","25","53","1","3","-0.28","-1.11","-1.14","0.6","-3.2","-41.2","100.00","100.71","7211","6553.5","769.3","0","0","0","0","89.0","769.3","32.3","30.0","2.16","-4.3","0.1","3.358","0.419","13.23","12.7","0.79","0"
"83.650","41.6538","14","-1.0543","0.0444","0.2358","18.7530","-51.2968","31.3275","10.9000","0.1600","12.9236","45.39191337","-75.69656480","40.5","13.1","-98.6","35","28","53","1","3","-0.25","-0.97","-0.89","0.9","-1.9","-43.7","100.00","100.85","7134","6553.5","769.0","0","0","0","0","89.0","769.0","32.3","30.0","2.24","-4.3","0.1","3.378","0.419","11.95","12.8","0.78","0"
"83.700","41.4964","14","-1.0720","0.0107","0.2527","16.1221","-52.1492","31.3356","10.9000","0.1600","12.6644","45.39191840","-75.69656319","40.5","13.1","-98.7","34","29","54","1","3","-0.28","-0.96","-0.69","1.1","-2.3","-44.4","100.00","101.21","7047","6553.5","768.8","0","0","0","0","89.0","768.8","32.3","30.0","2.25","-4.3","0.1","3.358","0.415","11.51","12.8","0.77","0"
"83.750","41.3413","14","-1.0885","-0.0257","0.2598","13.6282","-52.9793","31.3431","10.9000","0.1600","12.4193","45.39192346","-75.69656178","40.5","13.1","-98.7","34","29","51","1","3","-0.41","-1.20","-0.84","1.5","-4.1","-43.8","100.00","101.52","6964","6553.5","768.2","0","0","0","0","89.5","768.1","32.3","30.0","2.17","-4.3","0.1","3.343","0.411","11.18","12.7","0.77","0"
"83.800","41.1572","14","-1.1101","-0.0527","0.2473","11.0269","-54.1910","31.3462","10.9000","0.1565","12.0876","45.39192851","-75.69656086","40.5","13.1","-98.7","35","24","50","1","3","-0.44","-1.45","-1.10","1.7","-4.4","-44.5","100.00","101.66","6935","6553.5","767.5","0","0","0","0","90.0","767.5","32.3","30.0","2.11","-4.3","0.1","3.328","0.429","10.96","12.7","0.78","0"
"83.850","40.9607","14","-1.1340","-0.0757","0.2265","8.3796","-55.5663","31.3474","10.9000","0.1515","11.7321","45.39193356","-75.69656015","40.5","13.1","-98.6","35","23","51","1","3","-0.36","-1.43","-1.02","1.6","-2.4","-47.1","100.00","101.56","6905","6553.5","766.2","0","0","0","0","90.0","766.2","32.3","30.0","2.08","-4.3","0.0","3.298","0.438","10.72","12.7","0.77","0"
"83.900","40.6803","14","-1.1414","-0.0894","0.2570","5.1271","-56.2251","31.3611","10.9000","0.1500","11.5153","45.39193858","-75.69656017","40.5","13.1","-98.6","35","24","52","1","3","-0.29","-1.32","-0.82","1.3","0.1","-49.7","100.00","101.30","6872","6553.5","764.9","0","0","0","0","90.0","764.9","32.3","30.0","2.05","-4.3","0.0","3.299","0.429","10.44","12.7","0.77","0"
"83.950","40.3639","14","-1.1417","-0.0991","0.3093","1.6154","-56.5768","31.3803","10.9000","0.1500","11.3547","45.39194360","-75.69656051","40.5","13.1","-98.6","33","26","53","1","3","-0.34","-1.19","-0.78","0.7","1.1","-50.7","100.00","101.00","6817","6553.5","764.4","0","0","0","0","90.0","764.4","32.3","30.0","2.02","-4.3","0.0","3.381","0.425","10.19","12.6","0.78","0"
"84.000","40.0697","14","-1.1439","-0.1016","0.3354","-1.1713","-57.0665","31.3906","10.9000","0.1500","11.1752","45.39194851","-75.69656112","40.5","13.1","-98.6","34","28","51","1","3","-0.41","-1.06","-0.91","0.8","0.6","-50.0","100.00","100.71","6737","6553.5","763.9","0","0","0","0","90.0","763.9","32.3","30.0","1.96","-4.3","0.1","3.423","0.428","9.97","12.5","0.80","0"
"84.050","39.7850","14","-1.1470","-0.1008","0.3503","-3.6474","-57.6154","31.3971","10.9000","0.1500","10.9901","45.39195339","-75.69656186","40.5","13.1","-98.6","35","28","48","1","3","-0.43","-0.98","-1.00","2.1","-0.4","-48.6","100.00","101.50","6780","6553.5","763.8","0","0","0","0","90.0","763.8","32.3","30.0","1.87","-4.3","0.1","3.421","0.438","10.28","12.6","0.79","0"
"84.100","39.5091","14","-1.1171","-0.0956","0.3402","-6.1072","-56.4864","31.4020","10.9000","0.1535","11.1320","45.39195819","-75.69656307","40.5","13.1","-98.7","34","28","49","1","3","-0.35","-1.00","-0.98","3.3","-0.9","-47.2","100.00","101.66","6882","6553.5","763.8","0","0","0","0","90.0","763.8","32.3","30.0","1.80","-4.3","0.1","3.389","0.450","10.83","12.6","0.78","0"
"84.150","39.2369","14","-1.0730","-0.0884","0.3195","-8.5602","-54.6382","31.4063","10.9000","0.1585","11.4293","45.39196295","-75.69656449","40.5","13.1","-98.6","35","27","49","1","3","-0.20","-1.05","-0.92","4.0","-0.6","-46.0","100.00","101.66","6912","6553.5","764.3","0","0","0","0","90.0","764.3","32.3","30.0","1.76","-4.3","0.1","3.343","0.461","11.39","12.5","0.76","0"
"84.200","38.9586","14","-1.0517","-0.0736","0.3423","-11.2358","-53.8951","31.4199","10.9000","0.1565","11.5047","45.39196754","-75.69656634","40.5","13.1","-98.6","34","25","51","1","3","-0.13","-0.99","-0.95","4.1","0.1","-45.3","100.00","101.86","6923","6553.5","764.8","0","0","0","0","90.0","764.8","32.2","30.0","1.76","-4.3","0.1","3.330","0.472","11.94","12.4","0.74","0"
"84.250","38.6776","14","-1.0400","-0.0556","0.3837","-14.0069","-53.6256","31.4373","10.9000","0.1515","11.4791","45.39197206","-75.69656838","40.5","13.1","-98.7","35","26","53","1","3","-0.14","-0.91","-0.96","3.0","0.4","-44.5","100.00","101.86","6837","6553.5","765.2","0","0","0","0","90.0","765.3","32.3","30.0","1.83","-4.3","0.1","3.330","0.481","12.44","12.5","0.75","0"
"84.300","38.6885","14","-1.0192","-0.0415","0.3810","-16.8846","-52.8082","31.4460","10.9000","0.1500","11.6601","45.39197652","-75.69657088","40.5","13.1","-98.6","34","29","54","1","3","-0.12","-0.78","-0.90","1.1","-0.6","-42.8","100.00","101.35","6771","6553.5","765.7","0","0","0","0","90.0","765.7","32.3","30.0","1.84","-4.3","0.0","3.432","0.490","12.86","12.6","0.75","0"
"84.350","38.8245","14","-0.9945","-0.0291","0.3594","-19.8079","-51.7559","31.4509","10.9000","0.1500","11.9389","45.39198096","-75.69657357","40.5","13.1","-98.6","36","29","53","1","3","-0.16","-0.73","-0.91","-0.5","-2.2","-40.4","100.00","101.16","6755","6553.5","765.7","0","0","0","0","89.5","765.7","32.2","30.0","1.78","-4.3","0.0","3.474","0.499","13.08","12.6","0.75","0"
"84.400","38.7647","14","-0.9812","-0.0111","0.3342","-22.1328","-51.2478","31.4573","10.9000","0.1465","12.0387","45.39198525","-75.69657653","40.5","13.1","-98.7","36","27","52","1","3","-0.25","-0.91","-1.04","-1.2","-3.2","-39.1","100.00","100.97","6772","6553.5","765.7","0","0","0","0","89.0","765.7","32.2","30.0","1.70","-4.3","0.0","3.362","0.504","13.20","12.6","0.76","0"
"84.450","38.6210","14","-0.9728","0.0093","0.3074","-24.2012","-50.9730","31.4642","10.9000","0.1415","12.0588","45.39198948","-75.69657960","40.5","13.1","-98.6","36","26","52","1","3","-0.24","-1.05","-1.09","-0.8","-3.0","-39.7","100.00","100.57","6823","6553.5","766.0","0","0","0","0","89.0","766.0","32.3","30.0","1.61","-4.3","0.0","3.343","0.507","13.20","12.5","0.76","0"
"84.500","38.5492","14","-0.9764","0.0294","0.3440","-26.8454","-51.2581","31.4822","10.9000","0.1400","11.9694","45.39199357","-75.69658316","40.5","13.1","-98.6","35","26","52","1","3","-0.24","-1.03","-1.06","-0.1","-1.9","-41.9","100.00","100.47","6818","6553.5","766.3","0","0","0","0","89.0","766.3","32.3","30.0","1.58","-4.3","0.1","3.425","0.495","13.20","12.4","0.76","0"
"84.550","38.5083","14","-0.9851","0.0495","0.4077","-29.7364","-51.7831","31.5050","10.9000","0.1400","11.8355","45.39199759","-75.69658692","40.5","13.1","-98.6","34","27","53","1","3","-0.27","-1.00","-0.94","0.4","-1.0","-44.2","100.00","100.53","6787","6553.5","766.5","0","0","0","0","89.0","766.6","32.3","30.0","1.64","-4.3","0.0","3.469","0.476","13.20","12.6","0.76","0"
"84.600","38.5548","14","-0.9784","0.0455","0.4289","-32.4895","-51.4308","31.5156","10.8650","0.1365","11.9309","45.39200140","-75.69659103","40.5","13.1","-98.6","35","29","53","1","3","-0.19","-0.93","-0.88","0.9","-0.8","-45.5","100.00","100.61","6806","6553.5","766.8","0","0","0","0","89.0","766.8","32.3","30.0","1.70","-4.3","0.0","3.496","0.490","13.20","12.7","0.77","0"
"84.650","38.6387","14","-0.9651","0.0312","0.4318","-35.1835","-50.7025","31.5210","10.8150","0.1315","12.1287","45.39200514","-75.69659529","40.5","13.1","-98.6","35","28","53","1","3","0.03","-0.92","-0.89","1.5","-1.4","-45.3","100.00","100.70","6831","6553.5","767.0","0","0","0","0","89.0","767.0","32.3","30.0","1.77","-4.3","0.0","3.374","0.506","13.20","12.6","0.76","0"
"84.700","38.5390","14","-0.9622","0.0228","0.4019","-37.3940","-50.5700","31.5217","10.8000","0.1300","12.1291","45.39200873","-75.69659971","40.5","13.1","-98.6","35","28","52","1","3","0.18","-1.04","-0.92","2.0","-2.1","-44.5","99.82","100.71","6833","6553.5","767.2","0","0","0","0","88.9","767.2","32.3","30.0","1.77","-4.3","0.1","3.249","0.504","13.26","12.6","0.76","0"
"84.750","38.3606","14","-0.9639","0.0171","0.3580","-39.3971","-50.6929","31.5205","10.8000","0.1300","12.0436","45.39201226","-75.69660420","40.5","13.1","-98.6","35","26","50","1","3","0.12","-1.15","-1.13","2.5","-1.7","-44.3","99.35","101.29","6850","6553.5","767.2","0","0","0","0","83.4","767.3","32.3","30.0","1.69","-4.3","0.1","3.325","0.504","13.30","12.7","0.76","0"
"84.800","38.2765","14","-0.9742","0.0199","0.3848","-42.0219","-51.2932","31.5361","10.8000","0.1300","11.8766","45.39201551","-75.69660912","40.5","13.1","-98.6","34","24","51","1","3","-0.12","-1.22","-1.26","2.1","0.0","-45.5","98.87","101.52","6905","6553.5","767.3","0","0","0","0","77.0","767.3","32.3","30.0","1.63","-4.3","0.1","3.380","0.507","13.30","12.7","0.76","0"
"84.850","38.2328","14","-0.9882","0.0263","0.4420","-44.9131","-52.0982","31.5589","10.8000","0.1300","11.6798","45.39201863","-75.69661423","40.5","13.1","-98.6","34","26","52","1","3","-0.15","-1.11","-1.21","1.2","2.0","-46.9","98.40","101.64","6892","6553.5","767.4","0","0","0","0","27.0","767.4","32.3","30.0","1.59","-4.3","0.1","3.380","0.518","13.43","12.6","0.76","0"
"84.900","38.2420","14","-0.9983","0.0273","0.4657","-47.8916","-52.6823","31.5749","10.8000","0.1300","11.5530","45.39202150","-75.69661967","40.5","13.1","-98.6","33","27","54","1","3","0.01","-0.97","-1.06","0.1","2.1","-46.2","97.93","101.65","6803","6553.5","767.5","0","0","0","0","-21.9","767.5","32.3","30.0","1.59","-4.3","0.1","3.404","0.539","13.71","12.6","0.77","0"
"84.950","38.2739","14","-1.0068","0.0260","0.4751","-50.9076","-53.1718","31.5881","10.8000","0.1300","11.4562","45.39202427","-75.69662525","40.5","13.1","-98.6","33","30","54","1","3","0.06","-0.94","-0.87","-1.0","-0.1","-43.3","97.45","102.46","6577","6553.5","765.7","0","0","0","0","-16.9","765.7","32.3","30.0","1.65","-4.3","0.1","3.454","0.543","14.10","12.7","0.77","0"
"85.000","38.3375","14","-1.0124","-0.0014","0.4635","-53.2159","-53.5210","31.5868","10.8000","0.1300","11.4004","45.39202689","-75.69663097","40.5","13.1","-98.7","35","29","53","1","3","-0.02","-0.94","-0.90","-1.1","-3.2","-40.4","96.98","102.09","6286","6553.5","763.9","0","0","0","0","-12.1","763.8","32.3","30.0","1.67","-4.3","0.0","3.432","0.539","14.55","12.7","0.78","0"
"85.050","38.4148","14","-1.0169","-0.0400","0.4430","-55.2208","-53.8100","31.5794","10.8000","0.1300","11.3620","45.39202946","-75.69663675","40.5","13.1","-98.6","36","26","52","1","3","-0.37","-1.03","-1.05","-0.4","-5.1","-39.6","96.51","101.41","6130","6553.5","761.2","0","0","0","0","-15.6","761.1","32.3","30.0","1.65","-4.3","0.1","3.377","0.581","14.75","12.6","0.82","0"
"85.100","38.1532","14","-1.0327","-0.0592","0.4258","-58.1026","-54.8471","31.5800","10.8000","0.1300","11.0713","45.39203159","-75.69664270","40.5","13.1","-98.6","36","24","51","1","3","-0.53","-1.08","-1.09","0.3","-4.7","-41.5","96.03","101.12","6023","6553.5","758.4","0","0","0","0","-19.0","758.4","32.3","30.0","1.65","-4.3","0.1","3.398","0.624","14.90","12.5","0.86","0"
"85.150","37.7464","14","-1.0533","-0.0701","0.4101","-61.3601","-56.2048","31.5840","10.8000","0.1300","10.6886","45.39203354","-75.69664873","40.4","13.1","-98.6","36","24","52","1","3","-0.34","-1.05","-0.90","0.3","-3.3","-44.8","95.56","101.70","6266","6553.5","756.9","0","0","0","0","-18.5","756.9","32.3","30.0","1.66","-4.3","0.1","3.428","0.612","14.96","12.6","0.84","0"
"85.200","37.2075","14","-1.0519","-0.0812","0.4184","-64.4651","-56.4338","31.5927","10.8000","0.1300","10.4933","45.39203514","-75.69665482","40.4","13.1","-98.7","36","27","52","1","3","-0.23","-0.99","-0.73","-0.4","-2.2","-47.5","95.09","101.96","6452","6553.5","755.4","0","0","0","0","-18.0","755.4","32.3","30.0","1.67","-4.3","0.1","3.424","0.595","15.02","12.7","0.82","0"
"85.250","36.6121","14","-1.0410","-0.0924","0.4371","-67.5046","-56.1789","31.6033","10.8000","0.1300","10.3722","45.39203658","-75.69666093","40.4","13.1","-98.6","36","28","52","1","3","-0.23","-0.93","-0.69","-1.0","-2.2","-48.3","94.61","102.05","6489","6553.5","753.8","0","0","0","0","-17.5","753.7","32.3","30.0","1.68","-4.3","0.1","3.410","0.565","15.07","12.6","0.80","0"
"85.300","36.4150","14","-1.0130","-0.1045","0.4053","-70.1301","-55.0147","31.5982","10.8000","0.1335","10.5347","45.39203780","-75.69666711","40.4","13.1","-98.6","36","28","53","1","3","-0.17","-0.99","-0.79","-1.3","-3.1","-47.6","94.14","102.13","6484","6553.5","752.1","0","0","0","0","-17.0","752.1","32.3","30.0","1.69","-4.3","0.1","3.365","0.556","15.13","12.5","0.79","0"
"85.350","36.3885","14","-0.9776","-0.1170","0.3519","-72.5782","-53.4607","31.5863","10.8000","0.1385","10.8330","45.39203894","-75.69667331","40.4","13.1","-98.6","36","25","52","1","3","-0.16","-1.05","-0.98","-1.3","-3.3","-46.2","93.67","102.15","6433","6553.5","751.8","0","0","0","0","-17.0","751.7","32.3","30.0","1.70","-4.3","0.1","3.375","0.570","15.18","12.6","0.79","0"
"85.400","36.2667","14","-0.9498","-0.0992","0.3363","-75.0529","-52.3341","31.5858","10.8000","0.1400","11.0292","45.39203978","-75.69667961","40.4","13.1","-98.6","36","22","51","1","3","-0.17","-0.87","-1.16","-1.3","-1.3","-44.7","93.20","102.15","6269","6553.5","751.4","0","0","0","0","-17.0","751.4","32.3","30.0","1.69","-4.3","0.0","3.442","0.608","15.46","12.7","0.79","0"
"85.450","36.1040","14","-0.9252","-0.0685","0.3367","-77.5390","-51.3905","31.5903","10.8000","0.1400","11.1813","45.39204051","-75.69668596","40.4","13.1","-98.6","36","25","51","1","3","-0.18","-0.71","-1.08","-1.3","1.6","-42.4","92.72","101.68","6050","6553.5","751.0","0","0","0","0","-17.0","751.0","32.3","30.0","1.63","-4.3","0.0","3.442","0.658","15.85","12.6","0.77","0"
"85.500","36.0161","14","-0.8873","-0.0300","0.3463","-79.7610","-49.5633","31.5924","10.8000","0.1400","11.5653","45.39204104","-75.69669231","40.4","13.1","-98.6","35","29","51","1","3","-0.21","-0.68","-0.84","-1.1","2.7","-39.6","92.25","101.02","6100","6553.5","750.6","0","0","0","0","-17.0","750.6","32.3","30.0","1.61","-4.3","0.1","3.409","0.678","17.07","12.6","0.75","0"
"85.550","35.9602","14","-0.8437","0.0119","0.3598","-81.8699","-47.3574","31.5936","10.8000","0.1400","12.0852","45.39204148","-75.69669866","40.4","13.1","-98.6","35","31","48","1","3","-0.24","-0.76","-0.88","-0.2","1.7","-37.5","91.78","101.20","6195","6553.5","750.4","0","0","0","0","-18.0","750.4","32.3","30.0","1.64","-4.3","0.0","3.419","0.690","18.37","12.7","0.76","0"
"85.600","36.0454","14","-0.7979","0.0427","0.3227","-83.9935","-44.8637","31.5868","10.8000","0.1400","12.7872","45.39204167","-75.69670505","40.4","13.1","-98.6","34","27","45","1","3","-0.15","-0.76","-1.18","1.4","0.5","-37.1","91.30","101.66","6394","6553.5","750.2","0","0","0","0","-19.0","750.2","32.3","30.0","1.63","-4.3","0.0","3.432","0.651","19.26","12.7","0.77","0"
"85.650","36.1910","14","-0.7510","0.0687","0.2640","-86.1234","-42.2465","31.5767","10.8000","0.1400","13.6342","45.39204176","-75.69671146","40.4","13.1","-98.7","34","27","49","1","3","-0.15","-0.68","-1.29","2.8","0.1","-37.9","90.83","101.36","6552","6553.5","750.8","0","0","0","0","-18.0","750.8","32.3","30.0","1.59","-4.3","-0.0","3.414","0.621","20.02","12.6","0.76","0"
"85.700","36.2689","14","-0.7499","0.0984","0.3063","-88.5815","-42.1165","31.5907","10.8000","0.1400","13.7057","45.39204155","-75.69671796","40.4","13.1","-98.6","34","29","54","1","3","-0.10","-0.65","-1.02","3.4","-0.2","-38.3","90.36","100.77","6607","6553.5","751.3","0","0","0","0","-17.0","751.3","32.3","30.0","1.56","-4.3","-0.0","3.403","0.614","20.47","12.6","0.75","0"
"85.750","36.3176","14","-0.7684","0.1298","0.3919","-91.1802","-43.0523","31.6151","10.8000","0.1400","13.4258","45.39204120","-75.69672449","40.4","13.1","-98.6","34","30","56","1","3","0.04","-0.65","-0.78","2.9","-1.4","-37.9","89.81","99.91","6675","6553.5","751.7","0","0","0","0","-17.5","751.7","32.3","30.0","1.55","-4.3","-0.0","3.405","0.610","20.83","12.5","0.75","0"
"85.800","36.6391","14","-0.7906","0.1462","0.3690","-93.1715","-44.0949","31.6117","10.8000","0.1400","13.2244","45.39204070","-75.69673105","40.4","13.1","-98.6","35","29","53","1","3","0.10","-0.80","-0.88","1.7","-2.6","-37.6","89.15","99.30","6757","6553.5","752.1","0","0","0","0","-18.0","752.1","32.3","30.0","1.58","-4.3","0.0","3.403","0.609","21.11","12.4","0.74","0"
"85.850","37.0774","14","-0.8144","0.1562","0.2996","-94.9024","-45.1832","31.5964","10.8000","0.1400","13.0603","45.39204013","-75.69673762","40.4","13.1","-98.6","36","27","52","1","3","-0.02","-0.80","-0.99","0.7","-2.6","-38.3","88.50","99.86","6778","6553.5","752.4","0","0","0","0","-17.5","752.4","32.3","30.0","1.65","-4.3","0.0","3.395","0.634","21.31","12.6","0.75","0"
"85.900","37.3183","14","-0.8338","0.1675","0.2616","-97.4108","-45.9889","31.5917","10.8000","0.1435","12.9148","45.39203915","-75.69674418","40.4","13.1","-98.6","35","29","54","1","3","-0.06","-0.69","-0.91","0.3","-2.1","-39.3","87.84","100.69","6772","6553.5","752.6","0","0","0","0","-17.0","752.6","32.3","30.0","1.71","-4.3","0.1","3.368","0.670","21.48","12.7","0.75","0"
"85.950","37.4745","14","-0.8513","0.1793","0.2370","-100.2524","-46.6736","31.5916","10.8000","0.1485","12.7786","45.39203800","-75.69675074","40.4","13.1","-98.6","34","29","54","1","3","0.00","-0.76","-0.91","0.4","-2.6","-39.7","87.18","101.15","6810","6553.5","753.2","0","0","0","0","-17.5","753.2","32.3","30.0","1.76","-4.3","0.1","3.332","0.655","21.74","12.7","0.75","0"
"86.000","37.7779","14","-0.8849","0.1773","0.1801","-102.3299","-48.1860","31.5813","10.8000","0.1500","12.4778","45.39203672","-75.69675730","40.4","13.1","-98.6","34","28","52","1","3","0.12","-1.06","-0.97","0.9","-3.6","-40.8","86.52","101.62","6868","6553.5","753.7","0","0","0","0","-18.0","753.7","32.3","30.0","1.79","-4.3","0.1","3.390","0.634","22.00","12.7","0.74","0"
"86.050","38.1445","14","-0.9255","0.1692","0.1094","-104.0799","-50.0532","31.5667","10.8000","0.1500","12.1289","45.39203538","-75.69676388","40.4","13.1","-98.6","36","28","49","1","3","0.04","-1.31","-0.98","1.8","-3.1","-43.9","85.87","101.47","7075","6553.5","754.0","0","0","0","0","-18.0","754.0","32.4","30.0","1.80","-4.3","0.1","3.446","0.624","22.06","12.6","0.75","0"
"86.100","38.1945","14","-0.9641","0.1574","0.1176","-107.1633","-51.8205","31.5686","10.8000","0.1500","11.7306","45.39203353","-75.69677020","40.4","13.1","-98.7","35","27","50","1","3","0.05","-1.20","-0.89","2.5","-1.2","-48.3","85.21","101.42","7234","6553.5","754.3","0","0","0","0","-18.0","754.3","32.4","30.0","1.89","-4.3","0.1","3.342","0.611","22.10","12.5","0.76","0"
"86.150","38.1088","14","-1.0018","0.1440","0.1597","-110.8182","-53.5450","31.5776","10.8000","0.1500","11.3273","45.39203146","-75.69677642","40.4","13.1","-98.6","34","31","55","1","3","0.26","-0.94","-0.79","2.9","0.3","-51.4","84.55","101.42","7270","6553.5","754.0","0","0","0","0","-17.5","754.0","32.4","30.0","2.09","-4.3","0.0","3.284","0.593","22.10","12.6","0.76","0"
"86.200","38.3296","14","-1.0245","0.1429","0.1184","-113.4792","-54.5011","31.5600","10.8000","0.1535","11.1931","45.39202923","-75.69678258","40.4","13.1","-98.6","33","30","55","1","3","0.24","-0.92","-0.77","3.5","-0.4","-51.8","83.89","101.42","7261","6553.5","753.7","0","0","0","0","-17.0","753.7","32.4","30.0","2.23","-4.3","0.0","3.343","0.599","22.10","12.7","0.77","0"
"86.250","38.6819","14","-1.0406","0.1470","0.0414","-115.7142","-55.1280","31.5310","10.8000","0.1585","11.1675","45.39202693","-75.69678870","40.4","13.1","-98.6","33","25","53","1","3","0.00","-1.25","-0.93","3.1","-1.6","-50.6","83.24","100.73","7206","6553.5","754.2","0","0","0","0","-17.5","754.2","32.4","30.0","2.30","-4.3","-0.0","3.417","0.630","22.10","12.5","0.78","0"
"86.300","38.8314","14","-1.0422","0.1537","-0.0109","-118.5649","-54.9760","31.5164","10.8000","0.1600","11.2417","45.39202424","-75.69679455","40.4","13.1","-98.7","37","24","52","1","3","-0.05","-1.29","-1.13","2.2","-0.9","-49.7","82.58","100.71","7193","6553.5","754.7","0","0","0","0","-18.0","754.7","32.4","30.0","2.36","-4.3","-0.1","3.506","0.617","22.06","12.4","0.79","0"
"86.350","38.8941","14","-1.0377","0.1615","-0.0527","-121.6794","-54.4901","31.5079","10.8000","0.1600","11.3602","45.39202137","-75.69680028","40.4","13.1","-98.6","35","25","53","1","3","-0.08","-1.01","-1.16","1.5","1.2","-48.2","81.92","99.62","7199","6553.5","755.1","0","0","0","0","-17.0","755.1","32.4","30.0","2.41","-4.3","-0.0","3.474","0.583","22.01","12.5","0.77","0"
"86.400","39.1089","14","-0.9920","0.1688","-0.0291","-124.2836","-51.8421","31.5142","10.8000","0.1600","12.0064","45.39201832","-75.69680586","40.4","13.1","-98.6","33","26","54","1","3","-0.19","-0.69","-0.90","0.2","2.1","-44.1","81.26","98.48","7126","6553.5","755.5","0","0","0","0","-16.0","755.5","32.4","30.0","2.48","-4.3","0.0","3.387","0.601","22.05","12.5","0.76","0"
"86.450","39.3889","14","-0.9287","0.1759","0.0226","-126.6691","-48.2674","31.5269","10.8000","0.1600","12.9879","45.39201519","-75.69681137","40.4","13.1","-98.6","34","30","55","1","3","-0.08","-0.69","-0.74","-1.3","0.8","-37.7","80.60","100.29","7049","6553.5","756.8","0","0","0","0","-17.5","756.8","32.4","30.0","2.58","-4.3","0.0","3.425","0.622","22.09","12.6","0.75","0"
"86.500","39.6781","14","-0.8820","0.1745","-0.0244","-128.2920","-45.5698","31.5131","10.8000","0.1600","13.8578","45.39201195","-75.69681681","40.4","13.1","-98.6","36","29","51","1","3","0.10","-0.90","-0.89","-1.5","-1.4","-32.0","79.95","100.70","7044","6553.5","758.1","0","0","0","0","-19.0","758.1","32.4","30.0","2.63","-4.3","-0.0","3.474","0.616","21.98","12.7","0.75","0"
"86.550","39.9712","14","-0.8426","0.1694","-0.1137","-129.5881","-43.2481","31.4879","10.8000","0.1600","14.7096","45.39200865","-75.69682221","40.4","13.1","-98.6","35","26","51","1","3","0.14","-1.20","-1.04","-0.8","-2.2","-29.9","79.29","100.38","7074","6553.5","758.7","0","0","0","0","-19.0","758.7","32.4","30.0","2.61","-4.3","-0.0","3.445","0.608","21.88","12.7","0.75","0"
"86.600","40.1420","14","-0.8069","0.1467","-0.0881","-131.9271","-41.1610","31.4907","10.8000","0.1600","15.5215","45.39200501","-75.69682726","40.4","13.1","-98.7","36","26","50","1","3","0.16","-1.05","-0.92","-0.1","-0.9","-31.2","78.63","99.98","7191","6553.5","759.2","0","0","0","0","-19.0","759.2","32.4","30.0","2.63","-4.3","-0.0","3.426","0.595","21.83","12.7","0.76","0"
"86.650","40.2605","14","-0.7728","0.1164","-0.0132","-134.7131","-39.1744","31.5054","10.8000","0.1600","16.3567","45.39200123","-75.69683215","40.4","13.1","-98.7","34","31","56","1","3","0.16","-0.75","-0.65","-0.2","-0.8","-32.4","77.97","99.58","7241","6553.5","759.5","0","0","0","0","-18.5","759.5","32.4","30.0","2.69","-4.3","0.0","3.431","0.580","21.80","12.8","0.75","0"
"86.700","40.4688","14","-0.8007","0.1007","-0.0706","-136.3921","-40.3982","31.4841","10.8000","0.1600","15.9433","45.39199741","-75.69683693","40.4","13.1","-98.6","33","34","57","1","3","0.09","-0.64","-0.68","-0.7","-3.7","-32.1","77.32","99.53","7219","6553.5","759.7","0","0","0","0","-16.9","759.7","32.4","30.0","2.72","-4.3","0.0","3.406","0.561","21.80","12.8","0.75","0"
"86.750","40.7158","14","-0.8552","0.0913","-0.1845","-137.5966","-42.9979","31.4474","10.8000","0.1600","15.0708","45.39199358","-75.69684165","40.4","13.1","-98.7","38","25","49","1","3","-0.19","-1.07","-1.08","0.4","-5.9","-33.4","76.66","100.68","7328","6553.5","759.8","0","0","0","0","39.1","759.9","32.4","30.0","2.71","-4.3","0.1","3.351","0.540","21.08","12.7","0.75","0"
"86.800","40.6035","14","-0.8870","0.0810","-0.1995","-140.2210","-44.4827","31.4412","10.8000","0.1600","14.5276","45.39198948","-75.69684583","40.4","13.1","-98.7","39","19","47","1","3","-0.35","-1.43","-1.23","1.7","-2.5","-39.1","76.09","100.94","7498","6553.5","760.0","0","0","0","0","92.9","760.0","32.4","30.0","2.69","-4.3","0.2","3.352","0.518","20.03","12.6","0.76","0"
"86.850","40.3374","14","-0.9092","0.0701","-0.1720","-143.4540","-45.4896","31.4482","10.8000","0.1600","14.1129","45.39198525","-75.69684977","40.4","13.1","-98.6","34","26","54","1","3","-0.04","-1.05","-0.86","2.0","3.3","-45.3","75.67","100.94","7291","6553.5","759.3","0","0","0","0","35.9","759.3","32.4","30.0","2.68","-4.3","0.1","3.380","0.499","18.92","12.7","0.76","0"
"86.900","40.4249","14","-0.9524","0.0603","-0.1503","-146.2282","-47.5751","31.4497","10.8000","0.1635","13.5235","45.39198080","-75.69685338","40.4","13.1","-98.6","26","31","55","1","3","0.14","-0.63","-0.68","2.0","4.6","-46.1","75.25","105.54","7035","6553.5","758.7","0","0","0","0","-20.0","758.7","32.4","30.0","2.66","-4.3","0.0","3.309","0.482","17.83","12.7","0.77","0"
"86.950","40.6639","14","-1.0046","0.0510","-0.1312","-148.8058","-50.1229","31.4490","10.8000","0.1685","12.9120","45.39197626","-75.69685686","40.4","13.1","-98.6","31","26","52","1","3","-0.01","-0.84","-0.91","1.2","1.1","-42.2","74.83","105.94","6810","6553.5","757.5","0","0","0","0","-20.5","757.5","32.5","30.0","2.62","-4.3","0.0","3.242","0.486","17.00","12.7","0.96","0"
"87.000","40.7765","14","-1.0296","0.0313","-0.1473","-151.1318","-51.3501","31.4385","10.8000","0.1700","12.6383","45.39197163","-75.69685996","40.4","13.1","-98.7","39","24","47","1","3","-0.21","-1.01","-1.13","0.8","-1.5","-38.9","74.41","104.19","6596","6553.5","756.3","0","0","0","0","-21.0","756.2","32.5","30.0","2.55","-4.3","0.0","3.374","0.494","16.24","12.7","1.15","0"
"87.050","40.8349","14","-1.0429","0.0073","-0.1784","-153.3499","-52.0113","31.4237","10.8000","0.1700","12.4955","45.39196696","-75.69686291","40.4","13.1","-98.6","40","28","51","1","3","-0.29","-0.94","-0.93","1.2","-1.8","-38.6","73.99","102.29","6410","6553.5","753.0","0","0","0","0","-21.0","752.9","32.4","30.0","2.44","-4.3","0.1","3.448","0.514","15.69","12.6","1.02","0"
"87.100","40.5887","14","-1.0388","-0.0246","-0.1755","-155.8049","-51.8802","31.4224","10.8350","0.1700","12.4516","45.39196230","-75.69686542","40.4","13.1","-98.7","34","30","55","1","3","-0.37","-0.93","-0.69","0.1","-2.8","-39.6","73.57","100.66","6433","6553.5","749.7","0","0","0","0","-21.0","749.7","32.4","30.0","2.34","-4.3","0.3","3.376","0.526","15.43","12.5","0.89","0"
"87.150","40.2120","14","-1.0273","-0.0598","-0.1579","-158.3613","-51.4096","31.4270","10.8850","0.1700","12.4489","45.39195764","-75.69686775","40.4","13.1","-98.6","37","27","51","1","3","-0.50","-1.16","-0.91","-1.2","-4.8","-41.6","73.15","105.45","6680","6553.5","748.0","0","0","0","0","-21.0","747.9","32.4","30.0","2.27","-4.3","0.2","3.376","0.529","15.48","12.6","0.88","0"
"87.200","39.7520","14","-1.0393","-0.0799","-0.1881","-160.8581","-52.2369","31.4182","10.9000","0.1700","12.1116","45.39195298","-75.69686960","40.4","13.1","-98.7","38","20","48","1","3","-0.62","-1.42","-1.24","-0.9","-4.5","-45.4","72.73","105.94","6757","6553.5","746.2","0","0","0","0","-21.0","746.2","32.4","30.0","2.22","-4.3","0.1","3.452","0.538","15.99","12.7","0.87","0"
"87.250","39.2562","14","-1.0613","-0.0937","-0.2386","-163.3294","-53.6205","31.4038","10.9000","0.1700","11.6519","45.39194830","-75.69687123","40.4","13.1","-98.6","35","21","51","1","3","-0.57","-1.28","-1.11","-0.4","-1.8","-49.5","72.31","103.79","6755","6553.5","745.1","0","0","0","0","-20.5","745.0","32.4","30.0","2.19","-4.3","0.1","3.428","0.551","16.71","12.6","0.84","0"
"87.300","39.0387","14","-1.0538","-0.1132","-0.2459","-166.5305","-53.5621","31.3959","10.9000","0.1665","11.6000","45.39194353","-75.69687221","40.4","13.1","-98.7","33","29","54","1","3","-0.27","-0.79","-0.72","-0.2","-0.3","-50.5","71.89","101.64","6775","6553.5","743.9","0","0","0","0","-20.0","743.9","32.4","30.0","2.15","-4.3","0.1","3.356","0.568","17.39","12.6","0.81","0"
"87.350","38.9404","14","-1.0338","-0.1352","-0.2346","-170.0444","-52.8857","31.3909","10.9000","0.1615","11.7188","45.39193870","-75.69687291","40.4","13.1","-98.6","34","31","52","1","3","-0.20","-0.65","-0.70","0.3","-1.5","-48.1","71.47","101.42","6798","6553.5","743.1","0","0","0","0","-19.5","743.1","32.4","30.0","2.08","-4.3","0.1","3.345","0.584","18.03","12.7","0.80","0"
"87.400","38.7554","14","-1.0543","-0.1203","-0.2947","-172.4709","-54.3956","31.3642","10.9000","0.1600","11.3394","45.39193394","-75.69687337","40.4","13.1","-98.6","36","27","51","1","3","-0.26","-1.03","-0.97","1.4","-2.8","-45.5","71.05","101.86","6835","6553.5","742.3","0","0","0","0","-19.0","742.3","32.4","30.0","2.03","-4.3","0.1","3.348","0.569","18.36","12.7","0.80","0"
"87.450","38.5333","14","-1.0923","-0.0896","-0.3854","-174.4314","-56.8425","31.3282","10.9000","0.1600","10.7890","45.39192921","-75.69687371","40.4","13.1","-98.7","37","24","50","1","3","-0.24","-1.16","-1.16","2.3","-2.2","-44.7","70.64","101.73","6840","6553.5","742.3","0","0","0","0","-18.5","742.4","32.4","30.0","1.98","-4.3","0.1","3.413","0.568","18.71","12.7","0.80","0"
"87.500","38.3356","14","-1.0869","-0.0495","-0.3833","-51.4091","-56.9318","31.3234","10.9000","0.1565","10.7169","45.39192451","-75.69687343","40.4","13.1","-98.6","34","25","52","1","3","-0.21","-0.94","-1.12","2.0","-0.6","-45.0","70.22","101.53","6760","6553.5","742.4","0","0","0","0","-18.0","742.4","32.4","30.0","1.91","-4.3","0.1","3.482","0.600","19.10","12.7","0.80","0"
"87.550","38.1485","14","-1.0627","-0.0053","-0.3414","125.1772","-56.0107","31.3321","10.9000","0.1515","10.8399","45.39191982","-75.69687288","40.4","13.1","-98.6","33","28","53","1","3","-0.03","-0.82","-0.99","1.3","0.1","-44.6","69.80","101.42","6693","6553.5","742.5","0","0","0","0","-18.0","742.5","32.4","30.0","1.83","-4.3","0.1","3.561","0.620","19.46","12.6","0.79","0"
"87.600","38.1666","14","-1.0411","0.0242","-0.3526","176.6118","-55.0490","31.3201","10.9000","0.1500","11.0345","45.39191509","-75.69687202","40.4","13.1","-98.6","34","28","52","1","3","0.10","-0.91","-0.94","0.7","-0.8","-43.5","69.38","101.65","6638","6553.5","742.6","0","0","0","0","-18.0","742.6","32.4","30.0","1.79","-4.3","0.1","3.572","0.628","19.79","12.6","0.78","0"
"87.650","38.2727","14","-1.0206","0.0476","-0.3866","174.4101","-54.0700","31.2992","10.9000","0.1500","11.2656","45.39191035","-75.69687101","40.4","13.1","-98.6","34","29","51","1","3","-0.15","-1.06","-0.98","0.9","-1.9","-43.0","68.96","101.81","6709","6553.5","743.5","0","0","0","0","-18.0","743.5","32.4","30.0","1.83","-4.3","0.1","3.510","0.624","20.20","12.7","0.75","0"
"87.700","38.3032","14","-1.0155","0.0614","-0.4099","171.7986","-53.8191","31.2829","10.9000","0.1500","11.3271","45.39190570","-75.69686949","40.4","13.1","-98.6","34","28","51","1","3","-0.14","-1.15","-0.95","1.9","-2.5","-43.6","68.54","101.60","6839","6553.5","744.3","0","0","0","0","-18.0","744.3","32.4","30.0","1.82","-4.3","0.1","3.408","0.616","20.65","12.7","0.71","0"
"87.750","38.3013","14","-1.0169","0.0712","-0.4285","169.0115","-53.8803","31.2686","10.9000","0.1500","11.3137","45.39190109","-75.69686775","40.4","13.1","-98.6","34","27","52","1","3","-0.15","-1.04","-0.98","2.9","-2.5","-45.0","68.12","101.45","6896","6553.5","745.6","0","0","0","0","-17.5","745.6","32.4","30.0","1.76","-4.3","0.1","3.287","0.629","21.24","12.7","0.72","0"
"87.800","38.3954","14","-1.0219","0.0790","-0.4344","166.1567","-54.0955","31.2650","10.9000","0.1500","11.2964","45.39189656","-75.69686559","40.4","13.1","-98.7","34","26","52","1","3","-0.17","-1.03","-1.08","3.5","-2.1","-46.4","67.70","101.64","6950","6553.5","746.9","0","0","0","0","-17.0","746.9","32.4","30.0","1.74","-4.3","0.0","3.299","0.644","21.83","12.7","0.73","0"
"87.850","38.5307","14","-1.0285","0.0859","-0.4350","163.2729","-54.3767","31.2660","10.9000","0.1500","11.2776","45.39189207","-75.69686326","40.4","13.1","-98.6","34","27","52","1","3","-0.11","-1.15","-1.05","3.2","-1.3","-48.1","68.03","101.66","7102","6553.5","747.3","0","0","0","0","-17.0","747.4","32.4","30.0","1.78","-4.3","-0.0","3.330","0.643","22.22","12.6","0.74","0"
"87.900","38.6664","14","-1.0440","0.1060","-0.4302","160.3070","-55.1113","31.2588","10.9000","0.1500","11.1664","45.39188769","-75.69686042","40.4","13.1","-98.6","34","28","52","1","3","-0.04","-1.06","-1.09","2.8","-0.4","-49.5","69.58","101.39","7188","6553.5","747.8","0","0","0","0","-17.0","747.8","32.4","30.0","1.80","-4.3","-0.1","3.351","0.642","22.58","12.6","0.75","0"
"87.950","38.8023","14","-1.0635","0.1318","-0.4232","157.3060","-56.0403","31.2482","10.9000","0.1500","11.0199","45.39188337","-75.69685736","40.4","13.1","-98.6","34","28","54","1","3","-0.13","-0.98","-0.99","2.5","-0.2","-50.2","71.13","101.08","7102","6553.5","748.1","0","0","0","0","-17.0","748.1","32.4","30.0","1.80","-4.3","-0.0","3.372","0.639","22.86","12.5","0.75","0"
"88.000","38.9081","14","-1.0615","0.1326","-0.4183","154.8202","-55.7533","31.2390","10.9000","0.1500","11.1068","45.39187912","-75.69685400","40.4","13.1","-98.6","34","28","54","1","3","-0.21","-0.98","-0.97","1.9","-0.8","-49.7","72.68","99.26","7074","6553.5","748.4","0","0","0","0","-17.0","748.4","32.4","30.0","1.80","-4.3","0.0","3.395","0.630","23.05","12.5","0.76","0"
"88.050","39.0011","14","-1.0503","0.1227","-0.4144","152.5553","-54.9451","31.2305","10.9000","0.1500","11.2971","45.39187491","-75.69685052","40.4","13.1","-98.6","34","27","54","1","3","-0.15","-1.11","-1.01","1.5","-1.4","-48.6","74.23","97.94","7110","6553.5","749.0","0","0","0","0","-17.0","749.0","32.4","30.0","1.78","-4.3","0.0","3.381","0.614","23.16","12.6","0.76","0"
"88.100","39.1208","14","-1.0600","0.1339","-0.4346","149.6873","-55.2573","31.2166","10.9000","0.1500","11.2678","45.39187092","-75.69684651","40.4","13.1","-98.7","34","27","53","1","3","0.02","-1.21","-1.04","1.1","-1.4","-47.8","75.78","98.85","7107","6553.5","749.6","0","0","0","0","-17.0","749.6","32.4","30.0","1.79","-4.3","0.0","3.328","0.616","23.20","12.7","0.76","0"
"88.150","39.2519","14","-1.0785","0.1541","-0.4651","146.5608","-56.0497","31.2003","10.9000","0.1500","11.1457","45.39186703","-75.69684227","40.4","13.1","-98.6","34","26","54","1","3","0.11","-1.10","-0.95","1.0","-0.9","-47.4","77.33","100.48","7087","6553.5","750.3","0","0","0","0","-17.0","750.3","32.4","30.0","1.83","-4.3","0.0","3.390","0.627","23.20","12.8","0.76","0"
"88.200","39.4393","14","-1.0645","0.1594","-0.4683","143.7472","-55.0882","31.1919","10.8650","0.1465","11.3944","45.39186330","-75.69683763","40.4","13.1","-98.7","34","28","55","1","3","-0.05","-1.02","-0.88","0.9","-0.8","-46.4","78.88","101.02","7137","6553.5","751.0","0","0","0","0","-17.0","751.0","32.4","30.0","1.85","-4.3","0.0","3.507","0.621","23.15","12.8","0.76","0"
"88.250","39.6508","14","-1.0365","0.1582","-0.4598","141.0679","-53.3751","31.1868","10.8150","0.1415","11.8232","45.39185963","-75.69683284","40.4","13.1","-98.6","34","28","53","1","3","-0.28","-1.00","-0.78","0.5","-1.3","-44.7","80.43","100.47","7199","6553.5","751.5","0","0","0","0","-17.0","751.5","32.4","30.0","1.87","-4.3","0.0","3.390","0.613","23.10","12.8","0.76","0"
"88.300","39.9959","14","-1.0195","0.1621","-0.4602","138.6598","-52.2439","31.1784","10.8000","0.1400","12.1843","45.39185608","-75.69682772","40.4","13.1","-98.6","34","28","52","1","3","-0.19","-1.01","-0.81","0.4","-1.7","-43.3","81.98","100.47","7283","6553.5","752.0","0","0","0","0","-17.0","752.0","32.4","30.0","1.94","-4.3","0.0","3.257","0.598","23.10","12.8","0.77","0"
"88.350","40.3983","14","-1.0074","0.1682","-0.4645","136.3681","-51.3622","31.1686","10.8000","0.1400","12.5181","45.39185258","-75.69682247","40.4","13.1","-98.6","34","27","52","1","3","-0.10","-0.96","-0.95","0.6","-1.4","-42.8","83.53","100.47","7346","6553.5","752.2","0","0","0","0","-17.0","752.2","32.4","30.0","2.07","-4.3","0.0","3.305","0.579","22.93","12.6","0.77","0"
"88.400","40.5343","14","-0.9806","0.1716","-0.4496","133.7762","-49.7353","31.1675","10.8000","0.1400","12.9711","45.39184936","-75.69681694","40.4","13.1","-98.6","34","27","55","1","3","-0.11","-0.86","-1.16","0.5","-1.1","-42.4","85.08","100.47","7357","6553.5","752.4","0","0","0","0","-17.0","752.4","32.4","30.0","2.18","-4.3","0.0","3.340","0.551","22.32","12.5","0.77","0"
"88.450","40.5561","14","-0.9476","0.1738","-0.4263","131.0556","-47.7891","31.1701","10.8000","0.1400","13.5067","45.39184626","-75.69681129","40.4","13.1","-98.6","34","27","54","1","3","0.02","-0.93","-1.12","-0.0","-1.2","-41.5","86.63","100.47","7347","6553.5","753.2","0","0","0","0","-17.0","753.3","32.4","30.0","2.28","-4.3","0.0","3.340","0.529","21.28","12.6","0.77","0"
"88.500","40.7637","14","-0.9064","0.1625","-0.4244","128.8540","-45.4496","31.1616","10.8000","0.1400","14.2746","45.39184331","-75.69680534","40.4","13.1","-98.6","34","28","54","1","3","0.07","-0.91","-0.90","-0.7","-1.6","-40.0","88.18","100.66","7314","6553.5","754.1","0","0","0","0","-17.0","754.1","32.4","30.0","2.35","-4.3","-0.0","3.322","0.513","19.78","12.7","0.78","0"
"88.550","41.0508","14","-0.8616","0.1454","-0.4315","126.8748","-42.9417","31.1483","10.8000","0.1400","15.2147","45.39184042","-75.69679927","40.4","13.1","-98.6","34","29","52","1","3","-0.06","-0.73","-0.83","-1.4","-2.2","-37.8","89.74","100.37","7244","6553.5","754.3","0","0","0","0","-17.0","754.3","32.4","30.0","2.39","-4.3","0.0","3.283","0.515","18.92","12.6","0.78","0"
"88.600","41.1787","14","-0.8190","0.1104","-0.4290","124.9758","-40.6086","31.1398","10.8000","0.1400","16.1390","45.39183771","-75.69679302","40.4","13.1","-98.6","34","27","50","1","3","-0.25","-0.60","-1.03","-2.3","-2.3","-34.8","91.29","99.97","7156","6553.5","754.5","0","0","0","0","-17.0","754.5","32.5","30.0","2.41","-4.3","0.0","3.344","0.526","18.37","12.6","0.79","0"
"88.650","41.2383","14","-0.7772","0.0678","-0.4223","123.1111","-38.3504","31.1332","10.8000","0.1400","17.1140","45.39183508","-75.69678670","40.4","13.1","-98.6","35","25","49","1","3","-0.35","-0.57","-1.17","-2.3","-1.3","-31.5","92.84","99.77","7020","6553.5","754.6","0","0","0","0","-16.5","754.6","32.5","30.0","2.42","-4.3","0.1","3.450","0.511","17.57","12.5","0.77","0"
"88.700","41.1914","14","-0.7674","0.0373","-0.3949","121.4709","-37.7693","31.1369","10.8000","0.1400","17.3575","45.39183263","-75.69678035","40.4","13.1","-98.6","36","25","51","1","3","-0.17","-0.78","-1.01","-1.6","0.1","-29.2","94.39","100.33","6895","6553.5","754.6","0","0","0","0","-16.0","754.6","32.5","30.0","2.38","-4.3","0.1","3.363","0.492","16.63","12.4","0.76","0"
"88.750","41.0989","14","-0.7712","0.0120","-0.3585","119.9270","-37.9070","31.1450","10.8000","0.1400","17.2556","45.39183025","-75.69677400","40.4","13.1","-98.6","35","28","52","1","3","-0.08","-0.91","-0.81","-1.2","0.5","-29.0","95.94","101.16","6952","6553.5","753.5","0","0","0","0","-16.5","753.5","32.5","30.0","2.30","-4.3","0.1","3.266","0.460","14.46","12.6","0.76","0"
"88.800","40.9851","14","-0.7735","-0.0160","-0.3468","117.9730","-38.0316","31.1410","10.8000","0.1400","17.1515","45.39182816","-75.69676741","40.4","13.1","-98.6","35","26","51","1","3","-0.18","-0.96","-0.93","-1.2","-0.0","-30.8","97.49","101.61","6977","6553.5","752.4","0","0","0","0","-17.0","752.4","32.5","30.0","2.27","-4.3","0.1","3.350","0.441","12.68","12.8","0.77","0"
"88.850","40.8623","14","-0.7753","-0.0453","-0.3456","115.8433","-38.1507","31.1318","10.8000","0.1400","17.0467","45.39182619","-75.69676071","40.4","13.1","-98.6","35","25","50","1","3","-0.28","-0.97","-1.10","-0.8","-0.2","-33.7","99.04","102.06","6917","6553.5","751.2","0","0","0","0","-16.5","751.2","32.5","30.0","2.29","-4.3","0.1","3.405","0.456","11.90","12.8","0.78","0"
"88.900","40.6706","14","-0.7982","-0.0753","-0.3175","113.4877","-39.3935","31.1381","10.8000","0.1400","16.4315","45.39182453","-75.69675397","40.4","13.1","-98.6","36","25","52","1","3","-0.34","-0.88","-1.11","-0.4","0.4","-36.6","100.00","101.76","6798","6553.5","750.1","0","0","0","0","-16.0","750.1","32.5","30.0","2.28","-4.3","0.1","3.383","0.456","11.39","12.8","0.79","0"
"88.950","40.4494","14","-0.8303","-0.1058","-0.2779","111.0353","-41.1179","31.1509","10.8000","0.1400","15.6567","45.39182300","-75.69674721","40.4","13.1","-98.6","35","27","52","1","3","-0.35","-0.79","-0.96","-0.3","0.4","-38.5","100.00","101.66","6615","6553.5","748.3","0","0","0","0","-16.0","748.3","32.4","30.0","2.24","-4.3","0.1","3.392","0.440","11.17","12.8","0.80","0"
"89.000","40.1984","14","-0.8904","-0.1347","-0.2866","108.9353","-44.3661","31.1442","10.8000","0.1400","14.4204","45.39182170","-75.69674039","40.4","13.1","-98.6","35","27","50","1","3","-0.37","-0.76","-0.97","-0.0","-0.4","-39.1","100.00","101.83","6525","6553.5","746.5","0","0","0","0","-16.0","746.5","32.4","30.0","2.20","-4.3","0.1","3.436","0.440","11.06","12.8","0.82","0"
"89.050","39.9347","14","-0.9626","-0.1631","-0.3160","106.9865","-48.2675","31.1291","10.8000","0.1400","13.1679","45.39182049","-75.69673355","40.3","13.1","-98.6","35","28","48","1","3","-0.47","-1.02","-1.13","1.0","-1.1","-40.0","100.00","102.05","6479","6553.5","744.5","0","0","0","0","-16.0","744.5","32.4","30.0","2.18","-4.3","0.1","3.468","0.446","11.01","12.7","0.84","0"
"89.100","39.4528","14","-1.0046","-0.1788","-0.2884","104.5379","-50.8108","31.1332","10.8000","0.1400","12.3578","45.39181965","-75.69672676","40.3","13.1","-98.6","35","25","48","1","3","-0.42","-1.33","-1.31","1.7","-0.6","-42.7","100.00","101.77","6500","6553.5","742.5","0","0","0","0","-16.0","742.5","32.4","30.0","2.11","-4.3","0.1","3.494","0.463","11.00","12.7","0.86","0"
"89.150","38.8774","14","-1.0336","-0.1892","-0.2364","101.8752","-52.7721","31.1455","10.8000","0.1400","11.7250","45.39181896","-75.69671998","40.3","13.1","-98.6","35","25","50","1","3","-0.29","-1.30","-1.20","2.0","0.7","-46.7","100.00","101.42","6525","6553.5","741.2","0","0","0","0","-16.0","741.1","32.5","30.0","2.00","-4.3","0.1","3.439","0.478","11.00","12.7","0.85","0"
"89.200","38.3466","14","-1.0501","-0.1959","-0.1726","98.5352","-54.1801","31.1632","10.8000","0.1400","11.2644","45.39181876","-75.69671332","40.3","13.1","-98.6","35","24","53","1","3","-0.29","-1.12","-0.99","1.3","1.3","-49.9","100.00","102.03","6481","6553.5","739.8","0","0","0","0","-16.0","739.8","32.5","30.0","1.94","-4.3","0.2","3.383","0.463","11.00","12.7","0.85","0"
"89.250","37.8350","14","-1.0612","-0.2011","-0.1037","94.9050","-55.3511","31.1832","10.8000","0.1400","10.8790","45.39181877","-75.69670670","40.3","13.1","-98.6","35","26","54","1","3","-0.33","-0.93","-0.92","0.1","0.6","-50.8","100.00","103.19","6421","6553.5","737.9","0","0","0","0","-16.0","737.9","32.5","30.0","1.93","-4.3","0.1","3.436","0.457","10.98","12.7","0.84","0"
"89.300","37.3787","14","-1.0651","-0.2096","-0.1317","92.2341","-56.1942","31.1744","10.8000","0.1435","10.5865","45.39181895","-75.69670017","40.3","13.2","-98.7","35","27","54","1","3","-0.36","-1.02","-0.92","-1.0","-0.8","-49.6","100.00","103.88","6322","6553.5","736.0","0","0","0","0","-16.0","736.0","32.4","30.0","1.91","-4.3","0.1","3.463","0.471","10.93","12.7","0.84","0"
"89.350","36.9463","14","-1.0658","-0.2197","-0.2011","89.9743","-56.8967","31.1532","10.8000","0.1485","10.3348","45.39181921","-75.69669366","40.3","13.2","-98.6","35","26","51","1","3","-0.37","-1.03","-0.91","-1.4","-2.0","-47.7","100.00","103.65","6218","6553.5","734.6","0","0","0","0","-16.0","734.5","32.4","30.0","1.89","-4.3","0.1","3.423","0.496","10.90","12.6","0.83","0"
"89.400","36.5446","14","-1.0702","-0.2127","-0.1759","87.5104","-57.8667","31.1528","10.8000","0.1465","10.0511","45.39181973","-75.69668727","40.3","13.2","-98.7","35","26","51","1","3","-0.36","-0.98","-0.85","-0.9","-2.6","-45.7","100.00","101.92","6110","6553.5","733.1","0","0","0","0","-16.0","733.1","32.5","30.0","1.84","-4.3","0.1","3.398","0.531","10.90","12.6","0.82","0"
"89.450","36.1561","14","-1.0761","-0.1983","-0.1100","84.9590","-58.9512","31.1612","10.8000","0.1415","9.7613","45.39182035","-75.69668094","40.3","13.2","-98.6","35","26","52","1","3","-0.16","-0.95","-0.95","-0.1","-2.9","-44.0","100.00","102.04","6023","6553.5","731.6","0","0","0","0","-16.0","731.6","32.5","30.0","1.76","-4.3","0.1","3.390","0.553","10.90","12.5","0.84","0"
"89.500","35.8203","14","-1.0656","-0.1817","-0.0857","82.0165","-59.0905","31.1595","10.8000","0.1435","9.6479","45.39182134","-75.69667476","40.3","13.2","-98.6","35","26","50","1","3","-0.09","-0.99","-1.09","1.2","-2.7","-43.0","100.00","102.15","5946","6553.5","730.1","0","0","0","0","-16.0","730.1","32.5","30.0","1.68","-4.3","0.1","3.385","0.568","10.90","12.5","0.86","0"
"89.550","35.5071","14","-1.0481","-0.1641","-0.0792","78.9062","-58.8247","31.1534","10.8000","0.1485","9.6067","45.39182249","-75.69666865","40.3","13.2","-98.6","35","23","49","1","3","0.01","-1.10","-1.13","1.6","-1.7","-43.6","100.00","102.15","5933","6553.5","728.9","0","0","0","0","-15.5","728.9","32.5","30.0","1.61","-4.3","0.1","3.381","0.588","10.95","12.7","0.87","0"
"89.600","34.9790","14","-1.0182","-0.1577","-0.0491","75.3433","-57.7617","31.1622","10.8000","0.1500","9.6380","45.39182399","-75.69666290","40.2","13.2","-98.6","36","25","51","1","3","0.11","-0.84","-1.11","0.5","0.2","-45.6","100.00","101.93","5928","6553.5","727.7","0","0","0","0","-15.0","727.7","32.5","30.0","1.56","-4.3","0.1","3.388","0.607","11.02","12.8","0.88","0"
"89.650","34.3586","14","-0.9830","-0.1561","-0.0090","71.5865","-56.3571","31.1773","10.8000","0.1500","9.7030","45.39182565","-75.69665730","40.2","13.2","-98.6","36","30","55","1","3","0.22","-0.40","-0.85","-1.0","1.0","-46.4","100.00","101.90","5910","6553.5","726.5","0","0","0","0","-15.0","726.5","32.5","30.0","1.52","-4.3","0.1","3.396","0.600","11.24","12.7","0.86","0"
"89.700","34.1787","14","-0.9694","-0.1450","-0.0482","69.1147","-56.1665","31.1640","10.8000","0.1535","9.6850","45.39182743","-75.69665175","40.2","13.2","-98.6","34","29","55","1","3","0.22","-0.40","-0.69","-2.1","-1.4","-44.4","100.00","101.90","5870","6553.5","725.3","0","0","0","0","-15.0","725.3","32.5","30.0","1.48","-4.3","0.0","3.389","0.604","11.45","12.7","0.84","0"
"89.750","34.1875","14","-0.9650","-0.1299","-0.1214","67.1938","-56.4961","31.1386","10.8000","0.1585","9.6310","45.39182926","-75.69664621","40.2","13.2","-98.6","36","25","50","1","3","-0.13","-0.73","-1.00","-2.5","-4.4","-41.6","100.00","101.80","5773","6553.5","724.8","0","0","0","0","-15.5","724.7","32.4","30.0","1.43","-4.3","0.0","3.390","0.634","11.61","12.8","0.83","0"
"89.800","33.8505","14","-0.9699","-0.1098","-0.1303","64.6142","-57.3222","31.1332","10.8000","0.1600","9.3986","45.39183136","-75.69664102","40.2","13.2","-98.6","37","24","47","1","3","-0.34","-1.04","-1.23","-2.0","-4.2","-41.0","100.00","100.79","5723","6553.5","724.2","0","0","0","0","-16.0","724.2","32.4","30.0","1.40","-4.3","0.1","3.408","0.651","11.78","12.8","0.83","0"
"89.850","33.3652","14","-0.9787","-0.0876","-0.1117","61.7523","-58.3612","31.1365","10.8000","0.1600","9.0989","45.39183357","-75.69663597","40.2","13.2","-98.6","36","25","49","1","3","-0.33","-1.01","-1.07","-1.0","-1.2","-42.3","100.00","100.98","5725","6553.5","724.4","0","0","0","0","-15.5","724.4","32.4","30.0","1.38","-4.3","0.1","3.409","0.652","11.95","12.7","0.82","0"
"89.900","33.1517","14","-0.9604","-0.0838","-0.0605","58.7470","-57.6864","31.1536","10.8000","0.1600","9.1464","45.39183602","-75.69663118","40.2","13.2","-98.6","35","28","53","1","3","-0.28","-0.78","-0.96","0.1","1.0","-43.6","100.00","101.27","5783","6553.5","724.6","0","0","0","0","-15.0","724.6","32.4","30.0","1.37","-4.3","0.1","3.390","0.651","12.49","12.6","0.81","0"
"89.950","33.0546","14","-0.9306","-0.0881","0.0048","55.6802","-56.2771","31.1768","10.8000","0.1600","9.3480","45.39183856","-75.69662649","40.2","13.2","-98.6","35","29","51","1","3","-0.29","-0.78","-0.98","1.4","0.9","-44.2","100.00","101.42","5867","6553.5","724.6","0","0","0","0","-15.0","724.5","32.4","30.0","1.37","-4.3","0.1","3.423","0.649","13.21","12.8","0.78","0"
"90.000","32.9231","14","-0.9132","-0.0795","0.0094","53.0625","-55.6186","31.1740","10.8000","0.1600","9.4211","45.39184125","-75.69662203","40.2","13.2","-98.7","35","24","49","1","3","-0.25","-1.02","-1.19","1.9","0.3","-45.5","100.00","101.42","5897","6553.5","724.5","0","0","0","0","-15.0","724.5","32.4","30.0","1.33","-4.3","0.1","3.480","0.649","14.42","12.9","0.76","0"
"90.050","32.7769","14","-0.9012","-0.0655","-0.0121","50.6373","-55.2819","31.1601","10.8000","0.1600","9.4364","45.39184400","-75.69661767","40.2","13.2","-98.6","35","22","46","1","3","-0.09","-1.09","-1.26","1.7","1.6","-48.1","100.00","101.72","5914","6553.5","725.1","0","0","0","0","-15.0","725.1","32.4","30.0","1.27","-4.3","0.1","3.444","0.651","15.64","12.8","0.76","0"
"90.100","32.5665","14","-0.9025","-0.0407","0.0994","47.1489","-55.7059","31.1882","10.8000","0.1600","9.3045","45.39184705","-75.69661388","40.2","13.2","-98.6","34","27","51","1","3","0.13","-0.83","-0.95","1.8","3.7","-50.1","100.00","102.32","5871","6553.5","725.6","0","0","0","0","-15.0","725.6","32.4","30.0","1.23","-4.3","-0.0","3.405","0.674","16.14","12.7","0.76","0"
"90.150","32.3287","14","-0.9095","-0.0113","0.2677","43.2049","-56.4559","31.2343","10.8000","0.1600","9.1138","45.39185021","-75.69661033","40.2","13.2","-98.6","34","31","55","1","3","0.17","-0.61","-0.64","1.9","3.6","-49.4","100.00","102.64","5815","6553.5","726.1","0","0","0","0","-14.5","726.1","32.4","30.0","1.23","-4.3","-0.0","3.465","0.690","16.56","12.8","0.75","0"
"90.200","32.3893","14","-0.9135","0.0221","0.2424","40.8575","-56.9030","31.2258","10.8000","0.1600","9.0591","45.39185347","-75.69660673","40.2","13.2","-98.7","33","30","53","1","3","0.01","-0.64","-0.93","1.9","0.8","-46.4","100.00","101.15","5722","6553.5","726.5","0","0","0","0","-14.0","726.5","32.4","30.0","1.21","-4.3","0.0","3.497","0.692","16.78","12.9","0.75","0"
"90.250","32.5778","14","-0.9162","0.0570","0.1341","39.1944","-57.2201","31.1939","10.8000","0.1600","9.0613","45.39185678","-75.69660311","40.2","13.2","-98.6","35","27","50","1","3","-0.24","-0.88","-1.18","2.0","-2.1","-43.6","100.00","99.71","5750","6553.5","727.1","0","0","0","0","-14.5","727.1","32.4","30.0","1.18","-4.3","0.0","3.452","0.695","17.06","12.8","0.75","0"
"90.300","32.5972","14","-0.8735","0.0864","0.1560","36.6465","-54.5481","31.1957","10.8000","0.1600","9.5109","45.39186022","-75.69659994","40.2","13.2","-98.7","36","26","49","1","3","-0.18","-0.99","-1.00","2.2","-2.6","-42.8","100.00","100.07","5909","6553.5","727.7","0","0","0","0","-15.0","727.7","32.5","30.0","1.18","-4.3","0.0","3.415","0.700","17.39","12.7","0.75","0"
"90.350","32.5441","14","-0.8113","0.1135","0.2337","33.7194","-50.5949","31.2120","10.8000","0.1600","10.2373","45.39186372","-75.69659696","40.2","13.2","-98.6","34","27","52","1","3","0.05","-0.85","-0.82","1.7","-1.4","-42.7","100.00","100.43","5971","6553.5","728.5","0","0","0","0","-15.0","728.5","32.5","30.0","1.21","-4.3","0.0","3.385","0.718","19.12","12.8","0.75","0"
"90.400","32.7647","14","-0.7849","0.1372","0.2809","31.1874","-48.7667","31.2275","10.8000","0.1600","10.6931","45.39186741","-75.69659422","40.2","13.2","-98.6","33","26","53","1","3","0.11","-0.75","-0.71","1.2","-0.2","-41.9","100.00","100.47","5986","6553.5","729.2","0","0","0","0","-15.0","729.2","32.4","30.0","1.26","-4.3","-0.0","3.373","0.744","21.51","12.8","0.74","0"
"90.450","33.1025","14","-0.7739","0.1594","0.3151","28.8246","-47.8491","31.2427","10.8000","0.1600","11.0105","45.39187118","-75.69659157","40.2","13.2","-98.6","34","27","53","1","3","0.14","-0.72","-0.64","0.7","0.2","-40.5","100.00","100.47","6115","6553.5","729.7","0","0","0","0","-15.5","729.7","32.4","30.0","1.31","-4.3","-0.0","3.371","0.755","23.07","12.7","0.74","0"
"90.500","33.5560","14","-0.7674","0.1856","0.2891","26.6206","-47.1455","31.2350","10.8000","0.1600","11.3279","45.39187511","-75.69658910","40.2","13.2","-98.6","36","32","54","1","3","0.05","-0.73","-0.71","-0.8","-0.2","-39.4","100.00","100.21","6248","6553.5","730.2","0","0","0","0","-16.0","730.2","32.4","30.0","1.34","-4.3","-0.0","3.399","0.762","24.44","12.7","0.74","0"
"90.550","34.0592","14","-0.7629","0.2136","0.2374","24.4847","-46.5335","31.2175","10.8000","0.1600","11.6490","45.39187912","-75.69658671","40.2","13.2","-98.6","35","31","54","1","3","0.06","-0.71","-0.85","-2.4","-1.1","-38.8","100.00","99.91","6266","6553.5","730.2","0","0","0","0","-15.5","730.2","32.4","30.0","1.31","-4.3","-0.0","3.433","0.741","24.94","12.8","0.75","0"
"90.600","34.4076","14","-0.7728","0.2325","0.2286","22.1741","-46.6934","31.2173","10.8000","0.1600","11.7279","45.39188323","-75.69658470","40.2","13.2","-98.6","35","28","50","1","3","0.18","-0.79","-1.00","-1.1","-1.5","-39.6","100.00","99.89","6307","6553.5","730.2","0","0","0","0","-15.0","730.2","32.4","30.0","1.33","-4.3","-0.0","3.493","0.726","25.36","12.8","0.76","0"
"90.650","34.6899","14","-0.7887","0.2477","0.2382","19.7888","-47.1839","31.2245","10.8000","0.1600","11.7011","45.39188740","-75.69658285","40.2","13.2","-98.6","35","24","51","1","3","0.13","-1.00","-1.06","1.2","-0.5","-42.1","100.00","100.00","6411","6553.5","730.6","0","0","0","0","-15.0","730.6","32.4","30.0","1.42","-4.3","0.0","3.512","0.725","25.58","12.7","0.75","0"
"90.700","34.9946","14","-0.8307","0.2665","0.2602","17.1403","-49.1296","31.2338","10.8000","0.1565","11.3365","45.39189172","-75.69658139","40.2","13.2","-98.6","33","27","53","1","3","0.05","-1.03","-0.97","1.8","1.1","-45.0","100.00","99.94","6600","6553.5","730.9","0","0","0","0","-15.0","730.9","32.4","30.0","1.53","-4.3","0.0","3.425","0.714","25.73","12.6","0.75","0"
"90.750","35.3091","14","-0.8837","0.2868","0.2875","14.3789","-51.6989","31.2440","10.8000","0.1515","10.8699","45.39189611","-75.69658008","40.2","13.2","-98.6","34","33","52","1","3","0.18","-0.88","-0.86","1.7","1.5","-47.1","100.00","99.83","6880","6553.5","731.2","0","0","0","0","-15.0","731.2","32.5","30.0","1.66","-4.3","0.0","3.380","0.691","25.78","12.7","0.77","0"
"90.800","35.7893","14","-0.9047","0.2839","0.3007","11.6262","-52.3055","31.2459","10.8000","0.1535","10.8899","45.39190062","-75.69657919","40.2","13.2","-98.6","32","32","53","1","3","0.37","-0.86","-0.89","1.5","-0.2","-48.3","100.00","100.18","6910","6553.5","731.5","0","0","0","0","-15.0","731.5","32.5","30.0","1.80","-4.3","0.0","3.381","0.691","25.91","12.7","0.79","0"
"90.850","36.3405","14","-0.9120","0.2710","0.3078","8.8772","-52.0709","31.2441","10.8000","0.1585","11.1075","45.39190519","-75.69657847","40.2","13.2","-98.6","33","30","52","1","3","0.35","-0.95","-1.02","1.7","-2.8","-49.3","100.00","100.71","6822","6553.5","732.2","0","0","0","0","-14.5","732.2","32.5","30.0","1.94","-4.3","0.0","3.423","0.701","26.08","12.8","0.80","0"
"90.900","36.8806","14","-0.9553","0.2651","0.2841","6.3167","-53.8919","31.2469","10.8000","0.1565","10.8917","45.39190989","-75.69657814","40.2","13.2","-98.7","35","27","53","1","3","0.22","-1.15","-1.05","1.7","-4.1","-50.6","100.00","100.71","6972","6553.5","732.9","0","0","0","0","-14.0","732.9","32.5","30.0","2.07","-4.3","0.0","3.483","0.688","26.20","12.8","0.81","0"
"90.950","37.4160","14","-1.0141","0.2621","0.2471","3.8370","-56.5940","31.2516","10.8000","0.1515","10.5222","45.39191465","-75.69657798","40.2","13.2","-98.6","35","27","54","1","3","0.13","-1.19","-0.96","1.8","-3.4","-52.7","100.00","100.71","7148","6553.5","733.5","0","0","0","0","-14.0","733.5","32.4","30.0","2.20","-4.3","0.1","3.436","0.672","26.30","12.8","0.80","0"
"91.000","37.5812","14","-1.0389","0.2619","0.2824","0.9441","-57.3992","31.2640","10.8000","0.1500","10.4204","45.39191934","-75.69657836","40.2","13.2","-98.6","33","27","54","1","3","0.08","-1.25","-0.92","1.8","-1.9","-54.7","100.00","100.71","7241","6553.5","734.0","0","0","0","0","-14.0","734.0","32.4","30.0","2.30","-4.3","0.1","3.376","0.660","26.30","12.8","0.80","0"
"91.050","37.5877","14","-1.0491","0.2629","0.3488","-2.1258","-57.3914","31.2796","10.8000","0.1500","10.4236","45.39192400","-75.69657897","40.2","13.2","-98.6","33","29","53","1","3","0.15","-1.26","-0.86","1.8","-0.6","-56.1","100.00","100.71","7320","6553.5","734.8","0","0","0","0","-14.0","734.9","32.4","30.0","2.39","-4.3","0.1","3.344","0.649","26.28","12.9","0.81","0"
"91.100","37.9948","14","-1.0299","0.2631","0.3409","-5.0266","-55.8040","31.2787","10.8000","0.1500","10.8362","45.39192873","-75.69658004","40.2","13.2","-98.6","33","29","52","1","3","0.10","-1.14","-0.84","2.7","-0.3","-56.8","100.00","101.95","7361","6553.5","735.7","0","0","0","0","-14.0","735.7","32.5","30.0","2.48","-4.3","0.1","3.317","0.642","26.23","12.9","0.83","0"
"91.150","38.5735","14","-0.9982","0.2630","0.3012","-7.8550","-53.5394","31.2708","10.8000","0.1500","11.4666","45.39193348","-75.69658130","40.2","13.2","-98.6","33","30","52","1","3","-0.03","-1.02","-0.82","3.7","-0.8","-56.7","100.00","102.07","7405","6553.5","736.8","0","0","0","0","-13.5","736.9","32.5","30.0","2.58","-4.3","0.1","3.308","0.632","26.23","12.8","0.83","0"
"91.200","38.9760","14","-0.9545","0.2585","0.3057","-10.5934","-50.6994","31.2738","10.8000","0.1500","12.2353","45.39193821","-75.69658305","40.2","13.2","-98.6","33","29","53","1","3","-0.14","-0.82","-0.90","3.4","-1.6","-55.2","100.00","101.99","7451","6553.5","738.0","0","0","0","0","-13.0","738.0","32.5","30.0","2.64","-4.3","0.1","3.319","0.621","26.28","12.8","0.84","0"
"91.250","39.3031","14","-0.9057","0.2522","0.3293","-13.2932","-47.6127","31.2814","10.8000","0.1500","13.1378","45.39194295","-75.69658501","40.2","13.2","-98.6","33","29","51","1","3","0.15","-0.60","-1.03","2.6","-1.9","-50.6","100.00","101.90","7405","6553.5","738.8","0","0","0","0","-13.0","738.8","32.5","30.0","2.66","-4.3","0.1","3.353","0.628","26.34","12.8","0.84","0"
"91.300","39.6218","14","-0.8469","0.2543","0.3545","-15.0397","-44.1019","31.2945","10.8000","0.1500","14.2987","45.39194773","-75.69658711","40.2","13.2","-98.6","34","26","52","1","3","0.34","-0.57","-1.06","1.6","-1.3","-42.0","100.00","101.68","7315","6553.5","739.6","0","0","0","0","-13.0","739.6","32.5","30.0","2.70","-4.3","0.0","3.405","0.644","26.39","12.8","0.84","0"
"91.350","39.9370","14","-0.7839","0.2600","0.3803","-16.3778","-40.4093","31.3100","10.8000","0.1500","15.7295","45.39195252","-75.69658928","40.2","13.2","-98.6","34","27","54","1","3","0.38","-0.57","-1.10","0.5","-0.1","-30.9","100.00","101.29","7203","6553.5","740.4","0","0","0","0","-13.0","740.4","32.5","30.0","2.77","-4.3","0.0","3.466","0.654","26.35","12.8","0.83","0"
"91.400","40.4014","14","-0.7279","0.2603","0.3943","-17.7523","-37.1495","31.3211","10.8000","0.1500","17.3087","45.39195730","-75.69659175","40.2","13.2","-98.6","34","25","53","1","3","0.35","-0.55","-1.20","-1.3","0.8","-20.4","100.00","100.90","7107","6553.5","741.1","0","0","0","0","-11.9","741.1","32.5","30.0","2.76","-4.3","0.1","3.398","0.664","26.30","12.8","0.82","0"
"91.450","40.9296","14","-0.6749","0.2583","0.4033","-19.1424","-34.0752","31.3304","10.8000","0.1500","19.1170","45.39196209","-75.69659436","40.2","13.2","-98.6","34","28","51","1","3","0.36","-0.54","-1.04","-3.2","1.3","-13.7","100.00","100.71","7228","6553.5","741.5","0","0","0","0","44.1","741.5","32.5","30.0","2.63","-4.3","0.0","3.323","0.679","26.24","12.9","0.80","0"
"91.500","41.3409","14","-0.6557","0.2396","0.3961","-20.8388","-32.7489","31.3322","10.8000","0.1465","20.0911","45.39196685","-75.69659733","40.2","13.2","-98.6","36","30","50","1","3","0.43","-0.47","-0.79","-3.3","1.3","-12.2","100.00","101.07","7229","6553.5","741.9","0","0","0","0","98.9","741.9","32.5","30.0","2.53","-4.3","-0.0","3.358","0.683","26.18","13.0","0.79","0"
"91.550","41.7020","14","-0.6510","0.2138","0.3819","-22.6665","-32.1719","31.3308","10.8000","0.1415","20.6301","45.39197160","-75.69660045","40.2","13.2","-98.6","33","32","51","1","3","0.20","-0.64","-0.68","-1.7","0.1","-15.8","100.00","101.00","6920","6553.5","740.1","0","0","0","0","96.4","740.1","32.5","30.0","2.47","-4.3","0.0","3.412","0.661","26.13","12.8","0.79","0"
"91.600","42.1057","14","-0.6900","0.1850","0.3736","-24.4192","-33.7784","31.3329","10.8000","0.1400","19.8391","45.39197632","-75.69660387","40.2","13.2","-98.7","34","29","51","1","3","-0.15","-0.94","-0.83","0.6","-2.3","-22.9","100.00","100.21","7014","6553.5","738.3","0","0","0","0","92.9","738.3","32.5","30.0","2.47","-4.3","0.1","3.511","0.653","26.13","12.7","0.79","0"
"91.650","42.5275","14","-0.7477","0.1549","0.3679","-26.1399","-36.3207","31.3365","10.8000","0.1400","18.6353","45.39198103","-75.69660741","40.2","13.2","-98.6","35","26","51","1","3","-0.27","-1.16","-1.06","2.3","-4.0","-31.7","100.00","99.42","7547","6553.5","739.2","0","0","0","0","36.4","739.2","32.5","30.0","2.56","-4.3","0.1","3.480","0.658","26.18","12.8","0.94","0"
"91.700","42.5145","14","-0.7993","0.1374","0.3932","-28.6396","-38.5995","31.3508","10.8000","0.1400","17.5297","45.39198542","-75.69661147","40.2","13.2","-98.6","36","25","51","1","3","-0.10","-1.14","-1.07","2.7","-3.4","-40.3","100.00","103.03","7750","6553.5","740.1","0","0","0","0","-19.0","740.1","32.5","30.0","2.78","-4.3","0.0","3.308","0.637","26.28","12.9","1.10","0"
"91.750","42.3150","14","-0.8482","0.1253","0.4318","-31.4730","-40.7655","31.3697","10.8000","0.1400","16.5205","45.39198967","-75.69661575","40.2","13.2","-98.6","35","28","54","1","3","0.09","-0.90","-0.81","1.9","-2.0","-45.6","100.00","103.63","7798","6553.5","740.6","0","0","0","0","-18.0","740.6","32.5","30.0","3.17","-4.3","0.0","3.302","0.604","26.39","12.8","0.99","0"
"91.800","42.4350","14","-0.8861","0.1091","0.4343","-33.6551","-42.4173","31.3725","10.8000","0.1400","15.9221","45.39199388","-75.69662029","40.2","13.2","-98.7","34","30","56","1","3","0.39","-0.68","-0.55","1.2","-2.0","-45.3","100.00","102.58","7581","6553.5","741.1","0","0","0","0","-17.0","741.1","32.5","30.0","3.48","-4.3","0.1","3.375","0.604","26.40","12.7","0.88","0"
"91.850","42.6919","14","-0.9194","0.0910","0.4212","-35.5580","-43.8488","31.3685","10.8000","0.1400","15.4956","45.39199808","-75.69662493","40.2","13.2","-98.6","34","28","55","1","3","0.36","-0.78","-0.66","0.7","-3.0","-40.9","100.00","101.36","7351","6553.5","741.0","0","0","0","0","-16.5","741.0","32.5","30.0","3.67","-4.3","0.1","3.342","0.609","26.40","12.8","0.82","0"
"91.900","42.7808","14","-0.9073","0.0730","0.3945","-37.3642","-43.1672","31.3634","10.8000","0.1400","15.7730","45.39200211","-75.69662984","40.2","13.2","-98.6","37","24","51","1","3","-0.06","-0.84","-1.08","0.6","-2.2","-36.0","100.00","101.15","7397","6553.5","740.9","0","0","0","0","-16.0","740.9","32.4","30.0","3.63","-4.3","0.0","3.307","0.608","26.40","12.9","0.77","0"
"91.950","42.7978","14","-0.8758","0.0552","0.3620","-39.1290","-41.5799","31.3578","10.8000","0.1400","16.3817","45.39200607","-75.69663487","40.2","13.2","-98.6","34","22","47","1","3","-0.21","-0.89","-1.27","0.6","1.4","-32.5","100.00","101.66","7432","6553.5","741.1","0","0","0","0","-15.0","741.1","32.4","30.0","3.30","-4.3","0.1","3.416","0.611","26.38","12.8","0.76","0"
"92.000","42.6290","14","-0.8341","0.0543","0.4075","-41.0048","-39.5519","31.3766","10.8000","0.1400","17.1537","45.39200981","-75.69664015","40.2","13.2","-98.6","32","23","47","1","3","-0.11","-0.90","-1.27","0.2","5.4","-30.3","100.00","101.76","7437","6553.5","741.3","0","0","0","0","-14.0","741.3","32.5","30.0","3.09","-4.3","0.1","3.502","0.625","26.33","12.8","0.76","0"
"92.050","42.3806","14","-0.7880","0.0608","0.4863","-42.9283","-37.3350","31.4059","10.8000","0.1400","18.0664","45.39201345","-75.69664554","40.2","13.2","-98.6","31","31","51","1","3","-0.05","-0.71","-1.00","0.1","5.5","-28.4","99.49","101.96","7452","6553.5","741.8","0","0","0","0","-14.5","741.9","32.5","30.0","3.02","-4.3","0.1","3.528","0.629","26.27","12.8","0.75","0"
"92.100","42.7678","14","-0.7497","0.0741","0.4761","-44.5860","-35.4701","31.4083","10.8000","0.1400","19.1900","45.39201711","-75.69665123","40.2","13.2","-98.7","33","34","56","1","3","0.06","-0.56","-0.71","0.6","0.7","-26.7","98.14","102.15","7478","6553.5","742.4","0","0","0","0","-15.0","742.4","32.5","30.0","2.93","-4.3","0.1","3.506","0.623","26.22","12.8","0.74","0"
"92.150","43.4273","14","-0.7146","0.0904","0.4279","-46.1298","-33.7561","31.3992","10.8000","0.1400","20.4754","45.39202078","-75.69665705","40.2","13.2","-98.6","38","31","51","1","3","-0.10","-0.69","-0.83","1.1","-4.6","-26.4","96.79","102.15","7596","6553.5","743.2","0","0","0","0","-16.5","743.2","32.5","30.0","2.81","-4.3","0.1","3.432","0.624","26.12","12.8","0.74","0"
"92.200","43.5434","14","-0.6760","0.1084","0.4249","-47.8087","-31.8522","31.4003","10.8000","0.1400","21.7572","45.39202418","-75.69666306","40.2","13.2","-98.7","41","24","48","1","3","-0.26","-0.80","-1.12","1.5","-5.0","-28.1","95.44","101.49","7757","6553.5","743.9","0","0","0","0","-18.0","743.9","32.5","30.0","2.75","-4.3","0.1","3.392","0.629","26.01","12.8","0.74","0"
"92.250","43.4266","14","-0.6359","0.1271","0.4413","-49.5455","-29.8670","31.4059","10.8000","0.1400","23.1411","45.39202746","-75.69666915","40.2","13.2","-98.6","38","27","50","1","3","0.12","-0.58","-0.95","2.0","-1.0","-29.9","94.09","101.42","7774","6553.5","744.8","0","0","0","0","-18.0","744.9","32.5","30.0","2.78","-4.3","-0.0","3.367","0.610","26.10","12.9","0.75","0"
"92.300","43.6379","14","-0.6184","0.1471","0.4362","-50.9471","-28.9168","31.4113","10.8000","0.1400","24.0179","45.39203070","-75.69667543","40.2","13.2","-98.6","29","33","54","1","3","0.34","-0.67","-0.56","1.5","1.2","-29.0","92.75","101.42","7771","6553.5","745.8","0","0","0","0","-18.0","745.8","32.5","30.0","2.83","-4.3","-0.1","3.379","0.590","26.20","12.9","0.77","0"
"92.350","43.9899","14","-0.6105","0.1675","0.4219","-52.2051","-28.4101","31.4166","10.8000","0.1400","24.6433","45.39203392","-75.69668179","40.2","13.2","-98.6","30","32","49","1","3","0.15","-0.89","-0.80","-0.1","-0.3","-25.6","91.40","101.42","7758","6553.5","746.5","0","0","0","0","-18.5","746.5","32.5","30.0","2.89","-4.3","0.3","3.392","0.592","26.26","12.8","0.77","0"
"92.400","44.3286","14","-0.5729","0.1825","0.3868","-53.6219","-26.5176","31.4087","10.8000","0.1365","26.6054","45.39203699","-75.69668840","40.2","13.2","-98.7","39","23","44","1","3","-0.09","-0.60","-1.26","-1.3","-0.8","-21.9","90.05","99.72","7772","6553.5","747.1","0","0","0","0","-19.0","747.1","32.5","30.0","2.94","-4.3","0.8","3.369","0.589","26.28","12.8","0.78","0"
"92.450","44.6616","14","-0.5226","0.1953","0.3429","-55.1067","-24.0311","31.3952","10.8000","0.1315","29.5788","45.39203999","-75.69669510","40.2","13.2","-98.6","42","26","45","1","3","-0.05","-0.00","-1.12","-0.9","2.1","-18.7","88.70","102.63","7856","6553.5","748.2","0","0","0","0","-21.0","748.2","32.4","30.0","2.99","-4.3","0.8","3.369","0.573","26.23","12.8","0.78","0"
"92.500","44.8415","14","-0.4880","0.1776","0.3729","-55.7855","-22.2807","31.4092","10.8000","0.1300","32.0311","45.39204306","-75.69670181","40.2","13.2","-98.6","31","35","47","1","3","0.20","-0.15","-0.62","-0.3","4.0","-15.9","87.35","113.31","7851","6553.5","749.2","0","0","0","0","-21.8","749.2","32.4","30.0","3.07","-4.3","0.9","3.428","0.526","24.44","12.8","0.78","0"
"92.550","44.9558","14","-0.4601","0.1468","0.4346","-56.1190","-20.8457","31.4350","10.8000","0.1300","34.3233","45.39204616","-75.69670852","40.2","13.2","-98.6","30","35","47","1","3","0.42","-0.45","-0.61","0.4","1.3","-14.2","86.01","123.99","7750","6553.5","750.0","0","0","0","0","38.7","750.0","32.4","30.0","3.19","-4.3","3.0","3.431","0.445","20.77","12.9","0.78","0"
"92.600","45.3942","14","-0.4409","0.0977","0.3948","-57.1187","-19.8561","31.4220","10.8000","0.1335","36.3854","45.39204911","-75.69671550","40.2","13.2","-98.6","39","27","33","1","3","0.26","-0.57","-1.03","0.8","-2.6","-15.5","84.66","125.09","7681","6553.5","750.7","0","0","0","0","98.0","750.7","32.4","30.0","3.26","-4.3","5.5","3.376","0.378","15.44","12.9","0.79","0"
"92.650","45.9716","14","-0.4253","0.0408","0.3113","-58.4039","-19.0574","31.3924","10.8000","0.1385","38.3926","45.39205201","-75.69672259","40.2","13.2","-98.6","43","25","47","1","3","-0.14","-0.45","-1.15","0.8","-3.7","-18.6","83.31","125.15","7627","6553.5","750.7","0","0","0","0","98.0","750.7","32.4","30.0","3.27","-4.3","8.6","3.404","0.317","9.33","12.8","0.79","0"
"92.700","45.6623","14","-0.3961","-0.0083","0.3174","-59.4883","-17.7109","31.3922","10.8000","0.1365","41.0333","45.39205468","-75.69672958","40.2","13.2","-98.6","39","26","49","1","3","-0.33","-0.36","-1.03","0.2","-2.3","-20.0","81.96","-23.00","7499","6553.5","750.7","0","0","0","0","98.0","750.7","32.4","30.0","3.34","-4.3","11.9","3.473","0.290","7.28","12.7","0.79","0"
"92.750","44.9729","14","-0.3610","-0.0539","0.3618","-60.4866","-16.1298","31.4045","10.8000","0.1315","44.3754","45.39205726","-75.69673652","40.2","13.3","-98.6","35","26","47","1","3","-0.33","-0.37","-1.05","-1.2","-0.8","-18.0","80.61","-184.02","7355","6553.5","748.5","0","0","0","0","98.0","748.5","32.5","30.0","3.49","-4.3","11.2","3.458","0.270","5.86","12.8","0.81","0"
"92.800","44.5623","14","-0.3369","-0.1313","0.3666","-61.3157","-15.0779","31.4063","10.8000","0.1300","47.0377","45.39205976","-75.69674350","40.2","13.3","-98.7","38","23","45","1","3","-0.47","-0.18","-1.10","-2.4","-0.0","-14.2","79.26","-183.21","7152","6553.5","746.3","0","0","0","0","98.0","746.2","32.4","30.0","3.68","-4.3","9.9","3.429","0.271","5.30","12.9","0.84","0"
"92.850","44.2712","14","-0.3176","-0.2223","0.3544","-62.0722","-14.2529","31.4035","10.8000","0.1300","49.4356","45.39206222","-75.69675051","40.2","13.3","-98.6","40","23","44","1","3","-0.56","0.01","-1.07","-2.9","0.2","-10.6","77.92","-53.10","7028","6553.5","742.7","0","0","0","0","98.5","742.6","32.4","30.0","3.91","-4.3","10.7","3.381","0.268","4.70","12.8","0.88","0"
"92.900","43.6316","14","-0.2812","-0.2893","0.3635","-62.4905","-12.6978","31.4067","10.8000","0.1300","54.6883","45.39206462","-75.69675726","40.2","13.3","-98.7","40","26","44","1","3","-0.48","0.04","-0.99","-2.6","0.1","-8.0","76.57","-53.50","7105","6553.5","739.1","0","0","0","0","99.0","739.0","32.4","30.0","4.01","-4.3","11.9","3.378","0.255","3.98","12.8","0.91","0"
"92.950","42.8427","14","-0.2374","-0.3459","0.3818","-62.7638","-10.8298","31.4125","10.8000","0.1300","62.9617","45.39206700","-75.69676391","40.2","13.3","-98.7","40","29","44","1","3","-0.38","0.05","-1.00","-2.0","-0.5","-6.2","75.22","-54.45","7074","6553.5","735.5","0","0","0","0","99.0","735.4","32.4","30.0","3.94","-4.3","12.6","3.492","0.247","3.39","12.9","0.93","0"
"93.000","42.2273","14","-0.1946","-0.3834","0.3783","-62.9807","-8.9787","31.4127","10.8000","0.1300","74.8513","45.39206930","-75.69677043","40.2","13.3","-98.6","39","28","43","1","3","-0.38","0.03","-1.10","-1.4","-1.2","-5.2","73.87","-55.01","6925","6553.5","731.8","0","0","0","0","99.0","731.7","32.4","30.0","3.78","-4.3","13.3","3.521","0.246","2.94","13.0","0.96","0"
"93.050","41.6864","14","-0.1523","-0.4127","0.3654","-63.1733","-7.1349","31.4104","10.8000","0.1300","92.9878","45.39207156","-75.69677689","40.2","13.3","-98.6","41","26","42","1","3","-0.51","0.06","-1.27","-0.6","-0.7","-4.5","72.52","-55.01","6806","6553.5","728.8","0","0","0","0","98.5","728.7","32.4","30.0","3.52","-4.3","13.1","3.457","0.247","2.61","12.8","0.97","0"
"93.100","40.8623","14","-0.0943","-0.4249","0.3838","-63.3477","-4.4468","31.4160","10.8000","0.1300","146.2494","45.39207376","-75.69678316","40.2","13.3","-98.7","41","25","44","1","3","-0.55","-0.05","-1.25","-0.4","0.7","-4.1","71.96","-51.84","6701","6553.5","725.8","0","0","0","0","98.0","725.7","32.4","30.0","3.47","-4.3","12.8","3.422","0.249","2.33","12.7","0.99","0"
"93.150","39.9167","14","-0.0296","-0.4297","0.4157","-63.5143","-1.3969","31.4249","10.8000","0.1300","454.8036","45.39207592","-75.69678934","40.2","13.3","-98.7","40","27","43","1","3","-0.53","-0.08","-1.07","-0.0","1.6","-3.8","72.67","-47.60","6614","6553.5","723.0","0","0","0","0","98.5","722.9","32.4","30.0","3.69","-4.3","11.6","3.402","0.263","2.25","12.8","1.00","0"
"93.200","39.2388","14","-0.0100","-0.4104","0.4409","-63.6132","-0.4848","31.4276","10.8000","0.1300","1288.1349","45.39207804","-75.69679543","40.2","13.2","-98.7","39","30","44","1","3","-0.45","-0.11","-0.91","0.1","1.0","-3.3","73.39","-48.87","6523","6553.5","720.1","0","0","0","0","99.0","720.1","32.4","30.0","3.86","-4.3","10.1","3.394","0.279","2.20","12.9","1.00","0"
"93.250","38.6755","14","-0.0097","-0.3806","0.4633","-63.6832","-0.4890","31.4277","10.8000","0.1300","1258.7190","45.39208016","-75.69680148","40.2","13.2","-98.7","39","30","43","1","3","-0.37","-0.03","-0.82","-0.1","-0.8","-2.4","74.10","-50.15","6349","6553.5","717.8","0","0","0","0","99.0","717.7","32.4","30.0","3.94","-4.3","9.8","3.392","0.295","2.20","12.8","1.00","0"
"93.300","38.1321","14","-0.0157","-0.3832","0.4442","-63.6930","-0.8173","31.4223","10.8000","0.1300","742.5627","45.39208223","-75.69680738","40.2","13.2","-98.7","39","28","42","1","3","-0.33","0.04","-0.88","0.0","-2.2","-1.3","74.82","-71.69","6187","6553.5","715.4","0","0","0","0","99.0","715.3","32.4","30.0","3.96","-4.3","9.7","3.459","0.313","2.20","12.8","1.00","0"
"93.350","37.5973","14","-0.0245","-0.3996","0.4074","-63.6770","-1.2845","31.4144","10.8000","0.1300","465.8641","45.39208429","-75.69681322","40.2","13.2","-98.6","40","26","44","1","3","-0.20","-0.01","-1.00","0.1","-2.2","-0.6","75.53","-76.84","6059","6553.5","712.4","0","0","0","0","99.0","712.3","32.4","30.0","3.90","-4.3","9.8","3.498","0.333","2.20","12.9","1.00","0"
"93.400","36.8183","14","-0.0291","-0.3910","0.3839","-63.7695","-1.5515","31.4113","10.8000","0.1300","377.6839","45.39208626","-75.69681892","40.2","13.1","-98.6","42","26","46","1","3","-0.31","0.06","-0.98","-0.1","-1.2","-0.4","76.24","-78.14","5968","6553.5","709.4","0","0","0","0","99.0","709.4","32.4","30.0","3.80","-4.3","9.9","3.466","0.350","2.20","12.9","1.00","0"
"93.450","35.9346","14","-0.0319","-0.3717","0.3660","-63.9086","-1.7328","31.4102","10.8000","0.1300","330.0503","45.39208819","-75.69682454","40.2","13.1","-98.6","42","25","46","1","3","-0.42","0.13","-0.87","-0.4","0.0","-0.6","76.96","-79.35","5917","6553.5","707.0","0","0","0","0","99.0","706.9","32.4","30.0","3.66","-4.3","10.2","3.455","0.365","2.20","12.9","1.01","0"
"93.500","35.2060","14","-0.0287","-0.3677","0.3952","-64.0387","-1.5767","31.4163","10.8000","0.1300","355.3689","45.39209006","-75.69683002","40.2","13.1","-98.6","41","25","44","1","3","-0.26","0.13","-0.82","-1.1","1.1","-0.9","77.67","-76.43","5807","6553.5","704.5","0","0","0","0","99.0","704.5","32.4","30.0","3.59","-4.3","10.5","3.464","0.391","2.16","12.9","1.02","0"
"93.550","34.5439","14","-0.0228","-0.3702","0.4444","-64.1649","-1.2760","31.4255","10.8000","0.1300","430.8482","45.39209190","-75.69683543","40.2","13.1","-98.6","41","28","43","1","3","-0.13","0.07","-1.09","-1.6","1.8","-1.2","78.39","-76.38","5668","6553.5","702.7","0","0","0","0","99.0","702.6","32.4","30.0","3.61","-4.3","10.5","3.495","0.421","2.11","12.9","1.03","0"
"93.600","33.9882","14","-0.0203","-0.3668","0.4511","-64.2683","-1.1596","31.4309","10.8000","0.1300","466.4694","45.39209368","-75.69684076","40.2","13.0","-98.7","39","29","40","1","3","-0.31","0.07","-1.20","-1.2","1.8","-1.4","79.10","-73.86","5571","6553.5","700.8","0","0","0","0","99.0","700.8","32.4","30.0","3.57","-4.3","10.5","3.536","0.438","2.10","12.9","1.04","0"
"93.650","33.4780","14","-0.0193","-0.3608","0.4396","-64.3618","-1.1222","31.4347","10.8000","0.1300","474.7923","45.39209544","-75.69684605","40.2","13.0","-98.6","39","28","40","1","3","-0.38","0.14","-1.19","-0.0","1.5","-1.6","79.82","-71.29","5481","6553.5","699.0","0","0","0","0","99.0","699.0","32.4","30.0","3.44","-4.3","10.3","3.503","0.453","2.10","12.9","1.02","0"
"93.700","32.8952","14","-0.0163","-0.3606","0.4533","-64.1764","-0.9652","31.4391","10.8000","0.1300","542.4025","45.39209719","-75.69685111","40.2","13.0","-98.7","39","28","40","1","3","-0.47","0.09","-1.05","1.1","1.4","-1.8","80.53","-69.03","5393","6553.5","697.2","0","0","0","0","99.0","697.2","32.3","30.0","3.32","-4.3","10.0","3.467","0.466","2.10","12.9","1.01","0"
"93.750","32.2814","14","-0.0126","-0.3629","0.4778","-63.8714","-0.7570","31.4438","10.8000","0.1300","678.6870","45.39209894","-75.69685607","40.2","13.0","-98.7","39","30","40","1","3","-0.46","0.03","-1.08","2.1","1.1","-1.8","81.24","-69.03","5283","6553.5","695.2","0","0","0","0","99.0","695.1","32.3","30.0","3.18","-4.3","9.8","3.507","0.475","2.10","13.0","1.00","0"
"93.800","31.6058","14","-0.0039","-0.3450","0.5056","-64.0508","-0.2255","31.4544","10.8000","0.1300","2230.7727","45.39210059","-75.69686098","40.2","12.9","-98.7","39","29","39","1","3","-0.30","0.02","-1.18","3.6","0.8","-1.9","81.96","-74.36","5117","6553.5","693.1","0","0","0","0","99.0","693.1","32.4","30.0","3.10","-4.3","9.7","3.518","0.473","2.10","13.0","0.99","0"
"93.850","30.9037","14","0.0069","-0.3185","0.5348","-64.4377","0.4446","31.4675","10.8000","0.1300","1106.3025","45.39210220","-75.69686587","40.2","12.9","-98.7","38","29","39","1","3","-0.23","-0.05","-1.09","4.7","0.8","-2.0","82.67","-76.60","4900","6553.5","692.2","0","0","0","0","99.0","692.2","32.4","30.0","3.10","-4.3","9.6","3.453","0.486","2.10","12.9","1.00","0"
"93.900","30.3337","14","0.0168","-0.2975","0.5536","-64.3806","1.0890","31.4703","10.8000","0.1300","443.3218","45.39210382","-75.69687059","40.2","12.9","-98.7","37","30","40","1","3","-0.17","-0.08","-0.99","4.4","0.9","-2.0","83.39","-78.32","4626","6553.5","691.4","0","0","0","0","99.0","691.4","32.3","30.0","3.00","-4.3","9.5","3.424","0.516","2.10","12.9","1.01","0"
"93.950","29.8203","14","0.0263","-0.2789","0.5679","-64.1331","1.7224","31.4687","10.8000","0.1300","275.5482","45.39210543","-75.69687524","40.2","12.9","-98.7","37","32","40","1","3","-0.25","0.01","-0.92","3.5","0.5","-1.3","84.10","-80.04","4431","6553.5","692.2","0","0","0","0","99.0","692.2","32.3","30.0","2.80","-4.3","8.8","3.434","0.533","2.10","12.6","1.00","0"
"94.000","29.5207","14","0.0258","-0.2693","0.5583","-63.9406","1.7069","31.4677","10.8000","0.1300","275.2582","45.39210706","-75.69687989","40.2","12.8","-98.8","37","31","8","1","5","-0.24","0.11","-0.91","2.2","-0.8","0.1","84.82","-81.99","4275","6553.5","693.0","0","0","0","0","99.0","693.0","32.4","30.0","2.62","-4.3","8.1","3.429","0.543","2.10","12.4","1.00","0"
"94.050","29.3127","14","0.0210","-0.2635","0.5385","-63.7717","1.4133","31.4669","10.8000","0.1300","330.1021","45.39210868","-75.69688452","40.2","12.8","-98.7","39","26","43","1","2","-0.21","0.09","-1.01","0.9","-2.3","1.4","85.53","-82.31","4114","6553.5","694.2","0","0","0","0","98.5","694.2","32.4","30.0","2.48","-4.3","7.8","3.416","0.554","2.10","12.2","0.92","0"
"94.100","28.8521","14","0.0134","-0.2476","0.5635","-63.6810","0.9092","31.4711","10.8000","0.1300","505.0523","45.39211025","-75.69688896","40.2","12.8","-98.7","42","26","45","1","2","-0.27","0.03","-1.07","-0.0","-2.4","2.3","86.24","-103.21","3966","6553.5","695.3","0","0","0","0","98.0","695.3","32.3","30.0","2.32","-4.3","7.6","3.405","0.566","2.10","12.1","0.84","0"
"94.150","28.2933","14","0.0048","-0.2277","0.6060","-63.6208","0.3233","31.4772","10.8000","0.1300","1392.8940","45.39211180","-75.69689332","40.2","12.8","-98.7","43","26","48","1","2","-0.26","-0.08","-0.99","-0.6","-1.2","2.3","86.93","-128.10","3968","6553.5","696.4","0","0","0","0","98.0","696.4","32.3","30.0","2.16","-4.3","7.6","3.393","0.579","2.10","12.5","0.82","0"
"94.200","27.8753","14","-0.0029","-0.2111","0.6086","-63.7029","-0.2130","31.4814","10.8000","0.1300","2082.6738","45.39211331","-75.69689764","40.2","12.8","-98.7","42","25","49","1","2","-0.18","-0.16","-0.96","-1.7","0.1","1.6","87.56","-130.09","3979","6553.5","697.5","0","0","0","0","98.0","697.5","32.3","30.0","2.09","-4.3","7.7","3.423","0.590","2.10","12.8","0.80","0"
"94.250","27.5121","14","-0.0101","-0.1957","0.5956","-63.8404","-0.7300","31.4848","10.8000","0.1300","599.7965","45.39211482","-75.69690194","40.2","12.8","-98.7","41","25","48","1","2","-0.14","-0.08","-0.95","-2.8","0.7","0.6","88.20","-130.09","4043","6553.5","698.7","0","0","0","0","98.5","698.8","32.3","30.0","2.11","-4.3","7.8","3.449","0.590","2.10","12.8","0.79","0"
"94.300","27.2570","14","-0.0139","-0.1906","0.5931","-64.1088","-1.0075","31.4882","10.8000","0.1300","430.5930","45.39211628","-75.69690625","40.2","12.8","-98.7","42","27","47","1","2","-0.14","0.01","-0.90","-3.2","1.2","-0.3","88.83","-125.21","4101","6553.5","700.0","0","0","0","0","99.0","700.0","32.3","30.0","2.16","-4.3","7.7","3.430","0.586","2.10","12.8","0.78","0"
"94.350","27.0439","14","-0.0162","-0.1895","0.5946","-64.4281","-1.1917","31.4914","10.8000","0.1300","361.1672","45.39211772","-75.69691056","40.2","12.9","-98.7","40","28","47","1","2","-0.21","0.04","-0.96","-3.0","1.1","-0.9","89.46","-122.52","4150","6553.5","700.9","0","0","0","0","99.0","700.9","32.3","30.0","2.21","-4.3","7.4","3.431","0.575","2.10","12.8","0.79","0"
"94.400","26.6529","14","-0.0274","-0.1922","0.6045","-64.4420","-2.0457","31.4916","10.8000","0.1300","207.3608","45.39211915","-75.69691473","40.2","12.9","-98.8","38","27","45","1","2","-0.31","0.01","-1.11","-2.7","0.4","-1.3","90.10","-120.06","4173","6553.5","701.8","0","0","0","0","99.0","701.9","32.3","30.0","2.24","-4.3","7.1","3.470","0.569","2.10","12.8","0.79","0"
"94.450","26.1928","14","-0.0419","-0.1964","0.6176","-64.3372","-3.1601","31.4905","10.8000","0.1300","131.9188","45.39212057","-75.69691884","40.2","12.9","-98.7","39","27","44","1","2","-0.28","-0.01","-1.14","-2.0","0.1","-1.5","90.73","-136.62","4175","6553.5","702.5","0","0","0","0","99.0","702.6","32.3","30.0","2.24","-4.3","6.8","3.461","0.567","2.10","12.9","0.80","0"
"94.500","25.8308","14","-0.0420","-0.1929","0.6411","-64.4399","-3.1944","31.4955","10.7640","0.1300","128.6975","45.39212193","-75.69692289","40.2","12.9","-98.7","39","28","45","1","2","-0.13","-0.04","-0.99","-1.1","0.4","-1.8","91.37","-152.33","4158","6553.5","703.2","0","0","0","0","99.0","703.2","32.3","30.0","2.25","-4.3","6.8","3.410","0.559","2.10","12.9","0.80","0"
"94.550","25.5070","14","-0.0365","-0.1864","0.6686","-64.6233","-2.8087","31.5030","10.7140","0.1300","144.5352","45.39212327","-75.69692691","40.2","12.9","-98.7","39","29","46","1","2","-0.05","-0.08","-0.91","-0.4","0.6","-2.2","92.00","-162.56","4134","6553.5","703.8","0","0","0","0","99.0","703.8","32.3","30.0","2.25","-4.3","6.9","3.460","0.549","2.10","12.9","0.80","0"
"94.600","25.2709","14","-0.0369","-0.1764","0.6867","-64.7580","-2.8792","31.5079","10.7000","0.1300","139.6900","45.39212459","-75.69693093","40.2","12.9","-98.7","39","28","46","1","2","-0.14","-0.07","-0.94","-0.1","0.5","-2.4","92.63","-172.45","4137","6553.5","704.4","0","0","0","0","99.0","704.5","32.3","30.0","2.26","-4.3","6.9","3.545","0.549","2.10","12.9","0.80","0"
"94.650","25.0690","14","-0.0395","-0.1649","0.7011","-64.8738","-3.1272","31.5118","10.7000","0.1300","127.5869","45.39212590","-75.69693495","40.2","12.9","-98.7","39","28","45","1","2","-0.18","-0.07","-0.95","-0.0","0.4","-2.4","93.27","-165.78","4145","6553.5","705.1","0","0","0","0","99.0","705.2","32.3","30.0","2.27","-4.3","6.9","3.466","0.548","2.10","12.9","0.80","0"
"94.700","24.7359","14","-0.0537","-0.1685","0.6794","-65.0439","-4.3131","31.5099","10.7000","0.1300","91.2754","45.39212717","-75.69693882","40.2","13.0","-98.7","38","29","46","1","2","-0.14","-0.08","-0.99","0.1","-0.3","-2.7","93.90","-160.34","4171","6553.5","705.8","0","0","0","0","99.0","705.8","32.3","30.0","2.27","-4.3","6.9","3.394","0.543","2.10","12.9","0.80","0"
"94.750","24.3517","14","-0.0723","-0.1779","0.6438","-65.2352","-5.8639","31.5059","10.7000","0.1300","66.0942","45.39212843","-75.69694264","40.2","13.0","-98.7","38","27","46","1","2","-0.14","-0.09","-1.09","-0.2","-1.3","-3.3","94.54","-162.20","4183","6553.5","706.1","0","0","0","0","99.0","706.1","32.3","30.0","2.25","-4.3","6.9","3.431","0.539","2.10","12.6","0.80","0"
"94.800","24.0504","14","-0.1038","-0.1800","0.6776","-65.8976","-8.5542","31.5097","10.7000","0.1300","44.7469","45.39212956","-75.69694646","40.2","13.0","-98.7","39","27","47","1","2","-0.15","-0.12","-1.04","-0.8","-1.9","-4.1","95.17","-163.98","4170","6553.5","706.3","0","0","0","0","99.0","706.3","32.3","30.0","2.24","-4.3","6.9","3.426","0.540","2.10","12.4","0.80","0"
"94.850","23.7812","14","-0.1404","-0.1792","0.7384","-66.7432","-11.6876","31.5166","10.7000","0.1300","32.3838","45.39213065","-75.69695028","40.2","13.0","-98.6","40","28","49","1","2","-0.18","-0.18","-0.94","-0.9","-2.2","-5.4","95.80","-163.98","4196","6553.5","706.8","0","0","0","0","99.0","706.8","32.3","30.0","2.25","-4.3","6.8","3.343","0.571","3.00","12.3","0.80","0"
"94.900","23.4741","14","-0.1766","-0.1745","0.7384","-67.4535","-14.9072","31.5166","10.7000","0.1300","25.0619","45.39213171","-75.69695405","40.2","13.0","-98.6","40","27","48","1","2","-0.17","-0.30","-1.02","-0.5","-2.3","-7.7","96.44","-165.85","4256","6553.5","707.4","0","0","0","0","99.0","707.4","32.3","30.0","2.27","-4.3","6.7","3.330","0.626","4.67","12.3","0.80","0"
"94.950","23.1524","14","-0.2126","-0.1682","0.7147","-68.1111","-18.1603","31.5138","10.7000","0.1300","20.2905","45.39213276","-75.69695779","40.2","13.0","-98.6","39","26","46","1","2","-0.03","-0.24","-1.19","0.0","-2.2","-10.6","97.07","-169.24","4386","6553.5","708.6","0","0","0","0","99.0","708.6","32.3","30.0","2.31","-4.3","6.1","3.378","0.636","6.37","12.6","0.80","0"
"95.000","22.8191","14","-0.2320","-0.1669","0.6869","-69.4776","-20.0638","31.5138","10.7000","0.1300","18.1011","45.39213365","-75.69696153","40.2","13.0","-98.7","39","26","46","1","2","-0.02","-0.10","-1.29","0.0","-1.6","-13.1","97.71","-172.65","4541","6553.5","709.8","0","0","0","0","99.0","709.9","32.3","30.0","2.35","-4.3","5.3","3.394","0.631","8.10","12.8","0.80","0"
"95.050","22.4812","14","-0.2449","-0.1676","0.6574","-71.1196","-21.4424","31.5148","10.7000","0.1300","16.6866","45.39213447","-75.69696528","40.2","13.1","-98.6","39","28","46","1","2","-0.07","-0.16","-1.09","-0.4","-0.5","-14.8","98.34","-174.69","4595","6553.5","711.7","0","0","0","0","99.0","711.8","32.3","30.0","2.40","-4.3","3.7","3.398","0.657","8.51","12.8","0.82","0"
"95.100","22.1779","14","-0.2489","-0.1575","0.6887","-72.3981","-22.0760","31.5194","10.7000","0.1300","15.9890","45.39213522","-75.69696896","40.2","13.1","-98.7","38","30","46","1","2","-0.08","-0.20","-0.99","-0.6","0.4","-15.5","98.97","-286.94","4639","6553.5","713.6","0","0","0","0","99.0","713.6","32.3","30.0","2.45","-4.3","2.4","3.416","0.682","8.80","12.8","0.83","0"
"95.150","21.8880","14","-0.2495","-0.1432","0.7436","-73.5352","-22.4199","31.5254","10.7000","0.1300","15.5379","45.39213593","-75.69697261","40.2","13.1","-98.7","37","29","45","1","2","-0.16","-0.16","-1.06","-0.4","0.9","-15.7","99.61","-352.67","4650","6553.5","714.9","0","0","0","0","99.0","715.0","32.3","30.0","2.52","-4.3","2.3","3.430","0.686","8.80","12.9","0.84","0"
"95.200","21.7521","14","-0.2373","-0.1259","0.7457","-74.2521","-21.5680","31.5283","10.7000","0.1300","16.0514","45.39213663","-75.69697630","40.2","13.1","-98.7","37","28","45","1","2","-0.16","-0.08","-1.12","0.2","1.3","-15.3","100.00","-96.05","4671","6553.5","716.3","0","0","0","0","99.0","716.3","32.3","30.0","2.56","-4.3","2.0","3.407","0.688","8.80","12.9","0.84","0"
"95.250","21.6760","14","-0.2203","-0.1075","0.7273","-74.8056","-20.2510","31.5299","10.7000","0.1300","17.0355","45.39213732","-75.69698002","40.2","13.1","-98.7","38","28","45","1","2","-0.04","-0.10","-1.02","1.0","1.8","-14.7","100.00","160.57","4711","6553.5","717.7","0","0","0","0","99.0","717.8","32.3","30.0","2.56","-4.3","1.4","3.401","0.685","8.80","12.9","0.83","0"
"95.300","21.4839","14","-0.2046","-0.0956","0.7400","-75.4677","-18.9849","31.5326","10.7000","0.1300","18.0105","45.39213795","-75.69698365","40.2","13.1","-98.7","38","29","45","1","2","0.00","-0.20","-0.96","1.5","1.7","-14.3","100.00","206.76","4713","6553.5","719.2","0","0","0","0","99.0","719.2","32.3","30.0","2.58","-4.3","1.0","3.429","0.683","8.80","12.9","0.83","0"
"95.350","21.2465","14","-0.1895","-0.0864","0.7648","-76.1721","-17.7386","31.5357","10.7000","0.1300","19.0629","45.39213857","-75.69698726","40.2","13.1","-98.7","38","28","3","1","2","-0.03","-0.25","-1.01","1.5","1.0","-14.4","100.00","146.89","4685","6553.5","720.4","0","0","0","0","99.0","720.4","32.4","30.0","2.62","-4.3","0.7","3.427","0.682","8.80","12.9","0.82","0"
"95.400","21.1292","14","-0.1821","-0.0760","0.7742","-77.1604","-17.1767","31.5387","10.7000","0.1300","19.5777","45.39213909","-75.69699089","40.2","13.1","-98.6","38","28","44","1","2","-0.12","-0.26","-1.06","1.3","0.2","-14.9","100.00","129.04","4680","6553.5","721.6","0","0","0","0","99.0","721.6","32.4","30.0","2.64","-4.3","0.5","3.398","0.680","8.80","12.9","0.82","0"
"95.450","21.0585","14","-0.1776","-0.0652","0.7777","-78.2591","-16.8811","31.5415","10.7000","0.1300","19.8540","45.39213957","-75.69699452","40.2","13.1","-98.7","38","28","44","1","2","-0.17","-0.19","-1.05","0.9","-0.1","-15.4","100.00","123.29","4685","6553.5","722.6","0","0","0","0","99.0","722.6","32.3","30.0","2.65","-4.3","0.4","3.415","0.677","8.80","12.9","0.82","0"
"95.500","20.9841","14","-0.1781","-0.0587","0.7655","-79.2418","-17.0303","31.5467","10.7000","0.1300","19.6105","45.39213999","-75.69699818","40.2","13.1","-98.6","37","28","45","1","2","-0.14","-0.18","-1.03","0.4","-0.1","-15.9","100.00","117.25","4654","6553.5","723.6","0","0","0","0","99.0","723.6","32.4","30.0","2.66","-4.3","0.2","3.447","0.676","8.80","12.9","0.82","0"
"95.550","20.9083","14","-0.1805","-0.0538","0.7473","-80.1794","-17.3526","31.5528","10.7000","0.1300","19.1767","45.39214039","-75.69700185","40.2","13.1","-98.7","37","28","46","1","2","-0.14","-0.16","-1.04","0.2","-0.1","-16.3","100.00","109.68","4626","6553.5","724.6","0","0","0","0","99.0","724.6","32.4","30.0","2.67","-4.3","0.1","3.438","0.677","8.80","12.7","0.82","0"
"95.600","20.7955","14","-0.1959","-0.0487","0.7751","-81.3619","-18.9357","31.5617","10.7000","0.1300","17.4786","45.39214066","-75.69700551","40.2","13.1","-98.7","37","28","46","1","2","-0.08","-0.12","-1.01","0.4","-0.1","-16.4","100.00","106.84","4635","6553.5","725.6","0","0","0","0","99.0","725.7","32.3","30.0","2.65","-4.3","0.4","3.427","0.684","8.80","12.5","0.82","0"
"95.650","20.6682","14","-0.2164","-0.0435","0.8208","-82.6395","-21.0091","31.5718","10.7000","0.1300","15.6572","45.39214089","-75.69700916","40.2","13.1","-98.6","38","28","47","1","2","-0.05","-0.20","-0.94","0.7","0.1","-16.4","100.00","104.00","4639","6553.5","726.4","0","0","0","0","99.0","726.4","32.3","30.0","2.61","-4.3","0.5","3.416","0.688","8.80","12.3","0.81","0"
"95.700","20.5244","14","-0.2235","-0.0418","0.8078","-83.5048","-21.7797","31.5700","10.7000","0.1300","14.9982","45.39214113","-75.69701274","40.2","13.2","-98.7","38","29","48","1","2","-0.09","-0.23","-0.96","0.6","0.2","-16.5","100.00","108.30","4632","6553.5","727.1","0","0","0","0","99.0","727.2","32.4","30.0","2.58","-4.3","0.4","3.406","0.689","8.80","12.2","0.81","0"
"95.750","20.3743","14","-0.2253","-0.0414","0.7721","-84.2096","-22.0437","31.5636","10.7000","0.1300","14.7102","45.39214138","-75.69701628","40.2","13.2","-98.7","37","28","47","1","2","-0.05","-0.17","-0.99","0.1","-0.3","-16.5","100.00","113.53","4624","6553.5","727.9","0","0","0","0","99.0","728.0","32.4","30.0","2.59","-4.3","0.3","3.396","0.688","8.65","12.5","0.81","0"
"95.800","20.4340","14","-0.2199","-0.0407","0.7557","-85.3580","-21.5986","31.5662","10.7000","0.1300","15.0573","45.39214151","-75.69701993","40.2","13.2","-98.7","37","28","47","1","2","-0.11","-0.17","-0.99","-0.3","-1.2","-16.6","100.00","111.12","4615","6553.5","728.7","0","0","0","0","99.0","728.8","32.4","30.0","2.57","-4.3","0.2","3.431","0.687","8.37","12.7","0.81","0"
"95.850","20.5754","14","-0.2118","-0.0398","0.7469","-86.6788","-20.8779","31.5724","10.7000","0.1300","15.6849","45.39214158","-75.69702362","40.2","13.2","-98.7","38","27","46","1","2","-0.17","-0.24","-1.05","-0.3","-1.4","-16.9","100.00","107.72","4604","6553.5","729.5","0","0","0","0","99.0","729.5","32.4","30.0","2.53","-4.3","0.1","3.503","0.675","8.14","12.8","0.81","0"
"95.900","20.4038","14","-0.2113","-0.0447","0.7543","-87.6008","-20.9113","31.5779","10.7000","0.1336","15.5292","45.39214161","-75.69702717","40.2","13.2","-98.7","38","27","47","1","2","-0.09","-0.24","-1.00","-0.0","-0.8","-17.1","100.00","105.45","4591","6553.5","730.2","0","0","0","0","99.0","730.2","32.3","30.0","2.51","-4.3","0.0","3.440","0.660","7.91","12.8","0.81","0"
"95.950","20.1104","14","-0.2138","-0.0520","0.7680","-88.3677","-21.2379","31.5831","10.7000","0.1386","15.0705","45.39214163","-75.69703067","40.2","13.2","-98.7","38","30","47","1","2","-0.10","-0.23","-0.95","0.2","-0.2","-17.2","100.00","103.21","4565","6553.5","730.7","0","0","0","0","99.0","730.7","32.4","30.0","2.53","-4.3","0.1","3.329","0.656","7.80","12.7","0.81","0"
"96.000","19.9818","14","-0.2192","-0.0534","0.7524","-89.5673","-21.8823","31.5831","10.7000","0.1400","14.5332","45.39214155","-75.69703418","40.2","13.2","-98.7","37","28","46","1","2","-0.17","-0.23","-1.05","0.3","0.1","-17.4","100.00","101.07","4537","6553.5","731.2","0","0","0","0","99.0","731.2","32.4","30.0","2.53","-4.3","0.1","3.349","0.656","7.68","12.7","0.81","0"
"96.050","19.9173","14","-0.2257","-0.0526","0.7254","-90.9353","-22.6501","31.5810","10.7000","0.1400","13.9952","45.39214144","-75.69703770","40.2","13.2","-98.7","38","27","45","1","2","-0.10","-0.21","-1.05","0.5","0.8","-17.8","100.00","100.94","4499","6553.5","731.3","0","0","0","0","99.0","731.3","32.4","30.0","2.51","-4.3","0.6","3.374","0.668","7.57","12.7","0.81","0"
"96.100","19.8353","14","-0.2319","-0.0548","0.7409","-92.2025","-23.3883","31.5845","10.7000","0.1400","13.4977","45.39214128","-75.69704119","40.2","13.2","-98.7","38","29","47","1","2","-0.00","-0.24","-0.90","0.7","1.3","-18.3","100.00","113.52","4466","6553.5","731.4","0","0","0","0","99.0","731.4","32.4","30.0","2.50","-4.3","1.2","3.372","0.671","7.48","12.7","0.81","0"
"96.150","19.7465","14","-0.2379","-0.0582","0.7730","-93.4305","-24.1149","31.5901","10.7000","0.1400","13.0324","45.39214110","-75.69704468","40.2","13.2","-98.6","37","29","47","1","2","-0.07","-0.29","-0.90","0.8","1.0","-18.9","100.00","126.90","4442","6553.5","731.8","0","0","0","0","99.0","731.8","32.4","30.0","2.50","-4.3","1.9","3.400","0.654","7.43","12.8","0.80","0"
"96.200","19.6361","14","-0.2495","-0.0637","0.7720","-94.7583","-25.4343","31.5911","10.7000","0.1400","12.2873","45.39214083","-75.69704813","40.2","13.2","-98.7","38","27","47","1","2","-0.06","-0.25","-1.01","0.9","0.3","-19.7","100.00","129.31","4413","6553.5","732.1","0","0","0","0","99.0","732.1","32.4","30.0","2.47","-4.3","2.3","3.486","0.639","7.37","12.8","0.80","0"
"96.250","19.5174","14","-0.2632","-0.0700","0.7581","-96.1249","-26.9842","31.5903","10.7000","0.1400","11.5115","45.39214051","-75.69705157","40.2","13.2","-98.7","38","26","47","1","2","-0.09","-0.20","-1.06","0.9","-0.5","-20.5","100.00","197.83","4380","6553.5","732.4","0","0","0","0","99.0","732.4","32.4","30.0","2.41","-4.3","2.4","3.537","0.625","7.31","12.9","0.80","0"
"96.300","19.3549","14","-0.2704","-0.0754","0.7708","-97.3446","-27.9108","31.5931","10.7000","0.1400","11.0367","45.39214012","-75.69705494","40.2","13.2","-98.7","38","27","47","1","2","-0.08","-0.19","-1.04","0.9","-1.4","-21.1","100.00","220.16","4358","6553.5","732.7","0","0","0","0","99.0","732.7","32.4","30.0","2.39","-4.3","2.5","3.559","0.616","7.26","13.0","0.80","0"
"96.350","19.1755","14","-0.2751","-0.0805","0.7937","-98.5073","-28.5950","31.5973","10.7000","0.1400","10.6727","45.39213970","-75.69705829","40.2","13.2","-98.7","38","27","47","1","2","-0.02","-0.25","-0.99","0.7","-2.0","-21.6","100.00","229.04","4340","6553.5","733.0","0","0","0","0","99.0","733.0","32.4","30.0","2.41","-4.3","2.7","3.532","0.610","7.20","12.6","0.79","0"
"96.400","19.0337","14","-0.2818","-0.0787","0.7926","-100.1189","-29.5281","31.5975","10.7000","0.1436","10.2591","45.39213918","-75.69706156","40.2","13.2","-98.7","38","27","47","1","2","-0.12","-0.35","-0.93","0.4","-1.8","-22.1","100.00","230.11","4358","6553.5","733.3","0","0","0","0","99.0","733.3","32.4","30.0","2.40","-4.3","3.3","3.488","0.612","7.15","12.3","0.79","0"
"96.450","18.9067","14","-0.2893","-0.0744","0.7821","-101.9052","-30.5580","31.5961","10.7000","0.1486","9.8471","45.39213861","-75.69706480","40.1","13.2","-98.7","38","27","47","1","2","-0.26","-0.35","-0.97","0.1","-1.4","-22.7","100.00","256.70","4371","6553.5","733.3","0","0","0","0","99.0","733.3","32.4","30.0","2.35","-4.3","4.0","3.446","0.615","7.10","12.3","0.79","0"
"96.500","18.6993","14","-0.2909","-0.0844","0.7713","-103.6943","-30.9596","31.5940","10.7000","0.1500","9.6128","45.39213796","-75.69706791","40.1","13.2","-98.7","38","27","46","1","2","-0.23","-0.29","-1.02","0.0","-1.0","-23.0","100.00","564.28","4345","6553.5","733.3","0","0","0","0","99.0","733.3","32.4","30.0","2.35","-4.3","4.6","3.409","0.625","7.10","12.3","0.79","0"
"96.550","18.4608","14","-0.2902","-0.1000","0.7604","-105.4845","-31.1168","31.5915","10.7000","0.1500","9.4423","45.39213728","-75.69707098","40.1","13.2","-98.7","38","27","46","1","2","-0.21","-0.26","-1.00","0.1","-0.6","-23.2","100.00","949.01","4340","6553.5","733.8","0","0","0","0","99.0","733.8","32.4","30.0","2.39","-4.3","4.8","3.399","0.631","7.10","12.5","0.79","0"
"96.600","18.2767","14","-0.2893","-0.1036","0.7620","-106.8894","-31.3193","31.5946","10.7000","0.1500","9.2876","45.39213655","-75.69707403","40.1","13.2","-98.7","38","28","48","1","2","-0.21","-0.23","-0.97","0.1","-0.5","-23.1","100.00","1156.76","4378","6553.5","734.3","0","0","0","0","98.9","734.3","32.4","30.0","2.40","-4.3","4.4","3.406","0.628","7.10","12.7","0.79","0"
"96.650","18.1138","14","-0.2882","-0.1025","0.7684","-108.1445","-31.5396","31.5998","10.7000","0.1500","9.1406","45.39213580","-75.69707707","40.1","13.2","-98.6","38","28","48","1","2","-0.15","-0.21","-0.96","-0.2","-0.8","-22.9","100.00","347.35","4370","6553.5","734.8","0","0","0","0","97.9","734.8","32.4","30.0","2.39","-4.3","4.5","3.449","0.630","7.13","12.8","0.79","0"
"96.700","17.8943","14","-0.2802","-0.1059","0.7686","-109.6379","-30.9749","31.5967","10.7000","0.1500","9.1944","45.39213498","-75.69707996","40.1","13.2","-98.7","38","28","47","1","2","-0.18","-0.20","-0.97","-0.4","-1.2","-22.7","100.00","-578.06","4323","6553.5","735.3","0","0","0","0","97.0","735.3","32.4","30.0","2.39","-4.3","5.0","3.450","0.636","7.19","12.9","0.79","0"
"96.750","17.6529","14","-0.2694","-0.1110","0.7665","-111.2239","-30.1050","31.5904","10.7000","0.1500","9.3325","45.39213414","-75.69708280","40.1","13.2","-98.7","38","27","47","1","2","-0.24","-0.20","-0.99","-0.1","-1.6","-22.6","100.00","-524.24","4342","6553.5","735.9","0","0","0","0","97.0","735.9","32.4","30.0","2.38","-4.3","6.1","3.418","0.642","7.36","12.9","0.80","0"
"96.800","17.4703","14","-0.2542","-0.1204","0.7441","-112.5224","-28.7216","31.5922","10.7000","0.1500","9.6808","45.39213327","-75.69708562","40.1","13.2","-98.7","38","27","47","1","2","-0.24","-0.20","-1.02","0.3","-2.0","-22.4","100.00","-491.95","4384","6553.5","736.5","0","0","0","0","97.0","736.5","32.4","30.0","2.37","-4.3","7.4","3.370","0.650","7.59","12.9","0.80","0"
"96.850","17.3105","14","-0.2374","-0.1315","0.7138","-113.7092","-27.1384","31.5972","10.7000","0.1500","10.1518","45.39213240","-75.69708842","40.1","13.2","-98.7","38","27","47","1","2","-0.21","-0.18","-0.97","0.3","-2.3","-22.2","100.00","-491.95","4387","6553.5","737.0","0","0","0","0","97.0","737.0","32.4","30.0","2.36","-4.3","7.6","3.316","0.658","7.70","12.9","0.80","0"
"96.900","16.9867","14","-0.2277","-0.1497","0.7016","-115.1011","-26.3942","31.5945","10.7000","0.1500","10.2428","45.39213145","-75.69709104","40.1","13.2","-98.7","39","27","47","1","2","-0.19","-0.15","-0.93","0.2","-2.2","-21.9","100.00","-436.81","4393","6553.5","737.6","0","0","0","0","96.9","737.6","32.4","30.0","2.36","-4.3","7.8","3.345","0.669","7.92","12.9","0.80","0"
"96.950","16.5992","14","-0.2209","-0.1707","0.6964","-116.5727","-25.9763","31.5888","10.7000","0.1500","10.1702","45.39213048","-75.69709359","40.1","13.2","-98.6","39","27","46","1","2","-0.20","-0.20","-0.94","0.0","-1.5","-21.5","100.00","-298.96","4432","6553.5","738.4","0","0","0","0","95.9","738.4","32.4","30.0","2.38","-4.3","8.1","3.380","0.693","8.75","12.9","0.81","0"
"97.000","16.2714","14","-0.1914","-0.1776","0.6796","-117.5877","-22.8250","31.5820","10.7000","0.1500","11.3458","45.39212951","-75.69709603","40.1","13.2","-98.6","39","27","46","1","2","-0.22","-0.16","-0.96","-0.1","-0.7","-20.9","100.00","-161.11","4536","6553.5","739.4","0","0","0","0","93.8","739.4","32.4","30.0","2.40","-4.3","8.5","3.418","0.741","11.96","12.9","0.81","0"
"97.050","15.9669","14","-0.1531","-0.1790","0.6582","-118.4252","-18.6108","31.5747","10.7000","0.1500","13.6545","45.39212855","-75.69709843","40.0","13.2","-98.6","39","27","46","1","2","-0.24","-0.08","-0.97","-0.1","-0.2","-20.0","100.00","-111.90","4766","6553.5","741.9","0","0","0","0","78.8","741.9","32.4","30.0","2.43","-4.3","9.2","3.447","0.839","19.80","12.8","0.83","0"
"97.100","15.5526","14","-0.1328","-0.2037","0.6572","-119.1798","-16.4775","31.5718","10.7000","0.1500","15.0221","45.39212760","-75.69710070","40.0","13.3","-98.6","39","28","45","1","2","-0.22","-0.10","-1.03","0.1","0.0","-18.7","100.00","-107.77","5242","6553.5","744.3","0","0","0","0","65.0","744.3","32.4","30.0","2.55","-4.3","9.5","3.459","0.875","25.74","12.8","0.85","0"
"97.150","15.0957","14","-0.1196","-0.2376","0.6640","-119.9022","-15.1535","31.5706","10.7000","0.1500","15.8548","45.39212665","-75.69710292","40.0","13.3","-98.6","39","28","45","1","2","-0.26","0.01","-1.08","0.1","0.2","-17.3","100.00","-98.52","5929","6553.5","745.5","0","0","0","0","64.5","745.5","32.4","30.0","2.77","-4.3","9.5","3.499","0.857","30.07","12.9","0.93","0"
"97.200","14.6738","14","-0.1139","-0.2395","0.6500","-120.6779","-14.8289","31.5658","10.7000","0.1500","15.7490","45.39212573","-75.69710503","40.0","13.3","-98.6","39","28","45","1","2","-0.23","0.07","-1.06","-0.0","0.2","-15.8","100.00","-85.68","6982","6553.5","746.7","0","0","0","0","64.1","746.7","32.4","30.0","3.15","-4.3","9.6","3.564","0.785","31.73","12.9","1.01","0"
"97.250","14.2654","14","-0.1111","-0.2288","0.6278","-121.4743","-14.8929","31.5596","10.7000","0.1500","15.2450","45.39212483","-75.69710709","40.0","13.3","-98.6","39","28","46","1","2","-0.15","-0.08","-0.88","-0.2","0.2","-14.4","100.00","-81.66","8164","6553.5","747.1","0","0","0","0","65.6","747.1","32.4","30.0","3.68","-4.3","9.7","3.408","0.693","32.46","12.8","0.94","0"
"97.300","13.9475","14","-0.0864","-0.2057","0.6590","-121.8959","-11.7751","31.5565","10.7000","0.1500","18.8518","45.39212394","-75.69710911","40.0","13.3","-98.6","39","28","46","1","2","-0.17","-0.04","-0.85","-0.1","-0.1","-13.0","100.00","-81.99","9135","6553.5","747.4","0","0","0","0","67.2","747.4","32.4","30.0","4.42","-4.3","10.5","3.174","0.538","30.19","12.8","0.88","0"
"97.350","13.6648","14","-0.0531","-0.1778","0.7109","-122.1717","-7.4199","31.5547","10.7000","0.1500","29.3104","45.39212306","-75.69711112","40.0","13.3","-98.6","39","28","45","1","2","-0.26","0.09","-0.99","0.1","-0.9","-11.8","100.00","-76.17","10054","6553.5","747.2","0","0","0","0","70.2","747.2","32.4","30.0","5.32","-4.3","11.4","3.304","0.367","27.18","12.8","0.88","0"
"97.400","13.3303","14","-0.0354","-0.1836","0.6242","-122.3411","-5.0656","31.5511","10.7000","0.1500","41.8823","45.39212220","-75.69711306","40.0","13.3","-98.7","39","27","44","1","2","-0.24","0.08","-0.98","0.1","-1.7","-10.6","100.00","-67.08","9779","6553.5","746.5","0","0","0","0","73.6","746.4","32.4","30.0","5.81","-4.3","12.2","3.436","0.296","20.47","12.8","0.88","0"
"97.450","12.9757","14","-0.0238","-0.2026","0.4837","-122.4692","-3.4893","31.5467","10.7000","0.1500","59.1854","45.39212134","-75.69711499","40.0","13.3","-98.6","39","27","44","1","2","-0.24","0.05","-0.91","0.0","-1.9","-9.6","100.00","-58.20","9388","6553.5","738.9","0","0","0","0","81.1","738.8","32.4","30.0","5.89","-4.3","12.9","3.437","0.241","14.03","12.9","0.88","0"
"97.500","12.4688","14","-0.0238","-0.2443","0.5408","-122.6964","-3.6392","31.5527","10.7000","0.1536","54.5307","45.39212058","-75.69711672","40.0","13.3","-98.7","39","27","44","1","2","-0.31","0.02","-0.92","-0.1","-1.7","-8.6","100.00","-50.45","8750","6553.5","731.4","0","0","0","0","87.4","731.3","32.4","30.0","5.77","-4.3","13.0","3.450","0.245","10.70","12.9","0.89","0"
"97.550","11.9026","14","-0.0284","-0.2948","0.6747","-122.9623","-4.4603","31.5627","10.7000","0.1586","42.4711","45.39211984","-75.69711838","40.0","13.3","-98.6","39","27","44","1","2","-0.27","0.06","-0.99","-0.3","-1.5","-7.6","100.00","-49.83","8145","6553.5","725.4","0","0","0","0","80.2","725.2","32.4","30.0","5.44","-4.3","13.0","3.486","0.249","7.99","12.9","0.99","0"
"97.600","11.3491","14","-0.0207","-0.3107","0.6967","-123.0649","-3.2783","31.5583","10.7000","0.1600","55.0975","45.39211915","-75.69711995","40.0","13.3","-98.7","39","27","44","1","2","-0.23","0.06","-1.12","-0.5","-1.1","-6.5","100.00","-50.08","7604","6553.5","719.8","0","0","0","0","73.9","719.7","32.4","30.0","5.19","-4.3","12.8","3.493","0.251","6.50","12.9","1.08","0"
"97.650","10.8005","14","-0.0082","-0.3133","0.6752","-123.1042","-1.3172","31.5484","10.7000","0.1600","130.4969","45.39211847","-75.69712149","40.0","13.3","-98.7","40","27","44","1","2","-0.20","0.04","-0.98","-0.6","-0.7","-5.4","100.00","-50.35","7129","6553.5","717.9","0","0","0","0","73.4","717.9","32.4","30.0","4.99","-4.3","12.8","3.455","0.259","5.45","12.8","1.10","0"
"97.700","10.2194","14","0.0042","-0.3206","0.6038","-122.9535","0.8906","31.5431","10.7000","0.1600","182.6172","45.39211784","-75.69712288","40.0","13.3","-98.7","40","27","44","1","2","-0.20","0.03","-0.87","-0.6","-0.4","-4.5","100.00","-50.62","6753","6553.5","716.1","0","0","0","0","73.8","716.1","32.4","30.0","4.74","-4.3","13.0","3.455","0.278","5.07","12.8","1.12","0"
"97.750","9.6255","14","0.0165","-0.3298","0.5129","-122.7291","3.1945","31.5395","10.7000","0.1600","47.9557","45.39211724","-75.69712421","40.0","13.3","-98.6","40","27","44","1","2","-0.21","-0.00","-0.99","-0.5","-0.4","-3.7","100.00","-50.65","6396","6553.5","714.9","0","0","0","0","83.3","714.9","32.4","30.0","4.46","-4.3","13.2","3.488","0.309","4.87","12.9","1.06","0"
"97.800","9.0546","14","0.0146","-0.3267","0.5845","-122.5794","2.8342","31.5424","10.7000","0.1600","50.8467","45.39211671","-75.69712545","40.0","13.3","-98.7","40","27","44","1","2","-0.21","-0.11","-1.14","-0.5","-0.4","-3.7","100.00","-49.23","6056","6553.5","713.7","0","0","0","0","91.2","713.7","32.4","30.0","4.19","-4.3","13.3","3.422","0.351","4.81","12.9","1.00","0"
"97.850","8.4927","14","0.0072","-0.3187","0.7192","-122.4588","1.4378","31.5479","10.7000","0.1600","94.0089","45.39211621","-75.69712664","40.0","13.3","-98.6","40","27","44","1","2","-0.24","-0.11","-1.13","-0.5","-0.4","-3.7","100.00","-48.30","5700","6553.5","711.8","0","0","0","0","81.7","711.8","32.4","30.0","3.91","-4.3","13.7","3.321","0.403","4.76","12.9","0.97","0"
"97.900","7.9799","14","-0.0149","-0.3074","0.8240","-123.0352","-3.7938","31.5477","10.7000","0.1600","33.4771","45.39211572","-75.69712768","40.0","13.3","-98.6","40","27","44","1","2","-0.27","-0.01","-1.06","-0.5","-0.4","-3.7","100.00","-47.48","5339","6553.5","710.1","0","0","0","0","73.6","710.1","32.4","30.0","3.65","-4.3","14.1","3.307","0.459","4.70","12.9","0.94","0"
"97.950","7.4863","14","-0.0427","-0.2948","0.9171","-123.8825","-10.5168","31.5454","10.7000","0.1600","11.3293","45.39211523","-75.69712866","40.0","13.3","-98.6","40","26","44","1","2","-0.32","-0.01","-1.13","-0.5","-0.4","-3.7","100.00","-47.03","5083","6553.5","710.2","0","0","0","0","81.1","710.2","32.4","30.0","3.40","-4.3","14.1","3.310","0.486","4.70","13.0","0.95","0"
"98.000","6.8701","14","-0.0526","-0.2903","0.8833","-123.4369","-12.9227","31.5415","10.7000","0.1600","8.4611","45.39211484","-75.69712956","40.0","13.3","-98.7","40","26","45","1","2","-0.32","-0.01","-1.11","-0.5","-0.4","-3.7","100.00","-45.45","4838","6553.5","710.3","0","0","0","0","88.2","710.3","32.4","30.0","3.15","-4.3","14.0","3.385","0.513","4.70","13.0","0.96","0"
"98.050","6.2062","14","-0.0556","-0.2890","0.8001","-122.4884","-13.6496","31.5369","10.7000","0.1600","7.2364","45.39211450","-75.69713043","40.0","13.3","-98.7","40","26","45","1","2","-0.32","-0.01","-1.11","-0.5","-0.4","-3.7","100.00","-43.60","4622","6553.5","711.7","0","0","0","0","91.3","711.7","32.4","30.0","2.90","-4.3","13.6","3.422","0.555","4.70","12.8","0.91","0"
"98.100","6.2062","14","-0.0556","-0.2890","0.8001","-122.4884","13.6496","31.5369","10.7000","0.1600","7.2364","45.39211450","-75.69713043","40.0","13.3","-98.6","40","26","45","1","2","-0.32","-0.01","-1.11","-0.5","-0.4","-3.7","100.00","-43.64","4432","6553.5","711.7","0","0","0","0","91.3","711.7","32.4","30.0","2.72","-4.3","13.1","3.388","0.589","4.70","12.8","0.91","0"
"98.150","6.2062","14","-0.0556","-0.2890","0.8001","-122.4884","13.6496","31.5369","10.7000","0.1600","7.2364","45.39211450","-75.69713043","40.0","13.3","-98.6","40","26","45","1","2","-0.32","-0.01","-1.11","-0.5","-0.4","-3.7","100.00","-43.86","4345","6553.5","711.7","0","0","0","0","91.3","711.7","32.4","30.0","2.59","-4.3","12.3","3.388","0.587","4.70","12.8","0.91","0"
"98.200","6.2062","14","-0.0556","-0.2890","0.8001","-122.4884","13.6496","31.5369","10.7000","0.1600","7.2364","45.39211450","-75.69713043","40.0","13.3","-98.7","40","26","45","1","2","-0.32","-0.01","-1.11","-0.5","-0.4","-3.7","100.00","-47.06","4345","6553.5","711.7","0","0","0","0","91.3","711.7","32.4","30.0","2.59","-4.3","12.3","3.388","0.587","4.70","12.8","0.91","0"
"98.250","6.2062","14","-0.0556","-0.2890","0.8001","-122.4884","13.6496","31.5369","10.7000","0.1600","7.2364","45.39211450","-75.69713043","40.0","13.3","-98.7","40","26","45","1","2","-0.32","-0.01","-1.11","-0.5","-0.4","-3.7","100.00","-47.06","4345","6553.5","711.7","0","0","0","0","91.3","711.7","32.4","30.0","2.59","-4.3","12.3","3.388","0.587","4.70","12.8","0.91","0"
"98.300","6.2062","14","-0.0556","-0.2890","0.8001","-122.4884","13.6496","31.5369","10.7000","0.1600","7.2364","45.39211450","-75.69713043","40.0","13.3","-98.7","40","26","45","1","2","-0.32","-0.01","-1.11","-0.5","-0.4","-3.7","100.00","-47.06","4345","6553.5","711.7","0","0","0","0","91.3","711.7","32.4","30.0","2.59","-4.3","12.3","3.388","0.587","4.70","12.8","0.91","0"
"98.350","6.2062","14","-0.0556","-0.2890","0.8001","-122.4884","13.6496","31.5369","10.7000","0.1600","7.2364","45.39211450","-75.69713043","40.0","13.3","-98.7","40","26","45","1","2","-0.32","-0.01","-1.11","-0.5","-0.4","-3.7","100.00","-47.06","4345","6553.5","711.7","0","0","0","0","91.3","711.7","32.4","30.0","2.59","-4.3","12.3","3.388","0.587","4.70","12.8","0.91","0"
"98.400","6.2062","14","-0.0556","-0.2890","0.8001","-122.4884","13.6496","31.5369","10.7000","0.1600","7.2364","45.39211450","-75.69713043","40.0","13.3","-98.7","40","26","45","1","2","-0.32","-0.01","-1.11","-0.5","-0.4","-3.7","100.00","-47.06","4345","6553.5","711.7","0","0","0","0","91.3","711.7","32.4","30.0","2.59","-4.3","12.3","3.388","0.587","4.70","12.8","0.91","0"
"98.450","6.2062","14","-0.0556","-0.2890","0.8001","-122.4884","13.6496","31.5369","10.7000","0.1600","7.2364","45.39211450","-75.69713043","40.0","13.3","-98.7","40","26","45","1","2","-0.32","-0.01","-1.11","-0.5","-0.4","-3.7","100.00","-47.06","4345","6553.5","711.7","0","0","0","0","91.3","711.7","32.4","30.0","2.59","-4.3","12.3","3.388","0.587","4.70","12.8","0.91","0"
"98.500","6.2062","14","-0.0556","-0.2890","0.8001","-122.4884","13.6496","31.5369","10.7000","0.1600","7.2364","45.39211450","-75.69713043","40.0","13.3","-98.7","40","26","45","1","2","-0.32","-0.01","-1.11","-0.5","-0.4","-3.7","100.00","-47.06","4345","6553.5","711.7","0","0","0","0","91.3","711.7","32.4","30.0","2.59","-4.3","12.3","3.388","0.587","4.70","12.8","0.91","0"
"98.550","6.2062","14","-0.0556","-0.2890","0.8001","-122.4884","13.6496","31.5369","10.7000","0.1600","7.2364","45.39211450","-75.69713043","40.0","13.3","-98.7","40","26","45","1","2","-0.32","-0.01","-1.11","-0.5","-0.4","-3.7","100.00","-47.06","4345","6553.5","711.7","0","0","0","0","91.3","711.7","32.4","30.0","2.59","-4.3","12.3","3.388","0.587","4.70","12.8","0.91","0"
"98.600","6.2062","14","-0.0556","-0.2890","0.8001","-122.4884","13.6496","31.5369","10.7000","0.1600","7.2364","45.39211450","-75.69713043","40.0","13.3","-98.7","40","26","45","1","2","-0.32","-0.01","-1.11","-0.5","-0.4","-3.7","100.00","-47.06","4345","6553.5","711.7","0","0","0","0","91.3","711.7","32.4","30.0","2.59","-4.3","12.3","3.388","0.587","4.70","12.8","0.91","0"
"98.650","6.2062","14","-0.0556","-0.2890","0.8001","-122.4884","13.6496","31.5369","10.7000","0.1600","7.2364","45.39211450","-75.69713043","40.0","13.3","-98.7","40","26","45","1","2","-0.32","-0.01","-1.11","-0.5","-0.4","-3.7","100.00","-47.06","4345","6553.5","711.7","0","0","0","0","91.3","711.7","32.4","30.0","2.59","-4.3","12.3","3.388","0.587","4.70","12.8","0.91","0"
"98.700","6.2062","14","-0.0556","-0.2890","0.8001","-122.4884","13.6496","31.5369","10.7000","0.1600","7.2364","45.39211450","-75.69713043","40.0","13.3","-98.7","40","26","45","1","2","-0.32","-0.01","-1.11","-0.5","-0.4","-3.7","100.00","-47.06","4345","6553.5","711.7","0","0","0","0","91.3","711.7","32.4","30.0","2.59","-4.3","12.3","3.388","0.587","4.70","12.8","0.91","0"
"98.750","6.2062","14","-0.0556","-0.2890","0.8001","-122.4884","13.6496","31.5369","10.7000","0.1600","7.2364","45.39211450","-75.69713043","40.0","13.3","-98.7","40","26","45","1","2","-0.32","-0.01","-1.11","-0.5","-0.4","-3.7","100.00","-47.06","4345","6553.5","711.7","0","0","0","0","91.3","711.7","32.4","30.0","2.59","-4.3","12.3","3.388","0.587","4.70","12.8","0.91","0"
"98.800","6.2062","14","-0.0556","-0.2890","0.8001","-122.4884","13.6496","31.5369","10.7000","0.1600","7.2364","45.39211450","-75.69713043","40.0","13.3","-98.7","40","26","45","1","2","-0.32","-0.01","-1.11","-0.5","-0.4","-3.7","100.00","-47.06","4345","6553.5","711.7","0","0","0","0","91.3","711.7","32.4","30.0","2.59","-4.3","12.3","3.388","0.587","4.70","12.8","0.91","0"
"98.850","6.2062","14","-0.0556","-0.2890","0.8001","-122.4884","13.6496","31.5369","10.7000","0.1600","7.2364","45.39211450","-75.69713043","40.0","13.3","-98.7","40","26","45","1","2","-0.32","-0.01","-1.11","-0.5","-0.4","-3.7","100.00","-47.06","4345","6553.5","711.7","0","0","0","0","91.3","711.7","32.4","30.0","2.59","-4.3","12.3","3.388","0.587","4.70","12.8","0.91","0"
"98.900","6.2062","14","-0.0556","-0.2890","0.8001","-122.4884","13.6496","31.5369","10.7000","0.1600","7.2364","45.39211450","-75.69713043","40.0","13.3","-98.7","40","26","45","1","2","-0.32","-0.01","-1.11","-0.5","-0.4","-3.7","100.00","-47.06","4345","6553.5","711.7","0","0","0","0","91.3","711.7","32.4","30.0","2.59","-4.3","12.3","3.388","0.587","4.70","12.8","0.91","0"
"98.950","6.2062","14","-0.0556","-0.2890","0.8001","-122.4884","13.6496","31.5369","10.7000","0.1600","7.2364","45.39211450","-75.69713043","40.0","13.3","-98.7","40","26","45","1","2","-0.32","-0.01","-1.11","-0.5","-0.4","-3.7","100.00","-47.06","4345","6553.5","711.7","0","0","0","0","91.3","711.7","32.4","30.0","2.59","-4.3","12.3","3.388","0.587","4.70","12.8","0.91","0"
