"Format","AiM CSV File"
"Session",""
"Vehicle","GGR26"
"Racer","Faran"
"Championship","Carleton Testing P7 260705"
"Comment","Faran testing new engine with baffle, leaking oil checking for oil pressure. Keep in mind we now have an oil pressure cutoff which affected the run,"
"Date","Sunday, July 5, 2026"
"Time","10:19 AM"
"Sample Rate","20"
"Duration","122"
"Segment","Session"
"Beacon Markers","122"
"Segment Times","2:02.000"

"Time","GPS Speed","GPS Nsat","GPS LatAcc","GPS LonAcc","GPS Slope","GPS Heading","GPS Gyro","GPS Altitude","GPS PosAccuracy","GPS SpdAccuracy","GPS Radius","GPS Latitude","GPS Longitude","Logger Temperature","External Voltage","Steering Angle","RR Shock Pos","FR Shock Pos","FL Shock Pos","RL Shock Pos","Gear Position","InlineAcc","LateralAcc","VerticalAcc","RollRate","PitchRate","YawRate","Luminosity","Brake Bias","ECU RPM","EX TEMP 2","EX TEMP 1","ECU WH SP FL","ECU WH SP RL","ECU WH SP RR","ECU WH SP FR","ECU ECT","ECU EXH T","ECU IAT","ECU FUEL T","ECU OIL P","BRK PRESS F","BRK PRESS R","ECU FUEL P","ECU MAP","ECU THROTTLE","ECU V BATT","EXHAUST LAMBDA","LAUNCH STATE"
"s","km/h"," ","g","g","deg","deg","deg/s","m","mm","km/h","m","deg","deg","°C","V","deg","mm","mm","mm","mm","gear","g","g","g","deg/s","deg/s","deg/s","%","%","rpm","°C","°C","km/h","km/h","km/h","km/h","°C","°C","°C","°C","bar","bar","bar","bar","bar","%","V","lambda","#"

"0.000","0.1080","12","0.0000","0.0000","-35.1203","82.3742","0.0000","32.9797","14.1000","0.1400","10000.0000","45.39078911","-75.69572976","35.6","12.4","873.5","79","1","79","1","0","-0.02","0.02","-1.00","-0.3","0.1","-0.5","51.44","100.00","0","6553.5","74.2","0","0","0","0","26.0","74.2","31.2","30.0","0.12","-0.1","0.0","3.347","1.036","0.00","12.0","2.55","0"
"0.050","0.1080","12","0.0000","0.0000","-35.1203","82.3742","0.0000","32.9797","14.1000","0.1400","10000.0000","45.39078911","-75.69572976","35.6","12.4","873.5","79","1","79","1","0","-0.02","0.02","-1.00","-0.3","0.1","-0.4","51.44","100.00","0","6553.5","74.2","0","0","0","0","26.0","74.2","31.2","30.0","0.12","-0.1","0.0","3.347","1.036","0.00","12.0","2.55","0"
"0.100","0.1080","12","0.0000","0.0000","-35.1203","82.3742","0.0000","32.9797","14.1000","0.1400","10000.0000","45.39078911","-75.69572976","35.6","12.4","873.5","79","1","79","1","0","-0.02","0.02","-1.00","-0.3","0.1","-0.4","51.44","100.00","0","6553.5","74.2","0","0","0","0","26.0","74.2","31.2","30.0","0.12","-0.1","0.0","3.347","1.036","0.00","12.0","2.55","0"
"0.150","0.1080","12","0.0000","0.0000","-35.1203","82.3742","0.0000","32.9797","14.1000","0.1400","10000.0000","45.39078911","-75.69572976","35.6","12.4","873.5","79","1","79","1","0","-0.02","0.02","-1.00","-0.4","0.0","-0.5","51.44","100.00","0","6553.5","74.2","0","0","0","0","26.0","74.2","31.2","30.0","0.12","-0.1","0.0","3.347","1.036","0.00","12.0","2.55","0"
"0.200","0.1080","12","0.0000","0.0000","-35.1203","82.3742","0.0000","32.9797","14.1000","0.1400","10000.0000","45.39078911","-75.69572976","35.6","12.4","873.5","79","1","79","1","0","-0.02","0.02","-1.00","-0.4","0.0","-0.5","51.44","100.00","0","6553.5","74.2","0","0","0","0","26.0","74.2","31.2","30.0","0.12","-0.1","0.0","3.347","1.036","0.00","12.0","2.55","0"
"0.250","0.1080","12","0.0000","0.0000","-35.1203","82.3742","0.0000","32.9797","14.1000","0.1400","10000.0000","45.39078911","-75.69572976","35.6","12.4","873.5","79","1","79","1","0","-0.02","0.02","-1.00","-0.4","0.0","-0.5","51.44","100.00","0","6553.5","74.2","0","0","0","0","26.0","74.2","31.2","30.0","0.12","-0.1","0.0","3.347","1.036","0.00","12.0","2.55","0"
"0.300","0.1080","12","0.0000","0.0000","-35.1203","82.3742","0.0000","32.9797","14.1000","0.1400","10000.0000","45.39078911","-75.69572976","35.6","12.4","873.5","79","1","79","1","0","-0.02","0.02","-1.00","-0.3","0.0","-0.4","51.44","100.00","0","6553.5","74.2","0","0","0","0","26.0","74.2","31.2","30.0","0.12","-0.1","0.0","3.347","1.036","0.00","12.0","2.55","0"
"0.350","0.1080","12","0.0000","0.0000","-35.1203","82.3742","0.0000","32.9797","14.1000","0.1400","10000.0000","45.39078911","-75.69572976","35.6","12.4","873.5","79","1","79","1","0","-0.02","0.02","-0.99","-0.3","0.1","-0.4","51.44","100.00","0","6553.5","74.2","0","0","0","0","26.0","74.2","31.2","30.0","0.12","-0.1","0.0","3.347","1.036","0.00","12.0","2.55","0"
"0.400","0.1080","12","0.0000","0.0000","-35.1203","82.3742","0.0000","32.9797","14.1000","0.1400","10000.0000","45.39078911","-75.69572976","35.6","12.4","873.5","79","1","79","1","0","-0.02","0.01","-1.00","-0.3","0.1","-0.4","51.44","100.00","0","6553.5","74.2","0","0","0","0","26.0","74.2","31.2","30.0","0.12","-0.1","0.0","3.347","1.036","0.00","12.0","2.55","0"
"0.450","0.1025","12","0.0000","0.0000","-39.8528","94.6502","0.0000","32.9797","14.1000","0.1400","10000.0000","45.39078911","-75.69572976","35.6","12.4","873.3","79","1","79","1","0","-0.02","0.01","-1.00","-0.3","0.1","-0.4","51.44","100.00","0","6553.5","74.2","0","0","0","0","26.0","74.2","31.2","30.0","0.12","-0.1","0.0","3.347","1.036","0.00","12.0","2.55","0"
"0.500","0.0925","12","0.0000","0.0000","-48.3039","116.5717","0.0000","32.9797","14.1000","0.1400","10000.0000","45.39078911","-75.69572976","35.6","12.4","873.5","79","1","79","1","0","-0.02","0.02","-1.00","-0.3","0.1","-0.4","51.44","100.00","0","6553.5","74.1","0","0","0","0","26.0","74.1","31.2","30.0","0.12","-0.1","0.0","3.347","1.036","0.00","12.0","2.55","0"
"0.550","0.0860","12","0.0000","0.0000","-50.2213","51.1897","0.0000","32.9777","14.1280","0.1456","10000.0000","45.39078909","-75.69572976","35.6","12.4","873.2","79","1","79","1","0","-0.02","0.02","-1.00","-0.3","0.1","-0.4","51.44","100.00","0","6553.5","74.0","0","0","0","0","26.0","74.0","31.2","30.0","0.12","-0.1","0.0","3.348","1.036","0.00","12.0","2.55","0"
"0.600","0.0822","12","0.0000","0.0000","-47.0051","-82.7879","0.0000","32.9741","14.1780","0.1556","10000.0000","45.39078906","-75.69572976","35.6","12.4","873.9","79","1","79","1","0","-0.02","0.02","-0.99","-0.3","0.1","-0.4","51.41","146.40","0","6553.5","74.0","0","0","0","0","26.0","74.0","31.2","30.0","0.11","-0.1","0.0","3.350","1.036","0.00","12.0","2.55","0"
"0.650","0.0882","12","0.0000","0.0000","-38.2546","-110.6416","0.0000","32.9766","14.2000","0.1628","10000.0000","45.39078908","-75.69572976","35.6","12.3","873.5","79","1","79","1","0","-0.02","0.02","-0.99","-0.3","0.1","-0.5","51.33","180.00","0","6553.5","73.9","0","0","0","0","26.0","73.9","31.2","30.0","0.10","-0.1","0.0","3.353","1.036","0.00","12.0","2.55","0"
"0.700","0.1019","12","0.0000","0.0000","-25.1557","-55.1121","0.0000","32.9837","14.2000","0.1678","10000.0000","45.39078914","-75.69572976","35.6","12.3","873.5","79","1","79","1","0","-0.02","0.02","-0.99","-0.3","0.1","-0.5","51.25","162.47","0","6553.5","73.9","0","0","0","0","26.0","73.9","31.2","30.0","0.10","-0.1","0.0","3.347","1.036","0.00","12.0","2.55","0"
"0.750","0.1155","12","0.0000","0.0000","-18.7864","20.4041","0.0000","32.9852","14.2000","0.1756","10000.0000","45.39078911","-75.69572973","35.6","12.2","873.5","79","1","79","1","0","-0.02","0.02","-0.99","-0.3","0.1","-0.5","51.17","132.25","0","6553.5","73.9","0","0","0","0","26.0","73.9","31.2","30.0","0.09","-0.1","0.0","3.340","1.036","0.00","12.0","2.55","0"
"0.800","0.1288","12","0.0000","0.0000","-17.7046","111.6243","0.0000","32.9824","14.2000","0.1856","10000.0000","45.39078901","-75.69572969","35.6","12.1","873.9","79","1","79","1","0","-0.02","0.02","-0.99","-0.3","0.1","-0.5","51.09","166.80","0","6553.5","73.9","0","0","0","0","26.0","73.9","31.2","30.0","0.09","-0.1","0.0","3.346","1.036","0.00","12.0","2.55","0"
"0.850","0.1272","12","0.0000","0.0000","-15.2024","86.9488","0.0000","32.9806","14.2000","0.1760","10000.0000","45.39078897","-75.69572970","35.6","12.1","873.5","79","1","79","1","0","-0.02","0.02","-1.00","-0.3","0.1","-0.5","51.01","180.00","0","6553.5","73.9","0","0","0","0","26.0","73.9","31.2","30.0","0.09","-0.1","0.0","3.352","1.036","0.00","12.0","2.55","0"
"0.900","0.1139","12","0.0000","0.0000","-11.5840","-28.7876","0.0000","32.9798","14.2000","0.1510","10000.0000","45.39078898","-75.69572976","35.6","12.0","874.0","79","1","79","1","0","-0.02","0.02","-1.00","-0.3","0.1","-0.5","50.93","157.20","0","6553.5","73.8","0","0","0","0","26.0","73.8","31.2","30.0","0.08","-0.1","0.0","3.356","1.036","0.00","12.0","2.55","0"
"0.950","0.1320","13","0.0000","0.0000","-8.6663","-33.6910","0.0000","32.9819","14.2000","0.1428","10000.0000","45.39078899","-75.69572976","35.6","12.0","873.7","79","1","79","1","0","-0.02","0.02","-0.99","-0.3","0.1","-0.5","50.85","178.02","0","6553.5","73.7","0","0","0","0","26.0","73.7","31.2","30.0","0.08","-0.1","0.0","3.353","1.037","0.00","12.0","2.55","0"
"1.000","0.1750","13","0.0000","0.0000","-6.2990","48.4886","0.0000","32.9863","14.2000","0.1478","10000.0000","45.39078902","-75.69572969","35.6","11.9","873.9","79","1","79","1","0","-0.02","0.01","-0.99","-0.3","0.1","-0.5","50.77","214.90","0","6553.5","73.7","0","0","0","0","26.0","73.7","31.2","30.0","0.07","-0.1","0.0","3.342","1.037","0.00","12.0","2.55","0"
"1.050","0.1597","13","0.0000","0.0000","-15.7924","66.4638","0.0000","32.9862","14.2000","0.1528","10000.0000","45.39078901","-75.69572967","35.6","11.8","873.7","79","1","79","1","0","-0.02","0.02","-0.99","-0.3","0.2","-0.5","50.69","188.10","0","6553.5","73.7","0","0","0","0","26.0","73.7","31.2","30.0","0.07","-0.1","0.0","3.345","1.036","0.00","12.0","2.55","0"
"1.100","0.0988","13","0.0000","0.0000","-34.6049","33.9926","0.0000","32.9827","14.2000","0.1578","10000.0000","45.39078898","-75.69572967","35.6","11.8","873.6","79","1","79","1","0","-0.02","0.02","-0.99","-0.3","0.2","-0.5","50.61","142.86","0","6553.5","73.7","0","0","0","0","26.0","73.7","31.2","30.0","0.07","-0.1","0.0","3.356","1.037","0.00","12.0","2.55","0"
"1.150","0.0744","13","0.0000","0.0000","-36.3118","-34.3283","0.0000","32.9810","14.2000","0.1656","10000.0000","45.39078893","-75.69572968","35.6","11.7","873.5","79","1","79","1","0","-0.02","0.02","-0.99","-0.3","0.2","-0.5","50.53","131.92","0","6553.5","73.6","0","0","0","0","26.0","73.6","31.2","30.0","0.06","-0.1","0.0","3.355","1.037","0.00","12.0","2.55","0"
"1.200","0.0786","13","0.0000","0.0000","-24.5788","-130.8170","0.0000","32.9809","14.2000","0.1756","10000.0000","45.39078887","-75.69572969","35.6","11.7","873.6","79","1","79","1","0","-0.02","0.01","-0.99","-0.4","0.2","-0.5","50.45","110.06","0","6553.5","73.6","0","0","0","0","26.4","73.6","31.2","30.0","0.06","-0.1","0.0","3.344","1.037","0.00","12.0","2.55","0"
"1.250","0.0805","13","0.0000","0.0000","-19.4162","-173.2720","0.0000","32.9808","14.2000","0.1800","10000.0000","45.39078884","-75.69572970","35.6","11.6","873.8","79","1","79","1","0","-0.02","0.02","-1.00","-0.4","0.1","-0.5","50.37","113.50","84","6553.5","73.6","0","0","0","0","26.9","73.6","31.2","30.0","0.06","-0.1","0.0","3.230","1.036","0.00","12.0","2.55","0"
"1.300","0.0805","13","0.0000","0.0000","-19.4162","-173.2720","0.0000","32.9808","14.2000","0.1800","10000.0000","45.39078884","-75.69572970","35.6","11.5","873.5","79","1","79","1","0","-0.02","0.02","-1.00","-0.3","0.1","-0.5","50.29","125.00","268","6553.5","73.5","0","0","0","0","26.6","73.5","31.2","30.0","0.06","-0.1","0.0","3.083","1.034","0.00","11.3","2.55","0"
"1.350","0.0914","13","0.0000","0.0000","-16.3542","-139.9263","0.0000","32.9828","14.2000","0.1744","10000.0000","45.39078886","-75.69572970","35.6","11.5","873.7","79","1","79","1","0","-0.06","0.02","-0.99","-0.3","0.1","-0.5","50.20","117.39","247","6553.5","73.4","0","0","0","0","26.1","73.4","31.2","30.0","0.06","-0.1","-0.0","2.839","1.030","0.00","10.3","2.55","0"
"1.400","0.1108","13","0.0000","0.0000","-10.8864","-80.3804","0.0000","32.9864","14.2000","0.1644","10000.0000","45.39078889","-75.69572970","35.6","11.4","874.0","79","1","79","1","0","-0.06","0.02","-0.99","-0.3","0.1","-0.5","50.12","103.31","122","6553.5","73.4","0","0","0","0","26.0","73.4","31.2","30.0","0.09","-0.1","-0.0","2.765","1.025","0.00","10.3","2.55","0"
"1.450","0.1299","13","0.0000","0.0000","-9.5731","0.5641","0.0000","32.9859","14.2000","0.1656","10000.0000","45.39078889","-75.69572970","35.6","11.4","873.2","79","1","79","1","0","-0.04","0.02","-0.99","-0.3","0.1","-0.5","50.04","90.57","284","6553.5","73.4","0","0","0","0","26.0","73.4","31.2","30.0","0.12","-0.1","-0.0","2.891","1.024","0.00","10.5","2.55","0"
"1.500","0.1487","13","0.0000","0.0000","-11.5241","98.3219","0.0000","32.9824","14.2000","0.1756","10000.0000","45.39078885","-75.69572970","35.6","11.3","873.8","79","1","79","1","0","-0.02","0.02","-1.00","-0.3","0.2","-0.5","49.96","87.78","481","6553.5","73.4","0","0","0","0","26.0","73.4","31.2","30.0","0.19","-0.1","0.0","2.959","1.025","0.00","10.6","2.55","0"
"1.550","0.1331","13","0.0000","0.0000","-21.6249","152.1614","0.0000","32.9813","14.2000","0.1800","10000.0000","45.39078884","-75.69572966","35.6","11.2","873.5","79","1","79","1","0","-0.01","0.02","-1.00","-0.3","0.2","-0.5","49.88","87.50","479","6553.5","73.3","0","0","0","0","26.0","73.3","31.2","30.0","0.26","-0.1","0.0","2.998","1.019","0.00","10.7","2.55","0"
"1.600","0.0907","13","0.0000","0.0000","-38.1290","171.4938","0.0000","32.9822","14.2000","0.1800","10000.0000","45.39078883","-75.69572960","35.6","11.2","873.6","79","1","79","1","0","-0.05","0.02","-1.00","-0.3","0.2","-0.5","49.80","102.17","469","6553.5","73.2","0","0","0","0","26.0","73.2","31.2","30.0","0.33","-0.1","0.0","3.007","1.014","0.00","10.8","2.55","0"
"1.650","0.1106","13","0.0000","0.0000","-36.3638","90.3943","0.0000","32.9844","14.2000","0.1800","10000.0000","45.39078881","-75.69572958","35.6","11.2","873.8","79","1","79","1","0","-0.05","0.01","-0.99","-0.3","0.2","-0.5","49.76","118.47","439","6553.5","73.1","0","0","0","0","26.0","73.1","31.2","30.0","0.39","-0.1","0.0","3.011","1.010","0.00","11.0","2.55","0"
"1.700","0.1796","13","0.0000","0.0000","-20.2441","-69.6160","0.0000","32.9879","14.2000","0.1800","10000.0000","45.39078878","-75.69572960","35.6","11.2","873.5","79","1","79","1","0","-0.04","0.01","-0.98","-0.3","0.2","-0.5","49.78","127.21","401","6553.5","73.1","0","0","0","0","26.0","73.1","31.2","30.0","0.44","-0.1","0.0","3.013","1.009","0.00","11.0","2.55","0"
"1.750","0.1973","13","0.0000","0.0000","-13.4469","-93.4951","0.0000","32.9894","14.2000","0.1800","10000.0000","45.39078880","-75.69572960","35.6","11.3","874.0","79","1","79","1","0","-0.05","0.02","-0.98","-0.3","0.2","-0.5","49.81","125.00","352","6553.5","73.0","0","0","0","0","26.0","73.0","31.2","30.0","0.49","-0.1","0.0","3.006","1.010","0.00","11.1","2.55","0"
"1.800","0.1749","13","0.0000","0.0000","-13.9744","-10.4142","0.0000","32.9896","14.2000","0.1800","10000.0000","45.39078886","-75.69572958","35.6","11.3","874.0","79","1","79","1","0","-0.04","0.01","-0.98","-0.3","0.2","-0.6","49.83","158.25","673","6553.5","73.3","0","0","0","0","26.0","73.3","31.2","30.0","0.54","-0.1","0.1","2.970","0.995","0.00","11.3","2.55","0"
"1.850","0.1692","13","0.0000","0.0000","-13.0264","-3.4974","0.0000","32.9916","14.2000","0.1716","10000.0000","45.39078887","-75.69572958","35.6","11.4","873.8","79","1","79","1","0","-0.02","0.00","-0.97","-0.3","0.2","-0.6","49.86","245.75","1184","6553.5","73.6","0","0","0","0","26.0","73.6","31.2","30.0","0.66","-0.1","0.0","3.035","0.972","0.00","11.5","2.55","0"
"1.900","0.1767","13","0.0000","0.0000","-10.9192","-56.4240","0.0000","32.9950","14.2000","0.1566","10000.0000","45.39078884","-75.69572960","35.6","11.4","873.5","79","1","79","1","0","-0.04","0.00","-0.98","-0.3","0.2","-0.5","49.89","300.00","1290","6553.5","74.4","0","0","0","0","26.0","74.4","31.2","30.0","1.12","-0.1","0.0","3.221","0.953","0.00","11.7","2.55","0"
"1.950","0.2016","13","0.0000","0.0000","-7.5938","-29.3833","0.0000","32.9970","14.2000","0.1500","10000.0000","45.39078882","-75.69572957","35.6","11.5","873.8","79","1","79","1","0","-0.06","-0.01","-0.99","-0.3","0.1","-0.5","49.91","224.00","1326","6553.5","75.3","0","0","0","0","26.0","75.3","31.2","30.0","1.51","-0.1","0.0","3.316","0.937","0.00","11.8","2.55","0"
"2.000","0.2401","13","0.0000","0.0000","-3.3113","60.4887","0.0000","32.9978","14.2000","0.1500","10000.0000","45.39078881","-75.69572951","35.6","11.5","873.6","79","1","79","1","0","-0.02","-0.00","-0.99","-0.3","0.1","-0.4","49.94","106.73","1301","6553.5","75.9","0","0","0","0","26.0","75.9","31.2","30.0","1.69","-0.1","0.0","3.364","0.947","0.00","11.9","2.55","0"
"2.050","0.2365","13","0.0000","0.0000","-3.4267","72.0846","0.0000","33.0002","14.2000","0.1584","10000.0000","45.39078883","-75.69572948","35.6","11.6","874.0","79","1","79","1","0","-0.03","0.01","-0.99","-0.3","0.1","-0.4","49.96","124.42","1286","6553.5","76.5","0","0","0","0","26.0","76.5","31.2","30.0","1.81","-0.1","0.0","3.369","0.957","0.00","12.0","2.55","0"
"2.100","0.1997","13","0.0000","0.0000","-6.9977","22.1781","0.0000","33.0038","14.2000","0.1734","10000.0000","45.39078886","-75.69572948","35.6","11.7","873.5","79","1","79","1","0","-0.14","0.01","-0.98","-0.3","0.1","-0.5","49.99","145.81","1297","6553.5","77.1","0","0","0","0","26.4","77.1","31.2","30.0","1.74","-0.1","0.0","3.365","0.963","0.00","12.0","2.55","0"
"2.150","0.1794","13","0.0000","0.0000","-5.2997","-8.5248","0.0000","33.0072","14.2000","0.1800","10000.0000","45.39078886","-75.69572949","35.6","11.7","873.5","79","1","79","1","0","-0.04","0.01","-1.00","-0.3","0.1","-0.5","50.01","194.19","1328","6553.5","77.7","0","0","0","0","26.9","77.7","31.2","30.0","1.69","-0.1","0.0","3.350","0.970","0.00","11.9","2.55","0"
"2.200","0.1721","13","0.0000","0.0000","0.5382","-24.1391","0.0000","33.0106","14.2000","0.1800","10000.0000","45.39078882","-75.69572951","35.6","11.8","874.0","79","1","79","1","0","-0.05","0.02","-1.00","-0.3","0.1","-0.5","50.04","200.00","1381","6553.5","78.3","0","0","0","0","27.0","78.3","31.2","30.0","1.80","-0.1","0.0","3.341","0.975","0.00","11.9","2.55","0"
"2.250","0.1804","13","0.0000","0.0000","4.4125","-7.4722","0.0000","33.0165","14.2000","0.1772","10000.0000","45.39078881","-75.69572949","35.6","11.8","873.8","79","1","79","1","0","-0.08","0.05","-0.98","-0.3","0.1","-0.5","50.06","163.93","1325","6553.5","78.9","0","0","0","0","27.0","78.9","31.2","30.0","1.90","-0.1","0.0","3.347","0.966","0.00","12.0","2.55","0"
"2.300","0.2009","13","0.0000","0.0000","6.7439","34.5584","0.0000","33.0243","14.2000","0.1722","10000.0000","45.39078880","-75.69572944","35.6","11.9","873.5","79","1","79","1","0","-0.10","0.05","-0.98","-0.3","0.1","-0.5","50.09","122.95","1212","6553.5","79.2","0","0","0","0","26.6","79.2","31.2","30.0","2.00","-0.1","0.0","3.350","0.950","0.00","12.0","2.55","0"
"2.350","0.2305","13","0.0000","0.0000","7.7245","42.7910","0.0000","33.0278","14.2000","0.1756","10000.0000","45.39078880","-75.69572942","35.6","11.9","873.7","79","1","79","1","0","-0.05","0.03","-0.99","-0.3","0.1","-0.5","50.11","100.00","1110","6553.5","79.4","0","0","0","0","26.1","79.4","31.2","30.0","2.03","-0.1","0.1","3.349","0.954","0.00","11.9","2.55","0"
"2.400","0.2673","13","0.0000","0.0000","7.6438","24.4680","0.0000","33.0278","14.2000","0.1856","10000.0000","45.39078880","-75.69572942","35.6","12.0","873.5","79","1","79","1","0","-0.03","0.03","-1.00","-0.3","0.1","-0.5","50.14","364.00","1022","6553.5","79.9","0","0","0","0","26.0","79.9","31.2","30.0","1.80","-0.1","0.0","3.360","0.960","0.00","12.0","2.52","0"
"2.450","0.2795","13","0.0000","0.0000","8.0671","9.7437","0.0000","33.0278","14.2000","0.1900","10000.0000","45.39078880","-75.69572942","35.6","12.1","873.5","79","1","79","1","0","-0.11","0.03","-0.99","-0.3","0.1","-0.5","50.16","570.92","1111","6553.5","80.5","0","0","0","0","26.0","80.5","31.2","30.0","1.65","-0.1","0.0","3.378","0.967","0.00","12.1","2.47","0"
"2.500","0.2725","13","0.0000","0.0000","8.8863","-2.1531","0.0000","33.0278","14.2000","0.1900","10000.0000","45.39078880","-75.69572942","35.6","12.1","874.0","79","1","79","1","0","-0.07","0.04","-1.00","-0.3","0.1","-0.6","50.19","277.55","1145","6553.5","80.7","0","0","0","0","26.0","80.7","31.2","30.0","1.80","-0.1","0.0","3.382","0.976","0.00","11.9","2.49","0"
"2.550","0.2645","13","0.0000","0.0000","12.7061","1.4874","0.0000","33.0337","14.2000","0.1872","10000.0000","45.39078881","-75.69572943","35.6","12.2","873.7","79","1","79","1","0","-0.05","0.03","-1.01","-0.3","0.1","-0.5","50.21","126.71","1023","6553.5","80.8","0","0","0","0","26.0","80.8","31.1","30.0","1.88","-0.1","0.0","3.384","0.993","0.00","11.7","2.54","0"
"2.600","0.2558","13","0.0000","0.0000","18.8833","17.3356","0.0000","33.0442","14.2000","0.1822","10000.0000","45.39078885","-75.69572945","35.6","12.2","874.0","79","1","79","1","0","-0.05","0.02","-1.00","-0.3","0.1","-0.5","50.24","128.57","1023","6553.5","81.0","0","0","0","0","26.4","81.0","31.1","30.0","1.70","-0.1","0.0","3.375","0.996","0.00","11.8","2.55","0"
"2.650","0.2367","13","0.0000","0.0000","21.6285","16.0033","0.0000","33.0468","14.2000","0.1828","10000.0000","45.39078884","-75.69572945","35.6","12.3","873.5","79","1","79","1","0","0.02","0.03","-1.00","-0.3","0.0","-0.5","50.26","128.57","1164","6553.5","81.3","0","0","0","0","26.9","81.3","31.2","30.0","1.58","-0.1","0.0","3.369","0.984","0.00","12.0","2.55","0"
"2.700","0.2092","13","0.0000","0.0000","21.6772","1.1719","0.0000","33.0433","14.2000","0.1878","10000.0000","45.39078881","-75.69572945","35.6","12.3","873.5","79","1","79","1","0","0.09","0.03","-1.00","-0.3","0.0","-0.5","50.29","128.57","1165","6553.5","81.4","0","0","0","0","26.6","81.4","31.2","30.0","1.73","-0.1","0.0","3.367","0.982","0.00","12.1","2.55","0"
"2.750","0.1705","13","0.0000","0.0000","26.4764","13.3619","0.0000","33.0402","14.2000","0.1760","10000.0000","45.39078878","-75.69572942","35.6","12.3","873.5","79","1","79","1","0","0.06","0.02","-0.99","-0.3","0.0","-0.5","50.32","128.57","1095","6553.5","81.4","0","0","0","0","26.1","81.4","31.2","30.0","1.83","-0.1","0.0","3.369","0.985","0.00","12.3","2.55","0"
"2.800","0.1228","13","0.0000","0.0000","35.0082","46.7832","0.0000","33.0375","14.2000","0.1510","10000.0000","45.39078874","-75.69572936","35.6","12.4","873.9","79","1","79","1","0","0.04","0.02","-0.99","-0.3","0.0","-0.5","50.34","128.57","975","6553.5","81.5","0","0","0","0","26.4","81.5","31.2","30.0","1.74","-0.1","0.0","3.383","0.988","0.00","12.3","2.55","0"
"2.850","0.1303","13","0.0000","0.0000","34.1745","30.8834","0.0000","33.0397","14.2000","0.1484","10000.0000","45.39078872","-75.69572937","35.6","12.4","873.5","79","1","79","1","0","0.09","0.02","-1.01","-0.3","0.1","-0.5","50.37","136.71","861","6553.5","81.6","0","0","0","0","26.9","81.6","31.2","30.0","1.66","-0.1","0.0","3.391","0.992","0.00","12.3","2.55","0"
"2.900","0.1812","13","0.0000","0.0000","25.9822","-23.7685","0.0000","33.0458","14.2000","0.1634","10000.0000","45.39078873","-75.69572945","35.6","12.4","874.0","79","1","79","1","0","0.04","0.02","-1.01","-0.3","0.1","-0.4","50.39","148.44","981","6553.5","81.7","0","0","0","0","27.0","81.7","31.1","30.0","1.60","-0.1","0.0","3.384","0.994","0.00","12.2","2.55","0"
"2.950","0.2063","13","0.0000","0.0000","22.6904","-42.6471","0.0000","33.0485","14.2000","0.1728","10000.0000","45.39078874","-75.69572948","35.6","12.5","873.5","79","1","79","1","0","-0.01","0.03","-1.01","-0.3","0.1","-0.4","50.42","144.34","1067","6553.5","81.8","0","0","0","0","27.0","81.8","31.1","30.0","1.54","-0.1","0.0","3.379","0.998","0.00","12.1","2.55","0"
"3.000","0.2109","13","0.0000","0.0000","23.2490","-33.4180","0.0000","33.0485","14.2000","0.1778","10000.0000","45.39078874","-75.69572948","35.6","12.5","874.0","79","1","79","1","0","-0.05","0.03","-0.99","-0.3","0.1","-0.4","50.44","140.25","1061","6553.5","81.7","0","0","0","0","27.0","81.7","31.1","30.0","1.43","-0.1","0.0","3.381","1.004","0.00","12.1","2.55","0"
"3.050","0.2047","13","0.0000","0.0000","23.4633","17.4887","0.0000","33.0490","14.2000","0.1716","10000.0000","45.39078873","-75.69572945","35.6","12.5","873.5","79","1","79","1","0","-0.05","0.02","-0.99","-0.3","0.1","-0.5","50.47","129.47","1052","6553.5","81.6","0","0","0","0","27.0","81.6","31.1","30.0","1.33","-0.1","0.0","3.390","1.006","0.00","12.1","2.55","0"
"3.100","0.1900","13","0.0000","0.0000","23.4070","101.1421","0.0000","33.0499","14.2000","0.1566","10000.0000","45.39078872","-75.69572939","35.6","12.5","873.5","79","1","79","1","0","-0.06","0.03","-1.00","-0.3","0.1","-0.5","50.49","128.57","1041","6553.5","81.8","0","0","0","0","27.0","81.8","31.2","30.0","1.27","-0.1","0.0","3.408","1.002","0.00","12.3","2.55","0"
"3.150","0.1685","13","0.0000","0.0000","25.1631","88.6145","0.0000","33.0483","14.2000","0.1556","10000.0000","45.39078870","-75.69572936","35.6","12.6","873.5","79","1","79","1","0","-0.05","0.04","-1.01","-0.3","0.0","-0.5","50.52","133.87","1038","6553.5","82.0","0","0","0","0","27.0","82.0","31.2","30.0","1.28","-0.1","0.0","3.411","0.996","0.00","12.5","2.55","0"
"3.200","0.1416","13","0.0000","0.0000","28.3432","0.5162","0.0000","33.0447","14.2000","0.1656","10000.0000","45.39078867","-75.69572936","35.6","12.6","873.5","79","1","79","1","0","-0.00","0.03","-1.00","-0.3","0.0","-0.5","50.54","139.63","1041","6553.5","82.0","0","0","0","0","27.0","82.0","31.1","30.0","1.59","-0.1","0.0","3.406","0.990","0.00","12.4","2.55","0"
"3.250","0.1661","13","0.0000","0.0000","24.8889","-25.2792","0.0000","33.0412","14.2000","0.1756","10000.0000","45.39078867","-75.69572935","35.6","12.6","873.0","79","1","79","1","0","-0.01","0.01","-0.99","-0.3","0.0","-0.5","50.57","142.86","998","6553.5","82.1","0","0","0","0","27.0","82.1","31.1","30.0","1.81","-0.1","0.0","3.391","0.997","0.00","12.3","2.55","0"
"3.300","0.2310","13","0.0000","0.0000","16.2218","-2.1222","0.0000","33.0378","14.2000","0.1856","10000.0000","45.39078870","-75.69572934","35.6","12.6","873.9","79","1","79","1","0","-0.05","0.02","-0.99","-0.3","0.1","-0.5","50.59","141.60","962","6553.5","82.4","0","0","0","0","27.0","82.5","31.1","30.0","1.72","-0.1","0.0","3.377","1.005","0.00","12.4","2.55","0"
"3.350","0.2246","13","0.0000","0.0000","15.7974","-20.0977","0.0000","33.0362","14.2000","0.1760","10000.0000","45.39078868","-75.69572934","35.6","12.7","873.5","79","1","79","1","0","-0.03","0.03","-0.99","-0.3","0.1","-0.5","50.62","146.42","1156","6553.5","82.9","0","0","0","0","27.0","82.9","31.1","30.0","1.66","-0.1","0.0","3.391","0.983","0.00","12.6","2.55","0"
"3.400","0.1622","13","0.0000","0.0000","21.8495","-70.3916","0.0000","33.0361","14.2000","0.1510","10000.0000","45.39078862","-75.69572935","35.6","12.7","873.6","79","1","79","1","0","-0.02","0.03","-0.99","-0.3","0.1","-0.5","50.64","161.00","1276","6553.5","83.3","0","0","0","0","27.0","83.4","31.1","30.0","1.79","-0.1","-0.0","3.403","0.964","0.00","12.5","2.55","0"
"3.450","0.1513","13","0.0000","0.0000","21.5963","-26.5424","0.0000","33.0345","14.2000","0.1456","10000.0000","45.39078857","-75.69572933","35.6","12.7","873.5","79","1","79","1","0","-0.02","0.03","-1.01","-0.3","0.0","-0.5","50.67","171.64","1163","6553.5","83.8","0","0","0","0","27.0","83.8","31.1","30.0","1.89","-0.1","0.0","3.409","0.957","0.00","12.3","2.55","0"
"3.500","0.1808","13","0.0000","0.0000","16.3889","91.2763","0.0000","33.0318","14.2000","0.1556","10000.0000","45.39078853","-75.69572926","35.6","12.8","873.5","79","1","79","1","0","-0.03","0.02","-1.01","-0.3","0.0","-0.4","50.69","90.91","1102","6553.5","84.1","0","0","0","0","27.0","84.1","31.1","30.0","1.92","-0.1","0.0","3.411","0.952","0.00","12.4","2.55","0"
"3.550","0.1621","13","0.0000","0.0000","19.6697","94.2201","0.0000","33.0286","14.2000","0.1628","10000.0000","45.39078850","-75.69572924","35.6","12.8","873.3","79","1","79","1","0","0.02","0.02","-1.01","-0.3","0.0","-0.4","50.72","91.74","1205","6553.5","84.4","0","0","0","0","27.0","84.4","31.1","30.0","1.93","-0.1","0.0","3.401","0.950","0.00","12.5","2.55","0"
"3.600","0.1054","13","0.0000","0.0000","29.6196","6.9052","0.0000","33.0251","14.2000","0.1678","10000.0000","45.39078846","-75.69572924","35.6","12.8","873.5","79","1","79","1","0","0.08","0.03","-1.02","-0.3","0.0","-0.4","50.75","112.54","1274","6553.5","84.8","0","0","0","0","27.0","84.9","31.1","30.0","1.87","-0.1","0.0","3.392","0.949","0.00","12.5","2.55","0"
"3.650","0.0805","13","0.0000","0.0000","32.3928","-0.3599","0.0000","33.0240","14.2000","0.1616","10000.0000","45.39078845","-75.69572920","35.6","12.8","873.8","79","1","79","1","0","0.02","0.03","-1.01","-0.2","0.0","-0.5","50.77","133.34","1234","6553.5","85.3","0","0","0","0","27.0","85.3","31.1","30.0","1.83","-0.1","0.0","3.388","0.947","0.00","12.5","2.55","0"
"3.700","0.0805","13","0.0000","0.0000","29.5271","55.2713","0.0000","33.0249","14.2000","0.1466","10000.0000","45.39078844","-75.69572914","35.6","12.9","873.5","79","1","79","1","0","0.02","0.03","-0.99","-0.2","0.0","-0.5","50.80","140.00","1197","6553.5","85.6","0","0","0","0","27.0","85.6","31.1","30.0","1.92","-0.1","0.0","3.386","0.946","0.00","12.5","2.55","0"
"3.750","0.0943","13","0.0000","0.0000","24.1260","28.2815","0.0000","33.0252","14.2000","0.1400","10000.0000","45.39078844","-75.69572911","35.6","12.9","873.5","79","1","79","1","0","-0.01","0.04","-1.00","-0.2","0.0","-0.5","50.77","146.80","1169","6553.5","85.8","0","0","0","0","27.0","85.8","31.1","30.0","1.99","-0.1","0.0","3.390","0.946","0.00","12.5","2.55","0"
"3.800","0.1190","13","0.0000","0.0000","16.7328","-63.6248","0.0000","33.0252","14.2000","0.1400","10000.0000","45.39078844","-75.69572911","35.6","12.9","873.9","79","1","79","1","0","-0.00","0.04","-1.01","-0.2","0.1","-0.5","50.65","150.00","1163","6553.5","86.2","0","0","0","0","27.0","86.3","31.1","30.0","1.96","-0.1","0.0","3.394","0.946","0.00","12.5","2.55","0"
"3.850","0.1561","13","0.0000","0.0000","12.0800","-116.7959","0.0000","33.0272","14.2000","0.1457","10000.0000","45.39078842","-75.69572912","35.6","12.9","873.5","79","1","79","1","0","-0.04","0.03","-1.00","-0.3","0.1","-0.5","50.54","150.00","1225","6553.5","86.7","0","0","0","0","27.0","86.7","31.1","30.0","1.95","-0.1","0.0","3.397","0.946","0.00","12.5","2.55","0"
"3.900","0.2031","13","0.0000","0.0000","9.5803","-139.5322","0.0000","33.0307","14.2000","0.1559","10000.0000","45.39078839","-75.69572914","35.6","12.9","873.6","79","1","79","1","0","-0.01","0.02","-0.98","-0.3","0.1","-0.5","50.42","150.00","1270","6553.5","87.1","0","0","0","0","27.0","87.1","31.1","30.0","2.02","-0.1","0.0","3.401","0.946","0.00","12.5","2.55","0"
"3.950","0.2201","13","0.0000","0.0000","8.2837","-114.4350","0.0000","33.0315","14.2000","0.1630","10000.0000","45.39078838","-75.69572918","35.6","12.9","873.7","79","1","79","1","0","-0.00","0.03","-0.99","-0.3","0.1","-0.5","50.30","136.71","1260","6553.5","87.4","0","0","0","0","27.0","87.4","31.1","30.0","2.05","-0.1","0.0","3.403","0.945","0.00","12.5","2.55","0"
"4.000","0.2172","13","0.0000","0.0000","7.7890","-57.4488","0.0000","33.0307","14.2000","0.1680","10000.0000","45.39078839","-75.69572924","35.6","12.9","873.5","79","1","79","1","0","-0.03","0.04","-0.99","-0.3","0.1","-0.5","50.18","128.57","1248","6553.5","87.8","0","0","0","0","27.0","87.8","31.1","30.0","1.99","-0.1","0.0","3.406","0.947","0.00","12.4","2.55","0"
"4.050","0.2362","13","0.0000","0.0000","6.0779","-72.8107","0.0000","33.0265","14.1700","0.1700","10000.0000","45.39078831","-75.69572924","35.6","12.9","873.2","79","1","79","1","0","0.01","0.03","-0.99","-0.3","0.1","-0.5","50.07","132.87","1232","6553.5","88.2","0","0","0","0","27.0","88.2","31.1","30.0","1.95","-0.1","0.0","3.410","0.954","0.00","12.3","2.55","0"
"4.100","0.2700","13","0.0000","0.0000","3.5557","-136.4044","0.0000","33.0201","14.1200","0.1700","10000.0000","45.39078817","-75.69572919","35.6","12.9","873.5","79","1","79","1","0","0.07","0.02","-0.99","-0.3","0.1","-0.5","49.95","139.81","1215","6553.5","88.5","0","0","0","0","27.0","88.5","31.1","30.0","2.04","-0.1","0.0","3.414","0.960","0.00","12.3","2.55","0"
"4.150","0.2676","13","0.0000","0.0000","2.0722","-98.4559","0.0000","33.0197","14.1000","0.1640","10000.0000","45.39078818","-75.69572917","35.6","12.9","873.3","79","1","79","1","0","0.03","0.02","-1.00","-0.3","0.1","-0.5","49.83","142.86","1195","6553.5","88.8","0","0","0","0","27.0","88.8","31.1","30.0","2.09","-0.1","0.0","3.419","0.959","0.00","12.4","2.55","0"
"4.200","0.2411","13","0.0000","0.0000","1.2811","7.1874","0.0000","33.0234","14.1000","0.1540","10000.0000","45.39078827","-75.69572915","35.6","12.9","873.5","79","1","79","1","0","-0.02","0.00","-0.99","-0.3","0.1","-0.5","49.71","160.86","1190","6553.5","89.3","0","0","0","0","27.0","89.3","31.1","30.0","2.02","-0.1","0.0","3.423","0.959","0.00","12.4","2.55","0"
"4.250","0.2443","13","0.0000","0.0000","1.4888","84.8361","0.0000","33.0275","14.1000","0.1560","10000.0000","45.39078829","-75.69572912","35.6","12.9","873.3","79","1","79","1","0","-0.01","0.00","-0.99","-0.3","0.1","-0.5","49.60","162.13","1232","6553.5","89.9","0","0","0","0","27.0","89.9","31.1","30.0","1.97","-0.1","0.0","3.422","0.959","0.00","12.4","2.55","0"
"4.300","0.2673","13","0.0000","0.0000","2.3625","143.8217","0.0000","33.0318","14.1000","0.1660","10000.0000","45.39078825","-75.69572907","35.6","12.9","873.5","79","1","79","1","0","0.06","0.02","-1.00","-0.3","0.1","-0.5","49.48","139.14","1241","6553.5","90.3","0","0","0","0","27.0","90.3","31.1","30.0","2.03","-0.1","0.0","3.423","0.958","0.00","12.4","2.55","0"
"4.350","0.2325","13","0.0000","0.0000","4.8576","66.8043","0.0000","33.0393","14.1000","0.1670","10000.0000","45.39078826","-75.69572910","35.6","12.9","873.5","79","1","79","1","0","0.10","0.02","-1.00","-0.3","0.1","-0.5","49.36","128.57","1146","6553.5","90.6","0","0","0","0","27.0","90.6","31.1","30.0","2.06","-0.1","0.0","3.428","0.954","0.00","12.5","2.55","0"
"4.400","0.1591","13","0.0000","0.0000","8.4335","-100.8817","0.0000","33.0489","14.1000","0.1620","10000.0000","45.39078830","-75.69572918","35.6","12.9","873.9","79","1","79","1","0","0.07","0.01","-0.99","-0.3","0.0","-0.5","49.24","149.14","1106","6553.5","90.9","0","0","0","0","27.0","90.9","31.1","30.0","1.99","-0.1","0.0","3.430","0.950","0.00","12.5","2.55","0"
"4.450","0.1061","13","0.0000","0.0000","7.2866","-114.5501","0.0000","33.0491","14.1000","0.1630","10000.0000","45.39078831","-75.69572916","35.6","12.9","873.3","79","1","79","1","0","0.05","0.02","-0.99","-0.3","0.0","-0.5","49.13","156.58","1245","6553.5","91.2","0","0","0","0","27.0","91.2","31.1","30.0","1.93","-0.1","0.0","3.420","0.947","0.00","12.6","2.55","0"
"4.500","0.0667","13","0.0000","0.0000","2.9912","-25.5400","0.0000","33.0430","14.1000","0.1680","10000.0000","45.39078830","-75.69572908","35.6","13.0","873.5","79","1","79","1","0","0.01","0.01","-0.98","-0.3","0.0","-0.4","49.01","137.91","1339","6553.5","91.6","0","0","0","0","27.0","91.7","31.1","30.0","1.93","-0.1","0.0","3.413","0.947","0.00","12.6","2.55","0"
"4.550","0.0509","13","0.0000","0.0000","7.1934","-26.8283","0.0000","33.0421","14.1000","0.1640","10000.0000","45.39078828","-75.69572910","35.6","13.0","873.5","79","1","79","1","0","-0.06","0.01","-0.99","-0.3","0.0","-0.4","48.89","128.57","1290","6553.5","92.1","0","0","0","0","27.0","92.1","31.1","30.0","1.95","-0.1","0.0","3.413","0.959","0.00","12.6","2.55","0"
"4.600","0.0509","13","0.0000","0.0000","17.0607","-88.3156","0.0000","33.0446","14.1000","0.1540","10000.0000","45.39078826","-75.69572918","35.6","13.0","873.6","79","1","79","1","0","-0.06","0.03","-1.00","-0.4","0.1","-0.4","48.77","128.57","1249","6553.5","92.6","0","0","0","0","27.0","92.6","31.1","30.0","2.03","-0.1","0.0","3.413","0.968","0.00","12.6","2.55","0"
"4.650","0.0680","13","0.0000","0.0000","12.4280","-35.4336","0.0000","33.0462","14.1000","0.1560","10000.0000","45.39078824","-75.69572917","35.6","13.0","873.5","79","1","79","1","0","-0.03","0.04","-1.00","-0.4","0.0","-0.4","48.66","128.57","1237","6553.5","93.2","0","0","0","0","27.0","93.2","31.1","30.0","2.09","-0.1","0.0","3.411","0.970","0.00","12.5","2.55","0"
"4.700","0.0966","13","0.0000","0.0000","-1.8714","93.6944","0.0000","33.0470","14.1000","0.1660","10000.0000","45.39078824","-75.69572911","35.6","13.0","873.5","79","1","79","1","0","-0.07","0.04","-1.00","-0.4","0.0","-0.4","48.54","127.70","1224","6553.5","93.6","0","0","0","0","27.0","93.7","31.1","30.0","2.05","-0.1","0.0","3.398","0.973","0.00","12.5","2.55","0"
"4.750","0.1909","13","0.0000","0.0000","-6.7870","57.2815","0.0000","33.0404","14.1000","0.1670","10000.0000","45.39078814","-75.69572913","35.6","13.0","873.5","79","1","79","1","0","-0.03","0.02","-0.98","-0.4","0.1","-0.5","48.42","125.97","1208","6553.5","94.1","0","0","0","0","27.0","94.1","31.1","30.0","2.02","-0.1","-0.0","3.347","0.976","0.00","12.5","2.55","0"
"4.800","0.3291","13","0.0000","0.0000","-5.4467","-89.4919","0.0000","33.0287","14.1000","0.1620","10000.0000","45.39078799","-75.69572921","35.6","13.0","873.6","79","1","79","1","0","-0.01","0.00","-0.98","-0.4","0.1","-0.5","48.39","125.00","1198","6553.5","94.5","0","0","0","0","27.0","94.6","31.1","30.0","2.03","-0.1","0.0","3.318","0.979","0.00","12.5","2.55","0"
"4.850","0.3330","13","0.0000","0.0000","-7.3784","-50.4207","0.0000","33.0202","14.1000","0.1630","10000.0000","45.39078789","-75.69572920","35.6","13.0","873.2","79","1","79","1","0","-0.06","0.01","-0.99","-0.4","0.1","-0.4","48.53","109.60","1208","6553.5","95.0","0","0","0","0","27.0","95.0","31.1","30.0","2.02","-0.1","0.0","3.361","0.980","0.00","12.5","2.55","0"
"4.900","0.2473","13","0.0000","0.0000","-11.4914","112.5470","0.0000","33.0140","14.1000","0.1680","10000.0000","45.39078782","-75.69572914","35.6","13.0","873.6","79","1","79","1","0","-0.06","0.03","-1.00","-0.4","0.1","-0.4","48.66","100.15","1199","6553.5","95.3","0","0","0","0","27.0","95.3","31.1","30.0","1.98","-0.1","0.0","3.395","0.978","0.00","12.4","2.55","0"
"4.950","0.1949","13","0.0000","0.0000","-11.8912","106.4157","0.0000","33.0194","14.1000","0.1640","10000.0000","45.39078783","-75.69572916","35.6","13.0","873.5","79","1","79","1","0","-0.02","0.03","-0.99","-0.3","0.1","-0.4","48.80","123.23","1127","6553.5","95.5","0","0","0","0","27.0","95.5","31.0","30.0","1.93","-0.1","0.0","3.401","0.966","0.00","12.3","2.55","0"
"5.000","0.1648","13","0.0000","0.0000","-9.8156","-12.4482","0.0000","33.0326","14.1000","0.1540","10000.0000","45.39078791","-75.69572924","35.6","13.0","873.5","79","1","79","1","0","0.02","0.02","-0.99","-0.3","0.1","-0.5","48.94","146.31","1103","6553.5","95.8","0","0","0","0","27.0","95.8","31.0","30.0","1.87","-0.1","0.0","3.404","0.955","0.00","12.4","2.55","0"
"5.050","0.1966","13","0.0000","0.0000","-7.7084","-13.4785","0.0000","33.0384","14.1000","0.1530","10000.0000","45.39078793","-75.69572923","35.6","13.0","873.5","79","1","79","1","0","0.02","0.03","-1.00","-0.3","0.1","-0.5","49.07","150.00","1228","6553.5","96.2","0","0","0","0","27.0","96.2","31.1","30.0","1.83","-0.1","0.0","3.401","0.950","0.00","12.6","2.55","0"
"5.100","0.2698","13","0.0000","0.0000","-5.5803","64.0470","0.0000","33.0393","14.1000","0.1580","10000.0000","45.39078792","-75.69572917","35.6","13.0","873.5","79","1","79","1","0","0.07","0.03","-1.00","-0.3","0.1","-0.5","49.21","150.00","1303","6553.5","96.6","0","0","0","0","27.0","96.7","31.1","30.0","1.89","-0.1","0.0","3.400","0.947","0.00","12.6","2.55","0"
"5.150","0.4007","13","0.0000","0.0000","-2.3539","56.3343","0.0000","33.0492","14.0700","0.1630","10000.0000","45.39078799","-75.69572923","35.6","13.0","873.5","79","1","79","1","0","0.01","0.03","-1.01","-0.3","0.1","-0.5","49.35","150.00","1222","6553.5","97.1","0","0","0","0","27.0","97.1","31.1","30.0","1.95","-0.1","0.0","3.409","0.948","0.00","12.5","2.55","0"
"5.200","0.5701","13","0.0000","0.0000","1.6046","-8.2038","0.0000","33.0651","14.0200","0.1680","10000.0000","45.39078810","-75.69572937","35.6","13.0","873.9","79","1","79","1","0","-0.02","0.02","-1.00","-0.3","0.1","-0.5","49.49","150.00","1185","6553.5","97.5","0","0","0","0","27.0","97.5","31.1","30.0","1.99","-0.1","0.0","3.415","0.951","0.00","12.5","2.55","0"
"5.250","0.4995","13","0.0000","0.0000","4.4524","16.9517","0.0000","33.0634","14.0000","0.1700","10000.0000","45.39078806","-75.69572939","35.6","13.0","873.5","79","1","79","1","0","-0.04","0.02","-0.97","-0.3","0.1","-0.5","49.62","150.00","1288","6553.5","97.8","0","0","0","0","27.0","97.8","31.0","30.0","2.04","-0.1","0.0","3.415","0.963","0.00","12.6","2.55","0"
"5.300","0.2687","13","0.0000","0.0000","6.5598","101.9030","0.0000","33.0501","14.0000","0.1700","10000.0000","45.39078793","-75.69572933","35.6","13.0","873.5","79","1","79","1","0","-0.01","0.03","-0.98","-0.3","0.1","-0.5","49.76","150.00","1346","6553.5","98.2","0","0","0","0","27.0","98.2","31.0","30.0","2.12","-0.1","0.0","3.412","0.973","0.00","12.6","2.55","0"
"5.350","0.1476","13","0.0000","0.0000","13.3888","131.6086","0.0000","33.0489","14.0000","0.1640","10000.0000","45.39078787","-75.69572931","35.6","13.0","873.5","79","1","79","1","0","0.02","0.03","-0.98","-0.3","0.2","-0.5","49.90","150.00","1261","6553.5","98.5","0","0","0","0","27.0","98.5","31.0","30.0","2.16","-0.1","0.0","3.398","0.977","0.00","12.5","2.55","0"
"5.400","0.0997","13","0.0000","0.0000","23.3654","124.4836","0.0000","33.0559","14.0000","0.1540","10000.0000","45.39078787","-75.69572933","35.6","13.0","873.5","79","1","79","1","0","0.06","0.02","-0.98","-0.3","0.2","-0.5","50.03","146.14","1215","6553.5","99.0","0","0","0","0","27.0","99.0","31.0","30.0","2.05","-0.1","0.0","3.388","0.977","0.00","12.5","2.55","0"
"5.450","0.1327","13","0.0000","0.0000","19.2985","128.5002","0.0000","33.0506","14.0000","0.1590","10000.0000","45.39078779","-75.69572930","35.6","13.0","873.3","79","1","79","1","0","0.07","0.03","-0.98","-0.3","0.2","-0.5","50.17","160.21","1296","6553.5","99.5","0","0","0","0","27.0","99.5","31.0","30.0","1.97","-0.1","0.0","3.390","0.962","0.00","12.6","2.55","0"
"5.500","0.2197","13","0.0000","0.0000","5.8691","139.9447","0.0000","33.0372","14.0000","0.1740","10000.0000","45.39078766","-75.69572924","35.6","13.0","873.5","79","1","79","1","0","0.03","0.04","-0.99","-0.3","0.2","-0.5","50.31","175.00","1329","6553.5","99.7","0","0","0","0","27.0","99.7","31.0","30.0","2.07","-0.1","0.0","3.395","0.955","0.00","12.6","2.52","0"
"5.550","0.2186","13","0.0000","0.0000","3.1222","98.9495","0.0000","33.0298","14.0000","0.1800","10000.0000","45.39078759","-75.69572921","35.6","13.0","873.5","79","1","79","1","0","-0.01","0.03","-0.98","-0.3","0.2","-0.6","50.44","168.11","1230","6553.5","99.9","0","0","0","0","27.0","99.9","31.0","30.0","2.14","-0.1","0.0","3.405","0.968","0.00","12.5","2.48","0"
"5.600","0.1587","13","0.0000","0.0000","7.4969","22.9944","0.0000","33.0262","14.0000","0.1800","10000.0000","45.39078756","-75.69572921","35.6","13.0","873.5","79","1","79","1","0","0.01","0.02","-0.97","-0.3","0.2","-0.6","50.58","155.36","1196","6553.5","100.2","0","0","0","0","27.0","100.2","31.0","30.0","2.05","-0.1","0.0","3.411","0.967","0.00","12.5","2.46","0"
"5.650","0.1347","13","0.0000","0.0000","3.6987","46.6124","0.0000","33.0184","14.0000","0.1770","10000.0000","45.39078749","-75.69572921","35.6","13.0","873.0","79","1","79","1","0","-0.01","0.02","-0.98","-0.3","0.1","-0.5","50.72","144.20","1241","6553.5","100.5","0","0","0","0","27.0","100.5","31.0","30.0","1.98","-0.1","0.0","3.413","0.950","0.00","12.6","2.45","0"
"5.700","0.1347","13","0.0000","0.0000","-5.5481","136.6124","0.0000","33.0077","14.0000","0.1720","10000.0000","45.39078739","-75.69572921","35.6","13.0","873.1","79","1","79","1","0","-0.04","0.03","-0.98","-0.3","0.1","-0.5","50.85","140.00","1300","6553.5","101.0","0","0","0","0","27.0","101.0","31.0","30.0","2.02","-0.1","0.0","3.413","0.947","0.00","12.6","2.46","0"
"5.750","0.1130","13","0.0000","0.0000","-5.0611","167.4121","0.0000","33.0033","14.0000","0.1730","10000.0000","45.39078732","-75.69572922","35.6","13.0","873.5","79","1","79","1","0","0.04","0.04","-0.99","-0.3","0.1","-0.4","50.99","140.76","1366","6553.5","101.5","0","0","0","0","27.0","101.5","31.0","30.0","2.06","-0.1","0.0","3.410","0.950","0.00","12.5","2.48","0"
"5.800","0.0768","13","0.0000","0.0000","1.9152","158.7450","0.0000","33.0032","14.0000","0.1780","10000.0000","45.39078725","-75.69572924","35.6","13.0","873.5","79","1","79","1","0","0.07","0.03","-0.99","-0.3","0.1","-0.4","51.13","142.07","1386","6553.5","101.9","0","0","0","0","27.0","101.9","31.0","30.0","2.10","-0.1","0.0","3.409","0.945","0.00","12.5","2.50","0"
"5.850","0.1102","13","0.0000","0.0000","0.4660","88.8144","0.0000","32.9941","14.0000","0.1710","10000.0000","45.39078719","-75.69572927","35.6","13.0","873.2","79","1","79","1","0","0.05","0.01","-0.98","-0.3","0.1","-0.4","51.27","145.71","1400","6553.5","102.3","0","0","0","0","27.0","102.3","31.0","30.0","2.14","-0.1","0.0","3.407","0.938","0.00","12.6","2.52","0"
"5.900","0.1900","13","0.0000","0.0000","-6.6002","-21.9584","0.0000","32.9792","14.0000","0.1560","10000.0000","45.39078714","-75.69572932","35.6","13.0","873.5","79","1","79","1","0","0.05","0.01","-0.98","-0.3","0.1","-0.4","51.41","162.00","1424","6553.5","102.5","0","0","0","0","27.0","102.5","31.0","30.0","2.18","-0.1","0.0","3.409","0.935","0.00","12.6","2.50","0"
"5.950","0.1895","14","0.0000","0.0000","-14.8185","-98.8727","0.0000","32.9642","14.0000","0.1530","10000.0000","45.39078708","-75.69572936","35.6","13.0","873.5","79","1","79","1","0","-0.02","0.01","-0.99","-0.3","0.0","-0.5","51.55","177.31","1433","6553.5","102.6","0","0","0","0","27.0","102.6","31.0","30.0","2.22","-0.1","0.0","3.408","0.937","0.00","12.6","2.46","0"
"6.000","0.1355","14","0.0000","0.0000","-23.8048","-153.2145","0.0000","32.9493","14.0000","0.1580","10000.0000","45.39078703","-75.69572941","35.6","13.0","873.2","79","1","79","1","0","-0.14","0.03","-0.99","-0.3","-0.0","-0.5","51.69","170.57","1396","6553.5","102.8","0","0","0","0","27.0","102.8","31.0","30.0","2.21","-0.1","0.0","3.399","0.953","0.00","12.6","2.42","0"
"6.050","0.1529","14","0.0000","0.0000","-24.4747","-69.0718","0.0000","32.9326","13.9700","0.1600","10000.0000","45.39078691","-75.69572943","35.6","13.0","873.3","79","1","79","1","0","-0.14","0.02","-0.98","-0.3","-0.0","-0.5","51.83","166.67","1370","6553.5","103.1","0","0","0","0","27.0","103.1","31.0","30.0","2.19","-0.1","0.0","3.392","0.960","0.00","12.6","2.38","0"
"6.100","0.2181","14","0.0000","0.0000","-19.6004","107.3939","0.0000","32.9148","13.9200","0.1600","10000.0000","45.39078675","-75.69572943","35.7","13.0","873.1","79","1","79","1","0","-0.12","0.01","-0.98","-0.3","-0.0","-0.6","51.98","170.17","1382","6553.5","103.5","0","0","0","0","27.0","103.5","31.0","30.0","2.09","-0.1","0.0","3.390","0.937","0.00","12.5","2.41","0"
"6.150","0.2051","14","0.0000","0.0000","-20.5752","72.1008","0.0000","32.9067","13.9000","0.1570","10000.0000","45.39078670","-75.69572950","35.7","13.0","873.2","79","1","79","1","0","-0.08","0.00","-0.97","-0.3","0.0","-0.6","52.12","175.00","1349","6553.5","103.9","0","0","0","0","27.0","103.9","31.0","30.0","2.05","-0.1","0.0","3.393","0.923","0.00","12.4","2.46","0"
"6.200","0.1399","14","0.0000","0.0000","-25.4495","-104.3650","0.0000","32.9049","13.9000","0.1520","10000.0000","45.39078671","-75.69572962","35.7","13.0","873.5","79","1","79","1","0","0.00","0.01","-0.97","-0.3","0.0","-0.6","52.26","170.39","1174","6553.5","104.1","0","0","0","0","27.0","104.1","31.0","30.0","2.27","-0.1","0.0","3.409","0.941","0.00","12.5","2.44","0"
"6.250","0.1242","14","0.0000","0.0000","-25.1607","-149.4601","0.0000","32.8973","13.9000","0.1440","10000.0000","45.39078667","-75.69572971","35.7","13.0","873.5","79","1","79","1","0","-0.00","0.02","-0.97","-0.3","0.1","-0.5","52.40","159.43","1090","6553.5","104.3","0","0","0","0","27.0","104.3","31.0","30.0","2.39","-0.1","0.0","3.420","0.950","0.00","12.6","2.41","0"
"6.300","0.1415","14","0.0000","0.0000","-21.4298","-106.9748","0.0000","32.8858","13.9000","0.1340","10000.0000","45.39078658","-75.69572977","35.7","13.0","873.4","79","1","79","1","0","-0.06","0.02","-0.97","-0.3","0.1","-0.5","52.54","152.82","1292","6553.5","104.7","0","0","0","0","27.0","104.7","31.0","30.0","2.17","-0.1","0.0","3.411","0.935","0.00","12.6","2.43","0"
"6.350","0.1304","14","0.0000","0.0000","-29.5629","-25.1214","0.0000","32.8764","13.9000","0.1330","10000.0000","45.39078651","-75.69572983","35.7","13.0","873.3","79","1","79","1","0","0.01","0.00","-0.99","-0.3","0.1","-0.5","52.68","172.98","1410","6553.5","105.2","0","0","0","0","27.0","105.2","31.0","30.0","2.03","-0.1","0.0","3.405","0.926","0.00","12.6","2.46","0"
"6.400","0.1002","14","0.0000","0.0000","-45.6053","82.9776","0.0000","32.8684","13.9000","0.1380","10000.0000","45.39078646","-75.69572990","35.7","13.0","873.6","79","1","79","1","0","0.05","0.01","-1.00","-0.3","0.1","-0.4","52.83","175.00","1259","6553.5","105.3","0","0","0","0","27.0","105.3","31.0","30.0","2.26","-0.1","0.0","3.407","0.938","0.00","12.6","2.44","0"
"6.450","0.1112","14","0.0000","0.0000","-41.7927","121.0467","0.0000","32.8566","13.8700","0.1400","10000.0000","45.39078636","-75.69572992","35.7","13.0","873.3","79","1","79","1","0","0.00","0.02","-1.00","-0.3","0.1","-0.4","52.97","175.00","1196","6553.5","105.4","0","0","0","0","27.0","105.4","31.0","30.0","2.41","-0.1","0.0","3.411","0.943","0.00","12.6","2.41","0"
"6.500","0.1496","14","0.0000","0.0000","-24.7434","112.4293","0.0000","32.8424","13.8200","0.1400","10000.0000","45.39078623","-75.69572992","35.8","13.0","873.5","79","1","79","1","0","-0.01","0.02","-1.00","-0.3","0.1","-0.5","53.11","175.00","1413","6553.5","105.9","0","0","0","0","27.0","105.9","31.0","30.0","2.27","-0.1","0.0","3.419","0.927","0.00","12.6","2.40","0"
"6.550","0.1396","14","0.0000","0.0000","-22.7458","120.8336","0.0000","32.8319","13.8000","0.1430","10000.0000","45.39078615","-75.69572996","35.8","13.0","873.2","79","1","79","1","0","-0.01","0.00","-0.98","-0.3","0.1","-0.5","53.25","148.40","1566","6553.5","106.6","0","0","0","0","27.0","106.6","31.0","30.0","2.20","-0.1","0.0","3.423","0.916","0.00","12.6","2.39","0"
"6.600","0.0974","14","0.0000","0.0000","-30.7828","140.5857","0.0000","32.8239","13.8000","0.1480","10000.0000","45.39078609","-75.69573002","35.8","13.0","873.5","79","1","79","1","0","-0.08","0.02","-0.98","-0.2","0.1","-0.5","53.34","140.00","1518","6553.5","107.0","0","0","0","0","27.0","107.0","31.0","30.0","2.41","-0.1","0.0","3.413","0.918","0.00","12.6","2.39","0"
"6.650","0.0953","14","0.0000","0.0000","-32.7211","146.4665","0.0000","32.8159","13.8000","0.1500","10000.0000","45.39078604","-75.69573008","35.8","13.0","873.3","79","1","79","1","0","-0.00","0.01","-0.97","-0.2","0.0","-0.5","53.33","136.73","1495","6553.5","107.2","0","0","0","0","27.0","107.2","31.0","30.0","2.55","-0.1","0.0","3.405","0.919","0.00","12.6","2.39","0"
"6.700","0.1199","14","0.0000","0.0000","-30.5935","143.0996","0.0000","32.8080","13.8000","0.1500","10000.0000","45.39078598","-75.69573014","35.8","13.0","873.5","79","1","79","1","0","0.15","0.01","-0.99","-0.2","0.0","-0.5","53.32","132.44","1548","6553.5","107.4","0","0","0","0","27.0","107.4","31.0","30.0","2.40","-0.1","0.0","3.406","0.915","0.00","12.6","2.38","0"
"6.750","0.1173","14","0.0000","0.0000","-23.4860","64.5892","0.0000","32.8064","13.7700","0.1440","10000.0000","45.39078599","-75.69573021","35.8","13.0","873.0","79","1","79","1","0","0.13","0.01","-1.00","-0.2","0.0","-0.5","53.31","133.04","1564","6553.5","107.6","0","0","0","0","27.0","107.6","31.0","30.0","2.29","-0.1","0.0","3.407","0.914","0.00","12.7","2.36","0"
"6.800","0.0965","14","0.0000","0.0000","-13.0586","-64.0169","0.0000","32.8091","13.7200","0.1340","10000.0000","45.39078603","-75.69573027","35.8","13.0","873.1","79","1","79","1","0","0.17","0.02","-1.00","-0.3","0.0","-0.4","53.31","175.00","1459","6553.5","107.9","0","0","0","0","27.0","107.9","31.0","30.0","2.37","-0.1","0.0","3.406","0.923","0.00","12.7","2.38","0"
"6.850","0.0770","14","0.0000","0.0000","-5.8394","-77.8024","0.0000","32.8159","13.7000","0.1330","10000.0000","45.39078607","-75.69573034","35.8","13.0","873.3","79","1","79","1","0","0.09","0.02","-1.00","-0.3","-0.0","-0.4","53.30","175.12","1392","6553.5","108.1","0","0","0","0","27.0","108.1","31.0","30.0","2.44","-0.1","0.0","3.406","0.928","0.00","12.7","2.41","0"
"6.900","0.0584","14","0.0000","0.0000","-0.7591","-15.0406","0.0000","32.8256","13.7000","0.1380","10000.0000","45.39078611","-75.69573042","35.8","13.0","873.5","79","1","79","1","0","0.11","0.02","-1.00","-0.3","-0.0","-0.4","53.29","177.05","1445","6553.5","108.3","0","0","0","0","27.0","108.3","31.0","30.0","2.44","-0.1","0.0","3.412","0.921","0.00","12.7","2.38","0"
"6.950","0.0543","13","0.0000","0.0000","-0.5206","-0.3717","0.0000","32.8269","13.7000","0.1430","10000.0000","45.39078614","-75.69573048","35.8","13.0","873.5","79","1","79","1","0","0.10","0.01","-1.01","-0.3","0.0","-0.4","53.28","178.99","1511","6553.5","108.5","0","0","0","0","27.0","108.5","31.0","30.0","2.45","-0.1","0.0","3.414","0.913","0.00","12.7","2.32","0"
"7.000","0.0601","13","0.0000","0.0000","-3.5099","-17.7647","0.0000","32.8226","13.7000","0.1480","10000.0000","45.39078618","-75.69573052","35.8","13.0","873.4","79","1","79","1","0","0.16","0.02","-1.01","-0.3","0.1","-0.4","53.27","155.09","1617","6553.5","108.5","0","0","0","0","27.0","108.5","30.9","30.0","2.49","-0.1","0.0","3.406","0.904","0.00","12.6","2.33","0"
"7.050","0.1223","13","0.0000","0.0000","-2.7998","-37.9347","0.0000","32.8225","13.7000","0.1470","10000.0000","45.39078622","-75.69573058","35.8","13.0","873.5","79","1","79","1","0","0.10","0.01","-0.99","-0.3","0.1","-0.4","53.26","125.00","1672","6553.5","108.6","0","0","0","0","27.0","108.6","30.9","30.0","2.54","-0.1","0.0","3.400","0.898","0.00","12.5","2.35","0"
"7.100","0.2221","13","0.0000","0.0000","0.3766","-59.9559","0.0000","32.8252","13.7000","0.1420","10000.0000","45.39078626","-75.69573064","35.8","13.1","873.2","79","1","79","1","0","-0.10","0.01","-0.99","-0.3","0.1","-0.4","53.25","130.15","1569","6553.5","108.9","0","0","0","0","27.0","108.9","31.0","30.0","2.64","-0.1","0.1","3.398","0.897","0.00","12.5","2.38","0"
"7.150","0.2657","13","0.0000","0.0000","3.0230","-77.0423","0.0000","32.8278","13.6700","0.1400","10000.0000","45.39078626","-75.69573071","35.8","13.1","873.3","79","1","79","1","0","-0.12","0.00","-0.99","-0.3","0.1","-0.5","53.24","142.40","1503","6553.5","109.2","0","0","0","0","27.0","109.2","31.0","30.0","2.70","-0.1","0.0","3.399","0.897","0.00","12.6","2.43","0"
"7.200","0.2718","13","0.0000","0.0000","5.3162","-90.8386","0.0000","32.8303","13.6200","0.1400","10000.0000","45.39078624","-75.69573079","35.8","13.1","873.6","79","1","79","1","0","-0.11","-0.01","-0.98","-0.3","0.1","-0.5","53.23","207.00","1556","6553.5","109.7","0","0","0","0","27.0","109.7","31.0","30.0","2.64","-0.1","0.0","3.412","0.903","0.00","12.6","2.40","0"
"7.250","0.2727","13","0.0000","0.0000","9.5320","-75.9216","0.0000","32.8288","13.6000","0.1460","10000.0000","45.39078626","-75.69573085","35.8","13.1","873.5","79","1","79","1","0","-0.14","-0.00","-0.99","-0.3","0.1","-0.4","53.22","243.00","1622","6553.5","110.2","0","0","0","0","27.0","110.2","31.0","30.0","2.60","-0.1","0.0","3.406","0.905","0.00","12.7","2.35","0"
"7.300","0.2704","13","0.0000","0.0000","15.0296","-41.8625","0.0000","32.8245","13.6000","0.1560","10000.0000","45.39078629","-75.69573089","35.8","13.1","873.5","79","1","79","1","0","-0.07","0.01","-1.00","-0.2","0.1","-0.4","53.22","146.72","1725","6553.5","110.6","0","0","0","0","27.0","110.6","31.0","30.0","2.66","-0.1","0.0","3.341","0.895","0.00","12.7","2.35","0"
"7.350","0.2244","13","0.0000","0.0000","14.9339","2.6348","0.0000","32.8123","13.6000","0.1510","10000.0000","45.39078629","-75.69573089","35.8","13.1","873.2","79","1","79","1","0","0.01","0.03","-1.01","-0.2","0.1","-0.4","53.21","138.08","1780","6553.5","111.0","0","0","0","0","27.0","111.0","31.0","30.0","2.72","-0.1","0.0","3.304","0.886","0.00","12.7","2.37","0"
"7.400","0.1494","13","0.0000","0.0000","11.1094","54.0909","0.0000","32.7948","13.6000","0.1360","10000.0000","45.39078626","-75.69573086","35.8","13.1","873.6","79","1","79","1","0","-0.04","0.03","-1.02","-0.3","0.0","-0.5","53.20","129.44","1678","6553.5","111.6","0","0","0","0","27.0","111.6","30.9","30.0","2.82","-0.1","0.0","3.357","0.880","0.00","12.7","2.40","0"
"7.450","0.1077","13","0.0000","0.0000","15.1856","76.1961","0.0000","32.7837","13.6000","0.1300","10000.0000","45.39078624","-75.69573084","35.8","13.1","873.3","79","1","79","1","0","-0.01","0.02","-1.00","-0.3","0.0","-0.5","53.19","146.77","1628","6553.5","112.2","0","0","0","0","27.0","112.2","30.9","30.0","2.90","-0.1","0.0","3.399","0.874","0.00","12.6","2.45","0"
"7.500","0.0883","13","0.0000","0.0000","24.5289","78.7339","0.0000","32.7767","13.6000","0.1300","10000.0000","45.39078624","-75.69573082","35.8","13.1","873.2","79","1","79","1","0","0.03","0.03","-0.99","-0.3","0.0","-0.5","53.18","150.00","1739","6553.5","112.6","0","0","0","0","27.0","112.6","30.9","30.0","2.90","-0.1","0.0","3.405","0.868","0.00","12.6","2.44","0"
"7.550","0.0968","13","0.0000","0.0000","23.4486","108.7530","0.0000","32.7650","13.5700","0.1360","10000.0000","45.39078621","-75.69573084","35.8","13.1","873.5","79","1","79","1","0","-0.05","0.03","-0.98","-0.3","0.0","-0.5","53.17","161.05","1810","6553.5","113.0","0","0","0","0","27.0","113.0","30.9","30.0","2.90","-0.1","0.0","3.407","0.866","0.00","12.6","2.41","0"
"7.600","0.1239","13","0.0000","0.0000","15.4191","157.0930","0.0000","32.7500","13.5200","0.1460","10000.0000","45.39078615","-75.69573089","35.8","13.1","873.4","79","1","79","1","0","-0.03","0.03","-1.00","-0.3","0.0","-0.5","53.16","174.21","1750","6553.5","113.7","0","0","0","0","27.0","113.7","30.9","30.0","2.85","-0.1","0.0","3.396","0.876","0.00","12.6","2.39","0"
"7.650","0.1207","13","0.0000","0.0000","11.9036","80.7535","0.0000","32.7399","13.5000","0.1470","10000.0000","45.39078613","-75.69573090","35.8","13.1","874.0","79","1","79","1","0","0.08","0.02","-1.01","-0.3","0.0","-0.5","53.16","151.20","1711","6553.5","114.5","0","0","0","0","27.0","114.5","30.9","30.0","2.82","-0.1","-0.0","3.392","0.886","0.00","12.7","2.37","0"
"7.700","0.0975","13","0.0000","0.0000","11.3975","-78.7056","0.0000","32.7329","13.5000","0.1420","10000.0000","45.39078613","-75.69573088","35.8","13.1","873.5","79","1","79","1","0","0.13","0.01","-1.01","-0.3","0.1","-0.5","53.16","107.48","1734","6553.5","115.1","0","0","0","0","27.0","115.1","30.9","30.0","2.89","-0.1","0.0","3.411","0.894","0.00","12.7","2.37","0"
"7.750","0.0923","13","0.0000","0.0000","14.5498","-114.0871","0.0000","32.7276","13.5000","0.1460","10000.0000","45.39078615","-75.69573090","35.8","13.1","873.2","79","1","79","1","0","0.02","0.01","-1.01","-0.3","0.1","-0.5","53.17","105.95","1734","6553.5","115.6","0","0","0","0","27.0","115.6","30.9","30.0","2.95","-0.1","0.0","3.422","0.896","0.00","12.7","2.37","0"
"7.800","0.0991","13","0.0000","0.0000","20.1411","-66.7501","0.0000","32.7233","13.5000","0.1560","10000.0000","45.39078619","-75.69573095","35.8","13.1","873.5","79","1","79","1","0","-0.01","-0.00","-0.99","-0.3","0.1","-0.5","53.18","132.81","1658","6553.5","116.1","0","0","0","0","27.0","116.1","30.9","30.0","2.97","-0.1","0.0","3.411","0.879","0.00","12.7","2.37","0"
"7.850","0.0977","13","0.0000","0.0000","19.6999","-38.7628","0.0000","32.7195","13.5000","0.1570","10000.0000","45.39078623","-75.69573096","35.8","13.1","873.5","79","1","79","1","0","-0.01","-0.01","-0.99","-0.3","0.1","-0.4","53.18","150.00","1642","6553.5","116.7","0","0","0","0","27.0","116.7","30.9","30.0","2.96","-0.1","0.0","3.394","0.867","0.00","12.6","2.37","0"
"7.900","0.0909","13","0.0000","0.0000","15.2370","-23.6752","0.0000","32.7161","13.5000","0.1520","10000.0000","45.39078626","-75.69573094","35.8","13.1","873.5","79","1","79","1","0","-0.16","0.02","-0.99","-0.2","0.1","-0.4","53.19","141.00","1811","6553.5","117.4","0","0","0","0","27.0","117.4","30.9","30.0","2.84","-0.1","0.0","3.362","0.870","0.00","12.7","2.34","0"
"7.950","0.0804","14","0.0000","0.0000","22.8345","-36.7073","0.0000","32.7127","13.5000","0.1440","10000.0000","45.39078629","-75.69573093","35.8","13.1","873.5","79","1","79","1","0","-0.11","0.03","-0.99","-0.2","0.1","-0.5","53.19","125.54","1920","6553.5","118.2","0","0","0","0","27.0","118.2","30.9","30.0","2.79","-0.1","0.0","3.346","0.871","0.00","12.8","2.30","0"
"8.000","0.0675","14","0.0000","0.0000","38.4721","-68.4858","0.0000","32.7093","13.5000","0.1340","10000.0000","45.39078632","-75.69573091","35.8","13.1","873.5","79","1","79","1","0","0.03","0.01","-0.99","-0.2","0.1","-0.5","53.20","127.02","1843","6553.5","119.0","0","0","0","0","27.0","119.1","30.9","30.0","2.97","-0.1","0.0","3.380","0.868","0.00","12.8","2.28","0"
"8.050","0.0678","14","0.0000","0.0000","41.5083","-66.2921","0.0000","32.7075","13.4700","0.1360","10000.0000","45.39078637","-75.69573093","35.8","13.1","873.5","79","1","79","1","0","0.06","-0.01","-0.98","-0.3","0.1","-0.5","53.21","128.51","1801","6553.5","119.9","0","0","0","0","27.0","119.9","30.9","30.0","3.12","-0.1","0.0","3.408","0.866","0.00","12.7","2.26","0"
"8.100","0.0769","14","0.0000","0.0000","36.1435","-41.4502","0.0000","32.7068","13.4200","0.1460","10000.0000","45.39078645","-75.69573098","35.8","13.1","873.1","79","1","79","1","0","0.03","-0.01","-0.98","-0.3","0.1","-0.5","53.21","146.94","1873","6553.5","120.7","0","0","0","0","27.0","120.7","30.9","30.0","3.10","-0.1","0.0","3.419","0.865","0.00","12.7","2.24","0"
"8.150","0.1145","14","0.0000","0.0000","25.3755","-50.6651","0.0000","32.7024","13.4000","0.1470","10000.0000","45.39078647","-75.69573099","35.8","13.1","873.5","79","1","79","1","0","0.01","0.01","-0.99","-0.3","0.1","-0.5","53.22","129.00","1905","6553.5","121.4","0","0","0","0","27.0","121.4","30.9","30.0","3.09","-0.1","0.0","3.423","0.864","0.00","12.7","2.21","0"
"8.200","0.1712","14","0.0000","0.0000","11.0054","-82.5846","0.0000","32.6954","13.4000","0.1420","10000.0000","45.39078647","-75.69573097","35.8","13.1","873.5","79","1","79","1","0","0.00","0.05","-1.02","-0.3","0.1","-0.5","53.22","133.54","1812","6553.5","122.2","0","0","0","0","27.0","122.2","30.9","30.0","3.09","-0.1","0.0","3.409","0.863","0.00","12.7","2.20","0"
"8.250","0.1681","14","0.0000","0.0000","10.0738","-51.3184","0.0000","32.6906","13.4000","0.1370","10000.0000","45.39078649","-75.69573096","35.8","13.1","873.3","79","1","79","1","0","-0.03","0.05","-1.02","-0.3","0.1","-0.5","53.23","143.70","1743","6553.5","123.0","0","0","0","0","27.0","123.0","30.9","30.0","3.08","-0.1","0.0","3.400","0.861","0.00","12.6","2.20","0"
"8.300","0.1252","14","0.0000","0.0000","18.1013","22.0716","0.0000","32.6872","13.4000","0.1320","10000.0000","45.39078652","-75.69573094","35.8","13.1","873.5","79","1","79","1","0","-0.06","0.05","-1.01","-0.3","0.1","-0.5","53.24","150.00","1741","6553.5","123.7","0","0","0","0","27.0","123.7","30.9","30.0","2.98","-0.1","0.0","3.406","0.853","0.00","12.7","2.19","0"
"8.350","0.0997","14","0.0000","0.0000","24.5417","-2.8344","0.0000","32.6811","13.4000","0.1270","10000.0000","45.39078654","-75.69573096","35.8","13.1","873.2","79","1","79","1","0","-0.02","0.04","-1.00","-0.3","0.1","-0.5","53.24","156.33","1752","6553.5","124.3","0","0","0","0","27.0","124.4","30.9","30.0","2.90","-0.1","0.0","3.384","0.855","0.00","12.8","2.18","0"
"8.400","0.0860","14","0.0000","0.0000","29.9240","-93.2710","0.0000","32.6733","13.4000","0.1220","10000.0000","45.39078655","-75.69573101","35.8","13.1","873.4","79","1","79","1","0","0.02","0.03","-1.01","-0.3","0.1","-0.5","53.25","166.67","1779","6553.5","125.0","0","0","0","0","27.0","125.0","30.9","30.0","2.90","-0.1","0.0","3.329","0.871","0.00","12.8","2.18","0"
"8.450","0.0805","14","0.0000","0.0000","28.2787","-88.5936","0.0000","32.6660","13.3700","0.1290","10000.0000","45.39078655","-75.69573102","35.8","13.1","873.0","79","1","79","1","0","-0.02","0.03","-1.01","-0.3","0.0","-0.5","53.25","159.13","1680","6553.5","125.7","0","0","0","0","27.0","125.7","30.9","30.0","2.89","-0.1","0.0","3.346","0.875","0.00","12.7","2.18","0"
"8.500","0.0805","14","0.0000","0.0000","21.9483","-20.5067","0.0000","32.6590","13.3200","0.1440","10000.0000","45.39078655","-75.69573100","35.8","13.1","873.1","79","1","79","1","0","-0.04","0.02","-1.00","-0.4","0.1","-0.5","53.26","139.29","1517","6553.5","126.2","0","0","0","0","27.0","126.2","30.9","30.0","2.89","-0.1","0.0","3.399","0.873","0.00","12.7","2.17","0"
"8.550","0.0922","14","0.0000","0.0000","20.4116","0.6144","0.0000","32.6542","13.3000","0.1500","10000.0000","45.39078657","-75.69573099","35.8","13.1","873.5","79","1","79","1","0","-0.01","0.03","-0.98","-0.4","0.1","-0.4","53.27","128.57","1613","6553.5","126.6","0","0","0","0","27.0","126.6","30.9","30.0","2.90","-0.1","-0.0","3.402","0.883","0.00","12.7","2.15","0"
"8.600","0.1116","14","0.0000","0.0000","22.0706","-9.5751","0.0000","32.6508","13.3000","0.1500","10000.0000","45.39078660","-75.69573097","35.8","13.1","873.5","79","1","79","1","0","-0.03","0.03","-0.99","-0.4","0.1","-0.4","53.27","113.14","1747","6553.5","127.2","0","0","0","0","27.0","127.2","30.9","30.0","2.96","-0.1","0.0","3.396","0.894","0.00","12.7","2.14","0"
"8.650","0.1281","14","0.0000","0.0000","15.9885","-30.5748","0.0000","32.6431","13.3000","0.1470","10000.0000","45.39078659","-75.69573096","35.8","13.1","873.2","79","1","79","1","0","-0.09","0.04","-0.99","-0.4","0.0","-0.5","53.28","96.27","1798","6553.5","127.8","0","0","0","0","27.0","127.8","30.9","30.0","2.99","-0.1","0.0","3.372","0.897","0.00","12.8","2.12","0"
"8.700","0.1426","14","0.0000","0.0000","4.7455","-58.7814","0.0000","32.6326","13.3000","0.1420","10000.0000","45.39078656","-75.69573094","35.8","13.1","873.5","79","1","79","1","0","-0.09","0.03","-1.00","-0.4","0.0","-0.5","53.27","111.95","1822","6553.5","128.3","0","0","0","0","27.0","128.3","30.9","30.0","2.87","-0.1","0.0","3.364","0.895","0.00","12.8","2.12","0"
"8.750","0.1344","14","0.0000","0.0000","6.8871","-63.3894","0.0000","32.6263","13.3000","0.1430","10000.0000","45.39078656","-75.69573092","35.8","13.1","873.0","79","1","79","1","0","-0.03","0.04","-1.01","-0.4","0.0","-0.5","53.26","127.63","1766","6553.5","128.8","0","0","0","0","27.0","128.8","30.8","30.0","2.80","-0.1","0.0","3.397","0.878","0.00","12.7","2.11","0"
"8.800","0.1111","14","0.0000","0.0000","17.9517","-52.2651","0.0000","32.6229","13.3000","0.1480","10000.0000","45.39078660","-75.69573091","35.8","13.1","873.1","79","1","79","1","0","0.04","0.04","-1.02","-0.4","0.1","-0.5","53.24","141.01","1767","6553.5","129.5","0","0","0","0","27.0","129.5","30.8","30.0","2.88","-0.1","0.0","3.406","0.871","0.00","12.7","2.10","0"
"8.850","0.0865","14","0.0000","0.0000","15.2824","-84.4515","0.0000","32.6132","13.3000","0.1500","10000.0000","45.39078661","-75.69573088","35.8","13.1","873.2","79","1","79","1","0","0.05","0.05","-1.01","-0.3","0.1","-0.5","53.22","142.86","1833","6553.5","130.2","0","0","0","0","27.0","130.2","30.8","30.0","2.96","-0.1","0.0","3.385","0.876","0.00","12.7","2.09","0"
"8.900","0.0611","14","0.0000","0.0000","3.4571","-145.5118","0.0000","32.5993","13.3000","0.1500","10000.0000","45.39078661","-75.69573085","35.8","13.1","873.5","79","1","79","1","0","-0.01","0.05","-0.99","-0.3","0.1","-0.5","53.20","137.32","1900","6553.5","130.9","0","0","0","0","27.0","130.9","30.8","30.0","3.06","-0.1","0.0","3.386","0.864","0.00","12.7","2.09","0"
"8.950","0.0509","13","0.0000","0.0000","-0.5092","-115.9360","0.0000","32.5880","13.2700","0.1500","10000.0000","45.39078662","-75.69573078","35.8","13.1","873.5","79","1","79","1","0","-0.02","0.04","-0.98","-0.3","0.1","-0.5","53.18","130.89","1966","6553.5","131.6","0","0","0","0","27.0","131.6","30.8","30.0","3.15","-0.1","0.0","3.398","0.844","0.00","12.7","2.10","0"
"9.000","0.0509","13","0.0000","0.0000","0.7638","-25.9360","0.0000","32.5785","13.2200","0.1500","10000.0000","45.39078664","-75.69573069","35.8","13.1","873.4","79","1","79","1","0","0.04","0.00","-0.97","-0.3","0.1","-0.5","53.16","128.57","1979","6553.5","132.4","0","0","0","0","27.0","132.5","30.8","30.0","3.16","-0.1","0.0","3.394","0.830","0.00","12.7","2.10","0"
"9.050","0.0815","13","0.0000","0.0000","7.6044","-7.2998","0.0000","32.5785","13.2000","0.1500","10000.0000","45.39078669","-75.69573069","35.8","13.1","873.5","79","1","79","1","0","0.04","-0.01","-0.98","-0.3","0.1","-0.5","53.14","128.57","1987","6553.5","133.3","0","0","0","0","27.0","133.3","30.8","30.0","3.19","-0.1","0.0","3.388","0.817","0.00","12.8","2.10","0"
"9.100","0.1324","13","0.0000","0.0000","18.1567","-36.2395","0.0000","32.5847","13.2000","0.1500","10000.0000","45.39078676","-75.69573075","35.8","13.1","873.5","79","1","79","1","0","0.02","0.01","-0.99","-0.3","0.0","-0.5","53.12","134.66","2048","6553.5","134.1","0","0","0","0","27.0","134.1","30.8","30.0","3.29","-0.1","0.0","3.398","0.818","0.00","12.8","2.07","0"
"9.150","0.1427","13","0.0000","0.0000","18.5382","-11.0687","0.0000","32.5852","13.2000","0.1440","10000.0000","45.39078681","-75.69573077","35.8","13.1","873.5","79","1","79","1","0","0.00","0.01","-0.98","-0.2","0.0","-0.5","53.11","145.17","2081","6553.5","134.9","0","0","0","0","27.0","134.9","30.8","30.0","3.40","-0.1","0.0","3.389","0.820","0.00","12.7","2.02","0"
"9.200","0.1261","13","0.0000","0.0000","12.1392","50.1756","0.0000","32.5818","13.2000","0.1340","10000.0000","45.39078684","-75.69573075","35.8","13.1","873.0","79","1","79","1","0","-0.05","0.01","-0.98","-0.2","0.0","-0.4","53.09","150.00","2030","6553.5","135.7","0","0","0","0","27.0","135.8","30.8","30.0","3.56","-0.1","0.0","3.328","0.830","0.00","12.7","1.99","0"
"9.250","0.1077","13","0.0000","0.0000","3.8882","87.8337","0.0000","32.5742","13.2000","0.1330","10000.0000","45.39078687","-75.69573072","35.8","13.1","873.5","79","1","79","1","0","-0.06","0.01","-0.99","-0.2","0.0","-0.4","53.07","138.43","2008","6553.5","136.6","0","0","0","0","27.0","136.6","30.8","30.0","3.63","-0.1","0.0","3.306","0.836","0.00","12.8","1.97","0"
"9.300","0.0883","13","0.0000","0.0000","-5.5975","109.7677","0.0000","32.5638","13.2000","0.1380","10000.0000","45.39078690","-75.69573069","35.8","13.1","873.1","79","1","79","1","0","-0.01","0.03","-1.00","-0.2","0.0","-0.4","53.05","134.30","2019","6553.5","137.3","0","0","0","0","27.0","137.3","30.8","30.0","3.41","-0.1","0.0","3.329","0.837","0.00","12.8","1.94","0"
"9.350","0.0953","13","0.0000","0.0000","-2.2216","66.0622","0.0000","32.5597","13.2000","0.1430","10000.0000","45.39078692","-75.69573068","35.8","13.1","873.0","79","1","79","1","0","-0.03","0.03","-0.99","-0.2","-0.0","-0.5","53.03","144.91","2005","6553.5","137.9","0","0","0","0","27.0","138.0","30.8","30.0","3.24","-0.1","0.0","3.363","0.831","0.00","12.7","1.92","0"
"9.400","0.1199","13","0.0000","0.0000","9.7287","-21.4028","0.0000","32.5597","13.2000","0.1480","10000.0000","45.39078692","-75.69573068","35.8","13.1","873.5","79","1","79","1","0","-0.04","0.03","-0.99","-0.2","-0.0","-0.5","53.01","150.00","1979","6553.5","138.5","0","0","0","0","27.0","138.5","30.8","30.0","3.27","-0.1","0.0","3.402","0.821","0.00","12.7","1.89","0"
"9.450","0.1150","13","0.0000","0.0000","15.9810","-37.4538","0.0000","32.5556","13.1700","0.1500","10000.0000","45.39078695","-75.69573066","35.8","13.1","873.5","79","1","79","1","0","-0.05","0.04","-1.00","-0.2","-0.0","-0.5","52.99","146.29","1946","6553.5","139.0","0","0","0","0","27.0","139.0","30.8","30.0","3.29","-0.1","0.0","3.411","0.825","0.00","12.8","1.86","0"
"9.500","0.0904","13","0.0000","0.0000","18.4347","-5.8954","0.0000","32.5488","13.1200","0.1500","10000.0000","45.39078702","-75.69573063","35.8","13.1","873.4","79","1","79","1","0","-0.03","0.02","-0.99","-0.2","-0.0","-0.5","52.97","138.26","1913","6553.5","139.7","0","0","0","0","27.0","139.8","30.8","30.0","3.32","-0.1","0.0","3.415","0.831","0.00","12.8","1.85","0"
"9.550","0.0922","13","0.0000","0.0000","16.1355","42.4555","0.0000","32.5461","13.1000","0.1470","10000.0000","45.39078704","-75.69573062","35.8","13.1","873.5","79","1","79","1","0","0.01","-0.01","-0.98","-0.2","-0.0","-0.5","52.96","129.42","1873","6553.5","140.6","0","0","0","0","27.0","140.6","30.8","30.0","3.31","-0.1","0.0","3.410","0.844","0.00","12.7","1.84","0"
"9.600","0.1116","13","0.0000","0.0000","10.6676","102.0014","0.0000","32.5461","13.1000","0.1420","10000.0000","45.39078704","-75.69573062","35.8","13.2","873.5","79","1","79","1","0","-0.01","-0.01","-0.98","-0.2","-0.0","-0.5","52.94","112.50","1866","6553.5","141.1","0","0","0","0","27.0","141.1","30.8","30.0","3.22","-0.1","0.0","3.412","0.853","0.00","12.7","1.84","0"
"9.650","0.1023","13","0.0000","0.0000","7.3480","134.6573","0.0000","32.5419","13.1000","0.1400","10000.0000","45.39078704","-75.69573061","35.8","13.2","873.3","79","1","79","1","0","-0.03","0.03","-0.98","-0.3","0.0","-0.5","52.92","100.00","1950","6553.5","141.5","0","0","0","0","27.0","141.5","30.8","30.0","3.15","-0.1","0.0","3.435","0.852","0.00","12.8","1.83","0"
"9.700","0.0738","13","0.0000","0.0000","5.4606","149.3864","0.0000","32.5350","13.1000","0.1400","10000.0000","45.39078704","-75.69573059","35.8","13.2","873.5","79","1","79","1","0","-0.00","0.03","-0.98","-0.3","0.1","-0.5","52.90","107.10","1998","6553.5","142.1","0","0","0","0","27.0","142.1","30.8","30.0","3.20","-0.1","-0.0","3.443","0.848","0.00","12.8","1.82","0"
"9.750","0.0436","13","0.0000","0.0000","3.2940","108.6947","0.0000","32.5296","13.1000","0.1400","10000.0000","45.39078706","-75.69573061","35.8","13.2","873.3","79","1","79","1","0","0.03","0.01","-0.98","-0.3","0.1","-0.5","52.88","121.31","2005","6553.5","142.7","0","0","0","0","27.0","142.8","30.8","30.0","3.27","-0.1","-0.0","3.436","0.840","0.00","12.7","1.81","0"
"9.800","0.0125","13","0.0000","0.0000","0.9411","31.0556","0.0000","32.5253","13.1000","0.1400","10000.0000","45.39078710","-75.69573066","35.8","13.2","873.5","79","1","79","1","0","-0.04","0.01","-0.99","-0.3","0.1","-0.5","52.81","99.10","2006","6553.5","143.6","0","0","0","0","27.0","143.6","30.8","30.0","3.42","-0.1","0.0","3.429","0.836","0.00","12.7","1.80","0"
"9.850","0.0153","13","0.0000","0.0000","6.7133","-14.3446","0.0000","32.5216","13.1000","0.1430","10000.0000","45.39078714","-75.69573067","35.8","13.2","873.5","79","1","79","1","0","-0.10","0.02","-1.00","-0.3","0.1","-0.5","52.72","97.40","2003","6553.5","144.5","0","0","0","0","27.0","144.5","30.8","30.0","3.53","-0.1","0.0","3.423","0.835","0.00","12.8","1.79","0"
"9.900","0.0407","13","0.0000","0.0000","17.9021","-38.2523","0.0000","32.5182","13.1000","0.1480","10000.0000","45.39078717","-75.69573065","35.8","13.2","873.1","79","1","79","1","0","-0.08","0.02","-1.01","-0.3","0.1","-0.5","52.63","100.00","1967","6553.5","145.1","0","0","0","0","27.0","145.1","30.8","30.0","3.49","-0.1","0.0","3.410","0.833","0.00","12.8","1.82","0"
"9.950","0.0356","13","0.0000","0.0000","15.6643","-33.4707","0.0000","32.5168","13.0700","0.1440","10000.0000","45.39078718","-75.69573065","35.8","13.2","873.2","79","1","79","1","0","-0.02","0.02","-0.99","-0.3","0.1","-0.5","52.54","100.00","1930","6553.5","145.7","0","0","0","0","27.0","145.7","30.8","30.0","3.45","-0.1","0.0","3.398","0.830","0.00","12.7","1.86","0"
"10.000","0.0102","13","0.0000","0.0000","4.4755","-9.5631","0.0000","32.5168","13.0200","0.1340","10000.0000","45.39078718","-75.69573065","35.8","13.2","873.4","79","1","79","1","0","0.01","0.02","-0.98","-0.3","0.1","-0.5","52.45","100.00","1979","6553.5","146.2","0","0","0","0","27.0","146.2","30.8","30.0","3.35","-0.1","0.0","3.419","0.829","0.00","12.7","1.83","0"
"10.050","0.0000","13","0.0000","0.0000","0.0000","0.0000","0.0000","32.5168","13.0000","0.1360","10000.0000","45.39078718","-75.69573065","35.8","13.2","873.5","79","1","79","1","0","-0.03","0.01","-0.99","-0.3","0.0","-0.5","52.36","100.00","2012","6553.5","146.7","0","0","0","0","27.0","146.7","30.8","30.0","3.30","-0.1","0.0","3.431","0.827","0.00","12.6","1.77","0"
"10.100","0.0000","13","0.0000","0.0000","0.0000","0.0000","0.0000","32.5168","13.0000","0.1460","10000.0000","45.39078718","-75.69573065","35.9","13.2","873.5","79","1","79","1","0","-0.04","0.01","-0.98","-0.3","0.0","-0.5","52.27","100.00","1998","6553.5","147.3","0","0","0","0","27.0","147.3","30.7","30.0","3.40","-0.1","-0.0","3.419","0.822","0.00","12.7","1.74","0"
"10.150","0.0000","13","0.0000","0.0000","0.0000","0.0000","0.0000","32.5168","13.0000","0.1500","10000.0000","45.39078718","-75.69573065","35.9","13.2","873.5","79","1","79","1","0","0.03","0.01","-0.99","-0.3","0.0","-0.5","52.18","98.38","1979","6553.5","148.0","0","0","0","0","27.0","148.0","30.7","30.0","3.47","-0.1","-0.0","3.418","0.825","0.00","12.8","1.72","0"
"10.200","0.0000","13","0.0000","0.0000","0.0000","0.0000","0.0000","32.5168","13.0000","0.1500","10000.0000","45.39078718","-75.69573065","35.9","13.2","873.5","79","1","79","1","0","0.05","0.02","-1.01","-0.3","0.1","-0.5","52.09","94.10","1952","6553.5","148.6","0","0","0","0","27.0","148.6","30.7","30.0","3.39","-0.1","-0.0","3.428","0.838","0.00","12.8","1.73","0"
"10.250","0.0374","13","0.0000","0.0000","2.0385","13.4990","0.0000","32.5118","13.8100","0.1470","10000.0000","45.39078726","-75.69573069","35.9","13.2","873.5","79","1","79","1","0","-0.00","0.02","-1.01","-0.3","0.1","-0.5","52.00","90.00","1947","6553.5","149.2","0","0","0","0","27.0","149.2","30.7","30.0","3.33","-0.1","-0.0","3.425","0.839","0.00","12.8","1.75","0"
"10.300","0.0998","13","0.0000","0.0000","5.4359","35.9972","0.0000","32.5034","15.1600","0.1420","10000.0000","45.39078740","-75.69573077","35.9","13.2","873.5","79","1","79","1","0","-0.06","0.01","-1.01","-0.3","0.1","-0.5","51.91","90.00","1954","6553.5","149.6","0","0","0","0","27.0","149.6","30.7","30.0","3.37","-0.1","0.0","3.416","0.832","0.00","12.7","1.75","0"
"10.350","0.1026","13","0.0000","0.0000","11.0587","-2.3756","0.0000","32.4902","15.6400","0.1370","10000.0000","45.39078751","-75.69573088","35.9","13.2","873.8","79","1","79","1","0","-0.05","0.01","-1.00","-0.3","0.2","-0.5","51.82","87.70","2006","6553.5","149.9","0","0","0","0","27.0","149.9","30.7","30.0","3.40","-0.1","0.0","3.428","0.827","0.00","12.5","1.73","0"
"10.400","0.0657","13","0.0000","0.0000","18.1651","-81.3291","0.0000","32.4739","15.5400","0.1320","10000.0000","45.39078760","-75.69573102","35.9","13.2","873.9","79","1","79","1","0","-0.01","0.02","-0.98","-0.3","0.2","-0.5","51.73","102.86","2060","6553.5","150.6","0","0","0","0","27.0","150.6","30.7","30.0","3.38","-0.1","0.0","3.442","0.822","0.00","12.6","1.74","0"
"10.450","0.0715","13","0.0000","0.0000","19.2777","-103.1222","0.0000","32.4618","15.4400","0.1330","10000.0000","45.39078772","-75.69573116","35.9","13.2","873.5","79","1","79","1","0","0.02","0.01","-0.99","-0.3","0.1","-0.5","51.63","119.56","2018","6553.5","151.4","0","0","0","0","27.0","151.4","30.7","30.0","3.39","-0.1","0.0","3.429","0.823","0.00","12.8","1.76","0"
"10.500","0.1057","13","0.0000","0.0000","16.3944","-86.8084","0.0000","32.4525","15.3400","0.1380","10000.0000","45.39078787","-75.69573130","35.9","13.2","873.5","79","1","79","1","0","-0.01","0.03","-1.01","-0.3","0.1","-0.5","51.54","127.02","1995","6553.5","152.0","0","0","0","0","27.0","152.0","30.7","30.0","3.48","-0.1","0.0","3.420","0.822","0.00","12.8","1.77","0"
"10.550","0.1365","13","0.0000","0.0000","14.0273","-98.9448","0.0000","32.4457","15.2400","0.1400","10000.0000","45.39078796","-75.69573142","35.9","13.2","873.5","79","1","79","1","0","-0.08","0.03","-1.00","-0.3","0.1","-0.5","51.45","125.00","2026","6553.5","152.5","0","0","0","0","27.0","152.5","30.7","30.0","3.53","-0.1","0.0","3.419","0.820","0.00","12.8","1.79","0"
"10.600","0.1650","13","0.0000","0.0000","12.0043","-130.0480","0.0000","32.4406","15.1400","0.1400","10000.0000","45.39078800","-75.69573153","36.0","13.2","873.5","79","1","79","1","0","-0.09","0.03","-1.00","-0.2","0.1","-0.5","51.36","120.54","2018","6553.5","153.0","0","0","0","0","27.0","153.0","30.7","30.0","3.46","-0.1","0.0","3.417","0.817","0.00","12.8","1.77","0"
"10.650","0.1559","13","0.0000","0.0000","9.1921","-90.9554","0.0000","32.4319","15.0700","0.1430","10000.0000","45.39078808","-75.69573158","36.0","13.2","873.5","79","1","79","1","0","-0.07","0.03","-0.99","-0.3","0.1","-0.5","51.27","109.38","1965","6553.5","153.6","0","0","0","0","27.0","153.6","30.7","30.0","3.39","-0.1","0.0","3.414","0.814","0.00","12.8","1.75","0"
"10.700","0.1217","13","0.0000","0.0000","5.8539","-5.0657","0.0000","32.4208","15.0200","0.1480","10000.0000","45.39078818","-75.69573159","36.0","13.2","873.1","79","1","79","1","0","-0.04","0.03","-0.99","-0.3","0.1","-0.5","51.18","100.00","1975","6553.5","154.2","0","0","0","0","27.0","154.2","30.7","30.0","3.36","-0.1","0.0","3.408","0.817","0.00","12.8","1.73","0"
"10.750","0.1214","13","0.0000","0.0000","6.1166","44.6590","0.0000","32.4122","14.9700","0.1440","10000.0000","45.39078822","-75.69573159","36.0","13.2","873.5","79","1","79","1","0","0.03","0.03","-1.00","-0.3","0.1","-0.5","51.09","100.00","2017","6553.5","154.9","0","0","0","0","27.0","154.9","30.7","30.0","3.35","-0.1","0.0","3.401","0.824","0.00","12.8","1.72","0"
"10.800","0.1438","13","0.0000","0.0000","8.7801","70.2735","0.0000","32.4053","14.9200","0.1340","10000.0000","45.39078822","-75.69573157","36.0","13.2","873.6","79","1","79","1","0","0.03","0.02","-1.00","-0.3","0.1","-0.5","51.02","122.00","2021","6553.5","155.3","0","0","0","0","27.0","155.3","30.7","30.0","3.41","-0.1","-0.0","3.401","0.816","0.00","12.8","1.73","0"
"10.850","0.1177","13","0.0000","0.0000","20.5091","56.3635","0.0000","32.3995","14.8400","0.1360","10000.0000","45.39078829","-75.69573162","36.0","13.2","873.2","79","1","79","1","0","-0.00","0.01","-1.00","-0.3","0.1","-0.5","50.98","112.29","2019","6553.5","155.6","0","0","0","0","27.0","155.6","30.7","30.0","3.44","-0.1","0.0","3.403","0.806","0.00","12.8","1.74","0"
"10.900","0.0593","13","0.0000","0.0000","38.2817","16.1039","0.0000","32.3945","14.7400","0.1460","10000.0000","45.39078840","-75.69573171","36.0","13.2","873.2","79","1","79","1","0","0.01","0.00","-1.00","-0.3","0.1","-0.5","50.95","97.84","2012","6553.5","156.2","0","0","0","0","27.0","156.2","30.6","30.0","3.39","-0.1","0.0","3.408","0.809","0.00","12.8","1.75","0"
"10.950","0.0405","14","0.0000","0.0000","38.0759","-33.8731","0.0000","32.3874","14.6700","0.1440","10000.0000","45.39078849","-75.69573181","36.0","13.2","873.5","79","1","79","1","0","-0.02","0.00","-0.98","-0.3","0.0","-0.5","50.91","108.64","1996","6553.5","156.9","0","0","0","0","27.0","156.9","30.6","30.0","3.34","-0.1","0.0","3.413","0.812","0.00","12.8","1.77","0"
"11.000","0.0479","14","0.0000","0.0000","25.8843","-90.3284","0.0000","32.3788","14.6200","0.1340","10000.0000","45.39078857","-75.69573190","36.0","13.2","873.5","79","1","79","1","0","-0.04","0.02","-0.97","-0.3","0.0","-0.5","50.88","125.00","1954","6553.5","157.4","0","0","0","0","27.0","157.4","30.6","30.0","3.33","-0.1","-0.0","3.419","0.817","0.00","12.7","1.75","0"
"11.050","0.0827","14","0.0000","0.0000","18.4201","-90.6367","0.0000","32.3745","14.5700","0.1390","10000.0000","45.39078864","-75.69573200","36.0","13.2","873.7","79","1","79","1","0","-0.06","0.02","-0.98","-0.3","0.0","-0.5","50.84","118.37","1963","6553.5","157.8","0","0","0","0","27.0","157.8","30.6","30.0","3.34","-0.1","-0.0","3.422","0.817","0.00","12.6","1.73","0"
"11.100","0.1357","14","0.0000","0.0000","14.1076","-53.5138","0.0000","32.3729","14.5200","0.1540","10000.0000","45.39078872","-75.69573211","36.0","13.2","873.4","79","1","79","1","0","-0.14","-0.01","-1.00","-0.3","0.0","-0.4","50.80","105.61","2034","6553.5","158.4","0","0","0","0","27.0","158.4","30.7","30.0","3.40","-0.1","-0.0","3.420","0.811","0.00","12.7","1.75","0"
"11.150","0.1503","14","0.0000","0.0000","17.3063","-14.5287","0.0000","32.3698","14.4700","0.1540","10000.0000","45.39078881","-75.69573217","36.0","13.2","873.3","79","1","79","1","0","-0.09","0.00","-0.98","-0.3","0.1","-0.4","50.77","93.40","2036","6553.5","159.0","0","0","0","0","27.0","159.0","30.7","30.0","3.46","-0.1","0.0","3.409","0.808","0.00","12.8","1.78","0"
"11.200","0.1391","14","0.0000","0.0000","25.5124","25.6978","0.0000","32.3657","14.4200","0.1440","10000.0000","45.39078892","-75.69573220","36.0","13.2","873.5","79","1","79","1","0","0.03","0.02","-0.99","-0.3","0.1","-0.4","50.73","87.50","2004","6553.5","159.5","0","0","0","0","27.0","159.5","30.6","30.0","3.49","-0.1","0.0","3.395","0.805","0.00","12.8","1.78","0"
"11.250","0.1248","14","0.0000","0.0000","31.7851","47.6984","0.0000","32.3594","14.3700","0.1340","10000.0000","45.39078900","-75.69573223","36.0","13.2","873.5","79","1","79","1","0","0.04","0.03","-1.00","-0.3","0.1","-0.5","50.70","90.79","2001","6553.5","160.0","0","0","0","0","27.0","160.0","30.6","30.0","3.49","-0.1","0.0","3.397","0.809","0.00","12.8","1.76","0"
"11.300","0.1084","14","0.0000","0.0000","36.7687","57.5485","0.0000","32.3518","14.3200","0.1240","10000.0000","45.39078907","-75.69573226","36.0","13.2","873.5","79","1","79","1","0","0.01","0.03","-1.00","-0.3","0.1","-0.5","50.66","97.37","2000","6553.5","160.7","0","0","0","0","27.0","160.8","30.6","30.0","3.38","-0.1","0.0","3.402","0.814","0.00","12.8","1.78","0"
"11.350","0.1469","14","0.0000","0.0000","31.8149","39.9745","0.0000","32.3484","14.2700","0.1320","10000.0000","45.39078918","-75.69573229","36.0","13.2","873.5","79","1","79","1","0","0.01","0.02","-1.00","-0.3","0.1","-0.5","50.63","130.00","1942","6553.5","161.6","0","0","0","0","27.0","161.6","30.6","30.0","3.29","-0.1","-0.0","3.401","0.819","0.00","12.8","1.81","0"
"11.400","0.2220","14","0.0000","0.0000","20.2361","4.1178","0.0000","32.3478","14.2200","0.1520","10000.0000","45.39078931","-75.69573232","36.0","13.2","873.1","79","1","79","1","0","-0.01","0.01","-0.99","-0.3","0.1","-0.5","50.59","120.00","1911","6553.5","162.0","0","0","0","0","27.0","162.0","30.6","30.0","3.30","-0.1","-0.0","3.402","0.824","0.00","12.8","1.82","0"
"11.450","0.2235","14","0.0000","0.0000","20.1674","-38.0454","0.0000","32.3445","14.2000","0.1510","10000.0000","45.39078939","-75.69573240","36.0","13.2","873.2","79","1","79","1","0","0.01","0.01","-0.98","-0.3","0.1","-0.5","50.55","94.55","1955","6553.5","162.3","0","0","0","0","27.0","162.3","30.6","30.0","3.30","-0.1","-0.0","3.409","0.833","0.00","12.7","1.83","0"
"11.500","0.1759","14","0.0000","0.0000","27.7722","-84.4130","0.0000","32.3394","14.2000","0.1360","10000.0000","45.39078944","-75.69573251","36.0","13.2","873.4","79","1","79","1","0","0.01","0.01","-0.98","-0.3","0.1","-0.4","50.52","90.91","1954","6553.5","162.9","0","0","0","0","27.0","162.9","30.6","30.0","3.30","-0.1","-0.0","3.418","0.840","0.00","12.7","1.82","0"
"11.550","0.1709","14","0.0000","0.0000","28.2832","-86.4167","0.0000","32.3349","14.1700","0.1360","10000.0000","45.39078952","-75.69573257","36.0","13.2","873.5","79","1","79","1","0","-0.03","0.01","-0.99","-0.3","0.1","-0.4","50.48","90.91","1899","6553.5","163.6","0","0","0","0","27.0","163.6","30.6","30.0","3.29","-0.1","0.0","3.430","0.844","0.00","12.8","1.80","0"
"11.600","0.1943","14","0.0000","0.0000","24.0649","-58.8443","0.0000","32.3307","14.1200","0.1460","10000.0000","45.39078962","-75.69573260","36.0","13.2","873.5","79","1","79","1","0","-0.04","0.03","-0.99","-0.3","0.1","-0.5","50.45","94.91","1896","6553.5","164.3","0","0","0","0","27.0","164.3","30.6","30.0","3.25","-0.1","0.0","3.407","0.850","0.00","12.8","1.81","0"
"11.650","0.2134","14","0.0000","0.0000","21.0981","-22.7224","0.0000","32.3245","14.0700","0.1500","10000.0000","45.39078970","-75.69573263","36.0","13.2","873.3","79","1","79","1","0","-0.02","0.04","-1.00","-0.3","0.1","-0.5","50.41","100.00","1920","6553.5","164.9","0","0","0","0","27.0","165.0","30.6","30.0","3.22","-0.1","0.0","3.367","0.858","0.00","12.7","1.82","0"
"11.700","0.2296","14","0.0000","0.0000","18.9656","19.0992","0.0000","32.3168","14.0200","0.1500","10000.0000","45.39078977","-75.69573266","36.0","13.2","873.1","79","1","79","1","0","-0.04","0.01","-1.01","-0.3","0.1","-0.5","50.38","107.42","1906","6553.5","165.4","0","0","0","0","27.0","165.4","30.6","30.0","3.24","-0.1","0.0","3.323","0.846","0.00","12.8","1.83","0"
"11.750","0.1976","14","0.0000","0.0000","23.2149","-4.2082","0.0000","32.3128","13.9700","0.1440","10000.0000","45.39078985","-75.69573273","36.0","13.2","873.2","79","1","79","1","0","-0.07","0.01","-0.99","-0.3","0.1","-0.5","50.34","124.30","1893","6553.5","165.8","0","0","0","0","27.0","165.8","30.6","30.0","3.26","-0.1","0.0","3.283","0.831","0.00","12.9","1.85","0"
"11.800","0.1336","14","0.0000","0.0000","31.7187","-70.9351","0.0000","32.3112","13.9200","0.1340","10000.0000","45.39078993","-75.69573284","36.0","13.2","873.4","79","1","79","1","0","-0.09","0.05","-0.99","-0.3","0.1","-0.4","50.30","141.17","1985","6553.5","166.4","0","0","0","0","27.0","166.4","30.6","30.0","3.28","-0.1","0.0","3.303","0.837","0.00","12.9","1.85","0"
"11.850","0.1160","14","0.0000","0.0000","36.9724","-83.6413","0.0000","32.3102","13.9000","0.1360","10000.0000","45.39079000","-75.69573291","36.0","13.2","873.8","79","1","79","1","0","-0.08","0.06","-0.99","-0.3","0.1","-0.5","50.26","171.79","2047","6553.5","167.0","0","0","0","0","27.0","167.1","30.6","30.0","3.33","-0.1","0.0","3.331","0.841","0.00","12.8","1.86","0"
"11.900","0.1294","14","0.0000","0.0000","40.0594","-60.3338","0.0000","32.3095","13.9000","0.1460","10000.0000","45.39079007","-75.69573296","36.0","13.2","873.5","79","1","79","1","0","-0.09","0.03","-0.98","-0.3","0.1","-0.5","50.21","175.00","2021","6553.5","167.6","0","0","0","0","27.0","167.6","30.6","30.0","3.45","-0.1","0.0","3.380","0.837","0.00","12.8","1.85","0"
"11.950","0.1388","14","0.0000","0.0000","41.0362","-41.1030","0.0000","32.3046","13.8700","0.1500","10000.0000","45.39079014","-75.69573300","36.0","13.2","873.2","79","1","79","1","0","-0.09","0.02","-0.97","-0.3","0.1","-0.5","50.16","163.52","2024","6553.5","168.2","0","0","0","0","27.0","168.2","30.6","30.0","3.53","-0.1","0.0","3.414","0.837","0.00","12.8","1.83","0"
"12.000","0.1457","14","0.0000","0.0000","40.6062","-24.5900","0.0000","32.2969","13.8200","0.1500","10000.0000","45.39079021","-75.69573303","36.0","13.2","873.5","79","1","79","1","0","0.01","0.03","-0.97","-0.3","0.1","-0.5","50.10","150.77","2061","6553.5","168.6","0","0","0","0","27.0","168.6","30.6","30.0","3.49","-0.1","0.0","3.431","0.841","0.00","12.8","1.84","0"
"12.050","0.1522","14","0.0000","0.0000","38.5033","-22.0434","0.0000","32.2929","13.7700","0.1500","10000.0000","45.39079029","-75.69573310","36.0","13.2","873.8","79","1","79","1","0","0.08","0.03","-0.97","-0.3","0.1","-0.5","50.05","136.07","2023","6553.5","169.0","0","0","0","0","27.0","169.0","30.6","30.0","3.44","-0.1","0.0","3.440","0.840","0.00","12.8","1.86","0"
"12.100","0.1585","14","0.0000","0.0000","35.2849","-28.8077","0.0000","32.2913","13.7200","0.1500","10000.0000","45.39079036","-75.69573321","36.0","13.2","874.0","79","1","79","1","0","0.09","0.01","-0.98","-0.3","0.0","-0.5","50.00","125.00","1946","6553.5","169.4","0","0","0","0","27.0","169.5","30.6","30.0","3.39","-0.1","0.0","3.445","0.836","0.00","12.8","1.86","0"
"12.150","0.1127","14","0.0000","0.0000","23.7983","-22.0594","0.0000","32.2907","13.7000","0.1440","10000.0000","45.39079039","-75.69573325","36.0","13.2","873.3","79","1","79","1","0","-0.00","-0.00","-0.98","-0.3","0.0","-0.5","49.94","125.00","2003","6553.5","169.9","0","0","0","0","27.0","169.9","30.6","30.0","3.36","-0.1","0.0","3.436","0.835","0.00","12.8","1.85","0"
"12.200","0.0322","14","0.0000","0.0000","6.7995","-6.3027","0.0000","32.2907","13.7000","0.1340","10000.0000","45.39079039","-75.69573325","36.0","13.2","873.6","79","1","79","1","0","-0.04","0.01","-0.97","-0.3","0.0","-0.5","49.89","125.00","2075","6553.5","170.4","0","0","0","0","27.0","170.4","30.6","30.0","3.38","-0.1","-0.0","3.425","0.836","0.00","12.8","1.84","0"
"12.250","0.0404","14","0.0000","0.0000","18.7932","-17.4955","0.0000","32.2814","14.5400","0.1270","10000.0000","45.39079044","-75.69573330","36.0","13.2","873.5","79","1","79","1","0","-0.01","0.02","-0.97","-0.3","-0.0","-0.5","49.83","125.00","2017","6553.5","171.0","0","0","0","0","27.0","171.0","30.6","30.0","3.42","-0.1","-0.0","3.431","0.829","0.00","12.8","1.82","0"
"12.300","0.1078","14","0.0000","0.0000","50.1151","-46.6546","0.0000","32.2659","15.9400","0.1220","10000.0000","45.39079052","-75.69573338","36.0","13.2","873.5","79","1","79","1","0","-0.05","0.04","-1.00","-0.3","-0.0","-0.5","49.78","110.00","1967","6553.5","171.3","0","0","0","0","27.0","171.3","30.6","30.0","3.47","-0.1","-0.0","3.436","0.829","0.00","12.8","1.84","0"
"12.350","0.1248","14","0.0000","0.0000","67.8284","-66.9590","0.0000","32.2529","16.4100","0.1200","10000.0000","45.39079057","-75.69573343","36.0","13.2","873.7","79","1","79","1","0","-0.08","0.04","-1.01","-0.3","0.0","-0.5","49.73","87.50","1936","6553.5","171.5","0","0","0","0","27.0","171.5","30.6","30.0","3.46","-0.1","-0.0","3.437","0.846","0.00","12.8","1.86","0"
"12.400","0.1084","14","0.0000","0.0000","76.4693","-81.3604","0.0000","32.2417","16.2600","0.1200","10000.0000","45.39079061","-75.69573346","36.0","13.2","873.5","79","1","79","1","0","-0.08","0.04","-1.00","-0.3","0.0","-0.5","49.67","82.86","1887","6553.5","171.8","0","0","0","0","27.0","171.8","30.6","30.0","3.22","-0.1","0.0","3.427","0.849","0.00","12.8","1.91","0"
"12.450","0.1294","14","0.0000","0.0000","63.5026","-35.8402","0.0000","32.2288","16.1400","0.1230","10000.0000","45.39079063","-75.69573345","36.0","13.2","873.5","79","1","79","1","0","-0.07","0.02","-0.99","-0.3","0.0","-0.5","49.62","71.25","1816","6553.5","172.1","0","0","0","0","27.0","172.1","30.6","30.0","3.05","-0.1","0.0","3.402","0.833","0.00","12.7","1.97","0"
"12.500","0.1755","14","0.0000","0.0000","36.1309","49.6276","0.0000","32.2149","16.0400","0.1280","10000.0000","45.39079062","-75.69573342","36.0","13.2","873.5","79","1","79","1","0","-0.03","-0.00","-0.98","-0.3","0.0","-0.5","49.57","90.00","1828","6553.5","172.5","0","0","0","0","27.0","172.5","30.6","30.0","3.18","-0.1","0.0","3.398","0.834","0.00","12.8","2.01","0"
"12.550","0.1828","14","0.0000","0.0000","26.8718","27.7823","0.0000","32.2047","15.9700","0.1300","10000.0000","45.39079063","-75.69573343","36.0","13.2","873.5","79","1","79","1","0","-0.02","-0.02","-0.98","-0.3","0.1","-0.5","49.51","128.57","1883","6553.5","172.9","0","0","0","0","27.0","172.9","30.5","30.0","3.27","-0.1","0.0","3.404","0.843","0.00","12.9","2.05","0"
"12.600","0.1643","14","0.0000","0.0000","29.6878","-65.6051","0.0000","32.1968","15.9200","0.1300","10000.0000","45.39079064","-75.69573348","36.0","13.2","873.5","79","1","79","1","0","-0.03","0.00","-1.00","-0.3","0.0","-0.5","49.46","123.51","1920","6553.5","173.4","0","0","0","0","27.0","173.4","30.5","30.0","3.17","-0.1","0.0","3.421","0.853","0.00","12.8","2.09","0"
"12.650","0.1690","14","0.0000","0.0000","28.0795","-73.6783","0.0000","32.1891","15.8400","0.1420","10000.0000","45.39079068","-75.69573352","36.0","13.2","873.5","79","1","79","1","0","-0.03","0.03","-1.00","-0.3","0.0","-0.5","49.41","110.87","1950","6553.5","173.9","0","0","0","0","27.0","173.9","30.5","30.0","3.11","-0.1","0.0","3.437","0.861","0.00","12.7","2.13","0"
"12.700","0.1891","14","0.0000","0.0000","23.5217","-24.8752","0.0000","32.1814","15.7400","0.1620","10000.0000","45.39079075","-75.69573355","36.0","13.2","873.6","79","1","79","1","0","-0.02","0.04","-0.98","-0.3","0.0","-0.5","49.35","103.17","1930","6553.5","174.4","0","0","0","0","27.0","174.4","30.5","30.0","3.18","-0.1","0.0","3.427","0.844","0.00","12.7","2.13","0"
"12.750","0.1686","14","0.0000","0.0000","26.3334","38.3049","0.0000","32.1720","15.6700","0.1610","10000.0000","45.39079076","-75.69573355","36.0","13.2","873.8","79","1","79","1","0","-0.06","0.03","-0.97","-0.3","0.0","-0.5","49.30","125.85","1914","6553.5","174.9","0","0","0","0","27.0","174.9","30.5","30.0","3.24","-0.1","0.0","3.420","0.832","0.00","12.8","2.11","0"
"12.800","0.1209","14","0.0000","0.0000","34.0580","111.0698","0.0000","32.1615","15.6200","0.1460","10000.0000","45.39079073","-75.69573353","36.0","13.2","873.5","79","1","79","1","0","-0.11","0.01","-0.98","-0.3","0.0","-0.5","49.25","128.57","1909","6553.5","175.3","0","0","0","0","27.0","175.3","30.5","30.0","3.29","-0.1","0.0","3.419","0.836","0.00","12.8","2.11","0"
"12.850","0.1037","14","0.0000","0.0000","28.3686","88.2460","0.0000","32.1485","15.5406","0.1489","10000.0000","45.39079072","-75.69573354","36.0","13.2","873.2","79","1","79","1","0","-0.06","-0.01","-1.00","-0.3","0.0","-0.5","49.19","128.57","1870","6553.5","175.7","0","0","0","0","27.0","175.7","30.5","30.0","3.31","-0.1","0.0","3.423","0.845","0.00","12.8","2.10","0"
"12.900","0.1067","14","0.0000","0.0000","13.7366","1.6964","0.0000","32.1339","15.4416","0.1638","10000.0000","45.39079073","-75.69573357","36.0","13.2","873.9","79","1","79","1","0","-0.02","0.01","-1.00","-0.3","0.0","-0.5","49.17","128.57","1791","6553.5","176.2","0","0","0","0","27.0","176.2","30.5","30.0","3.23","-0.1","0.0","3.434","0.860","0.00","12.8","2.10","0"
"12.950","0.1210","14","0.0000","0.0000","5.7589","-21.6860","0.0000","32.1257","15.3710","0.1700","10000.0000","45.39079075","-75.69573358","36.0","13.2","874.0","79","1","79","1","0","-0.02","0.04","-1.01","-0.3","0.0","-0.5","49.22","109.71","1787","6553.5","176.8","0","0","0","0","27.0","176.8","30.5","30.0","3.15","-0.1","0.0","3.427","0.858","0.00","12.8","2.11","0"
"13.000","0.1433","14","0.0000","0.0000","2.5998","0.6732","0.0000","32.1223","15.3210","0.1700","10000.0000","45.39079078","-75.69573356","36.0","13.2","873.9","79","1","79","1","0","-0.03","0.06","-1.01","-0.2","0.0","-0.5","49.27","100.00","1823","6553.5","177.1","0","0","0","0","27.0","177.1","30.5","30.0","3.09","-0.1","0.0","3.409","0.848","0.00","12.8","2.10","0"
"13.050","0.1656","14","0.0000","0.0000","4.6883","-13.9133","0.0000","32.1184","15.2710","0.1700","10000.0000","45.39079081","-75.69573358","36.0","13.2","873.7","79","1","79","1","0","-0.04","0.05","-1.02","-0.2","0.0","-0.5","49.33","108.25","1851","6553.5","177.4","0","0","0","0","27.0","177.4","30.5","30.0","3.03","-0.1","0.0","3.372","0.854","0.00","12.9","2.09","0"
"13.100","0.1878","14","0.0000","0.0000","10.5769","-55.2535","0.0000","32.1142","15.2210","0.1700","10000.0000","45.39079085","-75.69573363","36.0","13.2","873.1","79","1","79","1","0","-0.03","0.04","-1.03","-0.2","0.0","-0.5","49.38","120.75","1873","6553.5","177.8","0","0","0","0","27.0","177.9","30.5","30.0","3.02","-0.1","0.0","3.335","0.861","0.00","12.8","2.12","0"
"13.150","0.1633","14","0.0000","0.0000","22.4867","-40.4617","0.0000","32.1104","15.1710","0.1584","10000.0000","45.39079089","-75.69573364","36.0","13.2","873.5","79","1","79","1","0","-0.01","0.05","-1.01","-0.2","0.0","-0.5","49.43","125.00","1829","6553.5","178.3","0","0","0","0","27.0","178.3","30.5","30.0","3.03","-0.1","0.0","3.373","0.857","0.00","12.7","2.15","0"
"13.200","0.1050","14","0.0000","0.0000","38.7566","14.9775","0.0000","32.1070","15.1210","0.1384","10000.0000","45.39079092","-75.69573362","36.0","13.2","873.5","79","1","79","1","0","-0.03","0.05","-0.98","-0.2","0.0","-0.5","49.48","127.36","1821","6553.5","178.7","0","0","0","0","27.0","178.7","30.5","30.0","3.07","-0.1","-0.0","3.407","0.856","0.00","12.8","2.16","0"
"13.250","0.0805","14","0.0000","0.0000","42.2282","18.0271","0.0000","32.1010","15.0710","0.1387","10000.0000","45.39079093","-75.69573364","36.0","13.2","874.0","79","1","79","1","0","-0.02","0.03","-0.96","-0.3","0.0","-0.5","49.53","116.45","1918","6553.5","179.0","0","0","0","0","27.0","179.0","30.5","30.0","3.10","-0.1","-0.0","3.429","0.861","0.00","12.9","2.15","0"
"13.300","0.0805","14","0.0000","0.0000","36.4320","-16.8606","0.0000","32.0932","15.0210","0.1537","10000.0000","45.39079094","-75.69573369","36.0","13.2","873.6","79","1","79","1","0","-0.05","0.00","-0.97","-0.3","0.0","-0.5","49.58","98.08","1968","6553.5","179.5","0","0","0","0","27.0","179.5","30.5","30.0","3.10","-0.1","-0.0","3.439","0.860","0.00","12.9","2.13","0"
"13.350","0.1104","14","0.0000","0.0000","29.3713","4.3329","0.0000","32.0884","14.9710","0.1571","10000.0000","45.39079096","-75.69573366","36.0","13.2","873.5","79","1","79","1","0","-0.05","-0.00","-0.97","-0.3","0.0","-0.5","49.63","90.00","1961","6553.5","180.0","0","0","0","0","27.0","180.0","30.5","30.0","3.13","-0.1","0.0","3.434","0.852","0.00","12.8","2.10","0"
"13.400","0.1619","14","0.0000","0.0000","21.3948","66.1369","0.0000","32.0859","14.9210","0.1521","10000.0000","45.39079098","-75.69573359","36.0","13.2","873.9","79","1","79","1","0","0.01","0.03","-0.96","-0.3","0.0","-0.5","49.68","95.60","1941","6553.5","180.4","0","0","0","0","27.0","180.4","30.5","30.0","3.30","-0.1","0.0","3.431","0.853","0.00","12.8","2.07","0"
"13.450","0.1617","14","0.0000","0.0000","22.9966","37.0757","0.0000","32.0782","14.8710","0.1500","10000.0000","45.39079098","-75.69573358","36.0","13.2","873.5","79","1","79","1","0","-0.00","0.03","-0.99","-0.3","0.0","-0.5","49.73","106.86","1915","6553.5","180.7","0","0","0","0","27.0","180.7","30.5","30.0","3.42","-0.1","0.0","3.428","0.856","0.00","12.8","2.04","0"
"13.500","0.1239","14","0.0000","0.0000","31.5344","-57.7845","0.0000","32.0668","14.8210","0.1500","10000.0000","45.39079095","-75.69573363","36.0","13.2","873.5","79","1","79","1","0","-0.04","0.01","-1.00","-0.3","0.0","-0.5","49.78","119.12","1871","6553.5","181.0","0","0","0","0","27.0","181.0","30.5","30.0","3.32","-0.1","0.0","3.416","0.853","0.00","12.8","2.06","0"
"13.550","0.1157","14","0.0000","0.0000","32.1976","-89.1795","0.0000","32.0617","14.7710","0.1529","10000.0000","45.39079098","-75.69573367","36.0","13.2","873.8","79","1","79","1","0","0.03","0.00","-1.00","-0.3","0.0","-0.5","49.83","125.00","1818","6553.5","181.2","0","0","0","0","27.0","181.2","30.5","30.0","3.23","-0.1","-0.0","3.403","0.850","0.00","12.8","2.11","0"
"13.600","0.1291","14","0.0000","0.0000","27.1586","-74.6170","0.0000","32.0609","14.7210","0.1579","10000.0000","45.39079105","-75.69573372","36.0","13.2","873.5","79","1","79","1","0","0.05","0.01","-1.00","-0.3","0.0","-0.4","49.88","125.00","1655","6553.5","181.1","0","0","0","0","27.0","181.1","30.5","30.0","3.21","-0.1","-0.0","3.395","0.865","0.00","12.8","2.12","0"
"13.650","0.1190","14","0.0000","0.0000","25.9772","-25.5083","0.0000","32.0601","14.7000","0.1542","10000.0000","45.39079109","-75.69573377","36.0","13.2","873.5","79","1","79","1","0","-0.02","0.02","-0.99","-0.3","0.0","-0.4","49.93","115.90","1587","6553.5","181.0","0","0","0","0","27.0","181.0","30.5","30.0","3.14","-0.1","-0.0","3.394","0.878","0.00","12.8","2.11","0"
"13.700","0.0919","14","0.0000","0.0000","27.5892","48.6166","0.0000","32.0593","14.7000","0.1442","10000.0000","45.39079110","-75.69573383","36.0","13.2","873.5","79","1","79","1","0","-0.04","0.03","-0.99","-0.4","0.0","-0.5","49.98","98.40","1792","6553.5","181.3","0","0","0","0","27.0","181.3","30.4","30.0","2.91","-0.1","-0.0","3.414","0.880","0.00","12.8","2.14","0"
"13.750","0.0827","14","0.0000","0.0000","34.8136","25.0349","0.0000","32.0564","14.6710","0.1371","10000.0000","45.39079112","-75.69573389","36.0","13.2","873.3","79","1","79","1","0","-0.02","0.02","-1.00","-0.4","0.1","-0.5","50.03","95.20","1907","6553.5","181.7","0","0","0","0","27.0","181.7","30.4","30.0","2.77","-0.1","-0.0","3.417","0.875","0.00","12.8","2.17","0"
"13.800","0.0866","14","0.0000","0.0000","46.1023","-69.2997","0.0000","32.0522","14.6210","0.1321","10000.0000","45.39079116","-75.69573393","36.0","13.2","873.5","79","1","79","1","0","-0.08","0.02","-0.99","-0.4","0.1","-0.5","50.08","100.00","1916","6553.5","182.3","0","0","0","0","27.0","182.3","30.4","30.0","3.01","-0.1","0.0","3.398","0.863","0.00","12.8","2.20","0"
"13.850","0.0882","14","0.0000","0.0000","50.8435","-108.9203","0.0000","32.0519","14.5710","0.1271","10000.0000","45.39079120","-75.69573399","36.0","13.2","873.8","79","1","79","1","0","-0.07","0.04","-0.98","-0.4","0.1","-0.6","50.13","88.44","1948","6553.5","182.9","0","0","0","0","27.0","183.0","30.4","30.0","3.21","-0.1","0.0","3.404","0.849","0.00","12.9","2.22","0"
"13.900","0.0882","14","0.0000","0.0000","50.8435","-108.9203","0.0000","32.0546","14.5210","0.1221","10000.0000","45.39079124","-75.69573405","36.0","13.2","873.5","79","1","79","1","0","-0.04","0.02","-0.99","-0.4","0.1","-0.6","50.19","102.56","1993","6553.5","183.1","0","0","0","0","27.0","183.1","30.4","30.0","3.22","-0.1","0.0","3.422","0.833","0.00","12.8","2.21","0"
"13.950","0.0860","14","0.0000","0.0000","44.0322","-42.0597","0.0000","32.0496","14.4710","0.1229","10000.0000","45.39079124","-75.69573407","36.0","13.2","873.5","79","1","79","1","0","-0.07","0.03","-1.00","-0.4","0.1","-0.5","50.23","150.22","1872","6553.5","183.0","0","0","0","0","27.0","183.0","30.4","30.0","3.20","-0.1","0.0","3.378","0.854","0.00","12.7","2.19","0"
"14.000","0.0821","14","0.0000","0.0000","32.2884","73.2172","0.0000","32.0391","14.4210","0.1279","10000.0000","45.39079121","-75.69573405","36.0","13.2","873.5","79","1","79","1","0","-0.06","0.04","-1.02","-0.3","0.1","-0.5","50.25","151.00","1732","6553.5","183.2","0","0","0","0","27.0","183.2","30.5","30.0","3.04","-0.1","-0.0","3.328","0.879","0.00","12.7","2.21","0"
"14.050","0.1189","14","0.0000","0.0000","26.2363","77.8462","0.0000","32.0363","14.3710","0.1416","10000.0000","45.39079121","-75.69573408","36.0","13.2","873.5","79","1","79","1","0","-0.01","0.05","-1.02","-0.3","0.1","-0.5","50.27","125.00","1717","6553.5","183.4","0","0","0","0","27.0","183.4","30.5","30.0","2.93","-0.1","-0.0","3.368","0.878","0.00","12.8","2.23","0"
"14.100","0.1852","14","0.0000","0.0000","24.3057","2.3509","0.0000","32.0390","14.3210","0.1616","10000.0000","45.39079125","-75.69573414","36.0","13.2","873.5","79","1","79","1","0","-0.04","0.04","-1.01","-0.3","0.1","-0.4","50.29","117.06","1732","6553.5","183.7","0","0","0","0","27.0","183.7","30.5","30.0","3.01","-0.1","0.0","3.399","0.874","0.00","12.8","2.24","0"
"14.150","0.1943","14","0.0000","0.0000","31.1264","-40.0061","0.0000","32.0417","14.3000","0.1613","10000.0000","45.39079129","-75.69573420","36.0","13.2","873.5","79","1","79","1","0","-0.02","0.03","-1.00","-0.3","0.1","-0.4","50.31","100.51","1838","6553.5","183.9","0","0","0","0","27.0","183.9","30.5","30.0","3.07","-0.1","0.0","3.408","0.858","0.00","12.8","2.25","0"
"14.200","0.1620","14","0.0000","0.0000","44.2844","-58.3664","0.0000","32.0443","14.3000","0.1463","10000.0000","45.39079133","-75.69573427","36.0","13.2","873.9","79","1","79","1","0","0.07","0.02","-1.00","-0.3","0.1","-0.4","50.33","105.23","1883","6553.5","184.2","0","0","0","0","27.0","184.3","30.5","30.0","3.04","-0.1","0.0","3.412","0.856","0.00","12.8","2.26","0"
"14.250","0.1349","14","0.0000","0.0000","58.5441","-72.1803","0.0000","32.0434","14.2710","0.1284","10000.0000","45.39079133","-75.69573429","36.0","13.2","873.7","79","1","79","1","0","0.06","0.02","-1.00","-0.3","0.1","-0.5","50.35","125.00","1857","6553.5","184.7","0","0","0","0","27.0","184.7","30.5","30.0","3.00","-0.1","0.0","3.411","0.873","0.00","12.9","2.28","0"
"14.300","0.1116","14","0.0000","0.0000","73.6015","-82.7019","0.0000","32.0399","14.2210","0.1084","10000.0000","45.39079130","-75.69573429","36.0","13.2","873.5","79","1","79","1","0","-0.01","0.02","-1.00","-0.3","0.1","-0.5","50.37","114.50","1746","6553.5","185.0","0","0","0","0","27.0","185.0","30.5","30.0","2.96","-0.1","0.0","3.421","0.887","0.00","12.9","2.25","0"
"14.350","0.0979","14","0.0000","0.0000","71.8337","-77.4529","0.0000","32.0369","14.2000","0.1087","10000.0000","45.39079130","-75.69573425","36.0","13.2","873.5","79","1","79","1","0","-0.03","0.02","-0.98","-0.3","0.1","-0.5","50.39","105.30","1592","6553.5","185.3","0","0","0","0","27.0","185.3","30.4","30.0","2.92","-0.1","0.0","3.438","0.901","0.00","12.8","2.21","0"
"14.400","0.0910","14","0.0000","0.0000","57.8820","-60.7839","0.0000","32.0344","14.2000","0.1237","10000.0000","45.39079132","-75.69573417","36.0","13.2","873.2","79","1","79","1","0","-0.07","0.02","-0.97","-0.3","0.1","-0.4","50.41","117.93","1714","6553.5","185.7","0","0","0","0","27.0","185.8","30.4","30.0","2.91","-0.1","-0.0","3.441","0.880","0.00","12.8","2.20","0"
"14.450","0.1057","14","0.0000","0.0000","46.5958","-61.6099","0.0000","32.0287","14.1710","0.1358","10000.0000","45.39079134","-75.69573416","36.0","13.2","873.5","79","1","79","1","0","-0.02","0.01","-0.98","-0.3","0.1","-0.4","50.43","109.60","1875","6553.5","186.2","0","0","0","0","27.0","186.2","30.4","30.0","2.93","-0.1","0.0","3.442","0.854","0.00","12.9","2.20","0"
"14.500","0.1358","14","0.0000","0.0000","37.2397","-75.1048","0.0000","32.0209","14.1210","0.1458","10000.0000","45.39079134","-75.69573421","36.0","13.2","873.6","79","1","79","1","0","0.02","0.01","-1.01","-0.3","0.1","-0.4","50.46","90.00","1923","6553.5","186.6","0","0","0","0","27.0","186.7","30.4","30.0","3.05","-0.1","0.0","3.429","0.846","0.00","12.9","2.21","0"
"14.550","0.1367","14","0.0000","0.0000","39.2432","-20.9588","0.0000","32.0202","14.0710","0.1355","10000.0000","45.39079136","-75.69573419","36.0","13.2","873.5","79","1","79","1","0","-0.01","0.03","-1.01","-0.3","0.1","-0.4","50.48","98.75","1925","6553.5","187.1","0","0","0","0","27.0","187.1","30.4","30.0","3.14","-0.1","-0.0","3.414","0.845","0.00","12.8","2.22","0"
"14.600","0.1165","14","0.0000","0.0000","49.4727","82.1685","0.0000","32.0246","14.0210","0.1105","10000.0000","45.39079139","-75.69573413","36.0","13.2","873.9","79","1","79","1","0","-0.06","0.05","-0.99","-0.3","0.1","-0.5","50.50","118.63","1792","6553.5","187.4","0","0","0","0","27.0","187.4","30.4","30.0","3.10","-0.1","0.0","3.392","0.861","0.00","12.8","2.20","0"
"14.650","0.1097","14","0.0000","0.0000","49.2985","82.4219","0.0000","32.0224","14.0000","0.1174","10000.0000","45.39079139","-75.69573410","36.0","13.2","873.7","79","1","79","1","0","-0.09","0.03","-0.97","-0.3","0.1","-0.5","50.52","110.71","1710","6553.5","187.6","0","0","0","0","27.0","187.6","30.4","30.0","3.03","-0.1","0.0","3.384","0.873","0.00","12.8","2.18","0"
"14.700","0.1126","14","0.0000","0.0000","41.5908","8.1804","0.0000","32.0155","14.0000","0.1474","10000.0000","45.39079139","-75.69573408","36.0","13.2","873.6","79","1","79","1","0","-0.09","0.03","-0.97","-0.3","0.1","-0.5","50.54","90.00","1685","6553.5","187.6","0","0","0","0","27.0","187.6","30.4","30.0","2.88","-0.1","0.0","3.393","0.881","0.00","12.8","2.16","0"
"14.750","0.1042","14","0.0000","0.0000","40.4521","-5.2348","0.0000","32.0085","13.9710","0.1513","10000.0000","45.39079139","-75.69573407","36.0","13.2","873.5","79","1","79","1","0","-0.06","0.03","-0.99","-0.3","0.1","-0.5","50.56","89.54","1673","6553.5","187.6","0","0","0","0","27.0","187.6","30.4","30.0","2.76","-0.1","-0.0","3.366","0.888","0.00","12.8","2.14","0"
"14.800","0.0875","14","0.0000","0.0000","44.0703","25.3967","0.0000","32.0016","13.9210","0.1363","10000.0000","45.39079139","-75.69573405","36.0","13.2","873.6","79","1","79","1","0","-0.07","0.02","-0.99","-0.3","0.0","-0.5","50.58","88.46","1666","6553.5","187.8","0","0","0","0","27.0","187.8","30.4","30.0","2.77","-0.1","-0.0","3.321","0.895","0.00","12.8","2.16","0"
"14.850","0.1328","14","0.0000","0.0000","35.0725","53.1843","0.0000","31.9976","13.9000","0.1359","10000.0000","45.39079140","-75.69573396","36.0","13.2","873.5","79","1","79","1","0","-0.02","0.00","-0.98","-0.4","0.0","-0.5","50.60","88.73","1716","6553.5","188.1","0","0","0","0","27.0","188.1","30.4","30.0","2.78","-0.1","0.0","3.360","0.888","0.00","12.7","2.18","0"
"14.900","0.2229","14","0.0000","0.0000","16.9388","78.9125","0.0000","31.9959","13.9000","0.1461","10000.0000","45.39079142","-75.69573382","36.0","13.2","873.6","79","1","79","1","0","-0.11","-0.00","-1.00","-0.4","0.0","-0.5","50.62","98.98","1775","6553.5","188.5","0","0","0","0","27.0","188.5","30.4","30.0","2.83","-0.1","0.0","3.409","0.879","0.00","12.8","2.20","0"
"14.950","0.2176","14","0.0000","0.0000","11.4309","43.7150","0.0000","31.9927","13.8690","0.1562","10000.0000","45.39079145","-75.69573379","36.0","13.2","873.2","79","1","79","1","0","-0.16","-0.00","-1.00","-0.4","0.0","-0.5","50.64","100.00","1826","6553.5","188.9","0","0","0","0","27.0","188.9","30.4","30.0","2.88","-0.1","0.0","3.411","0.866","0.00","12.9","2.22","0"
"15.000","0.1540","14","0.0000","0.0000","13.6613","-28.8240","0.0000","31.9884","13.8190","0.1662","10000.0000","45.39079149","-75.69573384","36.0","13.2","874.0","79","1","79","1","0","-0.11","-0.01","-0.98","-0.3","0.0","-0.5","50.64","109.25","1842","6553.5","189.3","0","0","0","0","27.0","189.3","30.4","30.0","2.96","-0.1","0.0","3.401","0.860","0.00","12.8","2.24","0"
"15.050","0.1249","14","0.0000","0.0000","16.9307","-3.3839","0.0000","31.9830","13.8000","0.1669","10000.0000","45.39079150","-75.69573381","36.0","13.2","873.7","79","1","79","1","0","-0.07","-0.02","-0.96","-0.3","0.1","-0.5","50.61","119.53","1756","6553.5","189.7","0","0","0","0","27.0","189.7","30.4","30.0","2.99","-0.1","0.0","3.355","0.878","0.00","12.7","2.26","0"
"15.100","0.1169","14","0.0000","0.0000","20.8368","82.1080","0.0000","31.9769","13.8000","0.1619","10000.0000","45.39079149","-75.69573373","36.0","13.2","873.5","79","1","79","1","0","-0.05","-0.01","-0.97","-0.3","0.1","-0.5","50.57","128.57","1679","6553.5","190.1","0","0","0","0","27.0","190.1","30.4","30.0","2.87","-0.1","0.0","3.343","0.891","0.00","12.8","2.23","0"
"15.150","0.1246","14","0.0000","0.0000","17.3773","123.6873","0.0000","31.9729","13.7690","0.1631","10000.0000","45.39079146","-75.69573366","36.0","13.2","873.5","79","1","79","1","0","-0.06","0.02","-0.97","-0.3","0.1","-0.5","50.54","128.57","1615","6553.5","190.5","0","0","0","0","27.0","190.5","30.4","30.0","2.78","-0.1","0.0","3.370","0.899","0.00","12.9","2.20","0"
"15.200","0.1419","14","0.0000","0.0000","9.4035","138.3524","0.0000","31.9702","13.7190","0.1681","10000.0000","45.39079142","-75.69573360","36.0","13.2","873.2","79","1","79","1","0","-0.08","0.04","-0.98","-0.3","0.1","-0.4","50.50","103.43","1647","6553.5","190.9","0","0","0","0","27.0","190.9","30.4","30.0","2.80","-0.1","0.0","3.354","0.906","0.00","12.9","2.21","0"
"15.250","0.1625","14","0.0000","0.0000","4.1314","143.0471","0.0000","31.9654","13.7000","0.1700","10000.0000","45.39079140","-75.69573353","36.0","13.2","873.7","79","1","79","1","0","-0.02","0.05","-1.00","-0.3","0.1","-0.4","50.47","115.98","1729","6553.5","191.2","0","0","0","0","27.0","191.2","30.4","30.0","2.80","-0.1","0.0","3.317","0.913","0.00","12.8","2.23","0"
"15.300","0.1852","14","0.0000","0.0000","0.5154","141.6308","0.0000","31.9593","13.7000","0.1700","10000.0000","45.39079139","-75.69573345","36.0","13.2","874.0","79","1","79","1","0","-0.01","0.04","-1.00","-0.3","0.1","-0.4","50.43","134.14","1727","6553.5","191.5","0","0","0","0","27.0","191.5","30.4","30.0","2.76","-0.1","-0.0","3.370","0.908","0.00","12.8","2.24","0"
"15.350","0.1338","14","0.0000","0.0000","-0.5925","97.3539","0.0000","31.9570","13.7000","0.1700","10000.0000","45.39079139","-75.69573342","36.0","13.2","873.5","79","1","79","1","0","-0.02","0.03","-1.00","-0.3","0.1","-0.4","50.39","121.83","1718","6553.5","191.8","0","0","0","0","27.0","191.8","30.4","30.0","2.73","-0.1","-0.0","3.433","0.901","0.00","12.7","2.24","0"
"15.400","0.0368","14","0.0000","0.0000","-0.1632","26.8076","0.0000","31.9570","13.7000","0.1700","10000.0000","45.39079139","-75.69573342","36.0","13.2","874.0","79","1","79","1","0","0.02","0.02","-1.00","-0.3","0.1","-0.5","50.36","100.00","1804","6553.5","192.1","0","0","0","0","27.0","192.1","30.4","30.0","2.74","-0.1","-0.0","3.428","0.890","0.00","12.7","2.24","0"
"15.450","0.0387","14","0.0000","0.0000","-2.1064","-41.8511","0.0000","31.9565","14.5680","0.1638","10000.0000","45.39079139","-75.69573346","36.0","13.2","873.7","79","1","79","1","0","0.02","0.02","-0.99","-0.3","0.1","-0.5","50.32","97.89","1831","6553.5","192.3","0","0","0","0","27.0","192.3","30.4","30.0","2.75","-0.1","0.0","3.426","0.883","0.00","12.8","2.23","0"
"15.500","0.1010","14","0.0000","0.0000","-5.5038","-109.3528","0.0000","31.9556","15.9680","0.1538","10000.0000","45.39079140","-75.69573352","36.0","13.2","873.6","79","1","79","1","0","0.02","0.02","-0.98","-0.3","0.1","-0.5","50.29","93.30","1690","6553.5","192.5","0","0","0","0","27.0","192.5","30.4","30.0","2.82","-0.1","0.0","3.429","0.887","0.00","12.8","2.25","0"
"15.550","0.0972","14","0.0000","0.0000","-7.7860","-117.8630","0.0000","31.9554","16.4380","0.1593","10000.0000","45.39079144","-75.69573354","36.1","13.2","873.5","79","1","79","1","0","-0.01","0.00","-0.97","-0.3","0.0","-0.5","50.25","107.96","1652","6553.5","192.7","0","0","0","0","27.0","192.7","30.4","30.0","2.88","-0.1","0.0","3.428","0.883","0.00","12.8","2.27","0"
"15.600","0.0529","14","0.0000","0.0000","-9.3845","-90.2171","0.0000","31.9555","16.3380","0.1743","10000.0000","45.39079151","-75.69573352","36.1","13.2","873.9","79","1","79","1","0","-0.13","-0.01","-0.96","-0.3","-0.0","-0.5","50.22","128.57","1735","6553.5","192.6","0","0","0","0","27.0","192.6","30.4","30.0","2.90","-0.1","0.0","3.422","0.871","0.00","12.8","2.27","0"
"15.650","0.0828","14","0.0000","0.0000","-8.6916","-24.0213","0.0000","31.9518","16.2380","0.1738","10000.0000","45.39079152","-75.69573347","36.1","13.2","873.5","79","1","79","1","0","-0.11","-0.00","-0.97","-0.3","-0.0","-0.4","50.18","130.62","1773","6553.5","192.4","0","0","0","0","27.0","192.4","30.4","30.0","2.90","-0.1","0.0","3.420","0.870","0.00","12.8","2.27","0"
"15.700","0.1584","14","0.0000","0.0000","-6.5943","65.8020","0.0000","31.9457","16.1380","0.1638","10000.0000","45.39079152","-75.69573339","36.1","13.2","873.6","79","1","79","1","0","-0.10","0.02","-0.99","-0.3","-0.0","-0.4","50.14","135.51","1786","6553.5","192.6","0","0","0","0","27.0","192.6","30.4","30.0","2.81","-0.1","0.0","3.419","0.875","0.00","12.8","2.27","0"
"15.750","0.1777","14","0.0000","0.0000","-5.0919","20.3306","0.0000","31.9429","16.0380","0.1600","10000.0000","45.39079152","-75.69573340","36.1","13.2","873.7","79","1","79","1","0","-0.05","0.03","-1.01","-0.3","0.0","-0.4","50.11","139.08","1678","6553.5","192.9","0","0","0","0","27.0","192.9","30.4","30.0","2.72","-0.1","0.0","3.436","0.877","0.00","12.8","2.26","0"
"15.800","0.1626","14","0.0000","0.0000","-3.9542","-108.0633","0.0000","31.9420","15.9380","0.1600","10000.0000","45.39079153","-75.69573346","36.1","13.2","873.6","79","1","79","1","0","-0.03","0.02","-1.00","-0.3","0.0","-0.4","50.07","127.54","1561","6553.5","193.2","0","0","0","0","27.0","193.2","30.4","30.0","2.67","-0.1","-0.0","3.453","0.878","0.00","12.8","2.26","0"
"15.850","0.1356","14","0.0000","0.0000","-10.2617","-77.3950","0.0000","31.9418","15.8380","0.1600","10000.0000","45.39079157","-75.69573347","36.1","13.2","873.7","79","1","79","1","0","0.00","0.00","-0.98","-0.3","0.1","-0.5","50.04","125.00","1614","6553.5","193.5","0","0","0","0","27.0","193.5","30.4","30.0","2.66","-0.1","-0.0","3.445","0.875","0.00","12.8","2.25","0"
"15.900","0.1012","14","0.0000","0.0000","-21.1324","50.7631","0.0000","31.9419","15.7380","0.1600","10000.0000","45.39079163","-75.69573346","36.1","13.2","873.5","79","1","79","1","0","0.01","-0.00","-0.97","-0.3","0.0","-0.5","50.00","112.46","1651","6553.5","193.6","0","0","0","0","27.0","193.6","30.4","30.0","2.81","-0.1","-0.0","3.437","0.874","0.00","12.8","2.31","0"
"15.950","0.0961","14","0.0000","0.0000","-25.9254","14.3947","0.0000","31.9377","15.6690","0.1631","10000.0000","45.39079165","-75.69573344","36.1","13.2","873.8","79","1","79","1","0","0.01","0.00","-0.98","-0.3","0.0","-0.5","49.97","96.38","1645","6553.5","193.6","0","0","0","0","27.0","193.6","30.3","30.0","2.91","-0.1","-0.0","3.433","0.877","0.00","12.8","2.38","0"
"16.000","0.1090","14","0.0000","0.0000","-26.9934","-122.8125","0.0000","31.9307","15.6190","0.1681","10000.0000","45.39079165","-75.69573343","36.1","13.2","874.0","79","1","79","1","0","0.12","0.02","-0.98","-0.3","0.0","-0.5","49.93","90.31","1659","6553.5","193.4","0","0","0","0","27.0","193.4","30.3","30.0","2.80","-0.1","-0.0","3.427","0.879","0.00","12.8","2.36","0"
"16.050","0.1035","14","0.0000","0.0000","-29.4448","-74.6855","0.0000","31.9281","15.5690","0.1669","10000.0000","45.39079169","-75.69573341","36.1","13.2","874.0","79","1","79","1","0","0.09","0.03","-0.98","-0.3","0.0","-0.6","49.90","90.00","1699","6553.5","193.2","0","0","0","0","27.0","193.2","30.4","30.0","2.71","-0.1","-0.0","3.417","0.880","0.00","12.8","2.30","0"
"16.100","0.0868","14","0.0000","0.0000","-32.7439","87.0334","0.0000","31.9283","15.5190","0.1619","10000.0000","45.39079175","-75.69573339","36.1","13.2","873.9","79","1","79","1","0","-0.06","0.01","-0.99","-0.3","0.0","-0.5","49.89","90.29","1724","6553.5","193.2","0","0","0","0","27.0","193.2","30.4","30.0","2.65","-0.1","-0.0","3.417","0.875","0.00","12.8","2.28","0"
"16.150","0.1016","14","0.0000","0.0000","-29.4952","81.0675","0.0000","31.9306","15.4380","0.1538","10000.0000","45.39079180","-75.69573339","36.1","13.2","873.8","79","1","79","1","0","-0.22","0.03","-1.00","-0.3","0.0","-0.5","49.88","90.72","1742","6553.5","193.3","0","0","0","0","27.0","193.3","30.4","30.0","2.64","-0.1","0.0","3.421","0.868","0.00","12.8","2.27","0"
"16.200","0.1355","14","0.0000","0.0000","-22.2332","-27.6731","0.0000","31.9341","15.3380","0.1438","10000.0000","45.39079183","-75.69573339","36.1","13.2","874.0","79","1","79","1","0","-0.25","0.04","-0.97","-0.3","0.0","-0.4","49.87","90.91","1748","6553.5","193.6","0","0","0","0","27.0","193.7","30.4","30.0","2.83","-0.1","0.0","3.409","0.884","0.00","12.8","2.31","0"
"16.250","0.1377","14","0.0000","0.0000","-20.3564","-67.8817","0.0000","31.9350","15.2690","0.1431","10000.0000","45.39079188","-75.69573342","36.1","13.2","874.0","79","1","79","1","0","-0.22","0.02","-0.96","-0.3","0.0","-0.4","49.85","110.00","1745","6553.5","194.1","0","0","0","0","27.0","194.1","30.3","30.0","2.96","-0.1","-0.0","3.395","0.902","0.00","12.8","2.36","0"
"16.300","0.1204","14","0.0000","0.0000","-21.7801","-66.0871","0.0000","31.9343","15.2190","0.1481","10000.0000","45.39079196","-75.69573346","36.1","13.2","873.5","79","1","79","1","0","-0.15","0.02","-0.96","-0.3","0.0","-0.4","49.84","115.64","1624","6553.5","194.2","0","0","0","0","27.0","194.2","30.4","30.0","2.87","-0.1","-0.0","3.409","0.895","0.00","12.8","2.38","0"
"16.350","0.1246","14","0.0000","0.0000","-19.5962","-50.5143","0.0000","31.9375","15.1690","0.1531","10000.0000","45.39079207","-75.69573355","36.1","13.2","873.5","79","1","79","1","0","-0.04","0.03","-0.98","-0.3","0.0","-0.4","49.83","98.93","1547","6553.5","194.3","0","0","0","0","27.0","194.3","30.4","30.0","2.77","-0.1","-0.0","3.421","0.894","0.00","12.7","2.40","0"
"16.400","0.1419","14","0.0000","0.0000","-15.2010","-26.4970","0.0000","31.9430","15.1190","0.1581","10000.0000","45.39079221","-75.69573365","36.1","13.2","873.5","79","1","79","1","0","-0.01","0.04","-1.00","-0.3","0.0","-0.4","49.82","90.91","1598","6553.5","194.5","0","0","0","0","27.0","194.5","30.3","30.0","2.61","-0.1","0.0","3.426","0.909","0.00","12.7","2.38","0"
"16.450","0.1274","14","0.0000","0.0000","-23.4692","-55.9244","0.0000","31.9425","15.0690","0.1507","10000.0000","45.39079229","-75.69573372","36.1","13.2","873.5","79","1","79","1","0","-0.04","0.03","-1.00","-0.3","0.0","-0.4","49.81","95.09","1601","6553.5","194.8","0","0","0","0","27.0","194.8","30.3","30.0","2.49","-0.1","0.0","3.429","0.919","0.00","12.8","2.36","0"
"16.500","0.0934","14","0.0000","0.0000","-39.4988","-118.1082","0.0000","31.9382","15.0190","0.1357","10000.0000","45.39079233","-75.69573377","36.1","13.2","873.6","79","1","79","1","0","-0.07","0.02","-0.98","-0.3","-0.0","-0.5","49.80","108.85","1548","6553.5","195.1","0","0","0","0","27.0","195.1","30.3","30.0","2.56","-0.1","0.0","3.429","0.923","0.00","12.8","2.36","0"
"16.550","0.0890","14","0.0000","0.0000","-38.0639","-137.6567","0.0000","31.9334","14.9690","0.1331","10000.0000","45.39079237","-75.69573385","36.1","13.2","873.7","79","1","79","1","0","-0.13","0.02","-0.99","-0.2","-0.0","-0.5","49.78","128.08","1590","6553.5","195.4","0","0","0","0","27.0","195.4","30.3","30.0","2.61","-0.1","-0.0","3.437","0.919","0.00","12.9","2.37","0"
"16.600","0.1028","14","0.0000","0.0000","-25.9250","-131.0739","0.0000","31.9283","14.9190","0.1381","10000.0000","45.39079242","-75.69573396","36.1","13.2","873.9","79","1","79","1","0","-0.08","0.03","-1.00","-0.2","0.0","-0.5","49.77","140.00","1680","6553.5","195.7","0","0","0","0","27.0","195.7","30.3","30.0","2.63","-0.1","-0.0","3.450","0.911","0.00","12.9","2.36","0"
"16.650","0.1061","14","0.0000","0.0000","-21.6425","-47.7377","0.0000","31.9253","14.8690","0.1462","10000.0000","45.39079249","-75.69573407","36.1","13.2","873.8","79","1","79","1","0","-0.04","0.03","-0.99","-0.3","0.0","-0.5","49.76","121.00","1725","6553.5","195.9","0","0","0","0","27.0","195.9","30.3","30.0","2.64","-0.1","-0.0","3.433","0.909","0.00","12.8","2.34","0"
"16.700","0.1030","14","0.0000","0.0000","-22.1752","82.6408","0.0000","31.9238","14.8190","0.1562","10000.0000","45.39079256","-75.69573418","36.1","13.2","873.6","79","1","79","1","0","-0.04","0.02","-0.98","-0.3","0.1","-0.5","49.75","90.00","1759","6553.5","196.1","0","0","0","0","27.0","196.1","30.3","30.0","2.61","-0.1","-0.0","3.414","0.906","0.00","12.8","2.32","0"
"16.750","0.1105","14","0.0000","0.0000","-19.2871","37.9081","0.0000","31.9221","14.7690","0.1600","10000.0000","45.39079260","-75.69573430","36.1","13.2","873.5","79","1","79","1","0","-0.05","0.01","-0.97","-0.3","0.1","-0.5","49.74","91.92","1746","6553.5","196.3","0","0","0","0","27.0","196.3","30.3","30.0","2.60","-0.1","0.0","3.425","0.891","0.00","12.8","2.29","0"
"16.800","0.1245","14","0.0000","0.0000","-14.3025","-114.1508","0.0000","31.9204","14.7190","0.1600","10000.0000","45.39079262","-75.69573442","36.1","13.2","873.6","79","1","79","1","0","-0.09","0.01","-0.98","-0.3","0.1","-0.5","49.72","96.97","1728","6553.5","196.2","0","0","0","0","27.0","196.2","30.3","30.0","2.69","-0.1","0.0","3.432","0.884","0.00","12.8","2.29","0"
"16.850","0.1230","14","0.0000","0.0000","-15.1685","-158.4913","0.0000","31.9165","14.6690","0.1538","10000.0000","45.39079265","-75.69573453","36.1","13.2","873.7","79","1","79","1","0","-0.16","0.03","-0.99","-0.4","0.1","-0.5","49.71","100.00","1698","6553.5","196.0","0","0","0","0","27.0","196.0","30.3","30.0","2.73","-0.1","0.0","3.430","0.903","0.00","12.9","2.30","0"
"16.900","0.1121","14","0.0000","0.0000","-19.6205","-136.8109","0.0000","31.9114","14.6190","0.1438","10000.0000","45.39079270","-75.69573464","36.1","13.2","873.6","79","1","79","1","0","-0.11","0.02","-1.00","-0.4","0.1","-0.5","49.70","100.00","1637","6553.5","196.2","0","0","0","0","27.0","196.2","30.3","30.0","2.61","-0.1","0.0","3.426","0.914","0.00","12.9","2.28","0"
"16.950","0.1080","13","0.0000","0.0000","-33.4633","-58.3931","0.0000","31.9025","14.5690","0.1400","10000.0000","45.39079274","-75.69573470","36.1","13.2","873.5","79","1","79","1","0","-0.04","0.01","-0.99","-0.4","0.1","-0.5","49.69","100.00","1542","6553.5","196.4","0","0","0","0","27.0","196.4","30.3","30.0","2.53","-0.1","0.0","3.422","0.916","0.00","12.8","2.26","0"
"17.000","0.1080","13","0.0000","0.0000","-53.0619","54.7992","0.0000","31.8912","14.5190","0.1400","10000.0000","45.39079278","-75.69573473","36.1","13.2","873.6","79","1","79","1","0","-0.06","0.02","-1.00","-0.3","0.0","-0.5","49.68","100.00","1603","6553.5","196.5","0","0","0","0","27.0","196.5","30.3","30.0","2.63","-0.1","-0.0","3.414","0.913","0.00","12.8","2.30","0"
"17.050","0.1098","13","0.0000","0.0000","-53.6410","116.1601","0.0000","31.8860","14.5000","0.1493","10000.0000","45.39079284","-75.69573481","36.1","13.2","873.7","79","1","79","1","0","0.01","0.03","-1.01","-0.3","0.0","-0.5","49.66","100.00","1744","6553.5","196.6","0","0","0","0","27.0","196.6","30.3","30.0","2.71","-0.1","-0.0","3.404","0.906","0.00","12.8","2.35","0"
"17.100","0.1127","13","0.0000","0.0000","-42.5631","145.7535","0.0000","31.8844","14.5000","0.1643","10000.0000","45.39079292","-75.69573492","36.1","13.2","873.6","79","1","79","1","0","0.04","0.03","-1.01","-0.2","-0.0","-0.5","49.66","100.00","1709","6553.5","196.7","0","0","0","0","27.0","196.7","30.3","30.0","2.72","-0.1","-0.0","3.373","0.909","0.00","12.8","2.38","0"
"17.150","0.1427","13","0.0000","0.0000","-31.0701","151.4778","0.0000","31.8849","14.4690","0.1731","10000.0000","45.39079298","-75.69573504","36.1","13.2","874.0","79","1","79","1","0","0.02","0.04","-1.00","-0.2","-0.0","-0.5","49.67","91.82","1649","6553.5","196.8","0","0","0","0","27.0","196.8","30.3","30.0","2.72","-0.1","-0.0","3.341","0.914","0.00","12.8","2.41","0"
"17.200","0.1891","13","0.0000","0.0000","-19.3227","142.5727","0.0000","31.8868","14.4190","0.1781","10000.0000","45.39079303","-75.69573516","36.1","13.2","873.9","79","1","79","1","0","0.04","0.04","-1.00","-0.2","0.0","-0.5","49.67","90.91","1642","6553.5","197.1","0","0","0","0","27.0","197.1","30.3","30.0","2.65","-0.1","-0.0","3.391","0.906","0.00","12.8","2.40","0"
"17.250","0.1780","13","0.0000","0.0000","-17.9600","100.6814","0.0000","31.8849","14.3690","0.1676","10000.0000","45.39079311","-75.69573523","36.1","13.2","874.0","79","1","79","1","0","0.10","0.03","-1.00","-0.2","0.0","-0.5","49.68","90.91","1627","6553.5","197.5","0","0","0","0","27.0","197.5","30.3","30.0","2.60","-0.1","-0.0","3.438","0.901","0.00","12.7","2.38","0"
"17.300","0.1315","13","0.0000","0.0000","-22.9621","38.5727","0.0000","31.8808","14.3190","0.1476","10000.0000","45.39079321","-75.69573526","36.1","13.2","874.0","79","1","79","1","0","0.08","0.03","-1.01","-0.3","0.1","-0.5","49.69","79.77","1590","6553.5","197.7","0","0","0","0","27.0","197.7","30.3","30.0","2.62","-0.1","0.0","3.430","0.904","0.00","12.7","2.38","0"
"17.350","0.1009","13","0.0000","0.0000","-31.2265","66.1302","0.0000","31.8787","14.3000","0.1431","10000.0000","45.39079326","-75.69573531","36.1","13.2","873.5","79","1","79","1","0","0.05","0.03","-1.00","-0.3","0.1","-0.5","49.70","92.50","1580","6553.5","197.8","0","0","0","0","27.0","197.8","30.3","30.0","2.60","-0.1","0.0","3.423","0.910","0.00","12.7","2.38","0"
"17.400","0.0799","13","0.0000","0.0000","-41.4905","148.6445","0.0000","31.8778","14.3000","0.1481","10000.0000","45.39079326","-75.69573537","36.1","13.2","873.9","79","1","79","1","0","0.04","0.03","-0.99","-0.3","0.1","-0.5","49.70","100.00","1602","6553.5","198.0","0","0","0","0","27.0","198.0","30.3","30.0","2.48","-0.1","0.0","3.421","0.920","0.00","12.7","2.36","0"
"17.450","0.0770","13","0.0000","0.0000","-47.4466","163.3273","0.0000","31.8732","14.2690","0.1469","10000.0000","45.39079327","-75.69573538","36.1","13.2","873.7","79","1","79","1","0","0.03","0.03","-1.00","-0.3","0.1","-0.5","49.71","100.00","1596","6553.5","198.2","0","0","0","0","27.0","198.2","30.3","30.0","2.42","-0.1","0.0","3.415","0.922","0.00","12.8","2.34","0"
"17.500","0.0851","13","0.0000","0.0000","-50.7623","136.4359","0.0000","31.8662","14.2190","0.1419","10000.0000","45.39079327","-75.69573537","36.1","13.2","873.6","79","1","79","1","0","0.00","0.03","-1.00","-0.3","0.1","-0.5","49.72","100.00","1577","6553.5","198.4","0","0","0","0","27.0","198.4","30.3","30.0","2.60","-0.1","0.0","3.408","0.919","0.00","12.8","2.35","0"
"17.550","0.1724","13","0.0000","0.0000","-40.7419","109.8809","0.0000","31.8566","14.2000","0.1400","10000.0000","45.39079329","-75.69573538","36.1","13.2","873.5","79","1","79","1","0","-0.06","0.02","-0.98","-0.3","0.0","-0.5","49.73","118.86","1657","6553.5","198.6","0","0","0","0","27.0","198.6","30.3","30.0","2.73","-0.1","-0.0","3.415","0.914","0.00","12.8","2.38","0"
"17.600","0.3084","13","0.0000","0.0000","-22.5477","83.5322","0.0000","31.8454","14.2000","0.1400","10000.0000","45.39079333","-75.69573541","36.1","13.2","873.6","79","1","79","1","0","0.00","0.02","-0.98","-0.2","-0.0","-0.5","49.73","134.66","1749","6553.5","198.6","0","0","0","0","27.0","198.6","30.3","30.0","2.63","-0.1","-0.0","3.430","0.909","0.00","12.8","2.37","0"
"17.650","0.3115","13","0.0000","0.0000","-17.7244","91.7058","0.0000","31.8428","14.1690","0.1493","10000.0000","45.39079337","-75.69573546","36.1","13.2","873.5","79","1","79","1","0","0.02","0.03","-0.99","-0.2","-0.0","-0.5","49.74","116.02","1774","6553.5","198.6","0","0","0","0","27.0","198.6","30.3","30.0","2.56","-0.1","0.0","3.435","0.904","0.00","12.9","2.35","0"
"17.700","0.2334","13","0.0000","0.0000","-21.0963","121.0383","0.0000","31.8455","14.1190","0.1643","10000.0000","45.39079341","-75.69573552","36.1","13.2","873.6","79","1","79","1","0","-0.01","0.04","-1.00","-0.2","0.0","-0.5","49.75","100.00","1754","6553.5","198.8","0","0","0","0","27.0","198.8","30.3","30.0","2.63","-0.1","0.0","3.437","0.902","0.00","12.9","2.36","0"
"17.750","0.2056","13","0.0000","0.0000","-18.8325","85.1371","0.0000","31.8477","14.1000","0.1669","10000.0000","45.39079349","-75.69573561","36.1","13.2","873.7","79","1","79","1","0","-0.02","0.02","-1.00","-0.3","0.0","-0.5","49.76","100.00","1609","6553.5","199.0","0","0","0","0","27.0","199.0","30.3","30.0","2.67","-0.1","0.0","3.419","0.911","0.00","12.8","2.37","0"
"17.800","0.2087","13","0.0000","0.0000","-13.1145","9.2540","0.0000","31.8497","14.1000","0.1619","10000.0000","45.39079360","-75.69573572","36.1","13.2","873.5","79","1","79","1","0","-0.01","0.01","-0.99","-0.3","0.1","-0.5","49.76","100.00","1522","6553.5","198.9","0","0","0","0","27.0","198.9","30.3","30.0","2.57","-0.1","0.0","3.409","0.910","0.00","12.8","2.38","0"
"17.850","0.2080","13","0.0000","0.0000","-14.4868","27.4660","0.0000","31.8482","14.0690","0.1631","10000.0000","45.39079362","-75.69573576","36.1","13.2","873.7","79","1","79","1","0","-0.11","0.01","-1.00","-0.3","0.1","-0.5","49.77","110.26","1504","6553.5","198.7","0","0","0","0","27.0","198.7","30.3","30.0","2.49","-0.1","0.0","3.423","0.897","0.00","12.9","2.40","0"
"17.900","0.2048","13","0.0000","0.0000","-20.2048","103.3491","0.0000","31.8447","14.0190","0.1681","10000.0000","45.39079359","-75.69573576","36.1","13.2","873.5","79","1","79","1","0","-0.12","0.01","-1.00","-0.3","0.1","-0.5","49.78","122.47","1546","6553.5","198.6","0","0","0","0","27.0","198.6","30.3","30.0","2.48","-0.1","-0.0","3.425","0.897","0.00","12.9","2.41","0"
"17.950","0.2795","13","0.0000","0.0000","-19.9728","52.6862","0.0000","31.8352","14.0000","0.1638","10000.0000","45.39079357","-75.69573587","36.1","13.2","874.0","79","1","79","1","0","0.01","0.02","-1.01","-0.3","0.0","-0.5","49.79","109.74","1619","6553.5","198.4","0","0","0","0","27.0","198.4","30.3","30.0","2.47","-0.1","-0.0","3.412","0.902","0.00","12.9","2.43","0"
"18.000","0.4017","13","0.0000","0.0000","-16.0942","-75.5370","0.0000","31.8221","14.0000","0.1538","10000.0000","45.39079356","-75.69573604","36.1","13.2","873.5","79","1","79","1","0","0.06","0.05","-1.02","-0.2","0.0","-0.5","49.79","90.91","1718","6553.5","198.5","0","0","0","0","27.0","198.5","30.3","30.0","2.47","-0.1","-0.0","3.418","0.891","0.00","12.9","2.42","0"
"18.050","0.5067","13","0.0000","0.0000","-15.0552","-132.7961","0.0000","31.8017","13.9690","0.1531","10000.0000","45.39079346","-75.69573609","36.1","13.2","874.0","79","1","79","1","0","0.06","0.07","-1.01","-0.2","-0.0","-0.5","49.80","87.69","1810","6553.5","198.6","0","0","0","0","27.0","198.6","30.3","30.0","2.51","-0.1","-0.0","3.435","0.878","0.00","12.9","2.40","0"
"18.100","0.6011","13","0.0000","0.0000","-15.7566","-146.5611","0.0000","31.7770","13.9190","0.1581","10000.0000","45.39079330","-75.69573607","36.1","13.2","873.6","79","1","79","1","0","-0.02","0.04","-1.00","-0.3","0.0","-0.5","49.81","81.25","1706","6553.5","198.5","0","0","0","0","27.0","198.5","30.3","30.0","2.65","-0.1","0.0","3.437","0.890","0.00","12.9","2.46","0"
"18.150","0.5533","13","0.0000","0.0000","-20.9169","-146.0564","0.0000","31.7622","13.9000","0.1569","10000.0000","45.39079325","-75.69573614","36.1","13.2","873.8","79","1","79","1","0","-0.07","0.01","-0.99","-0.3","0.0","-0.4","49.91","87.42","1605","6553.5","198.4","0","0","0","0","27.0","198.4","30.3","30.0","2.73","-0.1","0.0","3.431","0.903","0.00","12.8","2.53","0"
"18.200","0.4184","13","0.0000","0.0000","-28.8102","-136.8056","0.0000","31.7535","13.9000","0.1519","10000.0000","45.39079327","-75.69573624","36.1","13.2","873.6","79","1","79","1","0","-0.13","0.01","-1.00","-0.3","0.1","-0.4","50.21","100.00","1515","6553.5","198.2","0","0","0","0","27.0","198.2","30.3","30.0","2.59","-0.1","0.0","3.422","0.917","0.00","12.8","2.55","0"
"18.250","0.4284","13","0.0000","0.0000","-29.1221","-132.5041","0.0000","31.7464","13.8690","0.1500","10000.0000","45.39079331","-75.69573639","36.1","13.2","873.5","79","1","79","1","0","-0.12","0.02","-0.99","-0.3","0.1","-0.4","50.51","105.60","1505","6553.5","198.0","0","0","0","0","27.0","198.0","30.3","30.0","2.49","-0.1","0.0","3.410","0.924","0.00","12.7","2.55","0"
"18.300","0.5271","13","0.0000","0.0000","-24.7873","-131.2360","0.0000","31.7404","13.8190","0.1500","10000.0000","45.39079336","-75.69573656","36.1","13.2","873.5","79","1","79","1","0","-0.03","0.01","-0.98","-0.2","0.1","-0.4","50.81","119.61","1588","6553.5","198.2","0","0","0","0","27.0","198.2","30.3","30.0","2.50","-0.1","0.0","3.421","0.921","0.00","12.8","2.55","0"
"18.350","0.4931","13","0.0000","0.0000","-26.9587","-38.4303","0.0000","31.7350","13.8000","0.1531","10000.0000","45.39079341","-75.69573669","36.1","13.2","873.7","79","1","79","1","0","-0.08","0.01","-1.00","-0.2","0.1","-0.4","51.11","128.57","1600","6553.5","198.5","0","0","0","0","27.0","198.5","30.3","30.0","2.50","-0.1","-0.0","3.445","0.909","0.00","12.9","2.55","0"
"18.400","0.3777","13","0.0000","0.0000","-33.1177","110.4790","0.0000","31.7298","13.8000","0.1581","10000.0000","45.39079346","-75.69573680","36.1","13.2","873.5","79","1","79","1","0","-0.09","0.03","-1.00","-0.2","0.1","-0.5","51.41","128.57","1574","6553.5","198.6","0","0","0","0","27.0","198.6","30.2","30.0","2.47","-0.1","0.0","3.442","0.891","0.00","12.9","2.55","0"
"18.450","0.3044","13","0.0000","0.0000","-40.8424","159.4930","0.0000","31.7247","13.7690","0.1538","10000.0000","45.39079351","-75.69573691","36.1","13.2","873.7","79","1","79","1","0","-0.03","0.02","-1.00","-0.3","0.1","-0.5","51.71","127.42","1598","6553.5","198.7","0","0","0","0","27.0","198.7","30.2","30.0","2.44","-0.1","0.0","3.423","0.908","0.00","12.9","2.55","0"
"18.500","0.2569","13","0.0000","0.0000","-49.5267","147.2807","0.0000","31.7196","13.7190","0.1438","10000.0000","45.39079355","-75.69573701","36.1","13.2","873.6","79","1","79","1","0","-0.00","0.01","-1.00","-0.3","0.1","-0.4","52.01","124.21","1631","6553.5","198.9","0","0","0","0","27.0","198.9","30.3","30.0","2.38","-0.1","0.0","3.426","0.928","0.00","12.9","2.55","0"
"18.550","0.2362","13","0.0000","0.0000","-54.5822","146.1847","0.0000","31.7209","13.7000","0.1400","10000.0000","45.39079362","-75.69573713","36.1","13.2","873.7","79","1","79","1","0","0.06","-0.01","-1.01","-0.3","0.0","-0.4","52.31","122.22","1664","6553.5","199.2","0","0","0","0","27.0","199.2","30.3","30.0","2.37","-0.1","0.0","3.441","0.919","0.00","12.9","2.55","0"
"18.600","0.2321","13","0.0000","0.0000","-57.4137","151.9020","0.0000","31.7263","13.7000","0.1400","10000.0000","45.39079370","-75.69573726","36.1","13.2","873.6","79","1","79","1","0","0.09","-0.01","-1.02","-0.3","0.0","-0.4","52.61","124.63","1660","6553.5","199.4","0","0","0","0","27.0","199.4","30.3","30.0","2.52","-0.1","0.0","3.439","0.914","0.00","12.9","2.55","0"
"18.650","0.2518","13","0.0000","0.0000","-50.9567","157.6951","0.0000","31.7208","13.6690","0.1431","10000.0000","45.39079372","-75.69573737","36.1","13.2","873.7","79","1","79","1","0","0.02","-0.01","-0.99","-0.3","0.0","-0.4","52.91","128.57","1547","6553.5","199.5","0","0","0","0","27.0","199.5","30.2","30.0","2.63","-0.1","0.0","3.427","0.919","0.00","12.8","2.55","0"
"18.700","0.2860","13","0.0000","0.0000","-38.8068","163.5346","0.0000","31.7085","13.6190","0.1481","10000.0000","45.39079370","-75.69573748","36.1","13.2","873.6","79","1","79","1","0","-0.07","0.01","-0.98","-0.3","0.0","-0.4","53.20","123.59","1420","6553.5","199.5","0","0","0","0","27.0","199.5","30.2","30.0","2.53","-0.1","0.0","3.398","0.930","0.00","12.8","2.53","0"
"18.750","0.3080","13","0.0000","0.0000","-36.7723","152.7176","0.0000","31.6969","13.5690","0.1469","10000.0000","45.39079372","-75.69573754","36.1","13.2","873.8","79","1","79","1","0","-0.07","0.03","-0.99","-0.3","0.0","-0.4","53.50","110.48","1277","6553.5","199.4","0","0","0","0","27.0","199.4","30.3","30.0","2.43","-0.1","0.0","3.360","0.948","0.00","12.8","2.50","0"
"18.800","0.3225","13","0.0000","0.0000","-40.9377","131.6918","0.0000","31.6857","13.5190","0.1419","10000.0000","45.39079376","-75.69573757","36.1","13.2","873.6","79","1","79","1","0","0.01","0.02","-0.99","-0.3","-0.0","-0.4","53.80","108.57","1406","6553.5","199.6","0","0","0","0","27.0","199.6","30.3","30.0","2.28","-0.1","0.0","3.369","0.936","0.00","12.8","2.51","0"
"18.850","0.2951","13","0.0000","0.0000","-45.9877","87.8618","0.0000","31.6869","13.5000","0.1307","10000.0000","45.39079384","-75.69573766","36.1","13.2","873.7","79","1","79","1","0","0.02","0.02","-0.98","-0.3","0.0","-0.5","54.10","142.86","1675","6553.5","199.8","0","0","0","0","27.0","199.8","30.2","30.0","2.21","-0.1","0.0","3.405","0.908","0.00","12.9","2.54","0"
"18.900","0.2421","13","0.0000","0.0000","-51.5800","30.0552","0.0000","31.6959","13.5000","0.1157","10000.0000","45.39079395","-75.69573778","36.1","13.2","873.6","79","1","79","1","0","-0.03","0.04","-0.97","-0.3","0.0","-0.5","54.40","139.40","1574","6553.5","199.9","0","0","0","0","27.0","199.9","30.2","30.0","2.46","-0.1","0.0","3.422","0.917","0.00","12.9","2.52","0"
"18.950","0.2336","11","0.0000","0.0000","-46.2766","49.5246","0.0000","31.6998","13.4690","0.1255","10000.0000","45.39079399","-75.69573779","36.1","13.2","873.5","79","1","79","1","0","-0.03","0.04","-0.99","-0.3","0.1","-0.5","54.70","122.12","1435","6553.5","200.1","0","0","0","0","27.0","200.1","30.2","30.0","2.61","-0.1","0.0","3.429","0.931","0.00","12.8","2.47","0"
"19.000","0.2524","11","0.0000","0.0000","-34.2953","116.3567","0.0000","31.7007","13.4190","0.1505","10000.0000","45.39079398","-75.69573773","36.1","13.2","874.0","79","1","79","1","0","0.08","0.03","-0.99","-0.3","0.0","-0.5","55.00","104.84","1631","6553.5","200.4","0","0","0","0","27.0","200.4","30.3","30.0","2.39","-0.1","0.0","3.429","0.922","0.00","12.8","2.47","0"
"19.050","0.2209","11","0.0000","0.0000","-44.2484","93.1108","0.0000","31.7000","13.4000","0.1383","10000.0000","45.39079403","-75.69573777","36.1","13.2","873.8","79","1","79","1","0","0.15","-0.00","-0.99","-0.3","0.0","-0.5","55.30","136.00","1742","6553.5","200.8","0","0","0","0","27.0","200.8","30.3","30.0","2.26","-0.1","-0.0","3.426","0.914","0.00","12.9","2.48","0"
"19.100","0.1584","11","0.0000","0.0000","-67.6452","14.6560","0.0000","31.6985","13.4000","0.1033","10000.0000","45.39079411","-75.69573788","36.1","13.3","873.5","79","1","79","1","0","0.04","-0.01","-0.99","-0.3","-0.0","-0.5","55.60","150.00","1609","6553.5","200.9","0","0","0","0","27.0","200.9","30.3","30.0","2.54","-0.1","-0.0","3.419","0.906","0.00","12.9","2.48","0"
"19.150","0.1441","11","0.0000","0.0000","-65.9372","8.0699","0.0000","31.6958","13.4000","0.1024","10000.0000","45.39079416","-75.69573791","36.1","13.3","874.0","79","1","79","1","0","-0.01","0.01","-0.98","-0.3","0.0","-0.5","55.90","130.12","1550","6553.5","200.8","0","0","0","0","27.0","200.8","30.3","30.0","2.71","-0.1","-0.0","3.409","0.911","0.00","12.8","2.47","0"
"19.200","0.1592","11","0.0000","0.0000","-48.8424","45.5324","0.0000","31.6924","13.4000","0.1224","10000.0000","45.39079419","-75.69573789","36.1","13.3","873.5","79","1","79","1","0","0.09","0.02","-0.98","-0.3","0.0","-0.5","55.97","102.51","1576","6553.5","201.0","0","0","0","0","27.0","201.0","30.3","30.0","2.42","-0.1","-0.0","3.407","0.930","0.00","12.8","2.44","0"
"19.250","0.1598","11","0.0000","0.0000","-44.6603","76.5559","0.0000","31.6883","13.3690","0.1300","10000.0000","45.39079418","-75.69573793","36.1","13.3","873.8","79","1","79","1","0","0.10","0.03","-1.00","-0.3","-0.0","-0.5","55.61","96.18","1556","6553.5","201.2","0","0","0","0","27.0","201.2","30.3","30.0","2.22","-0.1","-0.0","3.409","0.925","0.00","12.8","2.41","0"
"19.300","0.1516","11","0.0000","0.0000","-48.3925","103.6330","0.0000","31.6839","13.3190","0.1300","10000.0000","45.39079416","-75.69573799","36.1","13.3","874.0","79","1","79","1","0","-0.05","0.02","-0.99","-0.3","-0.0","-0.5","55.24","100.00","1512","6553.5","201.4","0","0","0","0","27.0","201.4","30.3","30.0","2.36","-0.1","-0.0","3.406","0.909","0.00","12.8","2.37","0"
"19.350","0.1625","11","0.0000","0.0000","-47.7692","115.7806","0.0000","31.6779","13.3000","0.1331","10000.0000","45.39079415","-75.69573800","36.1","13.3","873.5","79","1","79","1","0","-0.14","0.02","-1.00","-0.3","0.0","-0.5","54.88","100.00","1529","6553.5","201.7","0","0","0","0","27.0","201.7","30.3","30.0","2.49","-0.1","0.0","3.400","0.916","0.00","12.9","2.33","0"
"19.400","0.1852","11","0.0000","0.0000","-44.4763","118.7778","0.0000","31.6709","13.3000","0.1381","10000.0000","45.39079415","-75.69573799","36.1","13.3","873.6","79","1","79","1","0","-0.10","0.02","-0.98","-0.3","0.0","-0.4","54.51","100.00","1554","6553.5","201.8","0","0","0","0","27.0","201.8","30.2","30.0","2.51","-0.1","0.0","3.381","0.926","0.00","12.9","2.33","0"
"19.450","0.1837","11","0.0000","0.0000","-38.5878","51.6648","0.0000","31.6716","13.3000","0.1369","10000.0000","45.39079420","-75.69573806","36.1","13.3","874.0","79","1","79","1","0","0.02","0.02","-0.97","-0.3","0.0","-0.4","54.15","100.00","1554","6553.5","201.8","0","0","0","0","27.0","201.8","30.2","30.0","2.54","-0.1","0.0","3.355","0.930","0.00","12.8","2.34","0"
"19.500","0.1672","11","0.0000","0.0000","-31.1084","-58.4191","0.0000","31.6770","13.3000","0.1319","10000.0000","45.39079428","-75.69573818","36.1","13.3","874.0","79","1","79","1","0","0.04","0.03","-0.98","-0.3","0.0","-0.4","53.78","109.00","1572","6553.5","201.8","0","0","0","0","27.0","201.8","30.2","30.0","2.53","-0.1","-0.0","3.371","0.928","0.00","12.8","2.32","0"
"19.550","0.1384","11","0.0000","0.0000","-40.1202","-78.1927","0.0000","31.6807","13.3000","0.1207","10000.0000","45.39079433","-75.69573827","36.1","13.3","873.3","79","1","79","1","0","0.02","0.03","-0.99","-0.3","0.0","-0.5","53.42","125.00","1643","6553.5","201.9","0","0","0","0","27.0","201.9","30.2","30.0","2.52","-0.1","-0.0","3.411","0.910","0.00","12.7","2.30","0"
"19.600","0.1020","11","0.0000","0.0000","-59.2396","-42.6149","0.0000","31.6834","13.3000","0.1057","10000.0000","45.39079437","-75.69573833","36.1","13.3","873.6","79","1","79","1","0","0.06","0.03","-0.98","-0.3","0.0","-0.5","53.05","118.47","1646","6553.5","201.8","0","0","0","0","27.0","201.8","30.2","30.0","2.52","-0.1","-0.0","3.430","0.904","0.00","12.7","2.32","0"
"19.650","0.0995","11","0.0000","0.0000","-59.7538","10.5531","0.0000","31.6796","13.2690","0.1124","10000.0000","45.39079439","-75.69573838","36.1","13.3","873.3","79","1","79","1","0","0.10","0.01","-0.98","-0.3","0.0","-0.5","52.69","100.34","1572","6553.5","201.6","0","0","0","0","27.0","201.6","30.2","30.0","2.52","-0.1","-0.0","3.437","0.910","0.00","12.8","2.35","0"
"19.700","0.1178","11","0.0000","0.0000","-48.8649","74.5022","0.0000","31.6717","13.2190","0.1324","10000.0000","45.39079440","-75.69573843","36.1","13.3","873.6","79","1","79","1","0","0.01","0.01","-0.99","-0.3","0.1","-0.4","52.32","95.03","1559","6553.5","201.6","0","0","0","0","27.0","201.6","30.2","30.0","2.50","-0.1","-0.0","3.432","0.916","0.00","12.8","2.33","0"
"19.750","0.1530","11","0.0000","0.0000","-37.4685","28.3165","0.0000","31.6704","13.2000","0.1400","10000.0000","45.39079443","-75.69573848","36.1","13.3","874.0","79","1","79","1","0","-0.02","0.01","-1.00","-0.3","0.1","-0.4","51.96","92.36","1579","6553.5","201.7","0","0","0","0","27.0","201.7","30.2","30.0","2.48","-0.1","-0.0","3.420","0.922","0.00","12.8","2.30","0"
"19.800","0.1987","11","0.0000","0.0000","-25.7611","-85.3711","0.0000","31.6731","13.2000","0.1400","10000.0000","45.39079447","-75.69573854","36.1","13.3","873.9","79","1","79","1","0","-0.06","-0.00","-0.99","-0.3","0.1","-0.4","51.59","82.99","1498","6553.5","201.7","0","0","0","0","27.0","201.7","30.2","30.0","2.46","-0.1","-0.0","3.418","0.910","0.00","12.8","2.36","0"
"19.850","0.1843","11","0.0000","0.0000","-26.5950","-40.0453","0.0000","31.6742","13.2000","0.1462","10000.0000","45.39079448","-75.69573857","36.1","13.3","874.0","79","1","79","1","0","-0.00","-0.01","-0.97","-0.3","0.1","-0.5","51.23","85.77","1410","6553.5","201.6","0","0","0","0","27.0","201.6","30.2","30.0","2.43","-0.1","-0.0","3.422","0.897","0.00","12.8","2.45","0"
"19.900","0.1333","11","0.0000","0.0000","-35.1157","102.7404","0.0000","31.6742","13.2000","0.1562","10000.0000","45.39079448","-75.69573857","36.1","13.3","873.9","79","1","79","1","0","0.01","0.02","-0.98","-0.3","0.1","-0.5","50.87","87.50","1458","6553.5","201.9","0","0","0","0","27.0","201.9","30.2","30.0","2.43","-0.1","0.0","3.411","0.922","0.00","12.8","2.49","0"
"19.950","0.1156","13","0.0000","0.0000","-34.8181","106.9594","0.0000","31.6732","13.2000","0.1538","10000.0000","45.39079453","-75.69573863","36.1","13.3","873.7","79","1","79","1","0","0.05","0.04","-0.99","-0.3","0.1","-0.5","50.50","92.25","1505","6553.5","202.3","0","0","0","0","27.0","202.3","30.2","30.0","2.46","-0.1","0.0","3.391","0.938","0.00","12.9","2.51","0"
"20.000","0.1183","13","0.0000","0.0000","-29.1158","26.2506","0.0000","31.6716","13.2000","0.1438","10000.0000","45.39079461","-75.69573874","36.1","13.3","873.6","79","1","79","1","0","0.13","0.04","-0.99","-0.3","0.1","-0.5","50.14","100.00","1547","6553.5","202.5","0","0","0","0","27.0","202.5","30.2","30.0","2.64","-0.1","0.0","3.397","0.926","0.00","12.9","2.50","0"
"20.050","0.1730","13","0.0000","0.0000","-22.4338","3.1143","0.0000","31.6728","13.1690","0.1462","10000.0000","45.39079470","-75.69573881","36.1","13.3","873.7","79","1","79","1","0","0.06","0.03","-0.99","-0.3","0.0","-0.5","49.77","100.00","1544","6553.5","202.6","0","0","0","0","27.0","202.6","30.2","30.0","2.73","-0.1","0.0","3.417","0.925","0.00","12.8","2.49","0"
"20.100","0.2596","13","0.0000","0.0000","-15.1514","15.2644","0.0000","31.6756","13.1190","0.1562","10000.0000","45.39079480","-75.69573886","36.1","13.3","873.9","79","1","79","1","0","-0.05","0.01","-0.99","-0.3","0.0","-0.5","49.41","100.00","1489","6553.5","202.7","0","0","0","0","27.0","202.7","30.2","30.0","2.46","-0.1","0.0","3.426","0.936","0.00","12.8","2.46","0"
"20.150","0.2491","13","0.0000","0.0000","-11.5971","-17.1208","0.0000","31.6777","13.1000","0.1538","10000.0000","45.39079483","-75.69573896","36.1","13.3","873.7","79","1","79","1","0","-0.09","-0.00","-0.97","-0.3","0.0","-0.5","49.04","100.00","1498","6553.5","202.8","0","0","0","0","27.0","202.8","30.2","30.0","2.29","-0.1","0.0","3.430","0.935","0.00","12.9","2.41","0"
"20.200","0.1793","13","0.0000","0.0000","-10.3278","-76.8019","0.0000","31.6794","13.1000","0.1438","10000.0000","45.39079482","-75.69573910","36.1","13.3","874.0","79","1","79","1","0","0.00","0.01","-0.97","-0.3","-0.0","-0.5","48.68","100.00","1540","6553.5","202.8","0","0","0","0","27.0","202.8","30.2","30.0","2.51","-0.1","-0.0","3.426","0.928","0.00","12.9","2.40","0"
"20.250","0.1424","13","0.0000","0.0000","-13.1173","-58.2947","0.0000","31.6796","13.1000","0.1431","10000.0000","45.39079486","-75.69573918","36.1","13.3","873.7","79","1","79","1","0","-0.04","0.02","-0.98","-0.3","-0.0","-0.5","48.43","95.63","1556","6553.5","202.8","0","0","0","0","27.0","202.8","30.2","30.0","2.63","-0.1","-0.0","3.417","0.922","0.00","12.9","2.39","0"
"20.300","0.1257","13","0.0000","0.0000","-18.3943","8.1343","0.0000","31.6789","13.1000","0.1481","10000.0000","45.39079493","-75.69573923","36.1","13.3","874.0","79","1","79","1","0","-0.10","0.03","-0.98","-0.3","-0.0","-0.5","48.43","86.13","1565","6553.5","203.0","0","0","0","0","27.0","203.0","30.2","30.0","2.42","-0.1","-0.0","3.417","0.917","0.00","12.9","2.38","0"
"20.350","0.1097","13","0.0000","0.0000","-16.3706","9.3543","0.0000","31.6813","13.1000","0.1531","10000.0000","45.39079497","-75.69573937","36.1","13.3","874.0","79","1","79","1","0","-0.00","0.02","-0.98","-0.3","0.0","-0.4","48.42","79.89","1545","6553.5","203.3","0","0","0","0","27.0","203.3","30.2","30.0","2.27","-0.1","-0.0","3.421","0.922","0.00","12.8","2.37","0"
"20.400","0.0941","13","0.0000","0.0000","-9.8722","-29.3926","0.0000","31.6857","13.1000","0.1581","10000.0000","45.39079499","-75.69573957","36.1","13.3","874.0","79","1","79","1","0","0.03","0.01","-0.99","-0.3","0.0","-0.4","48.41","97.53","1533","6553.5","203.6","0","0","0","0","27.0","203.6","30.2","30.0","2.41","-0.1","-0.0","3.415","0.925","0.00","12.8","2.37","0"
"20.450","0.0766","13","0.0000","0.0000","-11.6203","-9.6426","0.0000","31.6841","13.0690","0.1507","10000.0000","45.39079503","-75.69573972","36.1","13.3","874.0","79","1","79","1","0","-0.07","0.00","-0.98","-0.3","0.0","-0.4","48.41","100.00","1547","6553.5","203.8","0","0","0","0","27.0","203.8","30.2","30.0","2.52","-0.1","-0.0","3.402","0.924","0.00","12.8","2.36","0"
"20.500","0.0580","13","0.0000","0.0000","-18.4227","45.9604","0.0000","31.6790","13.0190","0.1357","10000.0000","45.39079508","-75.69573982","36.1","13.3","873.9","79","1","79","1","0","-0.17","0.00","-0.97","-0.3","0.0","-0.4","48.40","96.57","1472","6553.5","204.0","0","0","0","0","27.0","204.0","30.2","30.0","2.54","-0.1","-0.0","3.405","0.932","0.00","12.8","2.37","0"
"20.550","0.1066","13","0.0000","0.0000","-14.1842","37.2034","0.0000","31.6793","13.0000","0.1393","10000.0000","45.39079515","-75.69574002","36.1","13.3","874.0","79","1","79","1","0","-0.13","0.01","-0.98","-0.2","0.0","-0.5","48.39","92.58","1293","6553.5","204.1","0","0","0","0","27.0","204.1","30.2","30.0","2.52","-0.1","-0.0","3.411","0.949","0.00","12.9","2.39","0"
"20.600","0.1964","13","0.0000","0.0000","-3.1787","-11.0000","0.0000","31.6830","13.0000","0.1543","10000.0000","45.39079525","-75.69574027","36.1","13.3","874.0","79","1","79","1","0","-0.04","0.02","-0.99","-0.3","0.1","-0.5","48.38","96.18","1289","6553.5","204.2","0","0","0","0","27.0","204.2","30.2","30.0","2.32","-0.1","-0.0","3.408","0.951","0.00","12.9","2.40","0"
"20.650","0.1977","13","0.0000","0.0000","2.1511","27.9073","0.0000","31.6843","13.0000","0.1600","10000.0000","45.39079528","-75.69574052","36.1","13.3","873.7","79","1","79","1","0","-0.04","0.01","-1.00","-0.3","0.1","-0.5","48.38","94.20","1375","6553.5","204.4","0","0","0","0","27.0","204.4","30.2","30.0","2.18","-0.1","-0.0","3.405","0.945","0.00","12.8","2.41","0"
"20.700","0.1448","13","0.0000","0.0000","4.0022","120.2050","0.0000","31.6842","13.0000","0.1600","10000.0000","45.39079529","-75.69574079","36.1","13.3","874.1","79","1","79","1","0","-0.03","0.01","-1.00","-0.2","0.0","-0.4","48.37","90.25","1501","6553.5","204.6","0","0","0","0","27.0","204.6","30.2","30.0","2.29","-0.1","-0.0","3.413","0.939","0.00","12.8","2.38","0"
"20.750","0.1195","13","0.0000","0.0000","6.3444","138.2313","0.0000","31.6832","13.0000","0.1538","10000.0000","45.39079533","-75.69574095","36.1","13.3","873.7","79","1","79","1","0","-0.06","0.01","-0.99","-0.2","0.0","-0.4","48.36","90.68","1618","6553.5","204.8","0","0","0","0","27.0","204.8","30.2","30.0","2.37","-0.1","0.0","3.417","0.933","0.00","12.8","2.33","0"
"20.800","0.1112","13","0.0000","0.0000","8.9876","110.7364","0.0000","31.6817","13.0000","0.1438","10000.0000","45.39079541","-75.69574106","36.1","13.3","873.6","79","1","79","1","0","-0.10","0.02","-0.99","-0.2","0.0","-0.4","48.35","90.91","1494","6553.5","204.8","0","0","0","0","27.0","204.8","30.2","30.0","2.33","-0.1","0.0","3.415","0.937","0.00","12.8","2.34","0"
"20.850","0.1019","13","0.0000","0.0000","4.1393","33.4065","0.0000","31.6767","12.9690","0.1400","10000.0000","45.39079544","-75.69574126","36.1","13.3","874.0","79","1","79","1","0","0.01","0.01","-0.97","-0.2","-0.0","-0.4","48.35","108.99","1411","6553.5","204.8","0","0","0","0","27.0","204.8","30.2","30.0","2.32","-0.1","0.0","3.412","0.940","0.00","12.8","2.36","0"
"20.900","0.0919","13","0.0000","0.0000","-5.3005","-74.4673","0.0000","31.6697","12.9190","0.1400","10000.0000","45.39079544","-75.69574150","36.1","13.3","873.6","79","1","79","1","0","0.11","0.01","-0.99","-0.2","-0.0","-0.4","48.34","121.50","1442","6553.5","204.7","0","0","0","0","27.0","204.7","30.2","30.0","2.43","-0.1","-0.0","3.410","0.939","0.00","12.8","2.34","0"
"20.950","0.0766","12","0.0000","0.0000","5.3834","-36.2125","0.0000","31.6720","12.9000","0.1431","10000.0000","45.39079552","-75.69574171","36.1","13.3","874.0","79","1","79","1","0","0.03","0.01","-0.99","-0.3","-0.0","-0.4","48.33","106.77","1477","6553.5","204.5","0","0","0","0","27.0","204.5","30.2","30.0","2.48","-0.1","-0.0","3.409","0.942","0.00","12.8","2.32","0"
"21.000","0.0580","12","0.0000","0.0000","28.4011","91.6050","0.0000","31.6801","12.9000","0.1481","10000.0000","45.39079563","-75.69574190","36.1","13.3","874.0","79","1","79","1","0","-0.03","0.02","-0.99","-0.3","0.0","-0.5","48.32","100.00","1520","6553.5","204.7","0","0","0","0","27.0","204.7","30.2","30.0","2.25","-0.1","-0.0","3.410","0.949","0.00","12.8","2.32","0"
"21.050","0.0863","12","0.0000","0.0000","25.8062","119.1944","0.0000","31.6826","12.9000","0.1438","10000.0000","45.39079568","-75.69574201","36.1","13.3","874.0","79","1","79","1","0","-0.14","0.02","-0.99","-0.3","0.1","-0.5","48.32","95.09","1517","6553.5","204.9","0","0","0","0","27.0","204.9","30.2","30.0","2.13","-0.1","-0.0","3.412","0.944","0.00","12.9","2.34","0"
"21.100","0.1433","12","0.0000","0.0000","7.5134","85.3537","0.0000","31.6817","12.9000","0.1338","10000.0000","45.39079569","-75.69574207","36.1","13.3","873.9","79","1","79","1","0","-0.12","0.01","-0.97","-0.3","0.1","-0.5","48.31","90.91","1492","6553.5","205.0","0","0","0","0","27.0","205.0","30.2","30.0","2.43","-0.1","-0.0","3.414","0.933","0.00","12.9","2.32","0"
"21.150","0.1598","12","0.0000","0.0000","2.2338","43.6304","0.0000","31.6826","12.9000","0.1393","10000.0000","45.39079573","-75.69574217","36.1","13.3","873.7","79","1","79","1","0","-0.03","0.01","-0.97","-0.3","0.1","-0.5","48.30","93.25","1500","6553.5","205.1","0","0","0","0","27.0","205.1","30.2","30.0","2.57","-0.1","-0.0","3.414","0.919","0.00","12.8","2.30","0"
"21.200","0.1516","12","0.0000","0.0000","4.9300","-2.9242","0.0000","31.6844","12.9000","0.1543","10000.0000","45.39079577","-75.69574229","36.1","13.2","873.7","79","1","79","1","0","-0.08","0.02","-0.98","-0.3","0.0","-0.5","48.29","97.58","1518","6553.5","205.3","0","0","0","0","27.0","205.3","30.2","30.0","2.37","-0.1","-0.0","3.405","0.904","0.00","12.8","2.31","0"
"21.250","0.1136","12","0.0000","0.0000","17.4022","-63.9157","0.0000","31.6845","12.8690","0.1507","10000.0000","45.39079580","-75.69574238","36.1","13.2","874.0","79","1","79","1","0","-0.01","0.02","-0.99","-0.3","0.1","-0.5","48.29","100.00","1485","6553.5","205.6","0","0","0","0","27.0","205.6","30.2","30.0","2.27","-0.1","-0.0","3.356","0.909","0.00","12.9","2.32","0"
"21.300","0.0574","12","0.0000","0.0000","35.8661","-133.7555","0.0000","31.6837","12.8190","0.1357","10000.0000","45.39079580","-75.69574244","36.1","13.2","873.6","79","1","79","1","0","0.01","0.03","-1.00","-0.3","0.1","-0.5","48.20","95.60","1426","6553.5","205.4","0","0","0","0","27.0","205.4","30.2","30.0","2.41","-0.1","-0.0","3.345","0.918","0.00","12.8","2.32","0"
"21.350","0.0442","12","0.0000","0.0000","31.6952","-96.6544","0.0000","31.6763","12.8000","0.1331","10000.0000","45.39079579","-75.69574249","36.1","13.2","873.8","79","1","79","1","0","-0.04","0.02","-0.99","-0.3","0.1","-0.5","47.97","90.00","1250","6553.5","205.1","0","0","0","0","27.0","205.1","30.2","30.0","2.42","-0.1","0.0","3.397","0.946","0.00","12.7","2.31","0"
"21.400","0.0573","12","0.0000","0.0000","13.6515","5.9912","0.0000","31.6649","12.8000","0.1381","10000.0000","45.39079577","-75.69574254","36.1","13.2","874.1","79","1","79","1","0","0.04","0.00","-0.98","-0.3","0.1","-0.5","47.74","90.00","1256","6553.5","205.4","0","0","0","0","27.0","205.4","30.2","30.0","2.18","-0.1","0.0","3.418","0.957","0.00","12.8","2.32","0"
"21.450","0.0765","12","0.0000","0.0000","3.2877","-15.6724","0.0000","31.6621","12.8000","0.1431","10000.0000","45.39079574","-75.69574260","36.1","13.2","874.0","79","1","79","1","0","0.12","0.01","-0.99","-0.3","0.1","-0.5","47.51","90.00","1561","6553.5","205.7","0","0","0","0","27.0","205.7","30.2","30.0","2.13","-0.1","0.0","3.419","0.937","0.00","12.9","2.33","0"
"21.500","0.0993","12","0.0000","0.0000","-2.3690","-113.5256","0.0000","31.6647","12.8000","0.1481","10000.0000","45.39079572","-75.69574268","36.1","13.2","873.8","79","1","79","1","0","0.08","0.02","-0.99","-0.3","0.1","-0.5","47.28","110.09","1596","6553.5","205.7","0","0","0","0","27.0","205.7","30.2","30.0","2.46","-0.1","0.0","3.422","0.932","0.00","12.9","2.32","0"
"21.550","0.1534","12","0.0000","0.0000","-1.6777","-145.3783","0.0000","31.6711","12.8000","0.1469","10000.0000","45.39079574","-75.69574280","36.1","13.2","874.0","79","1","79","1","0","0.03","0.04","-0.99","-0.3","0.1","-0.5","47.05","139.80","1435","6553.5","205.6","0","0","0","0","27.0","205.6","30.1","30.0","2.66","-0.1","0.0","3.427","0.937","0.00","12.8","2.31","0"
"21.600","0.2267","12","0.0000","0.0000","2.9044","-136.7792","0.0000","31.6799","12.8000","0.1419","10000.0000","45.39079579","-75.69574294","36.1","13.2","874.0","79","1","79","1","0","0.01","0.03","-0.99","-0.2","0.1","-0.5","46.82","131.76","1496","6553.5","205.9","0","0","0","0","27.0","205.9","30.1","30.0","2.42","-0.1","-0.0","3.427","0.934","0.00","12.8","2.31","0"
"21.650","0.1868","12","0.0000","0.0000","17.2766","-92.1230","0.0000","31.6783","12.8000","0.1493","10000.0000","45.39079581","-75.69574302","36.1","13.2","874.0","79","1","79","1","0","0.14","0.02","-1.00","-0.2","0.1","-0.6","46.59","120.70","1651","6553.5","206.2","0","0","0","0","27.0","206.2","30.1","30.0","2.26","-0.1","-0.0","3.428","0.927","0.00","12.9","2.32","0"
"21.700","0.0775","12","0.0000","0.0000","37.6492","-25.3672","0.0000","31.6705","12.8000","0.1643","10000.0000","45.39079582","-75.69574307","36.1","13.2","873.8","79","1","79","1","0","0.14","0.03","-1.02","-0.2","0.1","-0.6","46.36","93.82","1545","6553.5","206.1","0","0","0","0","27.0","206.1","30.1","30.0","2.37","-0.1","0.0","3.424","0.925","0.00","12.8","2.33","0"
"21.750","0.0522","12","0.0000","0.0000","29.0248","-13.6761","0.0000","31.6671","12.7690","0.1669","10000.0000","45.39079587","-75.69574311","36.1","13.2","874.0","79","1","79","1","0","0.07","0.03","-1.01","-0.2","0.0","-0.6","46.13","97.66","1367","6553.5","206.0","0","0","0","0","27.0","206.0","30.2","30.0","2.40","-0.1","0.0","3.419","0.926","0.00","12.7","2.34","0"
"21.800","0.0783","12","0.0000","0.0000","2.6280","-35.7343","0.0000","31.6664","12.7190","0.1619","10000.0000","45.39079594","-75.69574316","36.1","13.2","874.0","79","1","79","1","0","-0.00","0.03","-0.99","-0.3","0.1","-0.5","45.90","100.00","1328","6553.5","206.1","0","0","0","0","27.0","206.1","30.2","30.0","2.25","-0.1","-0.0","3.414","0.939","0.00","12.8","2.36","0"
"21.850","0.1026","12","0.0000","0.0000","-2.9946","-77.7438","0.0000","31.6656","12.7000","0.1600","10000.0000","45.39079597","-75.69574321","36.1","13.2","874.0","79","1","79","1","0","-0.09","0.01","-0.98","-0.3","0.1","-0.5","45.67","100.00","1318","6553.5","206.2","0","0","0","0","27.0","206.2","30.2","30.0","2.13","-0.1","-0.0","3.412","0.948","0.00","12.9","2.39","0"
"21.900","0.1259","12","0.0000","0.0000","4.1155","-131.9814","0.0000","31.6647","12.7000","0.1600","10000.0000","45.39079598","-75.69574328","36.1","13.2","873.8","79","1","79","1","0","-0.19","0.00","-0.97","-0.3","0.1","-0.6","45.43","100.00","1553","6553.5","206.4","0","0","0","0","27.0","206.5","30.2","30.0","2.09","-0.1","-0.0","3.413","0.920","0.00","12.9","2.34","0"
"21.950","0.1153","12","0.0000","0.0000","7.8015","-74.1989","0.0000","31.6661","12.7000","0.1538","10000.0000","45.39079600","-75.69574334","36.1","13.2","874.0","79","1","79","1","0","-0.13","0.01","-0.95","-0.3","0.1","-0.6","45.20","85.33","1649","6553.5","206.8","0","0","0","0","27.0","206.8","30.2","30.0","2.13","-0.1","-0.0","3.416","0.907","0.00","12.8","2.29","0"
"22.000","0.0839","12","0.0000","0.0000","9.3888","52.2411","0.0000","31.6687","12.7000","0.1438","10000.0000","45.39079604","-75.69574340","36.1","13.2","874.0","79","1","79","1","0","-0.10","0.01","-0.95","-0.3","0.1","-0.5","44.97","89.30","1423","6553.5","206.7","0","0","0","0","27.0","206.7","30.2","30.0","2.40","-0.1","0.0","3.419","0.930","0.00","12.9","2.32","0"
"22.050","0.0608","12","0.0000","0.0000","9.9920","100.2884","0.0000","31.6671","12.7000","0.1400","10000.0000","45.39079608","-75.69574345","36.1","13.2","874.0","79","1","79","1","0","-0.18","0.02","-0.97","-0.3","0.1","-0.5","44.74","96.07","1333","6553.5","206.6","0","0","0","0","27.0","206.6","30.2","30.0","2.54","-0.1","0.0","3.421","0.945","0.00","13.0","2.36","0"
"22.100","0.0428","12","0.0000","0.0000","9.9920","100.2884","0.0000","31.6628","12.7000","0.1400","10000.0000","45.39079612","-75.69574350","36.1","13.2","874.0","79","1","79","1","0","-0.08","0.02","-0.98","-0.3","0.1","-0.5","44.51","100.00","1466","6553.5","206.9","0","0","0","0","27.0","206.9","30.1","30.0","2.42","-0.1","0.0","3.423","0.943","0.00","12.9","2.33","0"
"22.150","0.0522","12","0.0000","0.0000","11.0645","63.7305","0.0000","31.6629","12.6690","0.1493","10000.0000","45.39079616","-75.69574355","36.1","13.2","874.0","79","1","79","1","0","0.02","0.01","-0.98","-0.3","0.0","-0.5","44.28","100.00","1490","6553.5","207.2","0","0","0","0","27.0","207.2","30.1","30.0","2.31","-0.1","0.0","3.420","0.949","0.00","12.8","2.28","0"
"22.200","0.0783","12","0.0000","0.0000","12.7945","4.7662","0.0000","31.6656","12.6190","0.1643","10000.0000","45.39079620","-75.69574361","36.1","13.2","874.2","79","1","79","1","0","-0.04","0.02","-0.98","-0.3","0.0","-0.5","44.05","100.00","1435","6553.5","207.2","0","0","0","0","27.0","207.2","30.2","30.0","2.22","-0.1","0.0","3.416","0.960","0.00","12.8","2.27","0"
"22.250","0.1011","12","0.0000","0.0000","13.1284","-9.6710","0.0000","31.6662","12.6000","0.1700","10000.0000","45.39079626","-75.69574367","36.1","13.2","874.0","79","1","79","1","0","-0.10","0.01","-0.99","-0.3","0.0","-0.5","43.82","100.00","1450","6553.5","207.1","0","0","0","0","27.0","207.1","30.2","30.0","2.18","-0.1","0.0","3.365","0.947","0.00","12.9","2.26","0"
"22.300","0.1219","12","0.0000","0.0000","12.6066","3.1825","0.0000","31.6655","12.6000","0.1700","10000.0000","45.39079633","-75.69574371","36.1","13.2","874.0","79","1","79","1","0","-0.08","0.00","-0.98","-0.3","0.0","-0.5","43.59","112.00","1485","6553.5","207.2","0","0","0","0","27.0","207.2","30.2","30.0","2.29","-0.1","0.0","3.331","0.927","0.00","12.9","2.28","0"
"22.350","0.1053","12","0.0000","0.0000","20.0775","49.0206","0.0000","31.6647","12.6000","0.1607","10000.0000","45.39079636","-75.69574377","36.1","13.2","874.2","79","1","79","1","0","-0.02","0.02","-0.98","-0.3","0.0","-0.5","43.53","125.00","1509","6553.5","207.4","0","0","0","0","27.0","207.4","30.1","30.0","2.35","-0.1","0.0","3.385","0.923","0.00","12.8","2.32","0"
"22.400","0.0659","12","0.0000","0.0000","32.4473","115.0750","0.0000","31.6638","12.6000","0.1457","10000.0000","45.39079637","-75.69574383","36.1","13.2","874.0","79","1","79","1","0","-0.05","0.04","-0.99","-0.3","0.0","-0.5","43.81","119.23","1525","6553.5","207.7","0","0","0","0","27.0","207.7","30.1","30.0","2.29","-0.1","0.0","3.421","0.923","0.00","12.8","2.34","0"
"22.450","0.1021","12","0.0000","0.0000","27.0327","105.8012","0.0000","31.6609","12.6000","0.1431","10000.0000","45.39079644","-75.69574387","36.1","13.2","874.0","79","1","79","1","0","-0.06","0.03","-0.98","-0.2","0.0","-0.5","44.10","107.21","1494","6553.5","208.0","0","0","0","0","27.0","208.0","30.1","30.0","2.26","-0.1","0.0","3.425","0.937","0.00","12.9","2.36","0"
"22.500","0.1846","12","0.0000","0.0000","10.7181","50.3585","0.0000","31.6568","12.6000","0.1481","10000.0000","45.39079654","-75.69574390","36.1","13.2","874.0","79","1","79","1","0","0.02","0.02","-0.97","-0.3","0.1","-0.5","44.38","126.67","1484","6553.5","208.0","0","0","0","0","27.0","208.0","30.1","30.0","2.28","-0.1","0.0","3.416","0.942","0.00","12.9","2.36","0"
"22.550","0.2091","12","0.0000","0.0000","1.6016","72.0149","0.0000","31.6508","12.6000","0.1531","10000.0000","45.39079654","-75.69574391","36.1","13.2","874.0","79","1","79","1","0","-0.09","0.02","-0.96","-0.3","0.1","-0.5","44.66","166.67","1513","6553.5","208.1","0","0","0","0","27.0","208.1","30.1","30.0","2.29","-0.1","0.0","3.398","0.929","0.00","12.8","2.37","0"
"22.600","0.1981","12","0.0000","0.0000","-3.1032","140.9257","0.0000","31.6437","12.6000","0.1581","10000.0000","45.39079647","-75.69574391","36.1","13.2","874.1","79","1","79","1","0","-0.13","0.02","-0.97","-0.3","0.1","-0.5","44.94","151.20","1490","6553.5","208.3","0","0","0","0","27.0","208.3","30.1","30.0","2.27","-0.1","0.0","3.407","0.930","0.00","12.8","2.34","0"
"22.650","0.1611","12","0.0000","0.0000","0.0956","71.1355","0.0000","31.6427","12.5690","0.1507","10000.0000","45.39079647","-75.69574395","36.1","13.2","873.7","79","1","79","1","0","-0.06","0.02","-0.98","-0.3","0.1","-0.5","45.22","112.54","1426","6553.5","208.6","0","0","0","0","27.0","208.6","30.1","30.0","2.27","-0.1","0.0","3.426","0.940","0.00","12.8","2.30","0"
"22.700","0.1083","12","0.0000","0.0000","8.1387","-83.6650","0.0000","31.6454","12.5190","0.1357","10000.0000","45.39079651","-75.69574402","36.1","13.2","874.0","79","1","79","1","0","-0.05","0.02","-0.99","-0.3","0.1","-0.5","45.50","118.50","1441","6553.5","208.6","0","0","0","0","27.0","208.6","30.1","30.0","2.29","-0.1","0.0","3.421","0.942","0.00","12.8","2.29","0"
"22.750","0.0882","12","0.0000","0.0000","14.5387","-88.2831","0.0000","31.6486","12.5000","0.1331","10000.0000","45.39079655","-75.69574404","36.1","13.2","873.8","79","1","79","1","0","-0.04","-0.01","-0.97","-0.3","0.1","-0.5","45.78","150.00","1480","6553.5","208.5","0","0","0","0","27.0","208.5","30.1","30.0","2.30","-0.1","0.0","3.416","0.943","0.00","12.9","2.30","0"
"22.800","0.0882","12","0.0000","0.0000","19.9317","-0.8538","0.0000","31.6521","12.5000","0.1381","10000.0000","45.39079658","-75.69574404","36.1","13.2","874.0","79","1","79","1","0","0.02","-0.00","-0.98","-0.3","0.1","-0.5","46.06","138.50","1497","6553.5","208.7","0","0","0","0","27.0","208.7","30.1","30.0","2.31","-0.1","-0.0","3.417","0.939","0.00","12.9","2.27","0"
"22.850","0.0943","12","0.0000","0.0000","16.9583","-16.5476","0.0000","31.6514","12.5000","0.1369","10000.0000","45.39079661","-75.69574403","36.1","13.2","874.0","79","1","79","1","0","-0.11","0.00","-1.00","-0.3","0.1","-0.5","46.35","117.00","1487","6553.5","209.0","0","0","0","0","27.0","209.0","30.1","30.0","2.33","-0.1","-0.0","3.416","0.938","0.00","12.9","2.23","0"
"22.900","0.1042","12","0.0000","0.0000","8.8571","-95.4458","0.0000","31.6480","12.5000","0.1319","10000.0000","45.39079664","-75.69574401","36.1","13.2","873.6","79","1","79","1","0","-0.17","0.03","-1.00","-0.3","0.0","-0.5","46.63","99.61","1346","6553.5","209.1","0","0","0","0","27.0","209.1","30.1","30.0","2.41","-0.1","-0.0","3.410","0.950","0.00","12.9","2.26","0"
"22.950","0.1325","13","0.0000","0.0000","5.4460","-38.4085","0.0000","31.6428","12.5000","0.1393","10000.0000","45.39079661","-75.69574397","36.1","13.2","873.8","79","1","79","1","0","-0.00","0.01","-0.99","-0.3","0.0","-0.5","46.91","78.79","1303","6553.5","209.2","0","0","0","0","27.0","209.2","30.1","30.0","2.44","-0.1","-0.0","3.413","0.948","0.00","12.9","2.30","0"
"23.000","0.1720","13","0.0000","0.0000","4.9095","101.9441","0.0000","31.6366","12.5000","0.1543","10000.0000","45.39079654","-75.69574391","36.1","13.2","874.5","79","1","79","1","0","0.08","-0.00","-0.99","-0.3","-0.0","-0.5","47.19","66.67","1433","6553.5","209.3","0","0","0","0","27.0","209.3","30.1","30.0","2.33","-0.1","-0.0","3.423","0.924","0.00","12.9","2.31","0"
"23.050","0.1449","13","0.0000","0.0000","-3.6901","148.1192","0.0000","31.6343","12.4690","0.1569","10000.0000","45.39079655","-75.69574387","36.1","13.2","873.8","79","1","79","1","0","0.05","0.01","-0.99","-0.3","0.0","-0.5","47.47","73.14","1476","6553.5","209.5","0","0","0","0","27.0","209.5","30.1","30.0","2.23","-0.1","-0.0","3.422","0.918","0.00","12.8","2.32","0"
"23.100","0.0768","13","0.0000","0.0000","-17.2318","136.5724","0.0000","31.6344","12.4190","0.1519","10000.0000","45.39079661","-75.69574386","36.1","13.2","874.0","79","1","79","1","0","-0.03","0.02","-1.00","-0.3","0.0","-0.5","47.75","86.09","1452","6553.5","209.5","0","0","0","0","27.0","209.5","30.1","30.0","2.17","-0.1","-0.1","3.419","0.928","0.00","12.8","2.32","0"
"23.150","0.0769","13","0.0000","0.0000","-12.5740","88.9173","0.0000","31.6385","12.4000","0.1531","10000.0000","45.39079672","-75.69574388","36.1","13.2","874.0","79","1","79","1","0","-0.00","0.03","-1.00","-0.3","0.1","-0.5","48.03","80.75","1463","6553.5","209.6","0","0","0","0","27.0","209.6","30.1","30.0","2.18","-0.1","-0.1","3.420","0.932","0.00","12.9","2.31","0"
"23.200","0.1188","13","0.0000","0.0000","3.2382","19.1311","0.0000","31.6449","12.4000","0.1581","10000.0000","45.39079685","-75.69574393","36.1","13.2","873.6","79","1","79","1","0","0.04","0.04","-1.00","-0.3","0.0","-0.5","48.31","68.75","1485","6553.5","209.5","0","0","0","0","27.0","209.5","30.1","30.0","2.38","-0.1","-0.1","3.419","0.935","0.00","12.9","2.32","0"
"23.250","0.1670","13","0.0000","0.0000","9.3500","18.0513","0.0000","31.6512","12.4000","0.1507","10000.0000","45.39079695","-75.69574398","36.1","13.2","874.0","79","1","79","1","0","-0.04","0.04","-0.99","-0.3","0.0","-0.5","48.60","67.81","1458","6553.5","209.3","0","0","0","0","27.0","209.3","30.1","30.0","2.43","-0.1","-0.1","3.414","0.952","0.00","12.8","2.33","0"
"23.300","0.2190","13","0.0000","0.0000","9.5164","59.0818","0.0000","31.6574","12.4000","0.1357","10000.0000","45.39079702","-75.69574404","36.1","13.2","873.6","79","1","79","1","0","-0.05","0.02","-0.99","-0.3","0.0","-0.4","48.88","65.77","1437","6553.5","209.3","0","0","0","0","27.0","209.3","30.1","30.0","2.13","-0.1","-0.1","3.412","0.963","0.00","12.8","2.33","0"
"23.350","0.1897","13","0.0000","0.0000","9.5214","32.4724","0.0000","31.6550","12.4000","0.1393","10000.0000","45.39079705","-75.69574410","36.1","13.2","873.7","79","1","79","1","0","0.02","0.03","-0.99","-0.3","0.0","-0.4","49.16","62.98","1455","6553.5","209.3","0","0","0","0","27.0","209.3","30.1","30.0","2.00","-0.1","-0.1","3.419","0.936","0.00","12.9","2.33","0"
"23.400","0.1106","13","0.0000","0.0000","9.4275","-35.5936","0.0000","31.6471","12.4000","0.1543","10000.0000","45.39079706","-75.69574414","36.1","13.2","874.0","79","1","79","1","0","-0.00","0.02","-0.99","-0.3","0.0","-0.5","49.33","61.11","1496","6553.5","209.3","0","0","0","0","27.0","209.3","30.1","30.0","2.28","-0.1","-0.1","3.425","0.924","0.00","12.9","2.36","0"
"23.450","0.1016","13","0.0000","0.0000","11.3745","-30.6863","0.0000","31.6480","12.4000","0.1538","10000.0000","45.39079710","-75.69574420","36.1","13.2","874.2","79","1","79","1","0","-0.02","0.01","-0.99","-0.3","0.1","-0.5","49.28","62.09","1580","6553.5","209.4","0","0","0","0","27.0","209.4","30.1","30.0","2.45","-0.1","-0.1","3.430","0.939","0.00","12.8","2.39","0"
"23.500","0.1355","13","0.0000","0.0000","14.5723","18.9465","0.0000","31.6543","12.4000","0.1438","10000.0000","45.39079718","-75.69574426","36.1","13.2","874.3","79","1","79","1","0","-0.00","0.01","-1.00","-0.4","0.1","-0.5","49.23","64.92","1568","6553.5","209.4","0","0","0","0","27.0","209.4","30.1","30.0","2.37","-0.1","-0.1","3.431","0.937","0.00","12.8","2.39","0"
"23.550","0.1217","13","0.0000","0.0000","24.7587","0.9157","0.0000","31.6562","12.3690","0.1400","10000.0000","45.39079725","-75.69574431","36.1","13.2","874.0","79","1","79","1","0","-0.03","0.04","-1.00","-0.4","0.0","-0.5","49.17","68.60","1479","6553.5","209.5","0","0","0","0","27.0","209.5","30.1","30.0","2.30","-0.1","-0.1","3.431","0.921","0.00","12.9","2.38","0"
"23.600","0.0787","13","0.0000","0.0000","39.2286","-58.5864","0.0000","31.6555","12.3190","0.1400","10000.0000","45.39079732","-75.69574436","36.1","13.2","874.0","79","1","79","1","0","-0.07","0.04","-0.99","-0.4","0.0","-0.5","49.12","67.88","1549","6553.5","209.5","0","0","0","0","27.0","209.5","30.1","30.0","2.27","-0.1","-0.1","3.427","0.922","0.00","12.9","2.38","0"
"23.650","0.0833","13","0.0000","0.0000","35.3595","-73.5066","0.0000","31.6564","12.3000","0.1462","10000.0000","45.39079737","-75.69574445","36.1","13.2","874.0","79","1","79","1","0","-0.05","0.01","-0.99","-0.3","-0.0","-0.6","49.07","64.71","1668","6553.5","209.5","0","0","0","0","27.0","209.5","30.1","30.0","2.27","-0.1","-0.1","3.423","0.928","0.00","12.8","2.37","0"
"23.700","0.1170","13","0.0000","0.0000","20.2503","-61.1025","0.0000","31.6582","12.3000","0.1562","10000.0000","45.39079742","-75.69574458","36.1","13.2","873.9","79","1","79","1","0","-0.00","0.01","-0.98","-0.3","-0.0","-0.6","49.02","66.81","1425","6553.5","209.4","0","0","0","0","27.0","209.4","30.1","30.0","2.36","-0.1","-0.1","3.421","0.942","0.00","12.8","2.37","0"
"23.750","0.1169","13","0.0000","0.0000","16.0940","13.2098","0.0000","31.6606","12.3000","0.1569","10000.0000","45.39079746","-75.69574466","36.1","13.2","874.0","79","1","79","1","0","0.02","0.02","-0.99","-0.2","-0.0","-0.6","48.97","71.39","1252","6553.5","209.2","0","0","0","0","27.0","209.2","30.1","30.0","2.36","-0.1","-0.1","3.418","0.950","0.00","12.8","2.37","0"
"23.800","0.0961","13","0.0000","0.0000","18.6508","125.4658","0.0000","31.6633","12.3000","0.1519","10000.0000","45.39079750","-75.69574472","36.1","13.2","874.0","79","1","79","1","0","0.09","0.03","-0.99","-0.3","0.0","-0.5","48.92","67.40","1526","6553.5","209.4","0","0","0","0","27.0","209.4","30.1","30.0","2.14","-0.1","-0.1","3.412","0.922","0.00","12.8","2.37","0"
"23.850","0.1508","13","0.0000","0.0000","17.1623","97.6468","0.0000","31.6676","12.3000","0.1500","10000.0000","45.39079757","-75.69574482","36.1","13.2","873.8","79","1","79","1","0","0.13","0.03","-0.99","-0.3","0.0","-0.5","48.87","63.89","1630","6553.5","209.6","0","0","0","0","27.0","209.6","30.1","30.0","2.06","-0.1","-0.1","3.410","0.909","0.00","12.9","2.37","0"
"23.900","0.2518","13","0.0000","0.0000","13.1944","-16.0245","0.0000","31.6730","12.3000","0.1500","10000.0000","45.39079765","-75.69574495","36.1","13.2","874.4","79","1","79","1","0","0.07","0.02","-0.99","-0.3","0.0","-0.5","48.82","66.67","1434","6553.5","209.5","0","0","0","0","27.0","209.5","30.1","30.0","2.31","-0.1","-0.1","3.411","0.923","0.00","12.9","2.38","0"
"23.950","0.3205","13","0.0000","0.0000","9.9018","-60.9372","0.0000","31.6741","12.3000","0.1500","10000.0000","45.39079772","-75.69574506","36.1","13.2","874.0","79","1","79","1","0","0.07","0.00","-0.99","-0.3","0.0","-0.5","48.77","66.67","1401","6553.5","209.3","0","0","0","0","27.0","209.3","30.1","30.0","2.46","-0.1","-0.0","3.428","0.921","0.00","12.9","2.40","0"
"24.000","0.3692","13","0.0000","0.0000","7.0230","-63.7074","0.0000","31.6725","12.3000","0.1500","10000.0000","45.39079780","-75.69574517","36.1","13.2","874.0","79","1","79","1","0","0.08","0.00","-0.99","-0.3","-0.0","-0.5","48.72","66.67","1499","6553.5","209.6","0","0","0","0","27.0","209.6","30.1","30.0","2.36","-0.1","-0.0","3.450","0.906","0.00","12.9","2.42","0"
"24.050","0.3774","13","0.0000","0.0000","7.5577","-30.1600","0.0000","31.6746","12.3000","0.1469","10000.0000","45.39079785","-75.69574517","36.1","13.2","874.3","79","1","79","1","0","-0.07","0.00","-0.99","-0.3","-0.0","-0.5","48.67","73.33","1522","6553.5","209.9","0","0","0","0","27.0","209.9","30.1","30.0","2.29","-0.1","-0.0","3.429","0.919","0.00","12.8","2.44","0"
"24.100","0.3609","13","0.0000","0.0000","10.1845","25.6467","0.0000","31.6791","12.3000","0.1419","10000.0000","45.39079787","-75.69574511","36.1","13.2","873.9","79","1","79","1","0","-0.14","0.01","-1.00","-0.3","-0.0","-0.5","48.62","80.00","1522","6553.5","209.7","0","0","0","0","27.0","209.7","30.1","30.0","2.32","-0.1","-0.1","3.410","0.940","0.00","12.8","2.43","0"
"24.150","0.3047","13","0.0000","0.0000","10.8098","84.9310","0.0000","31.6763","12.2690","0.1431","10000.0000","45.39079784","-75.69574509","36.1","13.2","874.0","79","1","79","1","0","-0.09","0.02","-0.99","-0.3","0.0","-0.4","48.57","76.55","1456","6553.5","209.4","0","0","0","0","27.0","209.4","30.1","30.0","2.31","-0.1","-0.1","3.412","0.951","0.00","12.9","2.41","0"
"24.200","0.2244","13","0.0000","0.0000","10.2084","146.3467","0.0000","31.6692","12.2190","0.1481","10000.0000","45.39079778","-75.69574509","36.1","13.2","874.0","79","1","79","1","0","-0.02","0.03","-0.99","-0.3","0.0","-0.4","48.52","69.65","1420","6553.5","209.7","0","0","0","0","27.0","209.8","30.1","30.0","2.20","-0.1","-0.0","3.415","0.956","0.00","12.9","2.40","0"
"24.250","0.1561","13","0.0000","0.0000","20.1796","67.3910","0.0000","31.6682","12.2000","0.1407","10000.0000","45.39079778","-75.69574513","36.1","13.2","874.2","79","1","79","1","0","0.12","0.02","-0.98","-0.2","0.1","-0.4","48.47","64.25","1550","6553.5","210.1","0","0","0","0","27.0","210.2","30.1","30.0","2.21","-0.1","-0.0","3.421","0.935","0.00","12.9","2.38","0"
"24.300","0.0952","13","0.0000","0.0000","36.6309","-97.5986","0.0000","31.6709","12.2000","0.1257","10000.0000","45.39079782","-75.69574519","36.1","13.2","874.0","79","1","79","1","0","0.12","0.02","-1.00","-0.2","0.0","-0.5","48.42","82.43","1566","6553.5","209.9","0","0","0","0","27.0","209.9","30.1","30.0","2.46","-0.1","-0.0","3.421","0.930","0.00","12.9","2.39","0"
"24.350","0.0608","13","0.0000","0.0000","42.8824","-160.2947","0.0000","31.6714","12.2000","0.1169","10000.0000","45.39079788","-75.69574524","36.1","13.2","874.0","79","1","79","1","0","0.08","0.03","-1.01","-0.2","0.0","-0.5","48.37","84.62","1381","6553.5","209.6","0","0","0","0","27.0","209.6","30.1","30.0","2.56","-0.1","-0.0","3.419","0.951","0.00","12.9","2.40","0"
"24.400","0.0428","13","0.0000","0.0000","42.8824","-160.2947","0.0000","31.6707","12.2000","0.1119","10000.0000","45.39079795","-75.69574529","36.1","13.2","874.1","79","1","79","1","0","0.05","0.02","-1.01","-0.2","0.1","-0.5","48.31","84.96","1400","6553.5","209.7","0","0","0","0","27.0","209.7","30.1","30.0","2.29","-0.1","-0.0","3.416","0.959","0.00","12.9","2.42","0"
"24.450","0.0583","13","0.0000","0.0000","36.1956","-94.6608","0.0000","31.6706","12.2000","0.1162","10000.0000","45.39079801","-75.69574529","36.1","13.2","874.3","79","1","79","1","0","0.05","0.02","-1.00","-0.2","0.1","-0.5","48.30","85.36","1582","6553.5","209.8","0","0","0","0","27.0","209.8","30.1","30.0","2.13","-0.1","-0.0","3.413","0.955","0.00","12.9","2.45","0"
"24.500","0.0943","13","0.0000","0.0000","25.4106","11.2004","0.0000","31.6707","12.2000","0.1262","10000.0000","45.39079808","-75.69574528","36.1","13.3","874.0","79","1","79","1","0","0.01","0.03","-0.99","-0.2","0.0","-0.5","48.35","85.71","1492","6553.5","209.9","0","0","0","0","27.0","209.9","30.1","30.0","2.24","-0.1","-0.0","3.431","0.937","0.00","12.9","2.46","0"
"24.550","0.1080","13","0.0000","0.0000","25.8212","15.6500","0.0000","31.6768","12.2000","0.1331","10000.0000","45.39079812","-75.69574532","36.1","13.3","874.0","79","1","79","1","0","-0.07","0.02","-0.99","-0.2","0.0","-0.5","48.39","85.71","1318","6553.5","210.1","0","0","0","0","27.0","210.1","30.1","30.0","2.29","-0.1","-0.0","3.445","0.914","0.00","12.8","2.48","0"
"24.600","0.1080","13","0.0000","0.0000","33.0937","-42.0559","0.0000","31.6864","12.2000","0.1381","10000.0000","45.39079816","-75.69574540","36.1","13.3","874.4","79","1","79","1","0","-0.17","0.02","-0.98","-0.2","-0.0","-0.5","48.44","79.96","1389","6553.5","210.1","0","0","0","0","27.0","210.1","30.1","30.0","2.21","-0.1","-0.0","3.442","0.922","0.00","12.8","2.49","0"
"24.650","0.0995","13","0.0000","0.0000","35.2807","-53.9182","0.0000","31.6874","12.1690","0.1400","10000.0000","45.39079820","-75.69574545","36.1","13.3","873.7","79","1","79","1","0","-0.17","0.01","-0.97","-0.2","-0.0","-0.5","48.49","73.71","1460","6553.5","210.1","0","0","0","0","27.0","210.1","30.1","30.0","2.17","-0.1","-0.0","3.436","0.930","0.00","12.9","2.51","0"
"24.700","0.0857","13","0.0000","0.0000","34.3509","-37.6829","0.0000","31.6832","12.1190","0.1400","10000.0000","45.39079824","-75.69574550","36.1","13.3","874.0","79","1","79","1","0","-0.11","0.01","-0.98","-0.2","-0.0","-0.5","48.54","75.03","1476","6553.5","210.4","0","0","0","0","27.0","210.4","30.1","30.0","2.21","-0.1","-0.0","3.426","0.933","0.00","12.9","2.45","0"
"24.750","0.1067","13","0.0000","0.0000","27.8624","-69.4404","0.0000","31.6827","12.1000","0.1400","10000.0000","45.39079829","-75.69574560","36.1","13.3","874.0","79","1","79","1","0","-0.07","0.00","-0.98","-0.3","-0.0","-0.5","48.58","79.37","1471","6553.5","210.8","0","0","0","0","27.0","210.8","30.1","30.0","2.27","-0.1","-0.0","3.397","0.936","0.00","12.9","2.38","0"
"24.800","0.1489","13","0.0000","0.0000","17.9668","-130.6130","0.0000","31.6845","12.1000","0.1400","10000.0000","45.39079833","-75.69574572","36.1","13.3","874.1","79","1","79","1","0","-0.04","0.01","-0.98","-0.3","-0.0","-0.5","48.63","76.43","1339","6553.5","210.9","0","0","0","0","27.0","210.9","30.1","30.0","2.34","-0.1","-0.0","3.353","0.939","0.00","12.9","2.43","0"
"24.850","0.1388","13","0.0000","0.0000","23.9354","-94.3012","0.0000","31.6913","12.1000","0.1338","10000.0000","45.39079842","-75.69574580","36.1","13.3","874.0","79","1","79","1","0","-0.10","0.04","-0.99","-0.3","0.0","-0.5","48.68","71.57","1255","6553.5","211.0","0","0","0","0","27.0","211.0","30.1","30.0","2.38","-0.1","-0.0","3.382","0.941","0.00","12.9","2.51","0"
"24.900","0.0965","13","0.0000","0.0000","39.6271","1.7590","0.0000","31.7011","12.1000","0.1238","10000.0000","45.39079852","-75.69574587","36.1","13.3","874.1","79","1","79","1","0","-0.15","0.04","-1.01","-0.3","0.0","-0.5","48.73","68.75","1423","6553.5","211.0","0","0","0","0","27.0","211.0","30.0","30.0","2.31","-0.1","-0.0","3.435","0.934","0.00","12.9","2.46","0"
"24.950","0.1156","12","0.0000","0.0000","36.3637","44.2291","0.0000","31.7027","12.1000","0.1231","10000.0000","45.39079858","-75.69574588","36.1","13.3","874.2","79","1","79","1","0","-0.17","0.03","-0.99","-0.3","0.0","-0.5","48.77","72.18","1521","6553.5","211.0","0","0","0","0","27.0","211.0","30.0","30.0","2.24","-0.1","-0.0","3.421","0.936","0.00","12.8","2.39","0"
"25.000","0.1723","12","0.0000","0.0000","21.4826","53.8536","0.0000","31.6993","12.1000","0.1281","10000.0000","45.39079861","-75.69574586","36.1","13.3","874.0","79","1","79","1","0","-0.16","0.00","-0.97","-0.3","0.0","-0.5","48.82","76.92","1497","6553.5","211.0","0","0","0","0","27.0","211.0","30.1","30.0","2.15","-0.1","-0.0","3.408","0.953","0.00","12.8","2.37","0"
"25.050","0.1939","12","0.0000","0.0000","13.4950","-1.5568","0.0000","31.6947","12.0690","0.1331","10000.0000","45.39079861","-75.69574593","36.1","13.3","874.0","79","1","79","1","0","-0.06","-0.01","-0.96","-0.3","0.0","-0.5","48.87","74.81","1507","6553.5","211.0","0","0","0","0","27.0","211.0","30.1","30.0","2.18","-0.1","-0.0","3.417","0.949","0.00","12.9","2.35","0"
"25.100","0.1939","12","0.0000","0.0000","9.7324","-96.8273","0.0000","31.6894","12.0190","0.1381","10000.0000","45.39079859","-75.69574606","36.1","13.3","874.0","79","1","79","1","0","-0.09","0.01","-0.97","-0.3","-0.0","-0.6","48.92","69.78","1545","6553.5","211.0","0","0","0","0","27.0","211.0","30.0","30.0","2.49","-0.1","-0.0","3.422","0.929","0.00","12.9","2.36","0"
"25.150","0.1449","12","0.0000","0.0000","19.7999","-91.7907","0.0000","31.6891","12.0000","0.1400","10000.0000","45.39079861","-75.69574614","36.1","13.3","874.2","79","1","79","1","0","-0.08","0.03","-0.97","-0.3","-0.0","-0.6","48.96","66.67","1542","6553.5","211.0","0","0","0","0","27.0","211.0","30.0","30.0","2.63","-0.1","-0.0","3.419","0.924","0.00","12.8","2.38","0"
"25.200","0.0660","12","0.0000","0.0000","38.3440","-25.2757","0.0000","31.6918","12.0000","0.1400","10000.0000","45.39079865","-75.69574621","36.1","13.3","874.0","79","1","79","1","0","-0.05","0.02","-0.97","-0.3","0.0","-0.6","49.01","70.56","1527","6553.5","211.3","0","0","0","0","27.0","211.3","30.1","30.0","2.39","-0.1","-0.0","3.424","0.924","0.00","12.8","2.39","0"
"25.250","0.0522","12","0.0000","0.0000","38.1338","10.0345","0.0000","31.6929","12.0000","0.1431","10000.0000","45.39079871","-75.69574622","36.1","13.3","874.0","79","1","79","1","0","-0.02","0.02","-0.99","-0.3","0.0","-0.6","49.06","77.24","1483","6553.5","211.6","0","0","0","0","27.0","211.6","30.0","30.0","2.23","-0.1","-0.0","3.434","0.929","0.00","12.9","2.40","0"
"25.300","0.0783","12","0.0000","0.0000","26.4288","26.2192","0.0000","31.6931","12.0000","0.1481","10000.0000","45.39079877","-75.69574620","36.1","13.3","874.0","79","1","79","1","0","0.05","0.01","-1.00","-0.3","0.0","-0.6","49.11","78.06","1467","6553.5","211.8","0","0","0","0","27.0","211.8","30.0","30.0","2.28","-0.1","-0.0","3.400","0.930","0.00","12.9","2.38","0"
"25.350","0.0979","12","0.0000","0.0000","19.8916","-2.5528","0.0000","31.6964","12.0000","0.1469","10000.0000","45.39079880","-75.69574628","36.1","13.3","874.0","79","1","79","1","0","0.02","0.03","-1.01","-0.3","0.0","-0.5","49.15","78.57","1595","6553.5","212.1","0","0","0","0","27.0","212.1","30.1","30.0","2.33","-0.1","-0.0","3.353","0.910","0.00","12.8","2.36","0"
"25.400","0.1135","12","0.0000","0.0000","16.5217","-58.8789","0.0000","31.7016","12.0000","0.1419","10000.0000","45.39079882","-75.69574642","36.1","13.3","874.1","79","1","79","1","0","0.02","0.03","-1.01","-0.3","0.0","-0.5","49.20","77.95","1594","6553.5","212.1","0","0","0","0","27.0","212.1","30.1","30.0","2.40","-0.1","-0.0","3.385","0.902","0.00","12.8","2.37","0"
"25.450","0.1140","12","0.0000","0.0000","17.4534","-70.2179","0.0000","31.7031","12.0000","0.1431","10000.0000","45.39079887","-75.69574651","36.1","13.3","874.2","79","1","79","1","0","-0.01","0.03","-1.00","-0.3","0.1","-0.5","49.25","76.60","1362","6553.5","212.2","0","0","0","0","27.0","212.2","30.1","30.0","2.38","-0.1","-0.0","3.417","0.914","0.00","12.9","2.39","0"
"25.500","0.1052","12","0.0000","0.0000","21.0216","-53.9842","0.0000","31.7024","12.0000","0.1481","10000.0000","45.39079894","-75.69574655","36.1","13.3","874.1","79","1","79","1","0","-0.08","0.03","-0.98","-0.3","0.1","-0.5","49.22","75.74","1320","6553.5","212.3","0","0","0","0","27.0","212.3","30.1","30.0","2.16","-0.1","-0.0","3.428","0.925","0.00","12.9","2.39","0"
"25.550","0.1037","12","0.0000","0.0000","21.4521","13.2969","0.0000","31.7022","12.0000","0.1469","10000.0000","45.39079897","-75.69574657","36.1","13.3","874.5","79","1","79","1","0","-0.01","0.03","-0.98","-0.3","0.1","-0.5","49.06","75.38","1428","6553.5","212.4","0","0","0","0","27.0","212.4","30.1","30.0","2.06","-0.1","-0.0","3.435","0.936","0.00","12.8","2.38","0"
"25.600","0.1068","12","0.0000","0.0000","19.9594","111.8649","0.0000","31.7022","12.0000","0.1419","10000.0000","45.39079897","-75.69574657","36.1","13.3","874.0","79","1","79","1","0","0.05","0.03","-0.98","-0.4","0.0","-0.5","48.89","78.08","1404","6553.5","212.5","0","0","0","0","27.0","212.5","30.1","30.0","2.27","-0.1","-0.0","3.424","0.932","0.00","12.8","2.37","0"
"25.650","0.1019","12","0.0000","0.0000","20.1947","113.0659","0.0000","31.7060","12.0000","0.1400","10000.0000","45.39079901","-75.69574661","36.1","13.3","874.5","79","1","79","1","0","-0.06","0.04","-0.99","-0.4","0.0","-0.5","48.72","78.57","1338","6553.5","212.7","0","0","0","0","27.0","212.7","30.1","30.0","2.41","-0.1","-0.0","3.416","0.923","0.00","12.9","2.36","0"
"25.700","0.0919","12","0.0000","0.0000","21.4891","54.5901","0.0000","31.7123","12.0000","0.1400","10000.0000","45.39079908","-75.69574667","36.1","13.3","874.4","79","1","79","1","0","-0.14","0.05","-0.99","-0.3","0.0","-0.5","48.55","78.57","1462","6553.5","212.9","0","0","0","0","27.0","212.9","30.0","30.0","2.38","-0.1","-0.0","3.421","0.920","0.00","12.9","2.37","0"
"25.750","0.1011","12","0.0000","0.0000","18.2247","-29.7315","0.0000","31.7141","11.9690","0.1431","10000.0000","45.39079911","-75.69574673","36.1","13.3","874.0","79","1","79","1","0","-0.13","0.02","-0.98","-0.3","0.0","-0.5","48.38","78.57","1576","6553.5","213.1","0","0","0","0","27.0","213.1","30.0","30.0","2.35","-0.1","-0.0","3.421","0.917","0.00","12.8","2.38","0"
"25.800","0.1219","12","0.0000","0.0000","12.1661","-129.8943","0.0000","31.7133","11.9190","0.1481","10000.0000","45.39079912","-75.69574679","36.1","13.3","874.0","79","1","79","1","0","-0.18","0.01","-0.97","-0.3","0.0","-0.5","48.22","78.57","1586","6553.5","213.0","0","0","0","0","27.0","213.0","30.0","30.0","2.32","-0.1","-0.0","3.411","0.917","0.00","12.8","2.37","0"
"25.850","0.1053","12","0.0000","0.0000","31.5830","-142.8972","0.0000","31.7146","11.9000","0.1469","10000.0000","45.39079915","-75.69574685","36.1","13.3","874.0","79","1","79","1","0","-0.19","0.01","-0.96","-0.3","0.0","-0.5","48.05","83.29","1573","6553.5","212.9","0","0","0","0","27.0","212.9","30.0","30.0","2.34","-0.1","-0.0","3.412","0.920","0.00","12.9","2.36","0"
"25.900","0.0659","12","0.0000","0.0000","66.6139","-102.4797","0.0000","31.7173","11.9000","0.1419","10000.0000","45.39079919","-75.69574692","36.1","13.3","874.5","79","1","79","1","0","0.02","-0.00","-0.97","-0.3","0.0","-0.5","47.88","79.30","1518","6553.5","212.9","0","0","0","0","27.0","212.9","30.0","30.0","2.47","-0.1","-0.0","3.420","0.927","0.00","12.9","2.33","0"
"25.950","0.0838","12","0.0000","0.0000","58.4646","-97.8085","0.0000","31.7194","11.9000","0.1400","10000.0000","45.39079923","-75.69574702","36.1","13.3","874.3","79","1","79","1","0","0.07","0.01","-0.98","-0.3","0.0","-0.4","47.71","69.58","1568","6553.5","212.9","0","0","0","0","27.0","212.9","30.0","30.0","2.49","-0.1","-0.0","3.421","0.922","0.00","12.8","2.29","0"
"26.000","0.1368","12","0.0000","0.0000","23.8501","-115.0464","0.0000","31.7213","11.9000","0.1400","10000.0000","45.39079928","-75.69574714","36.1","13.3","874.0","79","1","79","1","0","-0.06","0.05","-0.98","-0.3","0.0","-0.4","47.54","75.00","1701","6553.5","213.1","0","0","0","0","27.0","213.1","30.0","30.0","2.29","-0.1","-0.0","3.420","0.907","0.00","12.9","2.28","0"
"26.050","0.1652","12","0.0000","0.0000","12.9745","-55.3525","0.0000","31.7242","11.9000","0.1369","10000.0000","45.39079932","-75.69574719","36.1","13.3","874.0","79","1","79","1","0","-0.09","0.04","-0.99","-0.3","0.0","-0.5","47.37","78.57","1622","6553.5","213.4","0","0","0","0","27.0","213.4","30.0","30.0","2.21","-0.1","-0.0","3.384","0.907","0.00","13.0","2.28","0"
"26.100","0.1785","12","0.0000","0.0000","16.6485","51.4932","0.0000","31.7277","11.9000","0.1319","10000.0000","45.39079935","-75.69574719","36.1","13.3","874.4","79","1","79","1","0","-0.05","0.01","-1.00","-0.3","0.0","-0.5","47.21","87.21","1476","6553.5","213.6","0","0","0","0","27.0","213.6","30.0","30.0","2.39","-0.1","-0.0","3.360","0.912","0.00","12.9","2.29","0"
"26.150","0.2015","12","0.0000","0.0000","18.4698","65.6309","0.0000","31.7314","11.9000","0.1424","10000.0000","45.39079942","-75.69574718","36.1","13.3","874.5","79","1","79","1","0","-0.12","0.03","-1.01","-0.3","0.0","-0.5","47.04","87.76","1472","6553.5","213.9","0","0","0","0","27.0","213.9","30.0","30.0","2.51","-0.1","-0.0","3.406","0.923","0.00","12.8","2.31","0"
"26.200","0.2305","12","0.0000","0.0000","19.1556","22.9477","0.0000","31.7351","11.9000","0.1624","10000.0000","45.39079951","-75.69574716","36.1","13.3","874.0","79","1","79","1","0","-0.14","0.04","-1.00","-0.3","0.0","-0.5","46.87","83.25","1481","6553.5","213.9","0","0","0","0","27.0","213.9","30.0","30.0","2.51","-0.1","-0.0","3.433","0.931","0.00","12.8","2.29","0"
"26.250","0.2001","12","0.0000","0.0000","27.4683","4.6423","0.0000","31.7365","11.9000","0.1638","10000.0000","45.39079955","-75.69574716","36.1","13.3","874.0","79","1","79","1","0","-0.02","0.03","-0.99","-0.2","0.0","-0.5","46.70","78.75","1528","6553.5","213.8","0","0","0","0","27.0","213.8","30.0","30.0","2.48","-0.1","-0.0","3.424","0.917","0.00","12.9","2.27","0"
"26.300","0.1334","12","0.0000","0.0000","40.4556","1.2783","0.0000","31.7365","11.9000","0.1538","10000.0000","45.39079955","-75.69574716","36.1","13.3","874.1","79","1","79","1","0","0.08","0.03","-1.00","-0.2","0.0","-0.5","46.53","69.84","1569","6553.5","213.8","0","0","0","0","27.0","213.8","30.0","30.0","2.36","-0.1","-0.0","3.413","0.909","0.00","12.9","2.24","0"
"26.350","0.1550","12","0.0000","0.0000","35.8174","-17.4806","0.0000","31.7382","11.9000","0.1531","10000.0000","45.39079957","-75.69574719","36.1","13.3","874.0","79","1","79","1","0","0.11","0.01","-0.99","-0.3","0.1","-0.5","46.37","71.82","1600","6553.5","213.7","0","0","0","0","27.0","213.7","30.0","30.0","2.30","-0.1","-0.0","3.400","0.913","0.00","12.8","2.21","0"
"26.400","0.2308","12","0.0000","0.0000","20.3764","-45.6750","0.0000","31.7409","11.9000","0.1581","10000.0000","45.39079961","-75.69574726","36.1","13.3","874.1","79","1","79","1","0","0.07","0.01","-0.99","-0.3","0.0","-0.4","46.20","75.32","1582","6553.5","213.7","0","0","0","0","27.0","213.7","30.0","30.0","2.40","-0.1","-0.0","3.410","0.921","0.00","12.9","2.24","0"
"26.450","0.3097","12","0.0000","0.0000","14.1564","-92.3592","0.0000","31.7413","11.9000","0.1631","10000.0000","45.39079959","-75.69574733","36.1","13.3","874.3","79","1","79","1","0","-0.03","0.02","-1.00","-0.3","0.0","-0.4","46.03","76.92","1527","6553.5","213.7","0","0","0","0","27.0","213.7","30.0","30.0","2.45","-0.1","-0.0","3.427","0.935","0.00","13.0","2.27","0"
"26.500","0.3906","12","0.0000","0.0000","13.5880","-150.3757","0.0000","31.7402","11.9000","0.1681","10000.0000","45.39079954","-75.69574741","36.1","13.3","874.0","79","1","79","1","0","-0.01","0.02","-1.00","-0.3","-0.0","-0.4","45.86","84.48","1531","6553.5","213.7","0","0","0","0","27.0","213.7","30.0","30.0","2.40","-0.1","-0.0","3.433","0.920","0.00","12.9","2.24","0"
"26.550","0.4130","12","0.0000","0.0000","15.1920","-166.9495","0.0000","31.7458","11.9000","0.1669","10000.0000","45.39079954","-75.69574748","36.1","13.3","874.0","79","1","79","1","0","0.07","0.02","-1.00","-0.3","-0.0","-0.4","45.90","90.91","1553","6553.5","213.8","0","0","0","0","27.0","213.8","30.0","30.0","2.39","-0.1","-0.0","3.439","0.896","0.00","12.7","2.20","0"
"26.600","0.3995","12","0.0000","0.0000","18.1274","-158.1228","0.0000","31.7555","11.9000","0.1619","10000.0000","45.39079958","-75.69574756","36.1","13.3","874.0","79","1","79","1","0","0.10","0.03","-0.99","-0.3","-0.0","-0.5","46.34","90.91","1484","6553.5","213.8","0","0","0","0","27.0","213.8","30.0","30.0","2.48","-0.1","-0.0","3.443","0.923","0.00","12.8","2.23","0"
"26.650","0.3322","12","0.0000","0.0000","26.3950","-138.4068","0.0000","31.7625","11.9000","0.1507","10000.0000","45.39079965","-75.69574767","36.1","13.3","874.0","79","1","79","1","0","0.01","0.03","-0.99","-0.3","-0.0","-0.5","46.77","90.91","1436","6553.5","213.7","0","0","0","0","27.0","213.7","30.0","30.0","2.49","-0.1","-0.0","3.424","0.945","0.00","12.9","2.27","0"
"26.700","0.2320","12","0.0000","0.0000","37.9307","-112.0168","0.0000","31.7679","11.9000","0.1357","10000.0000","45.39079973","-75.69574779","36.1","13.3","874.5","79","1","79","1","0","-0.03","0.02","-0.99","-0.3","-0.0","-0.5","47.21","90.91","1515","6553.5","213.9","0","0","0","0","27.0","213.9","30.0","30.0","2.30","-0.1","-0.0","3.364","0.925","0.00","12.8","2.30","0"
"26.750","0.2396","12","0.0000","0.0000","37.2329","-80.4805","0.0000","31.7689","11.9000","0.1455","10000.0000","45.39079981","-75.69574790","36.1","13.3","874.0","79","1","79","1","0","0.11","0.01","-0.98","-0.2","0.0","-0.5","47.65","90.91","1539","6553.5","214.1","0","0","0","0","27.0","214.1","30.0","30.0","2.23","-0.1","-0.0","3.361","0.917","0.00","12.7","2.33","0"
"26.800","0.3135","12","0.0000","0.0000","29.0372","-45.7900","0.0000","31.7674","11.9000","0.1705","10000.0000","45.39079988","-75.69574801","36.1","13.3","874.4","79","1","79","1","0","0.17","0.02","-0.98","-0.2","0.0","-0.5","48.09","88.24","1464","6553.5","214.1","0","0","0","0","27.0","214.1","30.0","30.0","2.44","-0.1","-0.0","3.403","0.931","0.00","12.7","2.36","0"
"26.850","0.2868","12","0.0000","0.0000","36.5152","-60.0285","0.0000","31.7662","11.9000","0.1583","10000.0000","45.39079992","-75.69574809","36.1","13.3","874.2","79","1","79","1","0","0.07","0.03","-0.99","-0.2","0.0","-0.5","48.52","85.21","1357","6553.5","214.1","0","0","0","0","27.0","214.1","30.0","30.0","2.52","-0.1","-0.0","3.406","0.946","0.00","12.8","2.40","0"
"26.900","0.1985","12","0.0000","0.0000","53.5998","-104.2557","0.0000","31.7654","11.9000","0.1233","10000.0000","45.39079993","-75.69574815","36.1","13.3","874.1","79","1","79","1","0","-0.01","0.04","-0.99","-0.3","0.0","-0.5","48.96","80.90","1224","6553.5","214.2","0","0","0","0","27.0","214.2","30.0","30.0","2.30","-0.1","-0.0","3.397","0.961","0.00","12.8","2.40","0"
"26.950","0.1612","12","0.0000","0.0000","60.2957","-77.2152","0.0000","31.7667","11.9000","0.1162","10000.0000","45.39079995","-75.69574822","36.1","13.3","874.0","79","1","79","1","0","-0.04","0.04","-0.99","-0.3","0.0","-0.5","49.40","76.92","1341","6553.5","214.4","0","0","0","0","27.0","214.4","30.0","30.0","2.20","-0.1","-0.1","3.410","0.943","0.00","12.9","2.40","0"
"27.000","0.1551","12","0.0000","0.0000","60.6243","-6.4944","0.0000","31.7694","11.9000","0.1262","10000.0000","45.39079999","-75.69574828","36.1","13.3","874.0","79","1","79","1","0","-0.03","0.04","-0.99","-0.3","0.1","-0.5","49.84","77.18","1538","6553.5","214.4","0","0","0","0","27.0","214.4","30.0","30.0","2.37","-0.1","-0.0","3.421","0.914","0.00","12.9","2.37","0"
"27.050","0.2846","12","0.0000","0.0000","46.9194","6.3171","0.0000","31.7733","11.9000","0.1455","10000.0000","45.39080010","-75.69574841","36.1","13.3","874.3","79","1","79","1","0","-0.00","0.03","-0.99","-0.3","0.1","-0.4","50.27","77.85","1497","6553.5","214.4","0","0","0","0","27.0","214.4","30.0","30.0","2.43","-0.1","-0.0","3.414","0.936","0.00","12.9","2.33","0"
"27.100","0.4974","12","0.0000","0.0000","24.6134","-16.3641","0.0000","31.7780","11.9000","0.1705","10000.0000","45.39080025","-75.69574858","36.1","13.3","874.0","79","1","79","1","0","-0.02","0.01","-0.98","-0.3","0.1","-0.4","50.71","78.52","1466","6553.5","214.5","0","0","0","0","27.0","214.5","30.0","30.0","2.25","-0.1","-0.0","3.416","0.953","0.00","12.9","2.30","0"
"27.150","0.5095","12","0.0000","0.0000","16.7980","-66.8835","0.0000","31.7687","11.9000","0.1769","10000.0000","45.39080021","-75.69574864","36.1","13.3","874.3","79","1","79","1","0","-0.04","0.03","-0.99","-0.3","0.1","-0.4","51.15","78.57","1538","6553.5","214.6","0","0","0","0","27.0","214.6","30.0","30.0","2.16","-0.1","-0.0","3.434","0.925","0.00","12.9","2.28","0"
"27.200","0.3985","12","0.0000","0.0000","17.8640","-134.4650","0.0000","31.7509","11.9000","0.1719","10000.0000","45.39080005","-75.69574864","36.1","13.3","874.1","79","1","79","1","0","-0.03","0.03","-0.99","-0.3","0.1","-0.4","51.59","89.68","1556","6553.5","214.6","0","0","0","0","27.0","214.6","30.0","30.0","2.30","-0.1","-0.0","3.445","0.916","0.00","12.9","2.33","0"
"27.250","0.4320","12","0.0000","0.0000","15.6264","-124.8153","0.0000","31.7454","11.9000","0.1731","10000.0000","45.39080006","-75.69574871","36.1","13.3","874.0","79","1","79","1","0","-0.07","0.03","-0.99","-0.3","0.0","-0.4","52.02","91.16","1474","6553.5","214.6","0","0","0","0","27.0","214.6","30.0","30.0","2.35","-0.1","-0.0","3.450","0.938","0.00","12.9","2.38","0"
"27.300","0.5539","12","0.0000","0.0000","11.3641","-67.8303","0.0000","31.7474","11.9000","0.1781","10000.0000","45.39080017","-75.69574882","36.1","13.3","874.0","79","1","79","1","0","-0.08","0.01","-0.99","-0.3","0.0","-0.5","52.46","91.43","1489","6553.5","214.7","0","0","0","0","27.0","214.7","30.0","30.0","2.21","-0.1","-0.0","3.441","0.932","0.00","12.9","2.35","0"
"27.350","0.4856","12","0.0000","0.0000","11.7398","-6.9769","0.0000","31.7421","11.9310","0.1707","10000.0000","45.39080019","-75.69574881","36.1","13.3","874.2","79","1","79","1","0","-0.06","0.01","-0.99","-0.3","0.0","-0.5","52.90","89.98","1579","6553.5","214.8","0","0","0","0","27.0","214.8","30.0","30.0","2.18","-0.1","-0.0","3.429","0.903","0.00","12.9","2.30","0"
"27.400","0.3008","12","0.0000","0.0000","14.9582","56.2474","0.0000","31.7325","11.9810","0.1557","10000.0000","45.39080015","-75.69574873","36.1","13.3","874.0","79","1","79","1","0","0.06","0.02","-0.99","-0.3","0.0","-0.6","53.34","79.45","1487","6553.5","214.6","0","0","0","0","27.0","214.6","30.0","30.0","2.37","-0.1","-0.0","3.426","0.918","0.00","12.9","2.30","0"
"27.450","0.2102","12","0.0000","0.0000","18.4197","48.0388","0.0000","31.7262","12.0000","0.1593","10000.0000","45.39080016","-75.69574873","36.1","13.3","874.0","79","1","79","1","0","0.10","0.03","-0.99","-0.3","0.0","-0.6","53.77","78.60","1337","6553.5","214.3","0","0","0","0","27.0","214.3","30.0","30.0","2.44","-0.1","-0.0","3.425","0.947","0.00","12.8","2.32","0"
"27.500","0.1774","12","0.0000","0.0000","22.0304","-3.9511","0.0000","31.7219","12.0000","0.1743","10000.0000","45.39080020","-75.69574878","36.1","13.3","874.4","79","1","79","1","0","0.02","0.02","-0.99","-0.3","0.0","-0.6","54.21","80.80","1394","6553.5","214.5","0","0","0","0","27.0","214.5","30.0","30.0","2.21","-0.1","-0.0","3.422","0.954","0.00","12.8","2.32","0"
"27.550","0.1935","12","0.0000","0.0000","21.2192","-29.4229","0.0000","31.7225","12.0000","0.1831","10000.0000","45.39080023","-75.69574879","36.1","13.2","874.2","79","1","79","1","0","0.07","0.02","-0.99","-0.2","0.0","-0.5","54.65","72.58","1445","6553.5","214.7","0","0","0","0","27.0","214.7","30.0","30.0","2.08","-0.1","-0.0","3.424","0.954","0.00","12.9","2.32","0"
"27.600","0.2396","12","0.0000","0.0000","17.6979","-38.6416","0.0000","31.7260","12.0000","0.1881","10000.0000","45.39080026","-75.69574879","36.1","13.2","874.1","79","1","79","1","0","0.08","0.04","-0.98","-0.2","0.0","-0.6","54.91","64.71","1412","6553.5","214.9","0","0","0","0","27.0","214.9","29.9","30.0","2.18","-0.1","-0.0","3.436","0.925","0.00","12.9","2.34","0"
"27.650","0.2321","12","0.0000","0.0000","14.0435","-9.0722","0.0000","31.7214","12.0000","0.1807","10000.0000","45.39080025","-75.69574875","36.1","13.3","874.0","79","1","79","1","0","0.01","0.04","-0.98","-0.2","0.1","-0.6","54.82","78.86","1390","6553.5","215.2","0","0","0","0","27.0","215.2","29.9","30.0","2.25","-0.1","-0.0","3.437","0.915","0.00","12.8","2.36","0"
"27.700","0.1917","12","0.0000","0.0000","10.3073","44.2704","0.0000","31.7118","12.0000","0.1657","10000.0000","45.39080021","-75.69574867","36.1","13.3","874.4","79","1","79","1","0","-0.04","0.04","-0.98","-0.2","0.1","-0.6","54.73","90.91","1388","6553.5","215.2","0","0","0","0","27.0","215.2","30.0","30.0","2.21","-0.1","-0.0","3.430","0.940","0.00","12.8","2.36","0"
"27.750","0.1677","12","0.0000","0.0000","11.0265","56.2532","0.0000","31.7098","12.0000","0.1600","10000.0000","45.39080022","-75.69574868","36.1","13.3","874.0","79","1","79","1","0","-0.10","0.03","-0.98","-0.3","0.0","-0.6","54.64","90.91","1399","6553.5","215.3","0","0","0","0","27.0","215.3","30.0","30.0","2.22","-0.1","-0.0","3.424","0.936","0.00","12.7","2.36","0"
"27.800","0.1537","12","0.0000","0.0000","14.4765","42.8864","0.0000","31.7125","12.0000","0.1600","10000.0000","45.39080026","-75.69574874","36.1","13.3","874.5","79","1","79","1","0","-0.01","0.00","-0.98","-0.3","0.0","-0.5","54.55","87.65","1422","6553.5","215.3","0","0","0","0","27.0","215.3","30.0","30.0","2.37","-0.1","-0.0","3.418","0.910","0.00","12.7","2.39","0"
"27.850","0.1274","12","0.0000","0.0000","21.4326","16.3177","0.0000","31.7157","12.0000","0.1662","10000.0000","45.39080029","-75.69574876","36.1","13.3","874.2","79","1","79","1","0","0.02","-0.00","-1.00","-0.3","0.0","-0.5","54.46","87.51","1264","6553.5","215.4","0","0","0","0","27.0","215.4","30.0","30.0","2.37","-0.1","-0.0","3.407","0.935","0.00","12.8","2.42","0"
"27.900","0.0934","12","0.0000","0.0000","30.5377","-18.3425","0.0000","31.7192","12.0000","0.1762","10000.0000","45.39080032","-75.69574876","36.2","13.3","874.0","79","1","79","1","0","-0.04","0.02","-1.00","-0.3","0.0","-0.5","54.37","86.48","1050","6553.5","215.4","0","0","0","0","27.0","215.4","30.0","30.0","2.09","-0.1","-0.0","3.403","0.976","0.00","12.8","2.39","0"
"27.950","0.2082","13","0.0000","0.0000","25.3363","-32.0982","0.0000","31.7240","12.0000","0.1831","10000.0000","45.39080042","-75.69574883","36.2","13.3","874.2","79","1","79","1","0","0.14","0.04","-1.00","-0.3","0.0","-0.5","54.28","76.86","1331","6553.5","215.4","0","0","0","0","27.0","215.4","30.0","30.0","1.96","-0.1","-0.0","3.432","0.954","0.00","12.9","2.35","0"
"28.000","0.4141","13","0.0000","0.0000","11.3665","-33.0413","0.0000","31.7296","12.0000","0.1881","10000.0000","45.39080056","-75.69574894","36.2","13.3","874.4","79","1","79","1","0","0.17","0.05","-1.01","-0.3","0.0","-0.5","54.19","67.24","1574","6553.5","215.4","0","0","0","0","27.0","215.4","30.0","30.0","2.22","-0.1","-0.0","3.447","0.935","0.00","12.9","2.34","0"
"28.050","0.3870","13","0.0000","0.0000","7.2321","1.9152","0.0000","31.7257","12.0000","0.1838","10000.0000","45.39080059","-75.69574893","36.2","13.3","874.5","79","1","79","1","0","0.13","0.05","-1.00","-0.3","-0.0","-0.5","54.10","66.67","1506","6553.5","215.4","0","0","0","0","27.0","215.4","29.9","30.0","2.36","-0.1","-0.0","3.439","0.950","0.00","12.9","2.34","0"
"28.100","0.2173","13","0.0000","0.0000","9.1259","58.8747","0.0000","31.7160","12.0000","0.1738","10000.0000","45.39080055","-75.69574885","36.2","13.3","874.4","79","1","79","1","0","0.08","0.02","-0.98","-0.3","-0.0","-0.5","54.01","78.13","1463","6553.5","215.5","0","0","0","0","27.0","215.5","29.9","30.0","2.24","-0.1","-0.0","3.428","0.951","0.00","12.9","2.35","0"
"28.150","0.1655","13","0.0000","0.0000","9.3672","14.3190","0.0000","31.7123","12.0000","0.1700","10000.0000","45.39080050","-75.69574883","36.2","13.3","874.2","79","1","79","1","0","0.04","0.01","-0.98","-0.3","-0.0","-0.5","53.92","78.28","1465","6553.5","215.6","0","0","0","0","27.0","215.6","29.9","30.0","2.18","-0.1","-0.0","3.413","0.929","0.00","12.9","2.36","0"
"28.200","0.1861","13","0.0000","0.0000","8.5958","-92.4557","0.0000","31.7121","12.0000","0.1700","10000.0000","45.39080044","-75.69574885","36.2","13.3","874.1","79","1","79","1","0","0.04","0.02","-0.98","-0.3","-0.0","-0.5","53.84","76.28","1514","6553.5","215.7","0","0","0","0","27.0","215.7","29.9","30.0","2.29","-0.1","-0.0","3.418","0.927","0.00","12.9","2.36","0"
"28.250","0.2061","13","0.0000","0.0000","8.5113","-86.2715","0.0000","31.7122","12.0310","0.1731","10000.0000","45.39080045","-75.69574884","36.2","13.3","874.0","79","1","79","1","0","0.02","0.01","-0.98","-0.3","-0.0","-0.5","53.75","75.00","1600","6553.5","215.9","0","0","0","0","27.0","215.9","30.0","30.0","2.37","-0.1","-0.0","3.428","0.942","0.00","12.8","2.35","0"
"28.300","0.2258","13","0.0000","0.0000","8.8478","-10.8546","0.0000","31.7123","12.0810","0.1781","10000.0000","45.39080051","-75.69574883","36.2","13.3","874.1","79","1","79","1","0","0.05","0.01","-0.98","-0.3","-0.0","-0.6","53.66","78.00","1562","6553.5","216.0","0","0","0","0","27.0","216.0","30.0","30.0","2.38","-0.1","-0.0","3.420","0.934","0.00","12.8","2.35","0"
"28.350","0.2796","13","0.0000","0.0000","7.8000","49.3920","0.0000","31.7150","12.1000","0.1831","10000.0000","45.39080051","-75.69574879","36.2","13.3","873.8","79","1","79","1","0","-0.06","-0.00","-0.99","-0.3","-0.0","-0.6","53.57","82.34","1485","6553.5","216.2","0","0","0","0","27.0","216.2","29.9","30.0","2.36","-0.1","-0.0","3.415","0.921","0.00","12.9","2.34","0"
"28.400","0.3543","13","0.0000","0.0000","5.9038","100.3405","0.0000","31.7193","12.1000","0.1881","10000.0000","45.39080048","-75.69574875","36.2","13.3","874.1","79","1","79","1","0","-0.09","0.01","-1.00","-0.3","-0.0","-0.6","53.48","79.58","1497","6553.5","216.2","0","0","0","0","27.0","216.2","29.9","30.0","2.24","-0.1","-0.0","3.429","0.924","0.00","12.9","2.37","0"
"28.450","0.3301","13","0.0000","0.0000","5.3438","66.6730","0.0000","31.7183","12.1000","0.1931","10000.0000","45.39080048","-75.69574876","36.2","13.3","874.3","79","1","79","1","0","-0.11","0.02","-1.01","-0.3","0.0","-0.6","53.39","76.92","1509","6553.5","216.1","0","0","0","0","27.0","216.1","29.9","30.0","2.18","-0.1","-0.0","3.432","0.928","0.00","12.9","2.40","0"
"28.500","0.2452","13","0.0000","0.0000","5.6027","-18.8560","0.0000","31.7140","12.1000","0.1981","10000.0000","45.39080052","-75.69574881","36.3","13.3","874.0","79","1","79","1","0","-0.11","0.03","-1.00","-0.3","0.0","-0.5","53.30","76.92","1502","6553.5","216.3","0","0","0","0","27.0","216.3","29.9","30.0","2.24","-0.1","-0.0","3.414","0.936","0.00","12.9","2.38","0"
"28.550","0.2629","13","0.0000","0.0000","5.7309","-60.2566","0.0000","31.7156","12.1000","0.1938","10000.0000","45.39080055","-75.69574891","36.3","13.3","874.3","79","1","79","1","0","-0.13","0.02","-1.00","-0.3","0.0","-0.5","53.21","71.22","1476","6553.5","216.6","0","0","0","0","27.0","216.6","29.9","30.0","2.31","-0.1","-0.0","3.387","0.940","0.00","12.9","2.36","0"
"28.600","0.3435","13","0.0000","0.0000","5.7790","-74.6107","0.0000","31.7208","12.1000","0.1838","10000.0000","45.39080056","-75.69574905","36.3","13.3","874.1","79","1","79","1","0","-0.15","0.02","-1.00","-0.3","0.0","-0.5","53.12","74.29","1414","6553.5","216.6","0","0","0","0","27.0","216.6","29.9","30.0","2.42","-0.1","-0.0","3.354","0.936","0.00","12.9","2.38","0"
"28.650","0.3269","13","0.0000","0.0000","4.7203","-35.0681","0.0000","31.7191","12.1000","0.1707","10000.0000","45.39080060","-75.69574904","36.3","13.3","874.0","79","1","79","1","0","-0.12","0.01","-0.99","-0.3","0.1","-0.5","53.03","78.40","1445","6553.5","216.7","0","0","0","0","27.0","216.7","29.9","30.0","2.47","-0.1","-0.0","3.392","0.935","0.00","12.8","2.41","0"
"28.700","0.2508","13","0.0000","0.0000","2.9833","37.5079","0.0000","31.7132","12.1000","0.1557","10000.0000","45.39080066","-75.69574895","36.3","13.3","874.4","79","1","79","1","0","-0.11","0.01","-1.00","-0.3","0.1","-0.5","52.94","82.35","1549","6553.5","216.8","0","0","0","0","27.0","216.8","29.9","30.0","2.34","-0.1","-0.0","3.454","0.936","0.00","12.8","2.38","0"
"28.750","0.2458","13","0.0000","0.0000","2.9831","80.5636","0.0000","31.7104","12.1000","0.1562","10000.0000","45.39080068","-75.69574895","36.3","13.3","874.2","79","1","79","1","0","-0.11","0.03","-1.01","-0.3","0.1","-0.5","52.84","82.35","1438","6553.5","216.9","0","0","0","0","27.0","216.9","29.9","30.0","2.28","-0.1","-0.0","3.434","0.936","0.00","12.9","2.34","0"
"28.800","0.2844","13","0.0000","0.0000","4.0473","105.5263","0.0000","31.7095","12.1000","0.1662","10000.0000","45.39080069","-75.69574902","36.3","13.3","874.1","79","1","79","1","0","-0.04","0.02","-1.00","-0.3","0.1","-0.5","52.75","80.24","1259","6553.5","216.8","0","0","0","0","27.0","216.8","29.9","30.0","2.35","-0.1","-0.0","3.415","0.937","0.00","12.8","2.33","0"
"28.850","0.2510","13","0.0000","0.0000","6.1692","110.4477","0.0000","31.7071","12.1000","0.1669","10000.0000","45.39080071","-75.69574903","36.3","13.3","874.0","79","1","79","1","0","0.04","0.01","-0.99","-0.3","0.0","-0.5","52.66","75.08","1430","6553.5","216.6","0","0","0","0","27.0","216.6","29.9","30.0","2.36","-0.1","-0.0","3.417","0.929","0.00","12.7","2.32","0"
"28.900","0.1735","13","0.0000","0.0000","8.9393","103.0859","0.0000","31.7037","12.1000","0.1619","10000.0000","45.39080075","-75.69574901","36.3","13.3","874.1","79","1","79","1","0","-0.02","0.05","-1.00","-0.3","0.0","-0.5","52.56","69.62","1587","6553.5","216.8","0","0","0","0","27.0","216.8","29.9","30.0","2.22","-0.1","-0.0","3.406","0.921","0.00","12.8","2.31","0"
"28.950","0.2261","12","0.0000","0.0000","8.7032","121.9989","0.0000","31.7067","12.1000","0.1662","10000.0000","45.39080076","-75.69574902","36.3","13.3","874.5","79","1","79","1","0","-0.06","0.05","-0.99","-0.3","-0.0","-0.5","52.47","66.67","1600","6553.5","217.0","0","0","0","0","27.0","217.0","29.9","30.0","2.17","-0.1","-0.0","3.371","0.914","0.00","12.9","2.29","0"
"29.000","0.3586","12","0.0000","0.0000","6.6245","157.0159","0.0000","31.7137","12.1000","0.1762","10000.0000","45.39080076","-75.69574903","36.3","13.3","874.5","79","1","79","1","0","-0.07","0.02","-0.99","-0.3","-0.0","-0.5","52.37","77.82","1569","6553.5","217.0","0","0","0","0","27.0","217.0","29.9","30.0","2.31","-0.1","-0.0","3.373","0.910","0.00","12.9","2.32","0"
"29.050","0.3545","12","0.0000","0.0000","2.0255","118.2573","0.0000","31.7029","12.1000","0.1769","10000.0000","45.39080080","-75.69574904","36.3","13.3","874.2","79","1","79","1","0","-0.07","0.01","-0.99","-0.3","0.0","-0.5","52.28","86.06","1459","6553.5","217.1","0","0","0","0","27.0","217.1","29.9","30.0","2.38","-0.1","-0.0","3.403","0.914","0.00","12.9","2.36","0"
"29.100","0.2667","12","0.0000","0.0000","-4.1182","34.2814","0.0000","31.6813","12.1000","0.1719","10000.0000","45.39080087","-75.69574904","36.3","13.3","874.0","79","1","79","1","0","-0.02","0.01","-0.98","-0.3","0.0","-0.5","52.19","75.50","1475","6553.5","216.9","0","0","0","0","27.4","216.9","29.9","30.0","2.28","-0.1","-0.0","3.414","0.922","0.00","12.8","2.37","0"
"29.150","0.2211","12","0.0000","0.0000","-4.1862","-10.4256","0.0000","31.6813","12.1000","0.1731","10000.0000","45.39080094","-75.69574908","36.3","13.3","874.0","79","1","79","1","0","-0.02","0.03","-1.00","-0.3","0.0","-0.5","52.09","68.75","1590","6553.5","216.7","0","0","0","0","27.9","216.7","29.9","30.0","2.24","-0.1","-0.0","3.420","0.936","0.00","12.7","2.38","0"
"29.200","0.2014","12","0.0000","0.0000","-0.5304","-31.0646","0.0000","31.6945","12.1000","0.1781","10000.0000","45.39080101","-75.69574916","36.3","13.3","874.1","79","1","79","1","0","0.02","0.05","-1.00","-0.3","0.0","-0.5","52.00","72.80","1610","6553.5","217.0","0","0","0","0","28.0","217.0","29.9","30.0","2.33","-0.1","-0.0","3.424","0.925","0.00","12.8","2.41","0"
"29.250","0.1755","12","0.0000","0.0000","-0.4657","14.8766","0.0000","31.6953","12.1000","0.1800","10000.0000","45.39080104","-75.69574918","36.3","13.3","874.5","79","1","79","1","0","0.03","0.04","-0.99","-0.3","0.0","-0.5","51.91","80.50","1601","6553.5","217.3","0","0","0","0","28.0","217.3","29.9","30.0","2.41","-0.1","-0.0","3.428","0.907","0.00","12.9","2.44","0"
"29.300","0.1459","12","0.0000","0.0000","-2.6020","101.6249","0.0000","31.6883","12.1000","0.1800","10000.0000","45.39080104","-75.69574917","36.3","13.3","874.1","79","1","79","1","0","0.08","0.03","-0.99","-0.3","0.0","-0.5","51.81","81.87","1525","6553.5","217.3","0","0","0","0","28.0","217.3","29.9","30.0","2.45","-0.1","-0.0","3.428","0.919","0.00","12.9","2.39","0"
"29.350","0.1416","12","0.0000","0.0000","-6.1941","136.6806","0.0000","31.6857","12.1000","0.1800","10000.0000","45.39080108","-75.69574915","36.3","13.3","874.2","79","1","79","1","0","0.17","0.04","-1.01","-0.3","-0.0","-0.5","51.72","83.25","1430","6553.5","217.2","0","0","0","0","28.0","217.2","29.9","30.0","2.46","-0.1","-0.0","3.429","0.934","0.00","12.8","2.33","0"
"29.400","0.1527","12","0.0000","0.0000","-10.6785","140.0536","0.0000","31.6859","12.1000","0.1800","10000.0000","45.39080114","-75.69574913","36.3","13.3","874.0","79","1","79","1","0","0.12","0.01","-0.99","-0.2","-0.0","-0.5","51.62","83.33","1256","6553.5","216.9","0","0","0","0","28.0","216.9","29.9","30.0","2.40","-0.1","-0.0","3.430","0.956","0.00","12.8","2.36","0"
"29.450","0.1194","12","0.0000","0.0000","-11.6415","72.8108","0.0000","31.6904","12.1000","0.1707","10000.0000","45.39080120","-75.69574913","36.3","13.3","874.5","79","1","79","1","0","0.02","0.01","-0.99","-0.2","0.0","-0.5","51.53","70.67","1262","6553.5","216.5","0","0","0","0","28.0","216.5","29.9","30.0","2.29","-0.1","-0.0","3.423","0.956","0.00","12.9","2.40","0"
"29.500","0.0590","12","0.0000","0.0000","-10.4462","-37.7127","0.0000","31.6975","12.1000","0.1557","10000.0000","45.39080127","-75.69574913","36.3","13.3","874.0","79","1","79","1","0","-0.07","0.03","-1.00","-0.2","0.0","-0.4","51.44","70.71","1589","6553.5","216.7","0","0","0","0","28.0","216.7","29.9","30.0","2.05","-0.1","-0.0","3.409","0.919","0.00","12.9","2.41","0"
"29.550","0.0248","12","0.0000","0.0000","-6.8945","-55.0010","0.0000","31.7003","12.1000","0.1531","10000.0000","45.39080133","-75.69574912","36.3","13.3","874.0","79","1","79","1","0","-0.10","0.01","-0.98","-0.3","0.0","-0.5","51.34","76.02","1624","6553.5","216.9","0","0","0","0","28.0","216.9","29.9","30.0","1.98","-0.1","-0.0","3.424","0.914","0.00","12.9","2.40","0"
"29.600","0.0068","12","0.0000","0.0000","-1.8985","-15.1452","0.0000","31.7005","12.1000","0.1581","10000.0000","45.39080139","-75.69574910","36.3","13.3","874.1","79","1","79","1","0","0.01","-0.01","-0.98","-0.3","0.0","-0.5","51.25","77.71","1430","6553.5","216.9","0","0","0","0","28.0","216.9","29.9","30.0","2.26","-0.1","-0.0","3.448","0.934","0.00","12.9","2.42","0"
"29.650","0.1144","12","0.0000","0.0000","-3.0110","13.1703","0.0000","31.6903","12.1000","0.1538","10000.0000","45.39080143","-75.69574903","36.3","13.3","874.3","79","1","79","1","0","0.14","-0.01","-1.00","-0.3","0.0","-0.5","51.16","76.92","1400","6553.5","217.0","0","0","0","0","28.0","217.0","29.9","30.0","2.45","-0.1","-0.0","3.453","0.929","0.00","13.0","2.45","0"
"29.700","0.2988","12","0.0000","0.0000","-7.8674","34.4128","0.0000","31.6738","12.1000","0.1438","10000.0000","45.39080145","-75.69574892","36.3","13.3","874.0","79","1","79","1","0","0.15","0.00","-1.00","-0.3","0.1","-0.5","51.09","74.92","1422","6553.5","217.2","0","0","0","0","28.0","217.2","29.9","30.0","2.44","-0.1","-0.0","3.454","0.917","0.00","12.9","2.42","0"
"29.750","0.4017","12","0.0000","0.0000","-5.4161","-16.0124","0.0000","31.6860","12.1000","0.1400","10000.0000","45.39080149","-75.69574899","36.3","13.3","874.3","79","1","79","1","0","0.12","0.02","-1.00","-0.3","0.1","-0.5","51.10","71.06","1406","6553.5","217.4","0","0","0","0","28.0","217.4","29.9","30.0","2.36","-0.1","-0.0","3.440","0.922","0.00","12.8","2.38","0"
"29.800","0.4547","12","0.0000","0.0000","1.5140","-110.3631","0.0000","31.7157","12.1000","0.1400","10000.0000","45.39080154","-75.69574918","36.3","13.3","874.1","79","1","79","1","0","0.03","0.02","-1.00","-0.3","0.0","-0.5","51.10","75.10","1400","6553.5","217.6","0","0","0","0","28.0","217.6","29.9","30.0","2.13","-0.1","-0.1","3.427","0.930","0.00","12.8","2.38","0"
"29.850","0.3550","12","0.0000","0.0000","6.3322","-145.0610","0.0000","31.7275","12.1000","0.1400","10000.0000","45.39080155","-75.69574921","36.3","13.3","874.3","79","1","79","1","0","0.01","0.00","-0.98","-0.3","0.0","-0.5","51.10","84.62","1455","6553.5","217.8","0","0","0","0","28.0","217.8","29.9","30.0","2.02","-0.1","-0.0","3.417","0.945","0.00","12.9","2.38","0"
"29.900","0.1617","12","0.0000","0.0000","9.8560","-143.1974","0.0000","31.7283","12.1000","0.1400","10000.0000","45.39080155","-75.69574915","36.3","13.3","874.4","79","1","79","1","0","0.05","0.01","-0.99","-0.3","0.0","-0.4","51.10","83.61","1496","6553.5","218.0","0","0","0","0","28.0","218.0","29.9","30.0","2.17","-0.1","-0.0","3.410","0.946","0.00","12.9","2.40","0"
"29.950","0.1178","12","0.0000","0.0000","11.1585","-92.1223","0.0000","31.7310","12.1000","0.1431","10000.0000","45.39080160","-75.69574912","36.3","13.3","874.2","79","1","79","1","0","-0.02","0.00","-1.00","-0.3","0.0","-0.4","51.10","81.09","1514","6553.5","218.2","0","0","0","0","28.0","218.2","29.9","30.0","2.30","-0.1","-0.0","3.403","0.922","0.00","12.8","2.43","0"
"30.000","0.1654","12","0.0000","0.0000","11.0995","-10.8854","0.0000","31.7347","12.1000","0.1481","10000.0000","45.39080170","-75.69574910","36.3","13.3","874.0","79","1","79","1","0","-0.03","0.01","-1.00","-0.3","0.1","-0.5","51.10","78.57","1565","6553.5","218.2","0","0","0","0","28.0","218.2","29.9","30.0","2.35","-0.1","-0.0","3.415","0.918","0.00","12.8","2.41","0"
"30.050","0.1813","12","0.0000","0.0000","11.1137","-30.3823","0.0000","31.7404","12.1000","0.1469","10000.0000","45.39080173","-75.69574911","36.3","13.3","874.2","79","1","79","1","0","-0.06","0.00","-1.00","-0.3","0.1","-0.5","51.10","78.57","1642","6553.5","218.2","0","0","0","0","28.0","218.2","29.9","30.0","2.39","-0.1","-0.0","3.431","0.929","0.00","12.8","2.38","0"
"30.100","0.1777","12","0.0000","0.0000","11.1726","-111.6192","0.0000","31.7474","12.1000","0.1419","10000.0000","45.39080173","-75.69574912","36.3","13.3","874.5","79","1","79","1","0","-0.19","0.03","-1.00","-0.3","0.1","-0.5","51.11","78.57","1572","6553.5","218.2","0","0","0","0","28.0","218.2","29.9","30.0","2.43","-0.1","-0.0","3.437","0.924","0.00","12.8","2.37","0"
"30.150","0.1858","12","0.0000","0.0000","12.3308","-110.9690","0.0000","31.7544","12.1000","0.1493","10000.0000","45.39080177","-75.69574913","36.3","13.3","874.3","79","1","79","1","0","-0.15","0.04","-0.99","-0.3","0.0","-0.6","51.11","79.10","1455","6553.5","218.1","0","0","0","0","28.0","218.1","29.9","30.0","2.40","-0.1","-0.0","3.439","0.912","0.00","12.8","2.36","0"
"30.200","0.2010","12","0.0000","0.0000","14.1626","-60.1300","0.0000","31.7616","12.1000","0.1643","10000.0000","45.39080183","-75.69574913","36.3","13.3","874.4","79","1","79","1","0","-0.06","0.03","-1.00","-0.3","0.0","-0.6","51.11","79.69","1357","6553.5","217.9","0","0","0","0","28.0","217.9","29.9","30.0","2.24","-0.1","-0.0","3.425","0.943","0.00","12.8","2.36","0"
"30.250","0.1887","12","0.0000","0.0000","15.1466","-16.4395","0.0000","31.7605","12.1000","0.1638","10000.0000","45.39080185","-75.69574908","36.3","13.3","874.0","79","1","79","1","0","-0.05","0.01","-1.00","-0.3","0.1","-0.5","51.11","85.60","1311","6553.5","217.6","0","0","0","0","28.0","217.6","29.9","30.0","2.11","-0.1","-0.0","3.417","0.964","0.00","12.9","2.35","0"
"30.300","0.1595","12","0.0000","0.0000","15.6110","22.8696","0.0000","31.7544","12.1000","0.1538","10000.0000","45.39080184","-75.69574900","36.3","13.3","874.0","79","1","79","1","0","-0.05","0.01","-1.01","-0.3","0.1","-0.5","51.11","91.67","1532","6553.5","217.8","0","0","0","0","28.0","217.8","29.9","30.0","2.05","-0.1","-0.0","3.418","0.930","0.00","12.9","2.35","0"
"30.350","0.1182","12","0.0000","0.0000","35.6703","-0.9207","0.0000","31.7521","12.1000","0.1438","10000.0000","45.39080184","-75.69574897","36.3","13.3","874.0","79","1","79","1","0","0.05","0.01","-1.00","-0.4","0.0","-0.5","51.11","88.33","1603","6553.5","218.0","0","0","0","0","28.0","218.0","29.9","30.0","2.08","-0.1","-0.0","3.423","0.916","0.00","12.8","2.36","0"
"30.400","0.0694","12","0.0000","0.0000","67.7394","-63.3846","0.0000","31.7521","12.1000","0.1338","10000.0000","45.39080184","-75.69574897","36.3","13.3","874.1","79","1","79","1","0","0.08","0.01","-0.99","-0.3","0.0","-0.5","51.12","81.37","1409","6553.5","218.0","0","0","0","0","28.0","218.0","29.9","30.0","2.30","-0.1","-0.0","3.429","0.940","0.00","12.8","2.39","0"
"30.450","0.0625","12","0.0000","0.0000","70.9102","-93.8788","0.0000","31.7586","12.1000","0.1300","10000.0000","45.39080186","-75.69574898","36.3","13.3","874.0","79","1","79","1","0","-0.01","0.02","-1.00","-0.3","0.0","-0.5","51.12","85.23","1377","6553.5","218.1","0","0","0","0","28.0","218.1","29.9","30.0","2.42","-0.1","-0.0","3.435","0.936","0.00","12.9","2.43","0"
"30.500","0.0811","12","0.0000","0.0000","56.3691","-104.7784","0.0000","31.7691","12.1000","0.1300","10000.0000","45.39080189","-75.69574900","36.3","13.3","874.0","79","1","79","1","0","-0.07","0.04","-0.99","-0.3","0.0","-0.5","51.12","87.14","1475","6553.5","218.3","0","0","0","0","28.0","218.3","29.9","30.0","2.31","-0.1","-0.0","3.441","0.910","0.00","12.8","2.47","0"
"30.550","0.0924","12","0.0000","0.0000","41.5944","-110.1572","0.0000","31.7737","12.1000","0.1331","10000.0000","45.39080190","-75.69574897","36.3","13.3","874.5","79","1","79","1","0","-0.02","0.03","-0.99","-0.3","0.0","-0.5","51.12","68.12","1377","6553.5","218.6","0","0","0","0","28.0","218.6","29.9","30.0","2.22","-0.1","-0.0","3.431","0.913","0.00","12.7","2.51","0"
"30.600","0.0992","12","0.0000","0.0000","26.6765","-112.1523","0.0000","31.7745","12.1000","0.1381","10000.0000","45.39080189","-75.69574890","36.3","13.3","874.1","79","1","79","1","0","0.11","0.03","-1.00","-0.3","0.0","-0.5","51.12","78.77","1218","6553.5","218.6","0","0","0","0","28.0","218.6","29.9","30.0","2.19","-0.1","-0.0","3.423","0.926","0.00","12.8","2.46","0"
"30.650","0.0703","12","0.0000","0.0000","14.4953","-77.9082","0.0000","31.7749","12.1000","0.1338","10000.0000","45.39080189","-75.69574888","36.3","13.3","874.5","79","1","79","1","0","0.14","0.01","-1.00","-0.3","0.0","-0.5","51.12","89.42","1295","6553.5","218.5","0","0","0","0","28.0","218.5","29.9","30.0","2.19","-0.1","-0.0","3.421","0.942","0.00","12.9","2.41","0"
"30.700","0.0193","12","0.0000","0.0000","3.9915","-21.4530","0.0000","31.7749","12.1000","0.1238","10000.0000","45.39080189","-75.69574888","36.3","13.3","874.1","79","1","79","1","0","0.03","0.01","-1.00","-0.3","0.0","-0.5","51.12","77.50","1373","6553.5","218.7","0","0","0","0","28.0","218.7","29.9","30.0","2.28","-0.1","-0.0","3.406","0.953","0.00","12.9","2.39","0"
"30.750","0.0000","12","0.0000","0.0000","0.0000","0.0000","0.0000","31.7749","12.1000","0.1293","10000.0000","45.39080189","-75.69574888","36.3","13.3","874.5","79","1","79","1","0","-0.05","0.03","-1.01","-0.3","0.0","-0.5","51.12","75.00","1410","6553.5","219.0","0","0","0","0","28.0","219.0","29.9","30.0","2.32","-0.1","-0.0","3.366","0.937","0.00","12.8","2.37","0"
"30.800","0.0000","12","0.0000","0.0000","0.0000","0.0000","0.0000","31.7749","12.1000","0.1443","10000.0000","45.39080189","-75.69574888","36.3","13.3","874.4","79","1","79","1","0","-0.10","0.02","-1.00","-0.3","0.0","-0.5","51.11","75.68","1386","6553.5","219.1","0","0","0","0","28.0","219.1","29.9","30.0","2.24","-0.1","-0.0","3.342","0.930","0.00","12.8","2.40","0"
"30.850","0.0000","12","0.0000","0.0000","0.0000","0.0000","0.0000","31.7749","12.1000","0.1531","10000.0000","45.39080189","-75.69574888","36.3","13.3","874.5","79","1","79","1","0","-0.11","0.01","-0.99","-0.3","0.1","-0.5","51.10","76.49","1254","6553.5","219.2","0","0","0","0","28.0","219.2","29.9","30.0","2.17","-0.1","-0.0","3.331","0.939","0.00","12.9","2.44","0"
"30.900","0.0000","12","0.0000","0.0000","0.0000","0.0000","0.0000","31.7749","12.1000","0.1581","10000.0000","45.39080189","-75.69574888","36.3","13.3","874.5","79","1","79","1","0","-0.12","0.02","-1.00","-0.3","0.1","-0.5","51.10","77.68","1312","6553.5","219.2","0","0","0","0","28.0","219.2","29.9","30.0","2.11","-0.1","-0.0","3.366","0.945","0.00","12.9","2.47","0"
"30.950","0.0000","12","0.0000","0.0000","0.0000","0.0000","0.0000","31.7749","12.1000","0.1538","10000.0000","45.39080189","-75.69574888","36.3","13.3","874.3","79","1","79","1","0","-0.11","0.03","-1.00","-0.4","0.1","-0.5","51.09","78.57","1520","6553.5","219.3","0","0","0","0","28.0","219.3","29.9","30.0","2.12","-0.1","-0.0","3.416","0.947","0.00","12.9","2.50","0"
"31.000","0.0000","12","0.0000","0.0000","0.0000","0.0000","0.0000","31.7749","12.1000","0.1438","10000.0000","45.39080189","-75.69574888","36.3","13.3","874.1","79","1","79","1","0","-0.16","0.03","-0.98","-0.4","0.1","-0.4","51.08","78.57","1503","6553.5","219.4","0","0","0","0","28.0","219.4","29.9","30.0","2.24","-0.1","-0.0","3.411","0.951","0.00","12.9","2.44","0"
"31.050","0.0158","12","0.0000","0.0000","12.0163","19.0614","0.0000","31.7738","12.8750","0.1369","10000.0000","45.39080190","-75.69574879","36.3","13.3","874.3","79","1","79","1","0","-0.11","0.03","-0.98","-0.4","0.0","-0.4","51.07","78.57","1415","6553.5","219.6","0","0","0","0","28.0","219.6","29.9","30.0","2.30","-0.1","-0.0","3.406","0.954","0.00","12.9","2.37","0"
"31.100","0.0412","12","0.0000","0.0000","31.3973","49.8057","0.0000","31.7722","14.1250","0.1319","10000.0000","45.39080191","-75.69574866","36.3","13.3","874.5","79","1","79","1","0","-0.07","0.02","-0.97","-0.3","0.1","-0.4","51.06","78.57","1407","6553.5","219.7","0","0","0","0","28.0","219.7","29.8","30.0","2.19","-0.1","-0.0","3.409","0.958","0.00","12.9","2.40","0"
"31.150","0.0754","12","0.0000","0.0000","29.8037","-9.6393","0.0000","31.7720","14.5690","0.1362","10000.0000","45.39080188","-75.69574857","36.3","13.3","874.2","79","1","79","1","0","-0.06","0.03","-0.98","-0.3","0.1","-0.4","51.05","76.93","1400","6553.5","219.9","0","0","0","0","28.0","219.9","29.8","30.0","2.12","-0.1","-0.0","3.416","0.959","0.00","12.9","2.44","0"
"31.200","0.1148","12","0.0000","0.0000","15.3545","-124.3617","0.0000","31.7727","14.5190","0.1462","10000.0000","45.39080181","-75.69574853","36.3","13.3","874.0","79","1","79","1","0","-0.12","0.03","-0.99","-0.3","0.1","-0.4","51.04","73.02","1369","6553.5","219.8","0","0","0","0","28.0","219.8","29.9","30.0","2.21","-0.1","-0.0","3.431","0.934","0.00","12.9","2.42","0"
"31.250","0.1716","12","0.0000","0.0000","8.9619","-138.9933","0.0000","31.7752","14.4690","0.1500","10000.0000","45.39080180","-75.69574851","36.3","13.3","874.2","79","1","79","1","0","-0.06","0.04","-0.99","-0.3","0.1","-0.4","51.03","68.73","1346","6553.5","219.6","0","0","0","0","28.0","219.6","29.9","30.0","2.22","-0.1","-0.0","3.429","0.920","0.00","12.8","2.39","0"
"31.300","0.2389","12","0.0000","0.0000","7.5072","-92.2791","0.0000","31.7787","14.4190","0.1500","10000.0000","45.39080183","-75.69574851","36.3","13.3","874.0","79","1","79","1","0","-0.00","0.05","-0.99","-0.3","0.1","-0.5","51.02","66.67","1344","6553.5","219.6","0","0","0","0","28.0","219.6","29.9","30.0","2.01","-0.1","-0.0","3.411","0.934","0.00","12.9","2.38","0"
"31.350","0.2160","12","0.0000","0.0000","11.4054","-35.4816","0.0000","31.7811","14.3690","0.1469","10000.0000","45.39080183","-75.69574843","36.3","13.3","874.3","79","1","79","1","0","0.07","0.03","-0.98","-0.3","0.1","-0.5","51.01","67.75","1368","6553.5","219.5","0","0","0","0","28.0","219.5","29.9","30.0","1.94","-0.1","-0.0","3.415","0.942","0.00","13.0","2.37","0"
"31.400","0.1377","12","0.0000","0.0000","18.5843","27.4961","0.0000","31.7829","14.3190","0.1419","10000.0000","45.39080182","-75.69574831","36.3","13.3","874.5","79","1","79","1","0","-0.08","0.02","-0.98","-0.2","0.1","-0.5","51.01","74.13","1419","6553.5","219.3","0","0","0","0","28.0","219.3","29.9","30.0","2.27","-0.1","-0.0","3.430","0.944","0.00","12.9","2.36","0"
"31.450","0.0938","12","0.0000","0.0000","34.7625","67.3402","0.0000","31.7884","14.2690","0.1307","10000.0000","45.39080181","-75.69574823","36.3","13.3","874.5","79","1","79","1","0","-0.13","0.03","-0.99","-0.2","0.1","-0.5","51.00","84.49","1496","6553.5","219.1","0","0","0","0","28.0","219.1","29.9","30.0","2.45","-0.1","-0.0","3.428","0.944","0.00","12.8","2.35","0"
"31.500","0.0710","12","0.0000","0.0000","56.4564","93.0056","0.0000","31.7962","14.2190","0.1157","10000.0000","45.39080180","-75.69574819","36.3","13.3","874.0","79","1","79","1","0","0.02","0.01","-0.99","-0.2","0.0","-0.5","50.99","83.19","1584","6553.5","219.3","0","0","0","0","28.0","219.3","29.9","30.0","2.16","-0.1","-0.0","3.424","0.944","0.00","12.8","2.37","0"
"31.550","0.0977","12","0.0000","0.0000","48.8132","65.4349","0.0000","31.7997","14.1690","0.1286","10000.0000","45.39080179","-75.69574813","36.3","13.3","874.5","79","1","79","1","0","0.14","0.01","-0.98","-0.2","0.0","-0.5","50.98","70.59","1520","6553.5","219.6","0","0","0","0","28.0","219.6","29.9","30.0","2.01","-0.1","-0.0","3.422","0.935","0.00","12.9","2.40","0"
"31.600","0.1547","12","0.0000","0.0000","23.1890","5.2355","0.0000","31.8006","14.1190","0.1586","10000.0000","45.39080178","-75.69574807","36.3","13.3","874.5","79","1","79","1","0","0.17","0.01","-0.98","-0.3","0.1","-0.5","50.97","73.36","1428","6553.5","219.4","0","0","0","0","28.0","219.4","29.8","30.0","2.26","-0.1","-0.0","3.419","0.927","0.00","12.8","2.37","0"
"31.650","0.1466","12","0.0000","0.0000","22.7153","38.3659","0.0000","31.8015","14.0690","0.1514","10000.0000","45.39080178","-75.69574801","36.3","13.3","874.2","79","1","79","1","0","0.18","0.02","-0.99","-0.3","0.1","-0.5","50.96","80.67","1250","6553.5","219.2","0","0","0","0","28.0","219.2","29.9","30.0","2.40","-0.1","-0.0","3.417","0.932","0.00","12.6","2.32","0"
"31.700","0.0987","12","0.0000","0.0000","37.6564","128.6983","0.0000","31.8023","14.0190","0.1214","10000.0000","45.39080177","-75.69574795","36.3","13.3","874.0","79","1","79","1","0","0.07","0.03","-1.00","-0.3","0.1","-0.5","50.95","84.62","1222","6553.5","219.4","0","0","0","0","28.0","219.4","29.9","30.0","2.17","-0.1","-0.1","3.422","0.936","0.00","12.7","2.36","0"
"31.750","0.0749","12","0.0000","0.0000","43.7658","87.3159","0.0000","31.8037","13.9690","0.1131","10000.0000","45.39080175","-75.69574785","36.3","13.2","874.5","79","1","79","1","0","-0.00","0.03","-1.00","-0.3","0.1","-0.5","50.94","84.62","1547","6553.5","219.6","0","0","0","0","28.0","219.6","29.8","30.0","2.02","-0.1","-0.1","3.433","0.937","0.00","12.9","2.42","0"
"31.800","0.0658","12","0.0000","0.0000","44.4624","-34.7950","0.0000","31.8055","13.9190","0.1181","10000.0000","45.39080174","-75.69574772","36.3","13.2","874.5","79","1","79","1","0","0.03","0.01","-0.98","-0.3","0.1","-0.5","50.98","83.62","1624","6553.5","219.6","0","0","0","0","28.0","219.6","29.8","30.0","2.14","-0.1","-0.0","3.426","0.933","0.00","12.9","2.45","0"
"31.850","0.0800","12","0.0000","0.0000","37.1856","-101.4791","0.0000","31.8067","13.9000","0.1262","10000.0000","45.39080173","-75.69574764","36.3","13.3","874.3","79","1","79","1","0","0.03","0.02","-1.00","-0.3","0.1","-0.4","51.12","81.15","1454","6553.5","219.7","0","0","0","0","28.0","219.7","29.9","30.0","2.22","-0.1","-0.0","3.412","0.924","0.00","12.8","2.47","0"
"31.900","0.1086","12","0.0000","0.0000","25.0219","-134.1918","0.0000","31.8075","13.9000","0.1362","10000.0000","45.39080172","-75.69574758","36.3","13.3","874.0","79","1","79","1","0","0.08","0.02","-1.00","-0.3","0.1","-0.4","51.26","78.67","1333","6553.5","219.5","0","0","0","0","28.0","219.5","29.9","30.0","2.18","-0.1","-0.0","3.419","0.936","0.00","12.8","2.47","0"
"31.950","0.1226","12","0.0000","0.0000","17.1335","-153.2360","0.0000","31.8067","13.8690","0.1431","10000.0000","45.39080169","-75.69574747","36.3","13.3","874.5","79","1","79","1","0","0.05","0.03","-1.00","-0.3","0.1","-0.5","51.39","78.57","1234","6553.5","219.3","0","0","0","0","28.0","219.3","29.9","30.0","2.11","-0.1","-0.0","3.427","0.957","0.00","12.9","2.45","0"
"32.000","0.1278","12","0.0000","0.0000","11.8657","-163.9028","0.0000","31.8049","13.8190","0.1481","10000.0000","45.39080164","-75.69574735","36.3","13.3","874.5","79","1","79","1","0","0.06","0.04","-1.00","-0.3","0.1","-0.5","51.53","78.57","1385","6553.5","219.6","0","0","0","0","28.0","219.6","29.9","30.0","1.95","-0.1","-0.0","3.430","0.940","0.00","12.9","2.46","0"
"32.050","0.1465","12","0.0000","0.0000","7.3483","-82.3849","0.0000","31.8053","13.7690","0.1500","10000.0000","45.39080161","-75.69574723","36.3","13.3","874.5","79","1","79","1","0","0.11","0.03","-1.00","-0.3","0.1","-0.5","51.67","85.46","1532","6553.5","219.9","0","0","0","0","28.0","219.9","29.8","30.0","1.91","-0.1","-0.0","3.425","0.923","0.00","12.9","2.48","0"
"32.100","0.1733","12","0.0000","0.0000","3.2909","55.6333","0.0000","31.8070","13.7190","0.1500","10000.0000","45.39080160","-75.69574710","36.3","13.3","874.0","79","1","79","1","0","0.07","0.03","-1.00","-0.3","0.1","-0.5","51.81","93.11","1398","6553.5","220.0","0","0","0","0","28.0","220.0","29.9","30.0","2.17","-0.1","-0.0","3.402","0.940","0.00","12.9","2.49","0"
"32.150","0.1684","12","0.0000","0.0000","1.8172","39.0618","0.0000","31.8060","13.7000","0.1469","10000.0000","45.39080157","-75.69574702","36.3","13.3","874.2","79","1","79","1","0","-0.12","0.04","-0.99","-0.3","0.1","-0.5","51.94","100.00","1338","6553.5","219.9","0","0","0","0","28.0","219.9","29.9","30.0","2.36","-0.1","-0.1","3.406","0.946","0.00","12.9","2.50","0"
"32.200","0.1440","12","0.0000","0.0000","1.9271","-72.2582","0.0000","31.8033","13.7000","0.1419","10000.0000","45.39080153","-75.69574696","36.3","13.3","874.0","79","1","79","1","0","-0.13","0.02","-0.99","-0.3","0.0","-0.5","52.08","100.00","1452","6553.5","220.0","0","0","0","0","28.0","220.0","29.9","30.0","2.38","-0.1","-0.1","3.437","0.926","0.00","12.9","2.48","0"
"32.250","0.1041","12","0.0000","0.0000","-1.7390","-103.7568","0.0000","31.8034","13.6690","0.1400","10000.0000","45.39080150","-75.69574686","36.3","13.3","874.5","79","1","79","1","0","-0.08","0.00","-0.98","-0.3","0.0","-0.5","52.22","88.13","1402","6553.5","220.2","0","0","0","0","28.0","220.2","29.9","30.0","2.34","-0.1","-0.1","3.429","0.922","0.00","12.8","2.45","0"
"32.300","0.0548","12","0.0000","0.0000","-7.7194","-86.3328","0.0000","31.8051","13.6190","0.1400","10000.0000","45.39080149","-75.69574673","36.3","13.3","874.5","79","1","79","1","0","-0.02","0.01","-0.98","-0.3","0.0","-0.5","52.35","72.51","1186","6553.5","220.1","0","0","0","0","28.0","220.1","29.9","30.0","2.18","-0.1","-0.0","3.404","0.933","0.00","12.8","2.43","0"
"32.350","0.0248","12","0.0000","0.0000","-6.8945","-55.0010","0.0000","31.8063","13.6000","0.1431","10000.0000","45.39080148","-75.69574665","36.3","13.3","874.2","79","1","79","1","0","-0.05","0.01","-0.99","-0.3","0.0","-0.5","52.49","64.71","1244","6553.5","219.9","0","0","0","0","28.0","219.9","29.9","30.0","2.09","-0.1","-0.0","3.413","0.943","0.00","12.9","2.41","0"
"32.400","0.0068","12","0.0000","0.0000","-1.8985","-15.1452","0.0000","31.8072","13.6000","0.1481","10000.0000","45.39080147","-75.69574659","36.3","13.3","874.5","79","1","79","1","0","-0.00","0.00","-0.99","-0.3","0.0","-0.5","52.63","70.81","1420","6553.5","219.9","0","0","0","0","28.0","219.9","29.9","30.0","2.22","-0.1","-0.0","3.426","0.953","0.00","12.8","2.40","0"
"32.450","0.0158","12","0.0000","0.0000","-6.5124","20.7978","0.0000","31.8058","13.5690","0.1500","10000.0000","45.39080144","-75.69574652","36.3","13.3","874.5","79","1","79","1","0","-0.02","0.01","-1.00","-0.4","0.0","-0.5","52.76","78.57","1406","6553.5","219.8","0","0","0","0","28.0","219.8","29.9","30.0","2.24","-0.1","-0.0","3.431","0.947","0.00","12.7","2.38","0"
"32.500","0.0412","12","0.0000","0.0000","-17.0162","54.3425","0.0000","31.8031","13.5190","0.1500","10000.0000","45.39080140","-75.69574646","36.3","13.3","874.5","79","1","79","1","0","-0.07","0.02","-1.00","-0.3","0.0","-0.5","52.90","78.57","1383","6553.5","219.8","0","0","0","0","28.0","219.8","29.8","30.0","1.95","-0.1","-0.0","3.427","0.939","0.00","12.8","2.37","0"
"32.550","0.0509","12","0.0000","0.0000","-26.5115","9.5532","0.0000","31.8005","13.5000","0.1469","10000.0000","45.39080136","-75.69574640","36.3","13.3","874.5","79","1","79","1","0","-0.17","0.01","-0.99","-0.3","-0.0","-0.6","53.04","78.94","1465","6553.5","219.9","0","0","0","0","28.0","219.9","29.8","30.0","1.79","-0.1","-0.0","3.405","0.927","0.00","12.9","2.36","0"
"32.600","0.0509","12","0.0000","0.0000","-35.3888","-83.2473","0.0000","31.7978","13.5000","0.1419","10000.0000","45.39080132","-75.69574634","36.3","13.3","874.0","79","1","79","1","0","-0.19","0.01","-0.98","-0.3","0.0","-0.5","53.17","83.52","1536","6553.5","219.9","0","0","0","0","28.0","219.9","29.8","30.0","2.06","-0.1","-0.0","3.398","0.918","0.00","12.9","2.38","0"
"32.650","0.0667","12","0.0000","0.0000","-33.6829","-40.7957","0.0000","31.7977","13.4690","0.1462","10000.0000","45.39080126","-75.69574625","36.3","13.3","874.5","79","1","79","1","0","-0.12","0.03","-1.00","-0.3","0.0","-0.5","53.31","84.62","1585","6553.5","219.9","0","0","0","0","28.0","219.9","29.8","30.0","2.27","-0.1","-0.0","3.407","0.919","0.00","12.9","2.41","0"
"32.700","0.0922","12","0.0000","0.0000","-25.4906","84.5524","0.0000","31.7993","13.4190","0.1562","10000.0000","45.39080118","-75.69574614","36.3","13.3","874.5","79","1","79","1","0","-0.09","0.05","-1.01","-0.3","0.0","-0.5","53.45","78.53","1513","6553.5","219.9","0","0","0","0","28.0","219.9","29.8","30.0","2.28","-0.1","-0.0","3.417","0.929","0.00","12.8","2.42","0"
"32.750","0.1272","12","0.0000","0.0000","-18.1020","132.7368","0.0000","31.8025","13.4000","0.1600","10000.0000","45.39080113","-75.69574607","36.3","13.3","874.2","79","1","79","1","0","-0.02","0.04","-1.00","-0.3","0.0","-0.5","53.59","70.51","1322","6553.5","219.9","0","0","0","0","28.0","219.9","29.8","30.0","2.25","-0.1","-0.0","3.426","0.947","0.00","12.7","2.43","0"
"32.800","0.1680","12","0.0000","0.0000","-11.2060","133.6273","0.0000","31.8068","13.4000","0.1600","10000.0000","45.39080109","-75.69574602","36.3","13.3","874.5","79","1","79","1","0","0.04","0.03","-1.00","-0.3","0.0","-0.4","53.72","72.00","1401","6553.5","219.8","0","0","0","0","28.0","219.8","29.8","30.0","2.11","-0.1","-0.0","3.415","0.945","0.00","12.8","2.45","0"
"32.850","0.1824","12","0.0000","0.0000","-11.1447","131.4542","0.0000","31.8068","13.3687","0.1600","10000.0000","45.39080105","-75.69574597","36.3","13.3","874.5","79","1","79","1","0","0.04","0.03","-1.01","-0.3","0.0","-0.4","53.85","77.78","1597","6553.5","219.6","0","0","0","0","28.0","219.6","29.8","30.0","2.04","-0.1","-0.0","3.403","0.935","0.00","12.9","2.47","0"
"32.900","0.1806","12","0.0000","0.0000","-15.2726","127.4032","0.0000","31.8040","13.3182","0.1600","10000.0000","45.39080101","-75.69574590","36.3","13.3","875.0","79","1","79","1","0","-0.12","0.04","-1.00","-0.3","-0.0","-0.5","53.95","75.00","1542","6553.5","219.6","0","0","0","0","28.0","219.6","29.8","30.0","2.17","-0.1","-0.0","3.416","0.933","0.00","12.9","2.44","0"
"32.950","0.1550","12","0.0000","0.0000","-18.5567","127.9416","0.0000","31.8035","13.3000","0.1600","10000.0000","45.39080095","-75.69574585","36.3","13.3","874.5","79","1","79","1","0","-0.06","0.04","-1.00","-0.3","-0.0","-0.5","54.05","68.13","1466","6553.5","219.6","0","0","0","0","28.0","219.6","29.8","30.0","2.25","-0.1","-0.0","3.427","0.930","0.00","12.9","2.41","0"
"33.000","0.1159","12","0.0000","0.0000","-21.3662","131.0615","0.0000","31.8042","13.3000","0.1600","10000.0000","45.39080088","-75.69574581","36.3","13.3","874.0","79","1","79","1","0","-0.01","0.01","-0.99","-0.3","-0.0","-0.5","54.15","64.29","1471","6553.5","219.7","0","0","0","0","28.0","219.7","29.8","30.0","2.14","-0.1","-0.0","3.432","0.922","0.00","12.9","2.40","0"
"33.050","0.1074","12","0.0000","0.0000","-20.0939","121.7951","0.0000","31.8095","13.2680","0.1600","10000.0000","45.39080085","-75.69574576","36.3","13.3","874.5","79","1","79","1","0","-0.07","0.01","-0.99","-0.3","-0.0","-0.5","54.25","69.85","1461","6553.5","219.8","0","0","0","0","28.0","219.8","29.8","30.0","2.07","-0.1","-0.0","3.438","0.919","0.00","12.9","2.39","0"
"33.100","0.1162","12","0.0000","0.0000","-16.5257","105.5613","0.0000","31.8173","13.2180","0.1600","10000.0000","45.39080084","-75.69574571","36.3","13.3","874.5","79","1","79","1","0","-0.05","0.02","-0.99","-0.2","-0.0","-0.5","54.34","76.92","1417","6553.5","219.9","0","0","0","0","28.0","219.9","29.8","30.0","2.12","-0.1","-0.0","3.447","0.927","0.00","12.9","2.42","0"
"33.150","0.1011","12","0.0000","0.0000","-24.6766","99.4246","0.0000","31.8161","13.2000","0.1568","10000.0000","45.39080079","-75.69574566","36.3","13.3","874.5","79","1","79","1","0","0.01","0.02","-0.99","-0.3","0.0","-0.5","54.44","76.51","1477","6553.5","220.1","0","0","0","0","28.0","220.1","29.8","30.0","2.17","-0.1","-0.0","3.443","0.926","0.00","12.9","2.46","0"
"33.200","0.0726","12","0.0000","0.0000","-39.4197","98.9674","0.0000","31.8099","13.2000","0.1518","10000.0000","45.39080072","-75.69574560","36.3","13.3","874.5","79","1","79","1","0","0.02","0.01","-0.97","-0.3","0.0","-0.5","54.54","75.57","1640","6553.5","220.4","0","0","0","0","28.0","220.4","29.8","30.0","2.25","-0.1","-0.0","3.432","0.917","0.00","12.9","2.45","0"
"33.250","0.0587","12","0.0000","0.0000","-42.3018","54.4421","0.0000","31.8104","13.2000","0.1436","10000.0000","45.39080067","-75.69574554","36.3","13.3","874.5","79","1","79","1","0","0.02","0.01","-0.97","-0.3","0.1","-0.4","54.64","75.00","1530","6553.5","220.8","0","0","0","0","28.0","220.8","29.8","30.0","2.31","-0.1","-0.0","3.419","0.920","0.00","13.0","2.43","0"
"33.300","0.0530","12","0.0000","0.0000","-38.5121","-14.8714","0.0000","31.8146","13.2000","0.1336","10000.0000","45.39080063","-75.69574550","36.3","13.3","874.5","79","1","79","1","0","-0.02","0.01","-0.99","-0.3","0.1","-0.4","54.74","70.71","1303","6553.5","220.9","0","0","0","0","28.0","220.9","29.8","30.0","2.30","-0.1","-0.0","3.409","0.929","0.00","13.0","2.43","0"
"33.350","0.0509","12","0.0000","0.0000","-37.6644","-65.0042","0.0000","31.8166","13.1680","0.1332","10000.0000","45.39080057","-75.69574545","36.3","13.3","874.2","79","1","79","1","0","-0.01","0.01","-1.00","-0.3","0.1","-0.5","54.84","69.76","1429","6553.5","220.9","0","0","0","0","28.0","220.9","29.8","30.0","2.32","-0.1","-0.0","3.433","0.929","0.00","12.9","2.44","0"
"33.400","0.0509","12","0.0000","0.0000","-38.4716","-104.3478","0.0000","31.8173","13.1180","0.1382","10000.0000","45.39080050","-75.69574541","36.3","13.3","874.0","79","1","79","1","0","-0.03","-0.00","-1.00","-0.3","0.0","-0.5","54.94","83.45","1553","6553.5","220.8","0","0","0","0","28.0","220.8","29.8","30.0","2.41","-0.1","-0.0","3.443","0.930","0.00","12.9","2.42","0"
"33.450","0.0346","12","0.0000","0.0000","-26.3583","-80.5878","0.0000","31.8176","13.1000","0.1464","10000.0000","45.39080048","-75.69574539","36.3","13.3","874.5","79","1","79","1","0","-0.09","0.01","-0.99","-0.3","-0.0","-0.5","55.04","91.67","1305","6553.5","220.7","0","0","0","0","28.0","220.7","29.8","30.0","2.42","-0.1","-0.0","3.419","0.950","0.00","12.9","2.40","0"
"33.500","0.0092","12","0.0000","0.0000","-6.9772","-21.3321","0.0000","31.8176","13.1000","0.1564","10000.0000","45.39080048","-75.69574539","36.3","13.3","874.0","79","1","79","1","0","-0.12","0.02","-0.99","-0.2","-0.0","-0.5","55.14","81.67","1194","6553.5","220.7","0","0","0","0","28.0","220.7","29.8","30.0","2.13","-0.1","-0.0","3.411","0.956","0.00","12.9","2.36","0"
"33.550","0.0000","12","0.0000","0.0000","0.0000","0.0000","0.0000","31.8176","13.1000","0.1568","10000.0000","45.39080048","-75.69574539","36.3","13.3","874.5","79","1","79","1","0","-0.12","0.00","-0.99","-0.2","-0.0","-0.4","55.24","67.02","1402","6553.5","220.7","0","0","0","0","28.0","220.7","29.8","30.0","1.97","-0.1","-0.0","3.418","0.928","0.00","12.9","2.32","0"
"33.600","0.0000","12","0.0000","0.0000","0.0000","0.0000","0.0000","31.8176","13.1000","0.1518","10000.0000","45.39080048","-75.69574539","36.3","13.3","874.5","79","1","79","1","0","-0.16","0.01","-0.99","-0.2","0.0","-0.4","55.34","67.89","1417","6553.5","220.6","0","0","0","0","28.0","220.6","29.8","30.0","2.23","-0.1","-0.0","3.389","0.923","0.00","12.9","2.32","0"
"33.650","0.0885","12","0.0000","0.0000","0.2745","-32.5028","0.0000","31.8203","13.9640","0.1500","10000.0000","45.39080045","-75.69574536","36.3","13.3","874.3","79","1","79","1","0","-0.16","0.01","-0.98","-0.2","0.1","-0.5","55.44","69.15","1238","6553.5","220.5","0","0","0","0","28.0","220.5","29.8","30.0","2.37","-0.1","-0.0","3.344","0.942","0.00","12.9","2.33","0"
"33.700","0.2267","12","0.0000","0.0000","0.7035","-83.2883","0.0000","31.8246","15.3140","0.1500","10000.0000","45.39080041","-75.69574531","36.3","13.3","874.0","79","1","79","1","0","-0.17","-0.01","-0.98","-0.3","0.1","-0.5","55.54","88.93","1354","6553.5","220.6","0","0","0","0","28.0","220.6","29.8","30.0","2.14","-0.1","-0.1","3.383","0.931","0.00","12.9","2.36","0"
"33.750","0.3342","12","0.0000","0.0000","-0.5018","-45.5654","0.0000","31.8272","15.7360","0.1468","10000.0000","45.39080039","-75.69574522","36.3","13.3","874.5","79","1","79","1","0","-0.15","-0.02","-0.99","-0.3","0.1","-0.5","55.64","81.19","1597","6553.5","220.7","0","0","0","0","28.0","220.7","29.8","30.0","2.01","-0.1","-0.1","3.426","0.907","0.00","12.9","2.39","0"
"33.800","0.4243","12","0.0000","0.0000","-2.6262","41.9434","0.0000","31.8290","15.6360","0.1418","10000.0000","45.39080037","-75.69574509","36.3","13.3","874.5","79","1","79","1","0","-0.05","0.01","-0.97","-0.2","0.1","-0.5","55.74","70.40","1584","6553.5","220.7","0","0","0","0","28.0","220.7","29.8","30.0","2.21","-0.1","-0.1","3.438","0.923","0.00","12.9","2.46","0"
"33.850","0.3634","12","0.0000","0.0000","-2.5031","90.7862","0.0000","31.8374","15.5360","0.1496","10000.0000","45.39080038","-75.69574498","36.3","13.3","874.5","79","1","79","1","0","0.02","0.02","-0.97","-0.2","0.1","-0.5","55.84","61.11","1546","6553.5","220.8","0","0","0","0","28.0","220.8","29.8","30.0","2.35","-0.1","-0.1","3.442","0.939","0.00","13.0","2.53","0"
"33.900","0.2175","12","0.0000","0.0000","-1.1158","117.8792","0.0000","31.8497","15.4360","0.1646","10000.0000","45.39080039","-75.69574487","36.3","13.3","874.5","79","1","79","1","0","-0.09","0.04","-0.98","-0.2","0.0","-0.5","55.96","61.11","1541","6553.5","220.7","0","0","0","0","28.0","220.7","29.9","30.0","2.35","-0.1","-0.0","3.427","0.929","0.00","12.9","2.53","0"
"33.950","0.1813","12","0.0000","0.0000","2.0101","75.7009","0.0000","31.8587","15.3680","0.1732","10000.0000","45.39080044","-75.69574483","36.3","13.3","874.5","79","1","79","1","0","-0.05","0.02","-0.98","-0.2","0.0","-0.5","56.12","63.84","1518","6553.5","220.5","0","0","0","0","28.0","220.5","29.9","30.0","2.32","-0.1","-0.0","3.424","0.922","0.00","12.8","2.51","0"
"34.000","0.2068","12","0.0000","0.0000","6.1138","-5.4427","0.0000","31.8658","15.3180","0.1782","10000.0000","45.39080050","-75.69574483","36.3","13.3","874.0","79","1","79","1","0","-0.03","-0.00","-0.99","-0.2","-0.0","-0.5","56.28","68.09","1449","6553.5","220.6","0","0","0","0","28.0","220.6","29.8","30.0","2.23","-0.1","-0.0","3.431","0.922","0.00","12.8","2.47","0"
"34.050","0.1971","12","0.0000","0.0000","8.5849","-62.4760","0.0000","31.8735","15.2360","0.1672","10000.0000","45.39080056","-75.69574479","36.3","13.3","874.5","79","1","79","1","0","-0.08","-0.00","-0.98","-0.2","-0.0","-0.5","56.44","72.50","1484","6553.5","220.7","0","0","0","0","28.0","220.7","29.8","30.0","2.16","-0.1","-0.0","3.438","0.923","0.00","12.9","2.41","0"
"34.100","0.1676","12","0.0000","0.0000","10.1376","-105.9472","0.0000","31.8815","15.1360","0.1472","10000.0000","45.39080062","-75.69574473","36.3","13.3","874.5","79","1","79","1","0","-0.13","0.04","-0.99","-0.2","-0.1","-0.5","56.60","76.92","1623","6553.5","220.9","0","0","0","0","28.0","220.9","29.8","30.0","2.14","-0.1","-0.0","3.445","0.925","0.00","12.9","2.38","0"
"34.150","0.2248","12","0.0000","0.0000","6.6129","-49.4127","0.0000","31.8884","15.0680","0.1464","10000.0000","45.39080068","-75.69574458","36.3","13.3","874.5","79","1","79","1","0","-0.06","0.02","-0.99","-0.2","-0.1","-0.5","56.76","76.92","1546","6553.5","221.2","0","0","0","0","28.0","221.2","29.8","30.0","2.16","-0.1","-0.0","3.439","0.919","0.00","12.9","2.36","0"
"34.200","0.3307","12","0.0000","0.0000","0.2321","63.3749","0.0000","31.8947","15.0180","0.1564","10000.0000","45.39080075","-75.69574438","36.3","13.3","874.5","79","1","79","1","0","-0.06","0.01","-1.01","-0.2","-0.0","-0.5","56.92","82.45","1376","6553.5","221.4","0","0","0","0","28.0","221.4","29.8","30.0","2.30","-0.1","-0.0","3.430","0.909","0.00","12.9","2.36","0"
"34.250","0.3219","12","0.0000","0.0000","-1.6802","56.3372","0.0000","31.8999","14.9360","0.1600","10000.0000","45.39080083","-75.69574426","36.3","13.3","874.5","79","1","79","1","0","-0.13","0.01","-1.01","-0.2","0.0","-0.5","57.07","88.46","1414","6553.5","221.6","0","0","0","0","28.0","221.6","29.8","30.0","2.42","-0.1","-0.0","3.424","0.917","0.00","13.0","2.36","0"
"34.300","0.2484","12","0.0000","0.0000","-1.0790","-18.1024","0.0000","31.9045","14.8360","0.1600","10000.0000","45.39080092","-75.69574418","36.3","13.3","874.0","79","1","79","1","0","-0.09","0.02","-1.00","-0.2","0.0","-0.5","57.23","92.31","1445","6553.5","221.6","0","0","0","0","28.0","221.6","29.8","30.0","2.43","-0.1","-0.0","3.418","0.927","0.00","12.8","2.37","0"
"34.350","0.2473","12","0.0000","0.0000","-1.6325","15.1013","0.0000","31.9101","14.7680","0.1632","10000.0000","45.39080095","-75.69574403","36.3","13.3","874.2","79","1","79","1","0","-0.07","0.03","-0.99","-0.2","0.0","-0.6","57.39","92.31","1193","6553.5","221.5","0","0","0","0","28.0","221.5","29.8","30.0","2.36","-0.1","-0.0","3.416","0.938","0.00","12.6","2.38","0"
"34.400","0.2869","12","0.0000","0.0000","-2.8354","108.8544","0.0000","31.9162","14.7180","0.1682","10000.0000","45.39080096","-75.69574385","36.3","13.3","874.5","79","1","79","1","0","-0.03","0.02","-0.99","-0.2","0.0","-0.6","57.55","89.64","1122","6553.5","221.4","0","0","0","0","28.0","221.4","29.8","30.0","2.05","-0.1","-0.0","3.397","0.939","0.00","12.8","2.36","0"
"34.450","0.2279","12","0.0000","0.0000","-15.9449","103.2774","0.0000","31.9197","14.6680","0.1572","10000.0000","45.39080099","-75.69574369","36.3","13.3","874.5","79","1","79","1","0","-0.03","0.00","-1.01","-0.2","0.0","-0.6","57.71","82.25","1471","6553.5","221.3","0","0","0","0","28.0","221.3","29.8","30.0","1.91","-0.1","-0.0","3.360","0.916","0.00","13.0","2.34","0"
"34.500","0.1133","12","0.0000","0.0000","-35.7519","41.8273","0.0000","31.9216","14.6180","0.1372","10000.0000","45.39080104","-75.69574355","36.3","13.3","874.5","79","1","79","1","0","0.04","0.02","-1.01","-0.3","0.0","-0.5","57.87","75.00","1535","6553.5","221.2","0","0","0","0","28.0","221.2","29.8","30.0","2.25","-0.1","-0.0","3.385","0.911","0.00","12.9","2.33","0"
"34.550","0.0965","12","0.0000","0.0000","-31.7629","-26.1405","0.0000","31.9252","14.5680","0.1332","10000.0000","45.39080111","-75.69574345","36.3","13.3","874.3","79","1","79","1","0","0.04","0.02","-0.98","-0.3","0.0","-0.5","58.03","75.00","1314","6553.5","221.0","0","0","0","0","28.0","221.0","29.8","30.0","2.45","-0.1","-0.0","3.436","0.922","0.00","12.8","2.31","0"
"34.600","0.1347","12","0.0000","0.0000","-14.3886","-97.7747","0.0000","31.9298","14.5180","0.1382","10000.0000","45.39080120","-75.69574337","36.3","13.3","874.5","79","1","79","1","0","0.07","0.00","-0.96","-0.3","-0.0","-0.5","58.19","78.14","1407","6553.5","221.2","0","0","0","0","28.0","221.2","29.8","30.0","2.21","-0.1","-0.0","3.421","0.932","0.00","12.9","2.34","0"
"34.650","0.1172","12","0.0000","0.0000","-12.6919","-41.7237","0.0000","31.9348","14.4680","0.1432","10000.0000","45.39080124","-75.69574327","36.3","13.3","874.7","79","1","79","1","0","0.11","-0.01","-0.97","-0.3","-0.0","-0.5","58.35","75.48","1634","6553.5","221.4","0","0","0","0","28.0","221.4","29.8","30.0","2.08","-0.1","-0.0","3.403","0.942","0.00","13.0","2.38","0"
"34.700","0.0685","12","0.0000","0.0000","-19.8137","86.1501","0.0000","31.9401","14.4180","0.1482","10000.0000","45.39080126","-75.69574314","36.3","13.3","874.0","79","1","79","1","0","-0.01","0.01","-0.98","-0.3","-0.0","-0.6","58.51","71.98","1528","6553.5","221.4","0","0","0","0","28.0","221.4","29.8","30.0","2.29","-0.1","-0.0","3.430","0.933","0.00","12.9","2.35","0"
"34.750","0.0546","12","0.0000","0.0000","-16.7226","81.9746","0.0000","31.9448","14.3680","0.1532","10000.0000","45.39080128","-75.69574306","36.3","13.3","874.5","79","1","79","1","0","-0.08","0.03","-0.98","-0.3","-0.0","-0.6","58.67","68.75","1396","6553.5","221.5","0","0","0","0","28.0","221.5","29.8","30.0","2.39","-0.1","-0.0","3.446","0.925","0.00","12.8","2.31","0"
"34.800","0.0603","12","0.0000","0.0000","-7.8866","3.5213","0.0000","31.9493","14.3180","0.1582","10000.0000","45.39080130","-75.69574300","36.3","13.3","874.5","79","1","79","1","0","-0.07","0.02","-0.98","-0.4","0.0","-0.5","58.83","68.75","1362","6553.5","221.5","0","0","0","0","28.0","221.5","29.8","30.0","2.11","-0.1","-0.0","3.434","0.957","0.00","12.9","2.30","0"
"34.850","0.0706","12","0.0000","0.0000","-6.0439","-53.7579","0.0000","31.9526","14.2680","0.1536","10000.0000","45.39080134","-75.69574302","36.3","13.3","874.5","79","1","79","1","0","-0.05","0.00","-0.99","-0.3","0.0","-0.5","58.99","71.66","1357","6553.5","221.5","0","0","0","0","28.0","221.5","29.8","30.0","1.97","-0.1","-0.0","3.432","0.968","0.00","13.0","2.29","0"
"34.900","0.0835","12","0.0000","0.0000","-8.1349","-99.1266","0.0000","31.9553","14.2180","0.1436","10000.0000","45.39080137","-75.69574308","36.3","13.3","874.5","79","1","79","1","0","0.05","0.00","-0.98","-0.3","-0.0","-0.5","59.14","75.22","1416","6553.5","221.5","0","0","0","0","28.0","221.5","29.8","30.0","2.21","-0.1","-0.0","3.441","0.931","0.00","12.9","2.31","0"
"34.950","0.0763","12","0.0000","0.0000","-5.6362","-75.2919","0.0000","31.9614","14.1680","0.1432","10000.0000","45.39080142","-75.69574306","36.3","13.3","874.5","79","1","79","1","0","0.08","0.02","-0.98","-0.3","-0.0","-0.5","59.28","77.78","1500","6553.5","221.4","0","0","0","0","28.0","221.4","29.8","30.0","2.34","-0.1","-0.0","3.436","0.920","0.00","12.8","2.34","0"
"35.000","0.0576","12","0.0000","0.0000","-0.5559","-12.5302","0.0000","31.9693","14.1180","0.1482","10000.0000","45.39080148","-75.69574300","36.3","13.3","874.5","79","1","79","1","0","0.12","0.01","-0.99","-0.3","-0.0","-0.5","59.38","85.38","1608","6553.5","221.5","0","0","0","0","28.0","221.5","29.8","30.0","2.10","-0.1","-0.0","3.426","0.937","0.00","12.9","2.32","0"
"35.050","0.0628","12","0.0000","0.0000","-1.5033","-7.2737","0.0000","31.9749","14.0680","0.1500","10000.0000","45.39080147","-75.69574295","36.3","13.3","874.5","79","1","79","1","0","0.10","0.02","-1.00","-0.3","-0.1","-0.6","59.47","91.67","1579","6553.5","221.7","0","0","0","0","28.0","221.7","29.8","30.0","1.97","-0.1","-0.0","3.398","0.935","0.00","13.0","2.30","0"
"35.100","0.0815","12","0.0000","0.0000","-5.8412","-34.3640","0.0000","31.9792","14.0180","0.1500","10000.0000","45.39080144","-75.69574290","36.3","13.3","874.5","79","1","79","1","0","-0.04","0.03","-0.99","-0.3","-0.1","-0.6","59.57","91.67","1491","6553.5","221.5","0","0","0","0","28.0","221.5","29.8","30.0","2.24","-0.1","-0.0","3.372","0.925","0.00","12.9","2.31","0"
"35.150","0.1597","12","0.0000","0.0000","-7.2205","-24.1464","0.0000","31.9775","13.9680","0.1500","10000.0000","45.39080145","-75.69574278","36.3","13.3","874.5","79","1","79","1","0","-0.06","0.02","-0.99","-0.3","-0.1","-0.6","59.66","91.67","1464","6553.5","221.3","0","0","0","0","28.0","221.3","29.8","30.0","2.41","-0.1","-0.0","3.388","0.928","0.00","12.8","2.32","0"
"35.200","0.2715","12","0.0000","0.0000","-6.9357","7.0567","0.0000","31.9724","13.9180","0.1500","10000.0000","45.39080150","-75.69574263","36.3","13.3","874.5","79","1","79","1","0","-0.02","0.01","-1.00","-0.3","-0.1","-0.6","59.76","91.67","1451","6553.5","221.5","0","0","0","0","28.0","221.5","29.8","30.0","2.28","-0.1","-0.0","3.405","0.931","0.00","12.8","2.33","0"
"35.250","0.2967","12","0.0000","0.0000","-7.9860","58.1921","0.0000","31.9739","13.8680","0.1532","10000.0000","45.39080148","-75.69574250","36.3","13.3","874.2","79","1","79","1","0","-0.00","0.02","-0.99","-0.2","-0.1","-0.6","59.85","87.94","1505","6553.5","221.8","0","0","0","0","28.0","221.8","29.8","30.0","2.19","-0.1","-0.0","3.426","0.933","0.00","12.9","2.35","0"
"35.300","0.2730","12","0.0000","0.0000","-9.7871","120.5394","0.0000","31.9790","13.8180","0.1582","10000.0000","45.39080144","-75.69574240","36.3","13.3","875.0","79","1","79","1","0","-0.03","0.02","-0.99","-0.2","-0.0","-0.5","59.95","80.18","1525","6553.5","222.0","0","0","0","0","28.0","222.0","29.8","30.0","2.20","-0.1","-0.0","3.433","0.934","0.00","12.9","2.33","0"
"35.350","0.2509","12","0.0000","0.0000","-12.0405","60.1012","0.0000","31.9843","13.7680","0.1472","10000.0000","45.39080143","-75.69574228","36.3","13.3","874.5","79","1","79","1","0","-0.10","0.02","-0.99","-0.2","-0.0","-0.5","60.04","76.92","1467","6553.5","222.2","0","0","0","0","28.0","222.2","29.8","30.0","2.22","-0.1","-0.0","3.425","0.935","0.00","12.9","2.31","0"
"35.400","0.2296","12","0.0000","0.0000","-14.5483","-69.4038","0.0000","31.9896","13.7180","0.1272","10000.0000","45.39080145","-75.69574215","36.3","13.3","874.5","79","1","79","1","0","-0.11","0.02","-1.00","-0.3","0.0","-0.5","60.14","80.64","1452","6553.5","222.3","0","0","0","0","28.0","222.3","29.8","30.0","2.25","-0.1","-0.0","3.392","0.933","0.00","12.9","2.33","0"
"35.450","0.2739","12","0.0000","0.0000","-12.3073","-31.8730","0.0000","31.9905","13.7000","0.1328","10000.0000","45.39080146","-75.69574185","36.3","13.3","874.7","79","1","79","1","0","-0.15","0.03","-1.00","-0.3","0.0","-0.5","60.23","83.33","1481","6553.5","222.4","0","0","0","0","28.0","222.4","29.8","30.0","2.27","-0.1","-0.0","3.347","0.929","0.00","12.9","2.36","0"
"35.500","0.3551","12","0.0000","0.0000","-7.3950","99.6155","0.0000","31.9889","13.7000","0.1528","10000.0000","45.39080148","-75.69574145","36.3","13.3","875.0","79","1","79","1","0","-0.21","0.03","-0.99","-0.3","0.0","-0.5","60.33","81.07","1455","6553.5","222.5","0","0","0","0","28.0","222.5","29.8","30.0","2.21","-0.1","-0.0","3.392","0.932","0.00","12.9","2.35","0"
"35.550","0.3483","12","0.0000","0.0000","-6.8730","93.2800","0.0000","31.9896","13.6680","0.1600","10000.0000","45.39080155","-75.69574120","36.3","13.3","874.5","79","1","79","1","0","-0.10","0.02","-0.98","-0.3","0.0","-0.6","60.43","77.18","1404","6553.5","222.7","0","0","0","0","28.0","222.7","29.8","30.0","2.17","-0.1","-0.0","3.439","0.937","0.00","12.9","2.32","0"
"35.600","0.2921","12","0.0000","0.0000","-8.8203","9.4184","0.0000","31.9916","13.6180","0.1600","10000.0000","45.39080166","-75.69574105","36.3","13.3","874.5","79","1","79","1","0","-0.08","0.01","-0.98","-0.3","0.0","-0.6","60.52","75.00","1306","6553.5","222.5","0","0","0","0","28.0","222.5","29.8","30.0","2.18","-0.1","-0.0","3.423","0.937","0.00","12.9","2.32","0"
"35.650","0.2755","12","0.0000","0.0000","-8.9092","-66.4749","0.0000","31.9940","13.5680","0.1600","10000.0000","45.39080168","-75.69574087","36.3","13.3","874.5","79","1","79","1","0","-0.11","0.03","-0.99","-0.3","-0.0","-0.6","60.62","82.33","1233","6553.5","222.2","0","0","0","0","28.0","222.2","29.8","30.0","2.18","-0.1","-0.0","3.413","0.935","0.00","12.9","2.33","0"
"35.700","0.2814","12","0.0000","0.0000","-7.9526","-137.8861","0.0000","31.9966","13.5180","0.1600","10000.0000","45.39080166","-75.69574069","36.3","13.3","874.5","79","1","79","1","0","-0.19","0.02","-0.98","-0.3","-0.1","-0.5","60.71","90.00","1438","6553.5","222.4","0","0","0","0","28.0","222.4","29.8","30.0","2.15","-0.1","-0.0","3.421","0.920","0.00","12.9","2.32","0"
"35.750","0.2726","12","0.0000","0.0000","-6.6794","-119.1550","0.0000","32.0029","13.4680","0.1600","10000.0000","45.39080177","-75.69574056","36.3","13.3","874.5","79","1","79","1","0","-0.11","-0.01","-0.98","-0.3","-0.1","-0.5","60.81","86.21","1567","6553.5","222.7","0","0","0","0","28.0","222.7","29.8","30.0","2.14","-0.1","-0.0","3.432","0.912","0.00","12.9","2.30","0"
"35.800","0.2555","12","0.0000","0.0000","-5.2281","-49.7189","0.0000","32.0112","13.4180","0.1600","10000.0000","45.39080195","-75.69574047","36.3","13.3","874.5","79","1","79","1","0","-0.02","-0.01","-0.98","-0.3","-0.1","-0.5","60.90","84.62","1518","6553.5","222.9","0","0","0","0","28.0","222.9","29.8","30.0","2.15","-0.1","-0.0","3.445","0.920","0.00","12.9","2.30","0"
"35.850","0.2368","12","0.0000","0.0000","-7.2196","22.1165","0.0000","32.0136","13.4000","0.1536","10000.0000","45.39080198","-75.69574032","36.3","13.3","874.5","79","1","79","1","0","-0.08","0.02","-0.98","-0.3","-0.1","-0.4","61.00","80.15","1506","6553.5","223.1","0","0","0","0","28.0","223.1","29.8","30.0","2.20","-0.1","-0.0","3.440","0.921","0.00","12.9","2.29","0"
"35.900","0.2170","12","0.0000","0.0000","-11.1477","95.3015","0.0000","32.0126","13.4000","0.1436","10000.0000","45.39080192","-75.69574013","36.3","13.3","874.5","79","1","79","1","0","-0.11","0.02","-0.98","-0.3","-0.1","-0.4","61.09","80.60","1531","6553.5","222.9","0","0","0","0","28.0","222.9","29.8","30.0","2.39","-0.1","-0.0","3.426","0.915","0.00","12.9","2.30","0"
"35.950","0.1843","12","0.0000","0.0000","-11.6985","86.5748","0.0000","32.0158","13.3680","0.1432","10000.0000","45.39080195","-75.69573997","36.3","13.3","874.5","79","1","79","1","0","-0.03","0.02","-1.00","-0.3","-0.0","-0.5","61.19","86.95","1428","6553.5","222.7","0","0","0","0","28.0","222.7","29.8","30.0","2.44","-0.1","-0.0","3.409","0.924","0.00","12.9","2.31","0"
"36.000","0.1442","12","0.0000","0.0000","-10.3495","31.7726","0.0000","32.0212","13.3180","0.1482","10000.0000","45.39080203","-75.69573984","36.3","13.3","874.5","79","1","79","1","0","-0.00","0.04","-1.01","-0.2","-0.0","-0.5","61.26","86.53","1225","6553.5","222.4","0","0","0","0","28.0","222.3","29.8","30.0","2.18","-0.1","-0.0","3.390","0.943","0.00","12.8","2.33","0"
"36.050","0.2450","12","0.0000","0.0000","-8.3874","-8.3768","0.0000","32.0194","13.2680","0.1468","10000.0000","45.39080209","-75.69573973","36.3","13.3","874.5","79","1","79","1","0","-0.01","0.04","-1.00","-0.2","-0.0","-0.5","61.30","83.33","1262","6553.5","222.0","0","0","0","0","28.0","221.9","29.8","30.0","1.92","-0.1","-0.0","3.408","0.953","0.00","12.7","2.35","0"
"36.100","0.4249","12","0.0000","0.0000","-6.0804","-40.2841","0.0000","32.0134","13.2180","0.1418","10000.0000","45.39080215","-75.69573963","36.3","13.3","874.5","79","1","79","1","0","-0.14","0.04","-0.99","-0.2","-0.0","-0.5","61.34","85.25","1374","6553.5","222.2","0","0","0","0","28.0","222.2","29.8","30.0","1.68","-0.1","-0.0","3.426","0.959","0.00","12.8","2.35","0"
"36.150","0.4207","12","0.0000","0.0000","-5.5646","-8.4383","0.0000","32.0131","13.1680","0.1368","10000.0000","45.39080219","-75.69573947","36.3","13.3","874.5","79","1","79","1","0","-0.09","0.02","-1.00","-0.3","-0.1","-0.5","61.38","88.92","1460","6553.5","222.5","0","0","0","0","28.0","222.5","29.8","30.0","1.65","-0.1","-0.0","3.431","0.947","0.00","13.0","2.34","0"
"36.200","0.3130","12","0.0000","0.0000","-6.0564","59.2684","0.0000","32.0158","13.1180","0.1318","10000.0000","45.39080223","-75.69573927","36.3","13.3","874.5","79","1","79","1","0","-0.07","0.01","-1.00","-0.3","-0.1","-0.5","61.42","85.89","1526","6553.5","222.5","0","0","0","0","28.0","222.5","29.8","30.0","2.15","-0.1","-0.0","3.416","0.936","0.00","13.0","2.34","0"
"36.250","0.2495","12","0.0000","0.0000","-4.9702","24.0156","0.0000","32.0168","13.1000","0.1300","10000.0000","45.39080225","-75.69573920","36.3","13.3","874.5","79","1","79","1","0","-0.10","0.01","-1.01","-0.3","-0.1","-0.6","61.46","80.00","1499","6553.5","222.6","0","0","0","0","28.0","222.6","29.8","30.0","2.45","-0.1","-0.0","3.365","0.934","0.00","12.9","2.34","0"
"36.300","0.2110","12","0.0000","0.0000","-2.9965","-69.1521","0.0000","32.0168","13.1000","0.1300","10000.0000","45.39080225","-75.69573920","36.3","13.3","874.5","79","1","79","1","0","-0.05","0.01","-0.99","-0.3","-0.1","-0.5","61.50","80.63","1522","6553.5","222.9","0","0","0","0","28.0","222.9","29.8","30.0","2.26","-0.1","-0.0","3.376","0.932","0.00","12.9","2.34","0"
"36.350","0.2270","12","0.0000","0.0000","-3.0940","-93.7597","0.0000","32.0146","13.0680","0.1332","10000.0000","45.39080227","-75.69573919","36.3","13.3","874.5","79","1","79","1","0","0.03","0.02","-0.99","-0.3","-0.1","-0.5","61.54","81.99","1632","6553.5","223.2","0","0","0","0","28.0","223.2","29.8","30.0","2.17","-0.1","-0.0","3.436","0.931","0.00","13.0","2.35","0"
"36.400","0.2735","12","0.0000","0.0000","-4.3565","-79.8023","0.0000","32.0112","13.0180","0.1382","10000.0000","45.39080230","-75.69573917","36.3","13.3","874.5","79","1","79","1","0","-0.04","0.01","-0.99","-0.3","-0.1","-0.5","61.59","83.22","1540","6553.5","223.1","0","0","0","0","28.0","223.1","29.8","30.0","2.32","-0.1","-0.0","3.442","0.938","0.00","12.9","2.29","0"
"36.450","0.2902","12","0.0000","0.0000","-7.0112","-12.1991","0.0000","32.0084","13.0000","0.1432","10000.0000","45.39080232","-75.69573911","36.3","13.3","874.5","79","1","79","1","0","-0.13","0.02","-0.99","-0.3","-0.0","-0.6","61.63","77.50","1288","6553.5","222.9","0","0","0","0","28.0","222.9","29.8","30.0","2.36","-0.1","-0.0","3.431","0.953","0.00","12.8","2.23","0"
"36.500","0.2902","12","0.0000","0.0000","-10.4490","85.5799","0.0000","32.0059","13.0000","0.1482","10000.0000","45.39080235","-75.69573904","36.3","13.3","874.0","79","1","79","1","0","-0.07","0.04","-0.99","-0.3","-0.0","-0.6","61.67","76.92","1322","6553.5","222.9","0","0","0","0","28.0","222.9","29.8","30.0","2.13","-0.1","-0.0","3.426","0.945","0.00","12.9","2.18","0"
"36.550","0.2462","12","0.0000","0.0000","-8.3543","27.7512","0.0000","32.0071","12.9680","0.1500","10000.0000","45.39080233","-75.69573902","36.3","13.3","874.5","79","1","79","1","0","0.02","0.05","-1.00","-0.3","-0.0","-0.6","61.71","78.89","1445","6553.5","222.8","0","0","0","0","28.0","222.8","29.8","30.0","1.99","-0.1","-0.0","3.422","0.931","0.00","13.0","2.13","0"
"36.600","0.1775","12","0.0000","0.0000","-3.1474","-117.6070","0.0000","32.0105","12.9180","0.1500","10000.0000","45.39080230","-75.69573903","36.3","13.3","875.0","79","1","79","1","0","0.03","0.04","-1.00","-0.3","0.0","-0.5","61.75","81.07","1395","6553.5","223.0","0","0","0","0","28.0","223.0","29.8","30.0","2.05","-0.1","-0.0","3.423","0.927","0.00","13.0","2.15","0"
"36.650","0.2196","12","0.0000","0.0000","-1.0023","-133.1396","0.0000","32.0136","12.9000","0.1500","10000.0000","45.39080236","-75.69573907","36.3","13.3","874.5","79","1","79","1","0","-0.02","0.02","-0.99","-0.3","0.0","-0.5","61.79","83.25","1336","6553.5","223.3","0","0","0","0","28.0","223.3","29.8","30.0","2.10","-0.1","-0.0","3.422","0.925","0.00","12.9","2.18","0"
"36.700","0.3242","12","0.0000","0.0000","-0.5794","-75.6452","0.0000","32.0164","12.9000","0.1500","10000.0000","45.39080246","-75.69573912","36.3","13.3","874.5","79","1","79","1","0","-0.07","0.02","-1.00","-0.3","0.0","-0.6","61.83","83.33","1270","6553.5","223.5","0","0","0","0","28.0","223.5","29.8","30.0","2.15","-0.1","-0.0","3.417","0.930","0.00","12.9","2.19","0"
"36.750","0.2742","12","0.0000","0.0000","-3.8729","-25.3607","0.0000","32.0163","12.8680","0.1404","10000.0000","45.39080247","-75.69573905","36.3","13.3","874.8","79","1","79","1","0","-0.08","0.02","-1.00","-0.3","0.0","-0.6","61.87","76.21","1238","6553.5","223.7","0","0","0","0","28.0","223.7","29.8","30.0","2.15","-0.1","-0.0","3.414","0.933","0.00","13.0","2.20","0"
"36.800","0.1374","12","0.0000","0.0000","-9.2568","20.8683","0.0000","32.0145","12.8180","0.1254","10000.0000","45.39080242","-75.69573893","36.3","13.3","874.5","79","1","79","1","0","-0.07","0.03","-1.00","-0.3","0.0","-0.6","61.91","68.47","1264","6553.5","223.9","0","0","0","0","28.0","223.9","29.8","30.0","2.03","-0.1","-0.0","3.417","0.934","0.00","13.0","2.21","0"
"36.850","0.0882","12","0.0000","0.0000","-3.3080","19.8625","0.0000","32.0234","12.7680","0.1296","10000.0000","45.39080244","-75.69573886","36.3","13.3","874.8","79","1","79","1","0","-0.03","0.02","-0.99","-0.3","0.1","-0.6","61.95","70.86","1284","6553.5","224.2","0","0","0","0","28.0","224.2","29.8","30.0","1.94","-0.1","-0.0","3.414","0.934","0.00","12.9","2.23","0"
"36.900","0.0882","12","0.0000","0.0000","9.0154","-7.7130","0.0000","32.0383","12.7180","0.1446","10000.0000","45.39080249","-75.69573881","36.3","13.3","874.5","79","1","79","1","0","-0.02","0.02","-0.99","-0.3","0.1","-0.6","61.99","77.81","1299","6553.5","224.3","0","0","0","0","28.0","224.3","29.8","30.0","1.92","-0.1","-0.0","3.408","0.934","0.00","12.9","2.22","0"
"36.950","0.1128","12","0.0000","0.0000","8.9674","-46.3972","0.0000","32.0391","12.7000","0.1436","10000.0000","45.39080247","-75.69573879","36.3","13.3","874.5","79","1","79","1","0","-0.02","0.02","-1.00","-0.3","0.1","-0.6","62.03","79.58","1305","6553.5","224.5","0","0","0","0","28.0","224.5","29.8","30.0","1.93","-0.1","-0.0","3.417","0.945","0.00","12.8","2.21","0"
"37.000","0.1512","12","0.0000","0.0000","1.9604","-91.3299","0.0000","32.0320","12.7000","0.1336","10000.0000","45.39080241","-75.69573879","36.3","13.3","874.5","79","1","79","1","0","-0.05","0.02","-1.00","-0.3","0.1","-0.6","62.07","85.36","1307","6553.5","224.8","0","0","0","0","28.0","224.8","29.7","30.0","2.02","-0.1","-0.0","3.430","0.960","0.00","12.8","2.17","0"
"37.050","0.1352","12","0.0000","0.0000","2.8151","-41.0116","0.0000","32.0323","12.6680","0.1268","10000.0000","45.39080240","-75.69573875","36.3","13.3","875.0","79","1","79","1","0","-0.13","0.03","-1.00","-0.3","0.1","-0.6","62.02","90.64","1241","6553.5","225.1","0","0","0","0","28.0","225.1","29.7","30.0","2.07","-0.1","-0.0","3.429","0.955","0.00","12.9","2.13","0"
"37.100","0.0887","12","0.0000","0.0000","8.0922","62.8854","0.0000","32.0367","12.6180","0.1218","10000.0000","45.39080243","-75.69573869","36.3","13.3","875.0","79","1","79","1","0","-0.12","0.03","-0.99","-0.3","0.0","-0.5","61.82","84.00","1202","6553.5","225.1","0","0","0","0","28.0","225.1","29.7","30.0","2.05","-0.1","-0.0","3.430","0.951","0.00","12.9","2.09","0"
"37.150","0.0835","12","0.0000","0.0000","18.0330","36.9558","0.0000","32.0428","12.6000","0.1200","10000.0000","45.39080243","-75.69573868","36.3","13.3","874.5","79","1","79","1","0","0.01","0.02","-0.98","-0.3","-0.0","-0.5","61.61","83.33","1315","6553.5","225.1","0","0","0","0","28.0","225.1","29.7","30.0","2.06","-0.1","-0.0","3.446","0.958","0.00","12.8","2.06","0"
"37.200","0.1015","12","0.0000","0.0000","30.5972","-62.0012","0.0000","32.0497","12.6000","0.1200","10000.0000","45.39080243","-75.69573869","36.3","13.3","874.5","79","1","79","1","0","0.11","0.01","-0.98","-0.3","-0.1","-0.5","61.40","89.33","1356","6553.5","225.2","0","0","0","0","28.0","225.2","29.7","30.0","2.16","-0.1","-0.0","3.430","0.963","0.00","12.8","2.02","0"
"37.250","0.1416","12","0.0000","0.0000","25.7061","-82.8198","0.0000","32.0455","12.5680","0.1360","10000.0000","45.39080241","-75.69573869","36.3","13.3","874.8","79","1","79","1","0","0.08","0.02","-0.98","-0.3","-0.1","-0.5","61.20","96.00","1270","6553.5","225.4","0","0","0","0","28.0","225.4","29.8","30.0","2.19","-0.1","-0.0","3.358","0.967","0.00","12.9","1.98","0"
"37.300","0.1941","12","0.0000","0.0000","10.9965","-59.6854","0.0000","32.0350","12.5180","0.1610","10000.0000","45.39080238","-75.69573867","36.3","13.3","874.5","79","1","79","1","0","0.04","0.01","-0.98","-0.3","-0.0","-0.6","60.99","90.77","1294","6553.5","225.6","0","0","0","0","28.0","225.6","29.8","30.0","2.04","-0.1","-0.0","3.356","0.958","0.00","12.9","1.97","0"
"37.350","0.1937","12","0.0000","0.0000","7.0273","-9.1566","0.0000","32.0339","12.5000","0.1572","10000.0000","45.39080235","-75.69573864","36.3","13.3","874.7","79","1","79","1","0","0.05","0.00","-0.99","-0.3","-0.0","-0.6","60.78","78.88","1404","6553.5","225.8","0","0","0","0","28.0","225.8","29.8","30.0","1.97","-0.1","-0.0","3.409","0.938","0.00","12.9","1.98","0"
"37.400","0.1636","12","0.0000","0.0000","9.0995","56.7815","0.0000","32.0382","12.5000","0.1372","10000.0000","45.39080231","-75.69573859","36.4","13.3","874.5","79","1","79","1","0","0.04","0.02","-0.98","-0.3","-0.0","-0.6","60.58","82.12","1298","6553.5","225.8","0","0","0","0","28.0","225.8","29.8","30.0","2.10","-0.1","-0.0","3.421","0.949","0.00","12.9","1.98","0"
"37.450","0.1820","12","0.0000","0.0000","11.3745","25.0814","0.0000","32.0458","12.5000","0.1332","10000.0000","45.39080228","-75.69573864","36.4","13.3","874.5","79","1","79","1","0","0.03","0.03","-0.98","-0.3","-0.0","-0.6","60.37","82.88","1124","6553.5","225.7","0","0","0","0","28.0","225.7","29.8","30.0","2.14","-0.1","-0.0","3.420","0.971","0.00","12.9","1.99","0"
"37.500","0.2277","12","0.0000","0.0000","13.7637","-61.5403","0.0000","32.0553","12.5000","0.1382","10000.0000","45.39080226","-75.69573873","36.4","13.3","874.5","79","1","79","1","0","0.03","0.00","-0.99","-0.3","-0.0","-0.5","60.16","83.33","1307","6553.5","225.8","0","0","0","0","28.0","225.8","29.8","30.0","2.00","-0.1","-0.0","3.424","0.945","0.00","12.9","1.97","0"
"37.550","0.2248","12","0.0000","0.0000","11.4298","-113.4040","0.0000","32.0524","12.4680","0.1432","10000.0000","45.39080218","-75.69573872","36.4","13.3","874.8","79","1","79","1","0","-0.09","-0.00","-0.98","-0.3","-0.0","-0.5","59.95","83.33","1465","6553.5","225.9","0","0","0","0","28.0","225.9","29.8","30.0","1.95","-0.1","-0.0","3.426","0.923","0.00","12.9","1.95","0"
"37.600","0.1945","12","0.0000","0.0000","6.4394","-145.7164","0.0000","32.0426","12.4180","0.1482","10000.0000","45.39080208","-75.69573866","36.4","13.3","875.0","79","1","79","1","0","-0.10","-0.01","-0.98","-0.3","-0.0","-0.5","59.75","83.33","1410","6553.5","225.9","0","0","0","0","28.0","225.9","29.8","30.0","2.13","-0.1","-0.0","3.414","0.928","0.00","12.8","1.95","0"
"37.650","0.2259","12","0.0000","0.0000","2.3884","-92.2146","0.0000","32.0380","12.4000","0.1436","10000.0000","45.39080205","-75.69573855","36.4","13.3","874.5","79","1","79","1","0","-0.07","0.00","-0.99","-0.3","0.0","-0.5","59.54","83.33","1383","6553.5","225.8","0","0","0","0","28.0","225.8","29.8","30.0","2.23","-0.1","-0.0","3.402","0.937","0.00","12.7","1.94","0"
"37.700","0.2921","12","0.0000","0.0000","-1.1340","9.5578","0.0000","32.0364","12.4000","0.1336","10000.0000","45.39080207","-75.69573841","36.4","13.3","874.5","79","1","79","1","0","-0.09","0.01","-0.98","-0.3","0.0","-0.5","59.33","83.33","1405","6553.5","225.8","0","0","0","0","28.0","225.8","29.7","30.0","2.13","-0.1","-0.0","3.387","0.954","0.00","12.8","1.94","0"
"37.750","0.3356","12","0.0000","0.0000","-1.0292","78.7880","0.0000","32.0362","12.4000","0.1428","10000.0000","45.39080203","-75.69573833","36.4","13.3","874.5","79","1","79","1","0","0.01","0.00","-0.98","-0.3","0.0","-0.5","59.13","86.36","1398","6553.5","225.8","0","0","0","0","28.0","225.8","29.7","30.0","2.06","-0.1","-0.0","3.387","0.964","0.00","12.9","1.94","0"
"37.800","0.3665","12","0.0000","0.0000","1.1159","129.7133","0.0000","32.0369","12.4000","0.1628","10000.0000","45.39080196","-75.69573829","36.4","13.3","874.5","79","1","79","1","0","0.03","0.02","-0.99","-0.3","-0.0","-0.5","58.92","88.11","1366","6553.5","225.9","0","0","0","0","28.0","225.9","29.8","30.0","2.08","-0.1","-0.0","3.398","0.967","0.00","12.9","1.97","0"
"37.850","0.3259","12","0.0000","0.0000","-1.9135","75.1638","0.0000","32.0306","12.3680","0.1604","10000.0000","45.39080195","-75.69573825","36.5","13.3","874.5","79","1","79","1","0","-0.05","0.04","-0.99","-0.2","-0.0","-0.6","58.71","81.12","1411","6553.5","226.0","0","0","0","0","28.0","226.0","29.8","30.0","2.09","-0.1","-0.0","3.410","0.952","0.00","12.9","2.01","0"
"37.900","0.2451","12","0.0000","0.0000","-7.8535","-38.7152","0.0000","32.0202","12.3180","0.1454","10000.0000","45.39080198","-75.69573822","36.5","13.3","874.5","79","1","79","1","0","0.00","0.03","-0.98","-0.2","-0.0","-0.6","58.51","76.92","1479","6553.5","226.1","0","0","0","0","28.0","226.1","29.8","30.0","2.09","-0.1","-0.0","3.423","0.932","0.00","12.9","1.99","0"
"37.950","0.2150","12","0.0000","0.0000","-8.2279","-31.3923","0.0000","32.0215","12.3000","0.1368","10000.0000","45.39080199","-75.69573818","36.5","13.3","874.5","79","1","79","1","0","0.05","0.01","-0.98","-0.2","-0.0","-0.6","58.30","76.92","1399","6553.5","226.2","0","0","0","0","28.0","226.2","29.7","30.0","2.11","-0.1","-0.0","3.421","0.928","0.00","12.9","1.96","0"
"38.000","0.2135","12","0.0000","0.0000","-5.4714","44.1066","0.0000","32.0293","12.3000","0.1318","10000.0000","45.39080198","-75.69573813","36.5","13.3","874.5","79","1","79","1","0","0.01","-0.01","-0.97","-0.3","0.0","-0.6","58.09","76.92","1352","6553.5","226.0","0","0","0","0","28.0","226.0","29.7","30.0","2.14","-0.1","-0.0","3.418","0.925","0.00","12.9","2.00","0"
"38.050","0.1563","12","0.0000","0.0000","-6.2432","22.9669","0.0000","32.0294","12.3000","0.1396","10000.0000","45.39080200","-75.69573814","36.5","13.3","874.8","79","1","79","1","0","0.00","-0.00","-0.99","-0.3","0.0","-0.6","57.89","76.92","1511","6553.5","225.7","0","0","0","0","28.0","225.7","29.8","30.0","2.14","-0.1","-0.0","3.411","0.928","0.00","12.9","2.05","0"
"38.100","0.0679","12","0.0000","0.0000","-8.9997","-52.5320","0.0000","32.0251","12.3000","0.1546","10000.0000","45.39080204","-75.69573819","36.5","13.3","875.0","79","1","79","1","0","-0.05","0.02","-0.99","-0.3","0.0","-0.5","57.47","76.92","1571","6553.5","225.8","0","0","0","0","28.0","225.8","29.8","30.0","2.07","-0.1","-0.0","3.412","0.932","0.00","12.9","2.05","0"
"38.150","0.0876","12","0.0000","0.0000","-7.2104","-72.4778","0.0000","32.0230","12.3000","0.1600","10000.0000","45.39080206","-75.69573825","36.5","13.3","874.5","79","1","79","1","0","-0.09","0.02","-0.99","-0.4","0.0","-0.5","56.66","76.92","1454","6553.5","225.9","0","0","0","0","28.0","225.9","29.8","30.0","2.03","-0.1","-0.0","3.425","0.938","0.00","12.9","2.04","0"
"38.200","0.1682","12","0.0000","0.0000","-2.8642","-61.1750","0.0000","32.0222","12.3000","0.1600","10000.0000","45.39080207","-75.69573831","36.5","13.3","874.5","79","1","79","1","0","-0.04","0.03","-0.99","-0.4","0.0","-0.5","55.85","76.92","1471","6553.5","225.9","0","0","0","0","28.0","225.9","29.8","30.0","2.08","-0.1","-0.1","3.430","0.934","0.00","12.9","2.05","0"
"38.250","0.1686","12","0.0000","0.0000","-1.5602","-41.7484","0.0000","32.0263","12.2680","0.1568","10000.0000","45.39080207","-75.69573834","36.5","13.3","874.7","79","1","79","1","0","0.04","0.02","-0.97","-0.4","0.0","-0.4","55.04","74.65","1592","6553.5","225.8","0","0","0","0","28.0","225.8","29.7","30.0","2.15","-0.2","-0.1","3.429","0.923","0.00","13.0","2.06","0"
"38.300","0.1241","12","0.0000","0.0000","-1.9676","-17.7523","0.0000","32.0333","12.2180","0.1518","10000.0000","45.39080207","-75.69573836","36.5","13.3","874.5","79","1","79","1","0","0.06","0.02","-0.99","-0.3","0.0","-0.4","54.23","72.01","1442","6553.5","225.8","0","0","0","0","28.0","225.8","29.7","30.0","2.27","-0.2","-0.1","3.427","0.921","0.00","12.9","2.09","0"
"38.350","0.1481","12","0.0000","0.0000","-3.3197","-63.7424","0.0000","32.0312","12.2000","0.1532","10000.0000","45.39080203","-75.69573836","36.5","13.3","874.8","79","1","79","1","0","0.02","0.01","-1.00","-0.3","0.0","-0.5","53.42","71.24","1205","6553.5","225.8","0","0","0","0","28.0","225.8","29.7","30.0","2.29","-0.2","-0.2","3.425","0.923","0.00","12.7","2.12","0"
"38.400","0.2108","12","0.0000","0.0000","-5.2033","-149.0999","0.0000","32.0241","12.2000","0.1582","10000.0000","45.39080197","-75.69573836","36.5","13.3","874.5","79","1","79","1","0","-0.03","0.02","-1.00","-0.2","-0.0","-0.5","52.61","72.00","1259","6553.5","225.7","0","0","0","0","28.0","225.7","29.7","30.0","2.10","-0.2","-0.2","3.422","0.928","0.00","12.8","2.15","0"
"38.450","0.2075","12","0.0000","0.0000","-7.0311","-90.3309","0.0000","32.0193","12.2000","0.1536","10000.0000","45.39080193","-75.69573836","36.5","13.3","875.0","79","1","79","1","0","-0.06","0.02","-0.99","-0.2","-0.0","-0.6","51.80","67.49","1328","6553.5","225.5","0","0","0","0","28.0","225.5","29.7","30.0","1.96","-0.2","-0.2","3.419","0.933","0.00","12.9","2.19","0"
"38.500","0.1672","12","0.0000","0.0000","-8.8277","49.5091","0.0000","32.0157","12.2000","0.1436","10000.0000","45.39080189","-75.69573836","36.5","13.3","875.0","79","1","79","1","0","-0.10","0.02","-0.99","-0.2","-0.0","-0.6","50.99","57.68","1407","6553.5","225.8","0","0","0","0","28.0","225.9","29.8","30.0","1.95","-0.1","-0.2","3.410","0.935","0.00","12.9","2.20","0"
"38.550","0.2230","12","0.0000","0.0000","-6.9755","65.8066","0.0000","32.0122","12.1680","0.1464","10000.0000","45.39080190","-75.69573835","36.5","13.3","874.5","79","1","79","1","0","-0.06","0.03","-0.99","-0.3","0.0","-0.5","50.18","48.65","1442","6553.5","226.2","0","0","0","0","28.0","226.3","29.8","30.0","1.97","-0.1","-0.1","3.409","0.938","0.00","12.8","2.21","0"
"38.600","0.3328","12","0.0000","0.0000","-3.0709","12.6112","0.0000","32.0088","12.1180","0.1564","10000.0000","45.39080193","-75.69573834","36.5","13.3","874.5","79","1","79","1","0","0.04","0.03","-0.99","-0.4","0.0","-0.5","49.36","48.65","1398","6553.5","226.4","0","0","0","0","28.0","226.4","29.8","30.0","2.05","-0.1","-0.1","3.419","0.944","0.00","12.9","2.27","0"
"38.650","0.3347","12","0.0000","0.0000","-1.0435","-50.5710","0.0000","32.0097","12.1000","0.1536","10000.0000","45.39080189","-75.69573835","36.5","13.3","874.8","79","1","79","1","0","0.11","0.05","-0.99","-0.4","0.0","-0.5","48.55","43.20","1420","6553.5","226.6","0","0","0","0","28.0","226.6","29.8","30.0","2.11","-0.0","-0.1","3.425","0.950","0.00","13.0","2.34","0"
"38.700","0.2758","12","0.0000","0.0000","-0.0719","-119.3709","0.0000","32.0129","12.1000","0.1436","10000.0000","45.39080179","-75.69573838","36.5","13.3","875.0","79","1","79","1","0","0.12","0.03","-0.99","-0.3","0.0","-0.4","47.74","38.16","1493","6553.5","226.9","0","0","0","0","28.0","226.9","29.7","30.0","2.13","-0.0","-0.1","3.430","0.956","0.00","13.0","2.32","0"
"38.750","0.2616","12","0.0000","0.0000","-1.3657","-50.7903","0.0000","32.0079","12.1000","0.1464","10000.0000","45.39080173","-75.69573834","36.5","13.3","874.5","79","1","79","1","0","0.11","0.02","-0.99","-0.3","0.0","-0.5","46.93","33.67","1426","6553.5","227.2","0","0","0","0","28.0","227.2","29.7","30.0","2.14","-0.0","-0.1","3.435","0.958","0.00","12.9","2.28","0"
"38.800","0.2726","12","0.0000","0.0000","-3.9338","95.0667","0.0000","31.9983","12.1000","0.1564","10000.0000","45.39080169","-75.69573827","36.5","13.3","875.0","79","1","79","1","0","0.03","0.01","-0.98","-0.3","0.0","-0.5","46.12","27.49","1315","6553.5","227.2","0","0","0","0","28.0","227.2","29.7","30.0","2.14","0.0","-0.1","3.441","0.959","0.00","12.9","2.24","0"
"38.850","0.2572","12","0.0000","0.0000","-5.7328","146.8617","0.0000","31.9930","12.0680","0.1600","10000.0000","45.39080161","-75.69573821","36.5","13.3","874.3","79","1","79","1","0","-0.00","0.02","-0.98","-0.3","0.0","-0.5","45.31","23.08","1404","6553.5","227.2","0","0","0","0","28.0","227.2","29.7","30.0","2.12","0.0","-0.1","3.422","0.949","0.00","13.0","2.20","0"
"38.900","0.2269","12","0.0000","0.0000","-7.0993","145.7469","0.0000","31.9901","12.0180","0.1600","10000.0000","45.39080151","-75.69573816","36.5","13.3","874.5","79","1","79","1","0","0.06","0.02","-1.00","-0.3","0.0","-0.5","44.50","-4.81","1473","6553.5","227.4","0","0","0","0","28.0","227.4","29.7","30.0","2.04","0.0","-0.1","3.408","0.939","0.00","13.0","2.18","0"
"38.950","0.2412","12","0.0000","0.0000","-7.6793","83.4205","0.0000","31.9869","12.0000","0.1568","10000.0000","45.39080149","-75.69573813","36.5","13.3","874.5","79","1","79","1","0","0.01","0.03","-1.01","-0.3","-0.0","-0.5","43.69","-65.43","1394","6553.5","227.6","0","0","0","0","28.0","227.6","29.7","30.0","2.03","0.0","-0.1","3.426","0.929","0.00","12.9","2.16","0"
"39.000","0.2805","12","0.0000","0.0000","-7.8171","-13.3375","0.0000","31.9835","12.0000","0.1518","10000.0000","45.39080152","-75.69573812","36.5","13.3","874.5","79","1","79","1","0","-0.04","0.04","-1.01","-0.2","-0.0","-0.5","42.88","-126.06","1336","6553.5","227.7","0","0","0","0","28.0","227.7","29.7","30.0","2.14","0.0","-0.1","3.439","0.925","0.00","12.9","2.13","0"
"39.050","0.2261","12","0.0000","0.0000","0.0505","-86.0833","0.0000","31.9866","12.0000","0.1500","10000.0000","45.39080150","-75.69573813","36.5","13.3","874.5","79","1","79","1","0","-0.04","0.04","-0.99","-0.2","-0.0","-0.5","42.07","-133.33","1316","6553.5","227.8","0","0","0","0","28.0","227.8","29.7","30.0","2.17","0.0","-0.1","3.421","0.933","0.00","12.9","2.10","0"
"39.100","0.1190","12","0.0000","0.0000","12.4211","-145.3222","0.0000","31.9934","12.0000","0.1500","10000.0000","45.39080143","-75.69573817","36.5","13.3","875.0","79","1","79","1","0","-0.09","0.03","-0.98","-0.2","0.0","-0.5","41.25","-188.00","1373","6553.5","228.0","0","0","0","0","28.0","228.0","29.7","30.0","2.03","0.0","-0.0","3.409","0.931","0.00","12.9","2.12","0"
"39.150","0.0805","12","0.0000","0.0000","6.0748","-109.0481","0.0000","31.9892","11.9680","0.1468","10000.0000","45.39080139","-75.69573817","36.5","13.3","874.5","79","1","79","1","0","-0.10","0.01","-0.97","-0.2","0.1","-0.5","40.77","-126.13","1490","6553.5","228.2","0","0","0","0","28.0","228.2","29.7","30.0","1.99","0.1","-0.0","3.425","0.920","0.00","12.9","2.14","0"
"39.200","0.0805","12","0.0000","0.0000","-10.7997","-19.0482","0.0000","31.9786","11.9180","0.1418","10000.0000","45.39080136","-75.69573815","36.5","13.3","875.0","79","1","79","1","0","-0.08","0.00","-0.96","-0.2","0.1","-0.6","40.90","-36.04","1320","6553.5","227.9","0","0","0","0","28.0","227.8","29.7","30.0","2.21","0.1","-0.0","3.437","0.941","0.00","12.9","2.17","0"
"39.250","0.0978","12","0.0000","0.0000","-13.6562","17.8499","0.0000","31.9788","11.9000","0.1432","10000.0000","45.39080135","-75.69573819","36.5","13.3","874.8","79","1","79","1","0","-0.09","0.01","-0.98","-0.2","0.0","-0.6","41.04","360.00","1059","6553.5","227.5","0","0","0","0","28.0","227.4","29.7","30.0","2.28","0.1","-0.0","3.441","0.974","0.00","12.9","2.21","0"
"39.300","0.1249","12","0.0000","0.0000","-8.6276","24.8781","0.0000","31.9848","11.9000","0.1482","10000.0000","45.39080136","-75.69573827","36.5","13.3","874.5","79","1","79","1","0","-0.00","-0.00","-0.99","-0.3","0.0","-0.6","41.18","600.00","1280","6553.5","227.4","0","0","0","0","28.0","227.4","29.7","30.0","1.99","0.1","-0.0","3.438","0.953","0.00","12.9","2.23","0"
"39.350","0.1280","12","0.0000","0.0000","-3.7079","-11.1042","0.0000","31.9865","11.9000","0.1468","10000.0000","45.39080137","-75.69573834","36.5","13.3","875.0","79","1","79","1","0","0.10","-0.00","-0.99","-0.3","0.0","-0.6","41.32","485.14","1460","6553.5","227.5","0","0","0","0","28.0","227.5","29.7","30.0","1.86","0.1","-0.0","3.430","0.934","0.00","12.9","2.26","0"
"39.400","0.1176","12","0.0000","0.0000","1.1505","-71.2799","0.0000","31.9856","11.9000","0.1418","10000.0000","45.39080138","-75.69573840","36.5","13.3","875.0","79","1","79","1","0","-0.03","0.00","-0.99","-0.3","0.0","-0.6","41.46","293.69","1326","6553.5","227.4","0","0","0","0","28.0","227.4","29.7","30.0","2.07","0.1","-0.0","3.430","0.937","0.00","12.9","2.23","0"
"39.450","0.1205","12","0.0000","0.0000","-4.3456","-100.4541","0.0000","31.9807","11.9000","0.1368","10000.0000","45.39080134","-75.69573842","36.5","13.3","874.5","79","1","79","1","0","-0.18","0.01","-0.99","-0.3","0.0","-0.5","41.60","175.00","1283","6553.5","227.2","0","0","0","0","28.0","227.2","29.7","30.0","2.21","0.1","-0.0","3.433","0.942","0.00","12.9","2.19","0"
"39.500","0.1309","12","0.0000","0.0000","-15.6663","-112.1898","0.0000","31.9736","11.9000","0.1318","10000.0000","45.39080128","-75.69573842","36.5","13.3","874.5","79","1","79","1","0","-0.17","0.02","-0.98","-0.3","0.0","-0.5","41.73","175.00","1402","6553.5","227.3","0","0","0","0","28.0","227.3","29.7","30.0","2.17","0.1","-0.0","3.430","0.949","0.00","12.9","2.24","0"
"39.550","0.1568","12","0.0000","0.0000","-13.0170","-75.9415","0.0000","31.9734","11.8680","0.1396","10000.0000","45.39080131","-75.69573841","36.5","13.3","875.0","79","1","79","1","0","-0.07","0.02","-0.98","-0.3","0.0","-0.5","41.87","190.28","1426","6553.5","227.5","0","0","0","0","28.0","227.5","29.7","30.0","2.12","0.1","-0.0","3.425","0.947","0.00","12.9","2.29","0"
"39.600","0.1912","12","0.0000","0.0000","-2.5097","-12.7021","0.0000","31.9772","11.8180","0.1546","10000.0000","45.39080141","-75.69573840","36.5","13.3","875.0","79","1","79","1","0","-0.02","0.02","-0.99","-0.3","0.0","-0.4","42.01","230.48","1375","6553.5","227.5","0","0","0","0","28.4","227.5","29.7","30.0","2.04","0.1","-0.0","3.403","0.938","0.00","12.9","2.30","0"
"39.650","0.2231","12","0.0000","0.0000","-2.7168","18.8470","0.0000","31.9719","11.8000","0.1536","10000.0000","45.39080146","-75.69573837","36.5","13.3","875.0","79","1","79","1","0","0.05","0.01","-0.97","-0.3","0.0","-0.4","42.15","257.63","1388","6553.5","227.5","0","0","0","0","28.9","227.5","29.7","30.0","2.01","0.1","-0.0","3.390","0.943","0.00","12.9","2.31","0"
"39.700","0.2536","12","0.0000","0.0000","-8.9508","32.5704","0.0000","31.9615","11.8000","0.1436","10000.0000","45.39080149","-75.69573834","36.5","13.3","874.5","79","1","79","1","0","0.04","0.00","-0.97","-0.3","0.0","-0.5","42.29","167.23","1422","6553.5","227.4","0","0","0","0","29.0","227.4","29.7","30.0","2.13","0.1","-0.0","3.393","0.952","0.00","12.9","2.31","0"
"39.750","0.2842","12","0.0000","0.0000","-9.3994","-1.4726","0.0000","31.9549","11.8000","0.1400","10000.0000","45.39080149","-75.69573837","36.5","13.3","874.5","79","1","79","1","0","0.01","0.01","-0.99","-0.3","-0.0","-0.4","42.43","160.00","1410","6553.5","227.2","0","0","0","0","29.0","227.2","29.7","30.0","2.14","0.1","-0.0","3.395","0.963","0.00","12.9","2.30","0"
"39.800","0.3149","12","0.0000","0.0000","-6.5938","-62.3841","0.0000","31.9505","11.8000","0.1400","10000.0000","45.39080146","-75.69573843","36.5","13.3","875.0","79","1","79","1","0","0.08","0.03","-1.00","-0.3","-0.0","-0.4","42.56","156.83","1414","6553.5","227.4","0","0","0","0","29.0","227.4","29.7","30.0","1.92","0.1","-0.0","3.397","0.967","0.00","12.9","2.33","0"
"39.850","0.3208","12","0.0000","0.0000","-3.9401","-19.1708","0.0000","31.9495","11.8000","0.1464","10000.0000","45.39080145","-75.69573841","36.5","13.3","874.5","79","1","79","1","0","0.05","0.03","-0.99","-0.3","-0.1","-0.4","42.70","153.38","1507","6553.5","227.6","0","0","0","0","29.0","227.6","29.7","30.0","1.88","0.1","-0.0","3.411","0.935","0.00","12.9","2.37","0"
"39.900","0.3126","12","0.0000","0.0000","-1.3719","82.6128","0.0000","31.9503","11.8000","0.1564","10000.0000","45.39080144","-75.69573835","36.5","13.3","874.5","79","1","79","1","0","0.01","0.04","-0.98","-0.3","-0.1","-0.4","42.84","150.00","1537","6553.5","227.5","0","0","0","0","29.0","227.5","29.7","30.0","2.25","0.1","-0.0","3.430","0.922","0.00","12.9","2.34","0"
"39.950","0.2451","12","0.0000","0.0000","-2.1534","98.5566","0.0000","31.9485","11.8000","0.1536","10000.0000","45.39080146","-75.69573832","36.5","13.3","874.8","79","1","79","1","0","0.01","0.02","-0.97","-0.3","-0.1","-0.5","42.98","150.00","1455","6553.5","227.4","0","0","0","0","29.0","227.4","29.7","30.0","2.45","0.1","-0.0","3.423","0.945","0.00","13.0","2.30","0"
"40.000","0.1443","12","0.0000","0.0000","-4.8190","66.2156","0.0000","31.9451","11.8000","0.1436","10000.0000","45.39080149","-75.69573830","36.5","13.3","874.5","79","1","79","1","0","0.02","0.02","-1.00","-0.3","-0.0","-0.5","43.12","150.00","1493","6553.5","227.5","0","0","0","0","29.0","227.5","29.7","30.0","2.26","0.1","-0.0","3.417","0.945","0.00","12.9","2.31","0"
"40.050","0.1017","12","0.0000","0.0000","-6.7735","0.1625","0.0000","31.9438","11.8000","0.1400","10000.0000","45.39080150","-75.69573830","36.5","13.3","875.0","79","1","79","1","0","-0.00","0.02","-1.01","-0.3","-0.0","-0.5","43.26","176.83","1625","6553.5","227.6","0","0","0","0","29.0","227.6","29.7","30.0","2.16","0.1","-0.0","3.423","0.927","0.00","12.8","2.33","0"
"40.100","0.0917","12","0.0000","0.0000","-8.3280","-84.8536","0.0000","31.9438","11.8000","0.1400","10000.0000","45.39080150","-75.69573830","36.5","13.3","874.5","79","1","79","1","0","-0.12","0.03","-1.00","-0.3","-0.0","-0.5","43.40","207.32","1529","6553.5","227.6","0","0","0","0","29.0","227.6","29.7","30.0","2.28","0.1","-0.0","3.430","0.929","0.00","12.9","2.33","0"
"40.150","0.1271","12","0.0000","0.0000","-6.9421","-27.8984","0.0000","31.9421","11.7680","0.1528","10000.0000","45.39080148","-75.69573826","36.5","13.3","874.5","79","1","79","1","0","-0.06","0.01","-0.98","-0.3","-0.0","-0.6","43.53","186.50","1362","6553.5","227.7","0","0","0","0","29.0","227.7","29.7","30.0","2.31","0.1","-0.0","3.437","0.938","0.00","13.0","2.32","0"
"40.200","0.1880","12","0.0000","0.0000","-3.9022","108.9157","0.0000","31.9394","11.7180","0.1728","10000.0000","45.39080144","-75.69573820","36.5","13.3","874.5","79","1","79","1","0","-0.04","0.00","-0.97","-0.3","-0.1","-0.5","43.50","133.33","1300","6553.5","227.4","0","0","0","0","29.0","227.4","29.7","30.0","2.14","0.1","-0.0","3.432","0.941","0.00","13.0","2.32","0"
"40.250","0.1930","12","0.0000","0.0000","2.0531","95.1820","0.0000","31.9380","11.7000","0.1800","10000.0000","45.39080147","-75.69573820","36.5","13.3","874.8","79","1","79","1","0","-0.08","-0.00","-0.97","-0.3","-0.1","-0.5","43.12","138.82","1277","6553.5","227.0","0","0","0","0","29.0","227.0","29.7","30.0","2.00","0.1","-0.0","3.418","0.944","0.00","12.9","2.33","0"
"40.300","0.1665","12","0.0000","0.0000","9.6483","-3.2346","0.0000","31.9373","11.7000","0.1800","10000.0000","45.39080154","-75.69573825","36.5","13.3","875.0","79","1","79","1","0","-0.16","0.02","-0.98","-0.3","-0.1","-0.5","42.74","151.90","1431","6553.5","227.2","0","0","0","0","29.0","227.2","29.7","30.0","1.93","0.1","-0.0","3.422","0.947","0.00","12.9","2.36","0"
"40.350","0.2024","12","0.0000","0.0000","6.9956","-47.0881","0.0000","31.9298","11.7000","0.1768","10000.0000","45.39080155","-75.69573830","36.5","13.3","874.8","79","1","79","1","0","-0.07","0.01","-0.97","-0.3","-0.0","-0.5","42.36","156.20","1528","6553.5","227.5","0","0","0","0","29.0","227.5","29.7","30.0","1.94","0.1","-0.0","3.431","0.946","0.00","13.0","2.40","0"
"40.400","0.2735","12","0.0000","0.0000","-1.4215","-60.2497","0.0000","31.9184","11.7000","0.1718","10000.0000","45.39080152","-75.69573834","36.5","13.3","874.5","79","1","79","1","0","-0.00","-0.00","-0.96","-0.3","-0.0","-0.5","41.98","150.00","1524","6553.5","227.6","0","0","0","0","29.0","227.6","29.7","30.0","2.16","0.1","-0.0","3.384","0.938","0.00","13.0","2.41","0"
"40.450","0.2508","12","0.0000","0.0000","-0.4243","-26.1319","0.0000","31.9148","11.7000","0.1604","10000.0000","45.39080151","-75.69573832","36.5","13.3","874.8","79","1","79","1","0","-0.03","-0.00","-0.98","-0.3","-0.0","-0.5","41.60","135.75","1447","6553.5","227.8","0","0","0","0","29.0","227.8","29.7","30.0","2.29","0.1","-0.0","3.350","0.940","0.00","12.9","2.40","0"
"40.500","0.1755","12","0.0000","0.0000","5.8685","34.5806","0.0000","31.9157","11.7000","0.1454","10000.0000","45.39080150","-75.69573826","36.5","13.3","875.0","79","1","79","1","0","-0.03","0.02","-1.00","-0.3","-0.0","-0.5","41.22","112.50","1312","6553.5","227.9","0","0","0","0","29.0","227.9","29.7","30.0","2.22","0.1","-0.0","3.393","0.951","0.00","12.9","2.40","0"
"40.550","0.1484","12","0.0000","0.0000","7.5705","84.4333","0.0000","31.9187","11.7000","0.1432","10000.0000","45.39080147","-75.69573821","36.5","13.3","874.7","79","1","79","1","0","-0.04","0.03","-1.00","-0.3","-0.0","-0.6","40.84","112.50","1409","6553.5","228.1","0","0","0","0","29.0","228.1","29.7","30.0","2.18","0.1","-0.0","3.423","0.937","0.00","13.0","2.39","0"
"40.600","0.1484","12","0.0000","0.0000","6.6903","128.1773","0.0000","31.9230","11.7000","0.1482","10000.0000","45.39080144","-75.69573816","36.5","13.3","874.5","79","1","79","1","0","-0.10","0.01","-0.98","-0.3","-0.0","-0.5","40.46","134.25","1578","6553.5","228.2","0","0","0","0","29.0","228.2","29.7","30.0","2.23","0.1","-0.0","3.432","0.915","0.00","13.0","2.39","0"
"40.650","0.1630","12","0.0000","0.0000","4.0591","143.0187","0.0000","31.9189","11.7000","0.1532","10000.0000","45.39080139","-75.69573805","36.5","13.3","875.0","79","1","79","1","0","-0.12","0.01","-0.97","-0.3","-0.0","-0.5","40.08","150.00","1507","6553.5","228.3","0","0","0","0","29.0","228.3","29.7","30.0","2.25","0.1","-0.0","3.418","0.936","0.00","12.9","2.40","0"
"40.700","0.1857","12","0.0000","0.0000","0.4430","141.6024","0.0000","31.9101","11.7000","0.1582","10000.0000","45.39080134","-75.69573791","36.5","13.3","875.0","79","1","79","1","0","0.04","0.01","-0.96","-0.3","-0.0","-0.6","39.70","150.00","1438","6553.5","228.5","0","0","0","0","29.0","228.5","29.7","30.0","2.18","0.1","-0.0","3.386","0.955","0.00","12.9","2.39","0"
"40.750","0.1970","12","0.0000","0.0000","-0.1766","99.1635","0.0000","31.9071","11.6680","0.1568","10000.0000","45.39080137","-75.69573785","36.5","13.3","874.8","79","1","79","1","0","0.10","-0.00","-0.98","-0.3","-0.1","-0.6","39.32","150.00","1440","6553.5","228.8","0","0","0","0","29.0","228.8","29.7","30.0","2.14","0.1","-0.0","3.401","0.951","0.00","12.9","2.37","0"
"40.800","0.2019","12","0.0000","0.0000","0.8893","33.6492","0.0000","31.9072","11.6180","0.1518","10000.0000","45.39080143","-75.69573784","36.5","13.3","874.5","79","1","79","1","0","0.00","-0.01","-1.00","-0.3","-0.0","-0.5","38.94","122.00","1456","6553.5","228.8","0","0","0","0","29.0","228.8","29.7","30.0","2.14","0.1","-0.0","3.432","0.949","0.00","12.9","2.38","0"
"40.850","0.2478","12","0.0000","0.0000","2.5821","1.6485","0.0000","31.9073","11.6000","0.1564","10000.0000","45.39080145","-75.69573783","36.5","13.3","874.5","79","1","79","1","0","-0.09","0.00","-1.01","-0.3","-0.0","-0.5","38.56","100.00","1547","6553.5","228.9","0","0","0","0","29.0","228.9","29.7","30.0","2.14","0.1","-0.0","3.429","0.952","0.00","13.0","2.40","0"
"40.900","0.3167","12","0.0000","0.0000","4.6277","-11.5009","0.0000","31.9073","11.6000","0.1664","10000.0000","45.39080145","-75.69573783","36.5","13.3","874.5","79","1","79","1","0","-0.10","0.02","-1.00","-0.3","0.0","-0.5","38.18","109.15","1553","6553.5","228.9","0","0","0","0","29.0","228.9","29.7","30.0","2.15","0.1","-0.0","3.420","0.952","0.00","13.0","2.42","0"
"40.950","0.2687","12","0.0000","0.0000","12.4154","-9.4240","0.0000","31.9078","11.6000","0.1700","10000.0000","45.39080145","-75.69573779","36.5","13.3","874.5","79","1","79","1","0","-0.05","0.02","-1.00","-0.3","0.0","-0.5","37.80","125.49","1407","6553.5","228.9","0","0","0","0","29.0","228.9","29.7","30.0","2.14","0.1","-0.0","3.388","0.945","0.00","12.9","2.45","0"
"41.000","0.1548","12","0.0000","0.0000","23.4330","1.2177","0.0000","31.9087","11.6000","0.1700","10000.0000","45.39080144","-75.69573773","36.5","13.3","875.0","79","1","79","1","0","-0.09","0.02","-1.00","-0.3","-0.0","-0.5","37.42","133.33","1427","6553.5","228.8","0","0","0","0","29.0","228.8","29.7","30.0","2.10","0.1","-0.0","3.367","0.935","0.00","12.9","2.44","0"
"41.050","0.1436","12","0.0000","0.0000","27.7471","-30.3428","0.0000","31.9151","11.6000","0.1668","10000.0000","45.39080142","-75.69573777","36.5","13.3","875.0","79","1","79","1","0","-0.05","0.01","-0.99","-0.3","-0.0","-0.5","37.05","147.20","1577","6553.5","228.7","0","0","0","0","29.0","228.7","29.8","30.0","2.11","0.1","-0.0","3.401","0.922","0.00","12.9","2.42","0"
"41.100","0.1901","12","0.0000","0.0000","28.2906","-85.6420","0.0000","31.9246","11.6000","0.1618","10000.0000","45.39080140","-75.69573786","36.5","13.3","874.5","79","1","79","1","0","-0.10","0.00","-1.00","-0.3","-0.0","-0.5","36.67","155.14","1434","6553.5","228.6","0","0","0","0","29.0","228.6","29.8","30.0","2.27","0.1","-0.0","3.420","0.920","0.00","12.9","2.41","0"
"41.150","0.3271","12","0.0000","0.0000","22.0412","-93.3323","0.0000","31.9270","11.6000","0.1728","10000.0000","45.39080144","-75.69573796","36.5","13.3","875.0","79","1","79","1","0","-0.14","0.01","-0.99","-0.3","0.0","-0.5","36.29","145.79","1197","6553.5","228.5","0","0","0","0","29.0","228.5","29.7","30.0","2.31","0.1","-0.0","3.411","0.921","0.00","12.8","2.40","0"
"41.200","0.5150","12","0.0000","0.0000","11.9708","-74.2426","0.0000","31.9254","11.6000","0.1928","10000.0000","45.39080152","-75.69573807","36.5","13.3","874.5","79","1","79","1","0","-0.12","0.01","-0.99","-0.3","0.1","-0.5","35.91","140.00","1368","6553.5","228.7","0","0","0","0","29.0","228.7","29.7","30.0","2.10","0.1","-0.0","3.399","0.938","0.00","12.9","2.39","0"
"41.250","0.5235","12","0.0000","0.0000","8.2628","-58.5714","0.0000","31.9198","11.6320","0.2064","10000.0000","45.39080155","-75.69573814","36.5","13.3","875.0","79","1","79","1","0","-0.09","0.01","-0.99","-0.3","0.0","-0.5","35.40","188.13","1518","6553.5","228.9","0","0","0","0","29.0","228.9","29.7","30.0","1.98","0.1","-0.0","3.385","0.952","0.00","13.0","2.37","0"
"41.300","0.4309","12","0.0000","0.0000","8.1335","-44.8233","0.0000","31.9120","11.6820","0.2164","10000.0000","45.39080156","-75.69573819","36.5","13.3","875.0","79","1","79","1","0","-0.11","0.01","-0.99","-0.3","0.0","-0.5","34.66","252.62","1465","6553.5","229.0","0","0","0","0","29.0","229.0","29.7","30.0","2.09","0.1","-0.0","3.403","0.947","0.00","13.0","2.38","0"
"41.350","0.3414","12","0.0000","0.0000","13.4748","-55.2107","0.0000","31.9137","11.7000","0.2072","10000.0000","45.39080156","-75.69573821","36.5","13.3","875.0","79","1","79","1","0","-0.06","0.01","-0.98","-0.3","0.0","-0.5","33.91","215.66","1444","6553.5","229.1","0","0","0","0","29.0","229.1","29.7","30.0","2.19","0.1","-0.0","3.431","0.942","0.00","12.9","2.40","0"
"41.400","0.2535","12","0.0000","0.0000","21.8932","-79.1744","0.0000","31.9206","11.7000","0.1872","10000.0000","45.39080156","-75.69573823","36.5","13.3","875.0","79","1","79","1","0","-0.05","0.01","-0.99","-0.3","-0.0","-0.5","33.17","178.70","1479","6553.5","229.3","0","0","0","0","29.0","229.3","29.7","30.0","2.27","0.1","-0.0","3.396","0.939","0.00","12.9","2.42","0"
"41.450","0.1891","12","0.0000","0.0000","36.7706","-4.7918","0.0000","31.9187","11.7000","0.1672","10000.0000","45.39080156","-75.69573822","36.5","13.3","874.8","79","1","79","1","0","-0.06","0.02","-1.00","-0.3","-0.1","-0.5","32.42","175.00","1446","6553.5","229.6","0","0","0","0","29.0","229.6","29.7","30.0","2.32","0.1","-0.0","3.371","0.939","0.00","13.0","2.45","0"
"41.500","0.1379","12","0.0000","0.0000","55.2812","124.9104","0.0000","31.9117","11.7000","0.1472","10000.0000","45.39080156","-75.69573821","36.5","13.3","875.0","79","1","79","1","0","-0.10","0.02","-0.99","-0.3","-0.1","-0.5","31.68","162.40","1360","6553.5","229.3","0","0","0","0","29.0","229.3","29.7","30.0","2.30","0.1","-0.0","3.412","0.941","0.00","13.0","2.49","0"
"41.550","0.1194","12","0.0000","0.0000","62.7140","126.3499","0.0000","31.9115","11.7000","0.1368","10000.0000","45.39080158","-75.69573820","36.5","13.3","874.8","79","1","79","1","0","-0.13","-0.00","-0.99","-0.3","-0.1","-0.5","30.93","160.00","1265","6553.5","229.0","0","0","0","0","29.0","229.0","29.7","30.0","2.23","0.1","-0.0","3.411","0.954","0.00","12.9","2.53","0"
"41.600","0.1194","12","0.0000","0.0000","63.9157","55.6415","0.0000","31.9150","11.7000","0.1318","10000.0000","45.39080161","-75.69573820","36.5","13.3","874.5","79","1","79","1","0","-0.06","-0.01","-0.98","-0.3","-0.1","-0.5","30.18","160.00","1168","6553.5","229.2","0","0","0","0","29.0","229.2","29.7","30.0","2.06","0.1","-0.0","3.337","0.971","0.00","12.9","2.45","0"
"41.650","0.1243","12","0.0000","0.0000","62.2261","39.0201","0.0000","31.9169","11.7000","0.1268","10000.0000","45.39080162","-75.69573816","36.5","13.3","874.7","79","1","79","1","0","0.04","0.02","-0.98","-0.3","-0.1","-0.5","29.44","160.00","1390","6553.5","229.5","0","0","0","0","29.0","229.5","29.7","30.0","1.99","0.1","-0.0","3.347","0.942","0.00","12.9","2.34","0"
"41.700","0.1319","12","0.0000","0.0000","58.9102","52.8228","0.0000","31.9177","11.7000","0.1218","10000.0000","45.39080161","-75.69573810","36.5","13.3","874.5","79","1","79","1","0","0.08","0.03","-0.99","-0.3","-0.0","-0.5","28.69","142.40","1574","6553.5","229.3","0","0","0","0","29.0","229.3","29.7","30.0","2.14","0.1","-0.0","3.424","0.919","0.00","12.9","2.35","0"
"41.750","0.1654","12","0.0000","0.0000","48.6620","69.2189","0.0000","31.9163","11.7000","0.1328","10000.0000","45.39080158","-75.69573804","36.5","13.3","874.5","79","1","79","1","0","0.02","0.02","-1.01","-0.3","-0.0","-0.5","27.95","160.27","1435","6553.5","229.1","0","0","0","0","29.0","229.1","29.7","30.0","2.22","0.1","-0.0","3.434","0.939","0.00","12.9","2.38","0"
"41.800","0.2133","12","0.0000","0.0000","34.5144","87.0740","0.0000","31.9136","11.7000","0.1528","10000.0000","45.39080154","-75.69573798","36.6","13.3","874.5","79","1","79","1","0","-0.02","0.03","-1.01","-0.3","-0.0","-0.5","27.20","216.86","1325","6553.5","229.3","0","0","0","0","29.0","229.3","29.7","30.0","2.11","0.1","-0.0","3.424","0.956","0.00","12.9","2.43","0"
"41.850","0.1999","12","0.0000","0.0000","37.9128","110.0308","0.0000","31.9104","11.7000","0.1440","10000.0000","45.39080151","-75.69573796","36.6","13.3","874.8","79","1","79","1","0","-0.05","0.04","-0.99","-0.3","-0.0","-0.5","26.46","266.67","1397","6553.5","229.6","0","0","0","0","29.0","229.6","29.7","30.0","2.08","0.1","-0.0","3.435","0.951","0.00","13.0","2.49","0"
"41.900","0.1519","12","0.0000","0.0000","51.1809","135.8572","0.0000","31.9068","11.7000","0.1190","10000.0000","45.39080148","-75.69573796","36.6","13.3","875.0","79","1","79","1","0","-0.03","0.01","-0.97","-0.3","-0.0","-0.5","25.71","266.67","1459","6553.5","229.4","0","0","0","0","29.0","229.4","29.7","30.0","2.23","0.1","-0.0","3.435","0.948","0.00","13.0","2.44","0"
"41.950","0.1645","13","0.0000","0.0000","46.0072","45.8961","0.0000","31.9010","11.7320","0.1356","10000.0000","45.39080143","-75.69573796","36.6","13.3","875.0","79","1","79","1","0","-0.03","0.01","-0.96","-0.3","-0.0","-0.5","24.97","144.00","1463","6553.5","229.2","0","0","0","0","29.0","229.2","29.7","30.0","2.27","0.1","-0.0","3.373","0.960","0.00","12.9","2.38","0"
"42.000","0.2109","13","0.0000","0.0000","30.4599","-109.1957","0.0000","31.8939","11.7820","0.1756","10000.0000","45.39080136","-75.69573796","36.6","13.3","875.0","79","1","79","1","0","-0.03","0.01","-0.98","-0.3","0.0","-0.4","24.22","166.28","1462","6553.5","229.3","0","0","0","0","29.0","229.3","29.7","30.0","2.03","0.1","-0.1","3.351","0.955","0.00","12.9","2.40","0"
"42.050","0.2505","13","0.0000","0.0000","21.1706","-114.3787","0.0000","31.8892","11.8000","0.1964","10000.0000","45.39080140","-75.69573794","36.6","13.3","875.0","79","1","79","1","0","-0.01","0.01","-0.97","-0.3","0.0","-0.4","23.47","202.08","1451","6553.5","229.4","0","0","0","0","29.0","229.4","29.7","30.0","1.92","0.1","-0.1","3.401","0.920","0.00","13.0","2.44","0"
"42.100","0.2862","13","0.0000","0.0000","15.4014","-35.2381","0.0000","31.8860","11.8000","0.2064","10000.0000","45.39080149","-75.69573790","36.6","13.3","875.0","79","1","79","1","0","-0.06","0.03","-0.99","-0.3","0.0","-0.5","22.73","225.00","1415","6553.5","229.3","0","0","0","0","29.0","229.3","29.7","30.0","2.11","0.1","-0.1","3.425","0.913","0.00","13.0","2.42","0"
"42.150","0.3120","13","0.0000","0.0000","13.3645","17.0976","0.0000","31.8815","11.8000","0.1940","10000.0000","45.39080152","-75.69573780","36.6","13.3","875.0","79","1","79","1","0","-0.02","0.01","-1.00","-0.3","0.0","-0.5","21.98","144.00","1360","6553.5","229.2","0","0","0","0","29.0","229.2","29.7","30.0","2.21","0.1","-0.0","3.430","0.930","0.00","12.9","2.38","0"
"42.200","0.3323","13","0.0000","0.0000","13.4271","54.3556","0.0000","31.8762","11.8000","0.1690","10000.0000","45.39080150","-75.69573766","36.6","13.3","875.0","79","1","79","1","0","-0.06","0.02","-1.00","-0.3","-0.0","-0.5","21.24","29.39","1387","6553.5","229.2","0","0","0","0","29.0","229.2","29.7","30.0","2.11","0.1","-0.0","3.415","0.945","0.00","12.9","2.38","0"
"42.250","0.3346","13","0.0000","0.0000","14.8814","-9.3551","0.0000","31.8742","11.8000","0.1696","10000.0000","45.39080141","-75.69573763","36.6","13.3","875.0","79","1","79","1","0","-0.09","0.04","-0.99","-0.3","-0.0","-0.5","20.49","111.02","1440","6553.5","229.2","0","0","0","0","29.0","229.2","29.7","30.0","2.05","0.1","-0.0","3.393","0.958","0.00","13.0","2.38","0"
"42.300","0.3268","13","0.0000","0.0000","17.1187","-129.8607","0.0000","31.8738","11.8000","0.1846","10000.0000","45.39080129","-75.69573767","36.6","13.3","875.0","79","1","79","1","0","-0.03","0.02","-0.98","-0.3","0.0","-0.5","19.95","160.00","1419","6553.5","229.2","0","0","0","0","29.0","229.2","29.7","30.0","2.08","0.1","-0.0","3.408","0.960","0.00","12.9","2.41","0"
"42.350","0.3496","13","0.0000","0.0000","16.0948","-61.3478","0.0000","31.8715","11.8000","0.1932","10000.0000","45.39080122","-75.69573768","36.6","13.3","874.8","79","1","79","1","0","0.08","0.01","-0.99","-0.3","0.0","-0.5","19.79","160.00","1402","6553.5","229.2","0","0","0","0","29.0","229.2","29.7","30.0","2.10","0.1","-0.0","3.425","0.957","0.00","12.7","2.45","0"
"42.400","0.3897","13","0.0000","0.0000","13.2363","113.4880","0.0000","31.8679","11.8000","0.1982","10000.0000","45.39080119","-75.69573768","36.6","13.3","875.0","79","1","79","1","0","0.06","0.04","-0.99","-0.3","0.1","-0.5","19.64","160.00","1422","6553.5","229.4","0","0","0","0","29.0","229.4","29.7","30.0","2.12","0.1","-0.0","3.443","0.931","0.00","12.8","2.42","0"
"42.450","0.3618","13","0.0000","0.0000","15.7737","72.5943","0.0000","31.8666","11.8000","0.1936","10000.0000","45.39080118","-75.69573768","36.6","13.3","874.5","79","1","79","1","0","-0.03","0.05","-1.00","-0.3","0.1","-0.5","19.49","174.61","1423","6553.5","229.6","0","0","0","0","29.0","229.6","29.7","30.0","2.16","0.1","-0.0","3.443","0.921","0.00","12.9","2.38","0"
"42.500","0.2956","13","0.0000","0.0000","21.3461","-89.6474","0.0000","31.8666","11.8000","0.1836","10000.0000","45.39080118","-75.69573768","36.6","13.3","875.0","79","1","79","1","0","-0.04","0.04","-0.99","-0.3","0.0","-0.5","19.33","211.12","1392","6553.5","229.5","0","0","0","0","29.0","229.5","29.7","30.0","2.24","0.1","-0.0","3.413","0.938","0.00","12.9","2.37","0"
"42.550","0.2621","13","0.0000","0.0000","24.0536","-85.8857","0.0000","31.8644","11.8000","0.1768","10000.0000","45.39080120","-75.69573767","36.6","13.3","874.8","79","1","79","1","0","-0.14","0.03","-0.99","-0.3","0.0","-0.6","19.18","225.00","1269","6553.5","229.4","0","0","0","0","29.0","229.4","29.7","30.0","2.24","0.1","-0.0","3.395","0.952","0.00","12.9","2.38","0"
"42.600","0.2469","13","0.0000","0.0000","25.1496","11.2530","0.0000","31.8610","11.8000","0.1718","10000.0000","45.39080123","-75.69573765","36.6","13.3","875.0","79","1","79","1","0","-0.12","0.03","-0.98","-0.3","0.1","-0.5","19.02","156.36","1072","6553.5","229.0","0","0","0","0","29.0","229.0","29.7","30.0","2.06","0.1","-0.0","3.387","0.966","0.00","12.9","2.42","0"
"42.650","0.2723","13","0.0000","0.0000","22.4998","47.1047","0.0000","31.8582","11.8320","0.1764","10000.0000","45.39080126","-75.69573760","36.6","13.3","875.0","79","1","79","1","0","-0.13","0.02","-0.99","-0.3","0.1","-0.5","18.87","124.73","1233","6553.5","228.6","0","0","0","0","29.0","228.6","29.7","30.0","1.90","0.1","-0.0","3.402","0.955","0.00","12.9","2.46","0"
"42.700","0.3204","13","0.0000","0.0000","17.7432","48.4825","0.0000","31.8557","11.8820","0.1864","10000.0000","45.39080128","-75.69573752","36.6","13.3","874.5","79","1","79","1","0","-0.14","0.02","-1.00","-0.3","0.1","-0.5","18.72","141.58","1507","6553.5","228.8","0","0","0","0","29.0","228.8","29.7","30.0","1.81","0.1","-0.0","3.424","0.937","0.00","12.9","2.46","0"
"42.750","0.4458","13","0.0000","0.0000","11.8952","23.3823","0.0000","31.8425","11.9000","0.1964","10000.0000","45.39080132","-75.69573754","36.6","13.3","875.0","79","1","79","1","0","-0.11","0.01","-0.99","-0.3","0.0","-0.5","18.56","150.00","1472","6553.5","229.1","0","0","0","0","29.0","229.1","29.7","30.0","1.81","0.1","-0.0","3.404","0.940","0.00","12.9","2.44","0"
"42.800","0.6146","13","0.0000","0.0000","5.4332","-16.6116","0.0000","31.8235","11.9000","0.2064","10000.0000","45.39080136","-75.69573762","36.6","13.3","875.0","79","1","79","1","0","-0.02","0.02","-0.99","-0.3","0.0","-0.5","18.41","150.00","1408","6553.5","228.9","0","0","0","0","29.0","228.9","29.7","30.0","2.04","0.1","-0.0","3.388","0.945","0.00","12.9","2.42","0"
"42.850","0.4756","13","0.0000","0.0000","27.6889","-48.9651","0.0000","31.8155","11.9000","0.1972","10000.0000","45.39080135","-75.69573756","36.6","13.3","874.8","79","1","79","1","0","-0.06","0.03","-1.00","-0.3","0.0","-0.5","18.25","168.94","1247","6553.5","228.6","0","0","0","0","29.0","228.6","29.7","30.0","2.17","0.1","-0.0","3.412","0.957","0.00","12.8","2.39","0"
"42.900","0.1633","13","0.0000","0.0000","66.0983","-77.0209","0.0000","31.8136","11.9000","0.1772","10000.0000","45.39080130","-75.69573744","36.6","13.3","874.5","79","1","79","1","0","-0.00","0.02","-0.98","-0.3","0.0","-0.5","18.10","206.82","1141","6553.5","228.7","0","0","0","0","29.0","228.7","29.7","30.0","2.05","0.1","-0.0","3.434","0.965","0.00","12.8","2.41","0"
"42.950","0.1549","12","0.0000","0.0000","57.3358","-3.3004","0.0000","31.8134","11.9000","0.1828","10000.0000","45.39080124","-75.69573737","36.6","13.3","874.7","79","1","79","1","0","0.11","-0.00","-0.98","-0.3","0.0","-0.5","17.95","188.21","1372","6553.5","228.8","0","0","0","0","29.0","228.8","29.7","30.0","2.00","0.1","-0.0","3.438","0.953","0.00","12.9","2.43","0"
"43.000","0.3174","12","0.0000","0.0000","22.0392","127.6693","0.0000","31.8141","11.9000","0.2028","10000.0000","45.39080117","-75.69573732","36.6","13.3","874.5","79","1","79","1","0","0.12","0.01","-1.00","-0.3","0.0","-0.5","17.79","150.00","1545","6553.5","228.8","0","0","0","0","29.0","228.8","29.7","30.0","2.08","0.1","-0.0","3.440","0.942","0.00","12.9","2.46","0"
"43.050","0.3266","12","0.0000","0.0000","10.8073","162.6178","0.0000","31.8172","11.9000","0.2036","10000.0000","45.39080116","-75.69573726","36.6","13.3","874.5","79","1","79","1","0","0.01","-0.00","-1.00","-0.3","0.0","-0.5","17.64","155.75","1364","6553.5","228.7","0","0","0","0","29.0","228.7","29.7","30.0","2.11","0.1","-0.0","3.434","0.943","0.00","12.9","2.50","0"
"43.100","0.2496","12","0.0000","0.0000","13.1119","143.5544","0.0000","31.8216","11.9000","0.1936","10000.0000","45.39080118","-75.69573720","36.6","13.3","875.0","79","1","79","1","0","-0.01","0.01","-1.00","-0.3","0.0","-0.5","17.48","168.25","1236","6553.5","228.8","0","0","0","0","29.0","228.8","29.7","30.0","1.98","0.1","-0.0","3.428","0.941","0.00","12.9","2.50","0"
"43.150","0.1791","12","0.0000","0.0000","15.7595","146.7496","0.0000","31.8165","11.9000","0.1964","10000.0000","45.39080117","-75.69573717","36.6","13.3","875.0","79","1","79","1","0","-0.12","0.03","-1.00","-0.3","0.0","-0.5","17.33","255.50","1432","6553.5","229.0","0","0","0","0","29.0","229.0","29.7","30.0","1.95","0.1","-0.0","3.428","0.928","0.00","12.9","2.49","0"
"43.200","0.1123","12","0.0000","0.0000","18.5999","162.4653","0.0000","31.8060","11.9000","0.2064","10000.0000","45.39080114","-75.69573715","36.6","13.3","875.5","79","1","79","1","0","-0.13","0.04","-0.99","-0.3","0.0","-0.5","17.18","258.00","1563","6553.5","229.0","0","0","0","0","29.0","229.0","29.7","30.0","2.12","0.1","-0.0","3.427","0.918","0.00","12.9","2.44","0"
"43.250","0.0882","12","0.0000","0.0000","20.3771","124.6819","0.0000","31.8006","11.9320","0.2100","10000.0000","45.39080114","-75.69573710","36.6","13.3","874.7","79","1","79","1","0","-0.01","0.01","-0.98","-0.3","0.0","-0.5","17.02","150.00","1295","6553.5","229.1","0","0","0","0","29.0","229.1","29.7","30.0","2.20","0.1","-0.0","3.419","0.930","0.00","12.9","2.38","0"
"43.300","0.0882","12","0.0000","0.0000","21.5564","56.8050","0.0000","31.7980","11.9820","0.2100","10000.0000","45.39080117","-75.69573702","36.6","13.3","875.0","79","1","79","1","0","0.04","0.01","-0.99","-0.3","0.0","-0.5","16.87","150.00","1108","6553.5","228.9","0","0","0","0","29.0","228.9","29.7","30.0","2.08","0.1","-0.0","3.415","0.940","0.00","12.9","2.38","0"
"43.350","0.1176","12","0.0000","0.0000","17.1017","-31.9152","0.0000","31.7971","12.0000","0.2132","10000.0000","45.39080117","-75.69573699","36.6","13.3","874.8","79","1","79","1","0","0.04","-0.01","-0.99","-0.3","0.0","-0.5","16.91","150.00","1413","6553.5","228.6","0","0","0","0","29.0","228.6","29.7","30.0","2.00","0.1","-0.0","3.432","0.929","0.00","13.0","2.39","0"
"43.400","0.1635","12","0.0000","0.0000","9.4779","-132.3597","0.0000","31.7971","12.0000","0.2182","10000.0000","45.39080117","-75.69573699","36.6","13.3","875.0","79","1","79","1","0","-0.09","0.01","-0.98","-0.2","-0.0","-0.5","17.35","150.00","1626","6553.5","228.7","0","0","0","0","29.0","228.7","29.7","30.0","2.04","0.1","-0.0","3.445","0.923","0.00","13.0","2.41","0"
"43.450","0.1482","12","0.0000","0.0000","-1.6345","-170.0405","0.0000","31.7888","12.0000","0.2200","10000.0000","45.39080117","-75.69573693","36.6","13.3","875.0","79","1","79","1","0","-0.05","0.00","-0.98","-0.2","-0.0","-0.5","17.78","150.00","1359","6553.5","228.9","0","0","0","0","29.0","228.9","29.7","30.0","2.06","0.1","-0.0","3.436","0.942","0.00","12.9","2.44","0"
"43.500","0.0984","12","0.0000","0.0000","-14.7093","-172.4166","0.0000","31.7757","12.0000","0.2200","10000.0000","45.39080116","-75.69573684","36.6","13.3","875.0","79","1","79","1","0","-0.03","0.03","-0.99","-0.2","-0.1","-0.5","18.21","141.46","1271","6553.5","228.9","0","0","0","0","29.0","228.9","29.7","30.0","2.02","0.1","-0.0","3.429","0.950","0.00","12.9","2.41","0"
"43.550","0.1285","12","0.0000","0.0000","-12.0717","-65.8157","0.0000","31.7715","12.0000","0.2200","10000.0000","45.39080111","-75.69573678","36.6","13.3","874.7","79","1","79","1","0","0.01","0.04","-0.99","-0.2","-0.1","-0.5","18.65","122.90","1500","6553.5","229.0","0","0","0","0","29.0","229.0","29.7","30.0","2.06","0.1","-0.0","3.430","0.937","0.00","13.0","2.37","0"
"43.600","0.2035","12","0.0000","0.0000","-0.5958","102.0848","0.0000","31.7722","12.0000","0.2200","10000.0000","45.39080104","-75.69573673","36.6","13.3","874.5","79","1","79","1","0","0.09","0.02","-0.99","-0.2","-0.0","-0.6","19.08","112.50","1439","6553.5","228.7","0","0","0","0","29.0","228.7","29.7","30.0","2.29","0.1","-0.0","3.430","0.935","0.00","13.0","2.38","0"
"43.650","0.2572","12","0.0000","0.0000","1.2771","60.3268","0.0000","31.7680","12.0000","0.2168","10000.0000","45.39080102","-75.69573670","36.6","13.3","875.0","79","1","79","1","0","0.12","0.02","-1.00","-0.2","-0.0","-0.6","19.52","129.00","1150","6553.5","228.4","0","0","0","0","29.0","228.4","29.7","30.0","2.34","0.1","-0.0","3.426","0.941","0.00","12.9","2.40","0"
"43.700","0.2988","12","0.0000","0.0000","-2.2515","-99.3642","0.0000","31.7610","12.0000","0.2118","10000.0000","45.39080101","-75.69573669","36.6","13.3","875.0","79","1","79","1","0","0.07","0.02","-1.01","-0.2","0.0","-0.6","19.95","145.19","1227","6553.5","228.5","0","0","0","0","29.0","228.5","29.7","30.0","1.99","0.1","-0.0","3.425","0.949","0.00","12.9","2.39","0"
"43.750","0.2872","12","0.0000","0.0000","-2.7035","-148.4377","0.0000","31.7608","12.0000","0.2004","10000.0000","45.39080103","-75.69573668","36.6","13.3","874.8","79","1","79","1","0","-0.04","0.02","-1.01","-0.3","0.0","-0.6","20.38","134.26","1419","6553.5","228.7","0","0","0","0","29.0","228.7","29.7","30.0","1.80","0.1","-0.0","3.425","0.959","0.00","13.0","2.38","0"
"43.800","0.2455","12","0.0000","0.0000","-1.4249","-135.2888","0.0000","31.7644","12.0000","0.1854","10000.0000","45.39080107","-75.69573668","36.6","13.3","875.0","79","1","79","1","0","-0.09","0.02","-0.98","-0.3","0.1","-0.5","20.82","128.57","1456","6553.5","228.9","0","0","0","0","29.0","228.9","29.7","30.0","2.03","0.1","-0.0","3.430","0.934","0.00","13.0","2.38","0"
"43.850","0.2188","12","0.0000","0.0000","-0.9307","-43.6279","0.0000","31.7662","12.0000","0.1896","10000.0000","45.39080107","-75.69573664","36.6","13.3","875.0","79","1","79","1","0","-0.10","0.04","-0.98","-0.3","0.1","-0.5","21.25","194.86","1451","6553.5","229.1","0","0","0","0","29.0","229.1","29.7","30.0","2.17","0.1","-0.0","3.438","0.915","0.00","12.9","2.37","0"
"43.900","0.2005","12","0.0000","0.0000","-0.8778","92.1960","0.0000","31.7671","12.0000","0.2046","10000.0000","45.39080106","-75.69573658","36.6","13.3","874.5","79","1","79","1","0","-0.04","0.03","-0.98","-0.3","0.1","-0.5","21.68","266.67","1255","6553.5","229.0","0","0","0","0","29.0","229.0","29.7","30.0","2.13","0.1","-0.0","3.434","0.937","0.00","12.9","2.37","0"
"43.950","0.2247","11","0.0000","0.0000","-2.7210","115.6815","0.0000","31.7568","12.0320","0.1972","10000.0000","45.39080108","-75.69573649","36.6","13.3","875.0","79","1","79","1","0","-0.01","0.02","-0.99","-0.3","0.1","-0.5","22.12","238.82","1213","6553.5","228.8","0","0","0","0","29.0","228.8","29.7","30.0","2.09","0.1","-0.0","3.431","0.948","0.00","13.0","2.38","0"
"44.000","0.2729","11","0.0000","0.0000","-5.6307","75.9767","0.0000","31.7404","12.0820","0.1772","10000.0000","45.39080110","-75.69573638","36.6","13.3","875.0","79","1","79","1","0","0.04","0.03","-1.01","-0.3","0.1","-0.5","22.55","180.79","1447","6553.5","228.8","0","0","0","0","29.0","228.8","29.7","30.0","2.08","0.1","-0.0","3.432","0.940","0.00","12.9","2.42","0"
"44.050","0.2561","11","0.0000","0.0000","-8.0859","-9.2605","0.0000","31.7395","12.1000","0.1860","10000.0000","45.39080110","-75.69573631","36.6","13.3","875.0","79","1","79","1","0","-0.01","0.02","-1.01","-0.3","0.1","-0.5","22.99","131.19","1477","6553.5","228.9","0","0","0","0","29.0","228.9","29.7","30.0","2.04","0.1","-0.0","3.432","0.944","0.00","12.8","2.47","0"
"44.100","0.2028","11","0.0000","0.0000","-10.2853","-120.1097","0.0000","31.7473","12.1000","0.2110","10000.0000","45.39080109","-75.69573626","36.6","13.3","875.0","79","1","79","1","0","-0.07","0.03","-1.00","-0.3","0.0","-0.6","23.42","157.38","1346","6553.5","228.9","0","0","0","0","29.0","228.9","29.7","30.0","1.96","0.1","-0.0","3.430","0.957","0.00","12.9","2.44","0"
"44.150","0.3213","11","0.0000","0.0000","-8.4668","-113.2280","0.0000","31.7447","12.1000","0.2232","10000.0000","45.39080118","-75.69573630","36.6","13.3","875.0","79","1","79","1","0","0.03","0.04","-0.98","-0.4","0.0","-0.6","23.85","156.40","1418","6553.5","228.8","0","0","0","0","29.0","228.8","29.7","30.0","1.94","0.1","-0.0","3.412","0.946","0.00","13.0","2.40","0"
"44.200","0.5366","11","0.0000","0.0000","-4.3882","-40.1228","0.0000","31.7364","12.1000","0.2282","10000.0000","45.39080132","-75.69573637","36.6","13.3","875.0","79","1","79","1","0","0.05","0.03","-0.98","-0.4","0.0","-0.6","24.29","152.40","1553","6553.5","228.9","0","0","0","0","29.0","228.9","29.7","30.0","2.06","0.1","-0.0","3.381","0.927","0.00","12.9","2.38","0"
"44.250","0.4558","11","0.0000","0.0000","-9.2605","43.8444","0.0000","31.7365","12.1000","0.2268","10000.0000","45.39080130","-75.69573634","36.6","13.3","874.8","79","1","79","1","0","0.04","0.04","-1.00","-0.4","0.0","-0.6","24.72","150.00","1438","6553.5","229.1","0","0","0","0","29.0","229.1","29.7","30.0","2.12","0.1","-0.0","3.355","0.927","0.00","12.8","2.36","0"
"44.300","0.2084","11","0.0000","0.0000","-19.1677","133.9214","0.0000","31.7415","12.1000","0.2218","10000.0000","45.39080119","-75.69573625","36.6","13.3","875.0","79","1","79","1","0","-0.02","0.04","-0.99","-0.4","0.0","-0.7","25.15","196.67","1351","6553.5","229.1","0","0","0","0","29.0","229.1","29.7","30.0","2.06","0.1","-0.0","3.329","0.928","0.00","12.9","2.35","0"
"44.350","0.1411","11","0.0000","0.0000","-16.9651","105.2064","0.0000","31.7457","12.1000","0.2168","10000.0000","45.39080121","-75.69573621","36.6","13.3","875.0","79","1","79","1","0","-0.13","0.03","-0.99","-0.3","0.0","-0.7","25.59","244.21","1492","6553.5","229.1","0","0","0","0","29.0","229.1","29.7","30.0","2.04","0.1","-0.0","3.384","0.926","0.00","13.0","2.34","0"
"44.400","0.1749","11","0.0000","0.0000","-7.9508","9.6709","0.0000","31.7494","12.1000","0.2118","10000.0000","45.39080131","-75.69573619","36.6","13.3","874.5","79","1","79","1","0","-0.11","0.01","-0.99","-0.3","0.0","-0.6","25.80","188.07","1598","6553.5","229.2","0","0","0","0","29.0","229.2","29.7","30.0","2.11","0.1","-0.1","3.433","0.926","0.00","13.0","2.40","0"
"44.450","0.1435","11","0.0000","0.0000","-3.6072","-71.1904","0.0000","31.7490","12.1320","0.2068","10000.0000","45.39080132","-75.69573614","36.6","13.3","874.8","79","1","79","1","0","-0.08","0.01","-0.98","-0.3","0.0","-0.6","25.58","160.00","1491","6553.5","229.3","0","0","0","0","29.0","229.3","29.7","30.0","2.16","0.1","-0.0","3.428","0.942","0.00","12.9","2.48","0"
"44.500","0.0754","11","0.0000","0.0000","-1.8909","-143.7974","0.0000","31.7463","12.1820","0.2018","10000.0000","45.39080128","-75.69573608","36.6","13.3","874.5","79","1","79","1","0","-0.09","0.03","-0.98","-0.2","0.0","-0.5","25.36","280.00","1396","6553.5","229.4","0","0","0","0","29.0","229.4","29.7","30.0","2.15","0.1","-0.0","3.423","0.955","0.00","12.9","2.46","0"
"44.550","0.0728","11","0.0000","0.0000","-9.4893","-116.9705","0.0000","31.7387","12.2000","0.2000","10000.0000","45.39080128","-75.69573604","36.6","13.3","875.0","79","1","79","1","0","-0.14","0.02","-0.97","-0.2","0.0","-0.5","25.14","350.00","1376","6553.5","229.5","0","0","0","0","29.0","229.5","29.7","30.0","2.15","0.1","-0.0","3.425","0.951","0.00","13.0","2.43","0"
"44.600","0.1071","11","0.0000","0.0000","-22.3273","-34.2119","0.0000","31.7284","12.2000","0.2000","10000.0000","45.39080131","-75.69573601","36.6","13.3","875.0","79","1","79","1","0","-0.17","0.03","-0.98","-0.2","-0.0","-0.5","24.92","250.00","1351","6553.5","229.5","0","0","0","0","29.0","229.5","29.7","30.0","2.17","0.1","-0.0","3.427","0.947","0.00","12.9","2.46","0"
"44.650","0.1503","11","0.0000","0.0000","-24.5308","-12.8221","0.0000","31.7157","12.2000","0.1936","10000.0000","45.39080132","-75.69573598","36.6","13.3","874.7","79","1","79","1","0","-0.15","0.05","-1.00","-0.2","-0.0","-0.5","24.70","160.00","1293","6553.5","229.5","0","0","0","0","29.0","229.5","29.7","30.0","2.17","0.1","-0.0","3.429","0.941","0.00","12.8","2.49","0"
"44.700","0.1986","11","0.0000","0.0000","-20.7524","-25.9523","0.0000","31.7018","12.2000","0.1836","10000.0000","45.39080132","-75.69573595","36.6","13.3","874.5","79","1","79","1","0","-0.09","0.05","-1.01","-0.2","-0.0","-0.5","24.48","160.00","1256","6553.5","229.8","0","0","0","0","29.0","229.8","29.7","30.0","2.09","0.1","-0.0","3.431","0.934","0.00","12.9","2.45","0"
"44.750","0.1851","11","0.0000","0.0000","-24.4583","-46.1537","0.0000","31.7007","12.2000","0.1672","10000.0000","45.39080133","-75.69573598","36.6","13.3","875.0","79","1","79","1","0","0.04","0.03","-1.01","-0.2","0.0","-0.5","24.26","135.47","1341","6553.5","230.1","0","0","0","0","29.0","230.1","29.7","30.0","2.10","0.1","-0.0","3.429","0.920","0.00","13.0","2.40","0"
"44.800","0.1368","11","0.0000","0.0000","-32.3742","-70.3326","0.0000","31.7068","12.2000","0.1472","10000.0000","45.39080134","-75.69573606","36.6","13.3","874.5","79","1","79","1","0","-0.02","0.02","-1.00","-0.3","0.0","-0.5","24.04","142.92","1418","6553.5","229.9","0","0","0","0","29.0","229.9","29.7","30.0","2.31","0.1","-0.0","3.422","0.912","0.00","13.0","2.42","0"
"44.850","0.2287","11","0.0000","0.0000","-24.2733","-5.5267","0.0000","31.7167","12.2000","0.1624","10000.0000","45.39080131","-75.69573603","36.6","13.3","874.8","79","1","79","1","0","-0.15","0.01","-0.98","-0.3","0.1","-0.5","23.82","153.33","1437","6553.5","229.6","0","0","0","0","29.0","229.6","29.7","30.0","2.38","0.1","-0.0","3.377","0.944","0.00","12.9","2.45","0"
"44.900","0.3995","11","0.0000","0.0000","-7.1631","109.3332","0.0000","31.7288","12.2000","0.1974","10000.0000","45.39080126","-75.69573594","36.6","13.3","875.0","79","1","79","1","0","-0.11","-0.01","-0.98","-0.3","0.1","-0.6","23.60","148.45","1455","6553.5","229.9","0","0","0","0","29.0","229.9","29.7","30.0","2.11","0.1","-0.0","3.343","0.970","0.00","12.9","2.49","0"
"44.950","0.4343","12","0.0000","0.0000","-4.3491","61.2696","0.0000","31.7214","12.2320","0.2036","10000.0000","45.39080123","-75.69573592","36.6","13.3","875.0","79","1","79","1","0","0.01","-0.01","-0.99","-0.3","0.1","-0.5","23.38","116.35","1459","6553.5","230.2","0","0","0","0","29.0","230.2","29.7","30.0","1.98","0.1","-0.0","3.376","0.959","0.00","13.0","2.54","0"
"45.000","0.3926","12","0.0000","0.0000","-9.5767","-78.4384","0.0000","31.7031","12.2820","0.1936","10000.0000","45.39080120","-75.69573596","36.6","13.3","875.0","79","1","79","1","0","0.06","0.00","-0.99","-0.3","0.0","-0.5","23.16","129.49","1441","6553.5","230.2","0","0","0","0","29.0","230.2","29.7","30.0","2.15","0.1","-0.0","3.405","0.952","0.00","13.0","2.49","0"
"45.050","0.3585","12","0.0000","0.0000","-10.3619","-31.4134","0.0000","31.6992","12.3000","0.1996","10000.0000","45.39080117","-75.69573594","36.6","13.3","875.0","79","1","79","1","0","-0.01","0.02","-1.00","-0.3","0.0","-0.5","22.94","148.80","1292","6553.5","230.3","0","0","0","0","29.0","230.3","29.7","30.0","2.20","0.1","-0.0","3.406","0.965","0.00","12.9","2.41","0"
"45.100","0.3287","12","0.0000","0.0000","-8.6481","120.6491","0.0000","31.7035","12.3000","0.2146","10000.0000","45.39080113","-75.69573589","36.6","13.3","874.5","79","1","79","1","0","-0.07","0.03","-1.00","-0.3","0.0","-0.5","22.72","160.00","1189","6553.5","230.3","0","0","0","0","29.0","230.3","29.7","30.0","2.00","0.1","-0.0","3.407","0.975","0.00","12.9","2.42","0"
"45.150","0.3392","12","0.0000","0.0000","-6.5507","121.0021","0.0000","31.7030","12.3000","0.2200","10000.0000","45.39080122","-75.69573584","36.6","13.3","875.0","79","1","79","1","0","-0.08","0.02","-0.99","-0.3","0.0","-0.5","22.50","160.00","1370","6553.5","230.2","0","0","0","0","29.0","230.2","29.7","30.0","1.91","0.1","-0.0","3.411","0.958","0.00","12.9","2.44","0"
"45.200","0.3724","12","0.0000","0.0000","-4.2374","36.0186","0.0000","31.6999","12.3000","0.2200","10000.0000","45.39080137","-75.69573580","36.6","13.3","875.0","79","1","79","1","0","0.02","-0.00","-0.99","-0.3","0.1","-0.5","22.28","160.00","1492","6553.5","230.1","0","0","0","0","29.0","230.1","29.7","30.0","2.07","0.1","-0.0","3.415","0.946","0.00","12.9","2.48","0"
"45.250","0.3444","12","0.0000","0.0000","-6.6287","27.9884","0.0000","31.6926","12.3000","0.2040","10000.0000","45.39080140","-75.69573573","36.6","13.3","874.7","79","1","79","1","0","0.05","0.00","-1.00","-0.3","0.1","-0.5","22.06","160.00","1247","6553.5","230.0","0","0","0","0","29.0","230.0","29.7","30.0","2.12","0.1","-0.0","3.417","0.962","0.00","12.9","2.53","0"
"45.300","0.2821","12","0.0000","0.0000","-11.6662","63.2443","0.0000","31.6830","12.3000","0.1790","10000.0000","45.39080136","-75.69573565","36.6","13.3","875.0","79","1","79","1","0","0.02","0.03","-1.01","-0.3","0.1","-0.5","21.84","160.00","1082","6553.5","230.0","0","0","0","0","29.0","230.0","29.7","30.0","1.92","0.1","-0.0","3.419","0.971","0.00","12.9","2.52","0"
"45.350","0.2729","12","0.0000","0.0000","-14.2900","40.5315","0.0000","31.6768","12.3000","0.1796","10000.0000","45.39080138","-75.69573565","36.6","13.3","875.0","79","1","79","1","0","0.13","0.03","-0.99","-0.3","0.0","-0.5","21.62","160.00","1336","6553.5","229.9","0","0","0","0","29.0","229.9","29.7","30.0","1.86","0.1","-0.0","3.427","0.940","0.00","12.9","2.50","0"
"45.400","0.2937","12","0.0000","0.0000","-15.5560","-14.7888","0.0000","31.6725","12.3000","0.1946","10000.0000","45.39080141","-75.69573570","36.6","13.3","875.0","79","1","79","1","0","0.06","0.00","-0.98","-0.3","0.0","-0.6","21.40","160.00","1418","6553.5","229.8","0","0","0","0","29.0","229.8","29.7","30.0","2.06","0.1","-0.1","3.433","0.931","0.00","12.9","2.47","0"
"45.450","0.2730","12","0.0000","0.0000","-16.2046","-75.5802","0.0000","31.6670","12.3320","0.2064","10000.0000","45.39080138","-75.69573568","36.6","13.3","874.8","79","1","79","1","0","0.06","0.01","-0.99","-0.3","0.0","-0.6","21.22","180.98","1195","6553.5","229.7","0","0","0","0","29.0","229.7","29.7","30.0","2.12","0.1","-0.0","3.432","0.963","0.00","13.0","2.43","0"
"45.500","0.2289","12","0.0000","0.0000","-16.5060","-139.4491","0.0000","31.6607","12.3820","0.2164","10000.0000","45.39080131","-75.69573561","36.6","13.3","875.0","79","1","79","1","0","0.03","0.03","-1.01","-0.3","0.0","-0.6","21.14","205.37","1230","6553.5","229.7","0","0","0","0","29.0","229.7","29.7","30.0","1.86","0.1","-0.0","3.431","0.958","0.00","13.0","2.41","0"
"45.550","0.1937","12","0.0000","0.0000","-19.5060","-100.6103","0.0000","31.6570","12.4000","0.2072","10000.0000","45.39080134","-75.69573553","36.6","13.3","875.0","79","1","79","1","0","-0.13","0.03","-1.01","-0.3","0.0","-0.6","21.05","196.00","1469","6553.5","229.7","0","0","0","0","29.0","229.7","29.7","30.0","1.77","0.1","-0.0","3.432","0.923","0.00","12.9","2.38","0"
"45.600","0.1636","12","0.0000","0.0000","-24.0240","-3.9985","0.0000","31.6546","12.4000","0.1872","10000.0000","45.39080143","-75.69573544","36.6","13.3","875.0","79","1","79","1","0","-0.10","0.02","-1.00","-0.3","0.1","-0.5","20.97","160.00","1358","6553.5","229.6","0","0","0","0","29.0","229.6","29.7","30.0","2.11","0.1","-0.0","3.435","0.926","0.00","12.9","2.40","0"
"45.650","0.1885","12","0.0000","0.0000","-21.0248","32.9351","0.0000","31.6567","12.4000","0.1832","10000.0000","45.39080151","-75.69573536","36.6","13.3","874.8","79","1","79","1","0","0.02","0.02","-1.00","-0.3","0.1","-0.5","20.88","160.00","1138","6553.5","229.5","0","0","0","0","29.0","229.5","29.7","30.0","2.27","0.1","-0.0","3.440","0.939","0.00","13.0","2.43","0"
"45.700","0.2444","12","0.0000","0.0000","-13.7970","36.2996","0.0000","31.6612","12.4000","0.1882","10000.0000","45.39080160","-75.69573528","36.6","13.3","874.5","79","1","79","1","0","0.05","0.02","-1.01","-0.3","0.1","-0.5","20.80","160.00","1339","6553.5","229.8","0","0","0","0","29.0","229.8","29.7","30.0","2.03","0.1","-0.0","3.440","0.947","0.00","13.0","2.45","0"
"45.750","0.2645","12","0.0000","0.0000","-8.8714","-23.8850","0.0000","31.6622","12.4000","0.1932","10000.0000","45.39080160","-75.69573530","36.6","13.3","874.8","79","1","79","1","0","-0.03","0.03","-1.00","-0.3","0.0","-0.5","20.71","155.40","1517","6553.5","230.1","0","0","0","0","29.0","230.1","29.7","30.0","1.91","0.1","-0.0","3.438","0.952","0.00","12.9","2.48","0"
"45.800","0.2645","12","0.0000","0.0000","-5.2407","-119.8158","0.0000","31.6612","12.4000","0.1982","10000.0000","45.39080154","-75.69573538","36.6","13.3","875.5","79","1","79","1","0","-0.11","0.03","-1.00","-0.2","0.0","-0.5","20.63","150.00","1483","6553.5","230.1","0","0","0","0","29.0","230.1","29.7","30.0","2.06","0.1","-0.0","3.425","0.943","0.00","12.9","2.43","0"
"45.850","0.2057","12","0.0000","0.0000","-17.2637","-150.3148","0.0000","31.6548","12.4000","0.1872","10000.0000","45.39080154","-75.69573535","36.6","13.3","875.3","79","1","79","1","0","-0.07","0.01","-0.97","-0.2","0.0","-0.5","20.54","132.75","1474","6553.5","230.2","0","0","0","0","29.0","230.2","29.7","30.0","2.15","0.1","-0.0","3.412","0.935","0.00","13.0","2.37","0"
"45.900","0.1136","12","0.0000","0.0000","-38.0919","-144.0084","0.0000","31.6453","12.4000","0.1672","10000.0000","45.39080156","-75.69573525","36.6","13.3","875.5","79","1","79","1","0","-0.01","0.02","-0.99","-0.3","0.0","-0.5","20.46","123.11","1507","6553.5","230.2","0","0","0","0","29.0","230.2","29.7","30.0","2.12","0.1","-0.0","3.403","0.929","0.00","13.0","2.36","0"
"45.950","0.0710","13","0.0000","0.0000","-43.4051","-134.3056","0.0000","31.6441","12.4000","0.1568","10000.0000","45.39080159","-75.69573522","36.6","13.3","875.3","79","1","79","1","0","0.02","0.03","-0.98","-0.3","-0.0","-0.5","20.37","146.17","1482","6553.5","230.3","0","0","0","0","29.0","230.3","29.7","30.0","2.09","0.1","-0.0","3.405","0.929","0.00","12.9","2.37","0"
"46.000","0.0562","13","0.0000","0.0000","-39.9912","-122.6923","0.0000","31.6477","12.4000","0.1518","10000.0000","45.39080162","-75.69573522","36.6","13.3","875.0","79","1","79","1","0","-0.05","0.04","-0.99","-0.3","-0.0","-0.5","20.29","156.00","1412","6553.5","230.4","0","0","0","0","29.0","230.4","29.7","30.0","2.07","0.1","-0.0","3.428","0.933","0.00","12.9","2.42","0"
"46.050","0.1056","13","0.0000","0.0000","-30.7366","-66.5855","0.0000","31.6451","12.4320","0.1628","10000.0000","45.39080162","-75.69573517","36.6","13.3","874.7","79","1","79","1","0","-0.06","0.04","-0.98","-0.3","-0.0","-0.5","20.20","150.00","1509","6553.5","230.5","0","0","0","0","29.0","230.5","29.7","30.0","2.05","0.1","-0.0","3.435","0.934","0.00","13.0","2.47","0"
"46.100","0.1911","13","0.0000","0.0000","-18.1967","14.5488","0.0000","31.6390","12.4820","0.1828","10000.0000","45.39080162","-75.69573509","36.6","13.3","875.0","79","1","79","1","0","-0.04","0.03","-0.97","-0.3","-0.0","-0.5","20.12","147.31","1659","6553.5","230.6","0","0","0","0","29.0","230.6","29.7","30.0","2.04","0.1","-0.0","3.428","0.934","0.00","12.9","2.48","0"
"46.150","0.1940","13","0.0000","0.0000","-14.8171","78.3185","0.0000","31.6323","12.5000","0.1964","10000.0000","45.39080161","-75.69573505","36.6","13.3","875.0","79","1","79","1","0","0.04","0.03","-0.99","-0.3","-0.0","-0.5","20.03","140.59","1443","6553.5","230.8","0","0","0","0","29.0","230.8","29.7","30.0","2.04","0.1","-0.0","3.419","0.942","0.00","12.8","2.47","0"
"46.200","0.1504","13","0.0000","0.0000","-16.5903","132.3204","0.0000","31.6254","12.5000","0.2064","10000.0000","45.39080161","-75.69573504","36.6","13.3","875.0","79","1","79","1","0","0.06","0.03","-1.00","-0.3","0.0","-0.5","19.95","133.87","1276","6553.5","230.7","0","0","0","0","29.0","230.7","29.7","30.0","2.06","0.1","-0.0","3.407","0.949","0.00","12.9","2.50","0"
"46.250","0.1626","13","0.0000","0.0000","-14.9216","73.3800","0.0000","31.6223","12.5000","0.1940","10000.0000","45.39080162","-75.69573507","36.6","13.3","875.0","79","1","79","1","0","-0.05","0.03","-1.00","-0.3","0.0","-0.5","19.86","133.33","1505","6553.5","230.5","0","0","0","0","29.0","230.5","29.7","30.0","2.06","0.1","-0.0","3.376","0.941","0.00","13.0","2.54","0"
"46.300","0.2062","13","0.0000","0.0000","-11.3169","-49.0906","0.0000","31.6214","12.5000","0.1690","10000.0000","45.39080162","-75.69573513","36.6","13.3","875.0","79","1","79","1","0","-0.11","0.02","-1.00","-0.3","0.0","-0.5","19.78","129.05","1662","6553.5","230.6","0","0","0","0","29.0","230.6","29.7","30.0","2.00","0.1","-0.0","3.357","0.936","0.00","13.0","2.54","0"
"46.350","0.2282","13","0.0000","0.0000","-9.2855","-65.3041","0.0000","31.6218","12.5000","0.1760","10000.0000","45.39080166","-75.69573511","36.6","13.3","874.8","79","1","79","1","0","-0.05","0.01","-0.99","-0.3","0.0","-0.5","19.69","135.46","1441","6553.5","230.8","0","0","0","0","29.0","230.8","29.7","30.0","1.97","0.1","-0.0","3.405","0.943","0.00","12.9","2.52","0"
"46.400","0.2380","13","0.0000","0.0000","-8.1389","-21.7479","0.0000","31.6228","12.5000","0.2010","10000.0000","45.39080172","-75.69573503","36.6","13.3","875.0","79","1","79","1","0","0.06","0.01","-0.98","-0.3","0.0","-0.5","19.61","143.11","1312","6553.5","230.7","0","0","0","0","29.0","230.7","29.7","30.0","2.01","0.1","-0.0","3.431","0.947","0.00","12.9","2.45","0"
"46.450","0.1842","13","0.0000","0.0000","-25.9578","-28.8433","0.0000","31.6164","12.5000","0.1940","10000.0000","45.39080172","-75.69573499","36.6","13.3","875.2","79","1","79","1","0","0.03","0.01","-0.97","-0.3","0.0","-0.5","19.52","150.00","1347","6553.5","230.5","0","0","0","0","29.0","230.5","29.7","30.0","2.04","0.1","-0.0","3.419","0.945","0.00","12.9","2.37","0"
"46.500","0.0946","13","0.0000","0.0000","-54.4448","-64.4302","0.0000","31.6059","12.5000","0.1690","10000.0000","45.39080168","-75.69573497","36.6","13.3","875.0","79","1","79","1","0","-0.04","0.01","-0.99","-0.3","0.0","-0.5","19.72","150.00","1401","6553.5","230.6","0","0","0","0","29.0","230.6","29.7","30.0","2.03","0.1","-0.0","3.418","0.935","0.00","12.9","2.36","0"
"46.550","0.1422","13","0.0000","0.0000","-46.9890","-109.5526","0.0000","31.6020","12.5000","0.1792","10000.0000","45.39080163","-75.69573498","36.6","13.3","875.0","79","1","79","1","0","-0.11","0.02","-1.00","-0.2","0.0","-0.5","20.44","150.00","1470","6553.5","230.8","0","0","0","0","29.0","230.8","29.7","30.0","2.05","0.1","-0.0","3.426","0.919","0.00","13.0","2.37","0"
"46.600","0.2669","13","0.0000","0.0000","-19.3153","-160.0388","0.0000","31.6019","12.5000","0.2092","10000.0000","45.39080157","-75.69573499","36.6","13.3","875.0","79","1","79","1","0","-0.09","0.02","-1.00","-0.2","0.0","-0.5","21.17","150.00","1374","6553.5","230.8","0","0","0","0","29.0","230.8","29.7","30.0","2.15","0.1","-0.0","3.423","0.923","0.00","13.0","2.39","0"
"46.650","0.2943","13","0.0000","0.0000","-9.4116","-142.9872","0.0000","31.5969","12.5320","0.2040","10000.0000","45.39080159","-75.69573502","36.6","13.3","874.8","79","1","79","1","0","-0.08","0.03","-0.99","-0.3","0.0","-0.5","21.90","133.50","1226","6553.5","230.7","0","0","0","0","29.0","230.7","29.7","30.0","2.15","0.1","-0.0","3.415","0.934","0.00","12.9","2.42","0"
"46.700","0.2669","13","0.0000","0.0000","-9.5034","-87.9456","0.0000","31.5892","12.5820","0.1790","10000.0000","45.39080166","-75.69573505","36.6","13.3","874.5","79","1","79","1","0","-0.00","-0.00","-0.99","-0.3","0.0","-0.5","22.63","112.50","1407","6553.5","230.8","0","0","0","0","29.0","230.8","29.7","30.0","1.97","0.1","-0.0","3.414","0.938","0.00","12.9","2.45","0"
"46.750","0.1979","13","0.0000","0.0000","-9.6822","-71.8366","0.0000","31.5915","12.6000","0.1732","10000.0000","45.39080168","-75.69573503","36.6","13.3","875.0","79","1","79","1","0","-0.08","0.00","-0.99","-0.3","0.0","-0.5","23.35","129.00","1536","6553.5","231.0","0","0","0","0","29.0","231.0","29.7","30.0","1.92","0.1","-0.0","3.416","0.943","0.00","12.8","2.49","0"
"46.800","0.1053","13","0.0000","0.0000","-9.9100","-77.6271","0.0000","31.5993","12.6000","0.1782","10000.0000","45.39080167","-75.69573499","36.6","13.3","875.0","79","1","79","1","0","-0.11","0.04","-0.99","-0.3","-0.0","-0.5","24.08","144.98","1321","6553.5","230.7","0","0","0","0","29.0","230.7","29.7","30.0","2.14","0.1","-0.0","3.434","0.956","0.00","12.9","2.46","0"
"46.850","0.1088","13","0.0000","0.0000","-9.9826","-84.8436","0.0000","31.5994","12.6000","0.1768","10000.0000","45.39080170","-75.69573500","36.6","13.3","875.3","79","1","79","1","0","-0.10","0.03","-0.99","-0.3","-0.0","-0.5","24.81","133.59","1229","6553.5","230.4","0","0","0","0","29.0","230.4","29.7","30.0","2.27","0.1","-0.0","3.445","0.954","0.00","13.0","2.42","0"
"46.900","0.1664","13","0.0000","0.0000","-9.9679","-92.8622","0.0000","31.5951","12.6000","0.1718","10000.0000","45.39080174","-75.69573504","36.6","13.3","875.0","79","1","79","1","0","-0.11","0.01","-0.99","-0.3","-0.0","-0.5","25.54","146.17","1356","6553.5","230.4","0","0","0","0","29.0","230.4","29.7","30.0","2.20","0.1","-0.0","3.444","0.926","0.00","13.0","2.41","0"
"46.950","0.3590","13","0.0000","0.0000","-5.9046","-44.8204","0.0000","31.6066","12.6000","0.1732","10000.0000","45.39080184","-75.69573494","36.6","13.3","875.0","79","1","79","1","0","-0.10","0.01","-0.99","-0.3","-0.0","-0.5","26.27","160.00","1285","6553.5","230.5","0","0","0","0","29.0","230.5","29.7","30.0","2.09","0.1","-0.0","3.437","0.935","0.00","12.9","2.40","0"
"47.000","0.6277","13","0.0000","0.0000","0.4361","34.7554","0.0000","31.6270","12.6000","0.1782","10000.0000","45.39080197","-75.69573476","36.6","13.3","875.0","79","1","79","1","0","-0.07","0.02","-0.99","-0.3","-0.1","-0.5","26.99","157.36","1059","6553.5","230.3","0","0","0","0","29.0","230.3","29.7","30.0","1.90","0.1","-0.0","3.427","0.971","0.00","12.9","2.40","0"
"47.050","0.5089","13","0.0000","0.0000","9.0096","27.8129","0.0000","31.6287","12.6000","0.1800","10000.0000","45.39080199","-75.69573477","36.6","13.3","875.0","79","1","79","1","0","-0.01","0.04","-0.99","-0.3","-0.1","-0.5","27.72","152.64","1242","6553.5","230.1","0","0","0","0","29.0","230.1","29.7","30.0","1.82","0.1","-0.0","3.422","0.953","0.00","12.9","2.40","0"
"47.100","0.1722","13","0.0000","0.0000","18.8390","-27.7961","0.0000","31.6199","12.6000","0.1800","10000.0000","45.39080194","-75.69573489","36.6","13.3","875.0","79","1","79","1","0","-0.05","0.02","-0.99","-0.3","-0.1","-0.5","28.45","154.40","1554","6553.5","230.1","0","0","0","0","29.0","230.1","29.7","30.0","1.99","0.1","-0.0","3.418","0.916","0.00","12.8","2.43","0"
"47.150","0.0762","13","0.0000","0.0000","19.5303","-65.8148","0.0000","31.6122","12.6320","0.1736","10000.0000","45.39080192","-75.69573493","36.6","13.3","875.3","79","1","79","1","0","-0.11","0.02","-1.00","-0.3","-0.1","-0.5","29.18","160.00","1343","6553.5","230.0","0","0","0","0","29.0","230.0","29.7","30.0","2.06","0.1","-0.0","3.425","0.935","0.00","12.6","2.46","0"
"47.200","0.1156","13","0.0000","0.0000","15.0814","-93.9389","0.0000","31.6053","12.6820","0.1636","10000.0000","45.39080192","-75.69573491","36.6","13.3","874.5","79","1","79","1","0","-0.10","0.01","-0.99","-0.3","-0.1","-0.4","29.90","160.00","1167","6553.5","230.0","0","0","0","0","29.0","230.0","29.7","30.0","1.92","0.1","-0.0","3.432","0.951","0.00","12.8","2.45","0"
"47.250","0.1247","13","0.0000","0.0000","8.0559","-34.6246","0.0000","31.5938","12.7000","0.1664","10000.0000","45.39080192","-75.69573489","36.6","13.3","875.0","79","1","79","1","0","-0.09","-0.00","-0.98","-0.3","-0.1","-0.4","30.63","160.00","1328","6553.5","230.1","0","0","0","0","29.0","230.1","29.7","30.0","1.91","0.1","-0.0","3.428","0.937","0.00","13.0","2.44","0"
"47.300","0.1167","13","0.0000","0.0000","-0.4188","73.8738","0.0000","31.5799","12.7000","0.1764","10000.0000","45.39080192","-75.69573485","36.6","13.3","874.5","79","1","79","1","0","-0.11","0.02","-0.98","-0.3","-0.1","-0.4","31.36","166.19","1474","6553.5","230.1","0","0","0","0","29.0","230.1","29.7","30.0","2.16","0.1","-0.0","3.422","0.927","0.00","13.0","2.43","0"
"47.350","0.1982","13","0.0000","0.0000","-4.7428","71.2163","0.0000","31.5655","12.7000","0.1864","10000.0000","45.39080196","-75.69573485","36.6","13.3","875.0","79","1","79","1","0","-0.13","0.02","-0.97","-0.3","-0.0","-0.4","32.09","217.78","1535","6553.5","230.1","0","0","0","0","29.0","230.1","29.7","30.0","2.25","0.1","-0.0","3.399","0.939","0.00","13.0","2.42","0"
"47.400","0.3301","13","0.0000","0.0000","-6.7319","6.0335","0.0000","31.5509","12.7000","0.1964","10000.0000","45.39080203","-75.69573487","36.6","13.3","875.0","79","1","79","1","0","-0.21","0.01","-0.96","-0.3","-0.0","-0.4","32.81","225.00","1576","6553.5","230.3","0","0","0","0","29.0","230.3","29.7","30.0","2.02","0.1","-0.0","3.382","0.947","0.00","13.0","2.41","0"
"47.450","0.2913","13","0.0000","0.0000","-4.3881","42.8297","0.0000","31.5596","12.7000","0.2000","10000.0000","45.39080206","-75.69573486","36.6","13.3","875.0","79","1","79","1","0","-0.26","0.01","-0.98","-0.3","-0.0","-0.4","33.54","268.70","1519","6553.5","230.5","0","0","0","0","29.0","230.5","29.7","30.0","1.92","0.1","-0.0","3.401","0.931","0.00","12.9","2.40","0"
"47.500","0.1565","13","0.0000","0.0000","0.3930","136.9890","0.0000","31.5813","12.7000","0.2000","10000.0000","45.39080205","-75.69573485","36.6","13.3","875.0","79","1","79","1","0","-0.16","0.01","-1.00","-0.4","-0.0","-0.4","34.27","319.51","1528","6553.5","230.5","0","0","0","0","29.0","230.5","29.7","30.0","2.11","0.1","-0.0","3.417","0.922","0.00","12.9","2.43","0"
"47.550","0.1612","13","0.0000","0.0000","-0.7855","153.3876","0.0000","31.5762","12.7000","0.1968","10000.0000","45.39080200","-75.69573478","36.6","13.3","875.0","79","1","79","1","0","-0.07","0.01","-1.01","-0.4","-0.0","-0.5","34.66","261.43","1657","6553.5","230.6","0","0","0","0","29.0","230.6","29.7","30.0","2.25","0.1","-0.0","3.409","0.923","0.00","13.0","2.46","0"
"47.600","0.2443","13","0.0000","0.0000","-5.3162","126.0459","0.0000","31.5561","12.7000","0.1918","10000.0000","45.39080193","-75.69573469","36.6","13.3","875.0","79","1","79","1","0","0.03","0.01","-0.99","-0.4","-0.0","-0.5","34.39","128.57","1528","6553.5","230.5","0","0","0","0","29.4","230.5","29.7","30.0","2.29","0.1","-0.0","3.404","0.935","0.00","13.0","2.44","0"
"47.650","0.2190","13","0.0000","0.0000","-11.4466","100.4866","0.0000","31.5443","12.7000","0.1804","10000.0000","45.39080190","-75.69573465","36.6","13.3","875.0","79","1","79","1","0","0.06","0.02","-0.99","-0.3","-0.0","-0.5","34.13","132.86","1196","6553.5","230.3","0","0","0","0","29.9","230.3","29.7","30.0","2.25","0.1","-0.0","3.419","0.955","0.00","12.9","2.42","0"
"47.700","0.1328","13","0.0000","0.0000","-18.4768","75.9299","0.0000","31.5374","12.7000","0.1654","10000.0000","45.39080190","-75.69573463","36.6","13.3","875.0","79","1","79","1","0","-0.03","0.04","-0.98","-0.3","-0.0","-0.5","33.86","143.57","1350","6553.5","230.4","0","0","0","0","30.0","230.4","29.7","30.0","1.99","0.1","-0.0","3.430","0.945","0.00","12.9","2.41","0"
"47.750","0.1507","13","0.0000","0.0000","-12.7986","2.8972","0.0000","31.5388","12.7000","0.1632","10000.0000","45.39080191","-75.69573467","36.6","13.3","875.0","79","1","79","1","0","-0.13","0.00","-0.99","-0.3","-0.0","-0.5","33.60","150.00","1657","6553.5","230.5","0","0","0","0","30.0","230.5","29.7","30.0","1.90","0.1","-0.0","3.434","0.925","0.00","13.0","2.40","0"
"47.800","0.2271","13","0.0000","0.0000","0.0280","-97.4033","0.0000","31.5449","12.7000","0.1682","10000.0000","45.39080192","-75.69573475","36.6","13.3","875.0","79","1","79","1","0","-0.16","0.01","-0.99","-0.3","-0.0","-0.5","33.33","141.43","1400","6553.5","230.3","0","0","0","0","30.0","230.3","29.7","30.0","2.13","0.1","-0.0","3.417","0.947","0.00","13.0","2.40","0"
"47.850","0.2318","13","0.0000","0.0000","3.8317","-61.3054","0.0000","31.5426","12.7000","0.1700","10000.0000","45.39080192","-75.69573477","36.6","13.3","875.0","79","1","79","1","0","-0.11","0.02","-0.98","-0.3","-0.0","-0.5","33.07","136.65","1203","6553.5","230.0","0","0","0","0","30.0","230.0","29.7","30.0","2.22","0.1","-0.0","3.383","0.963","0.00","12.9","2.39","0"
"47.900","0.1963","13","0.0000","0.0000","2.5601","51.5167","0.0000","31.5356","12.7000","0.1700","10000.0000","45.39080192","-75.69573475","36.6","13.3","875.0","79","1","79","1","0","-0.12","0.01","-0.98","-0.3","-0.0","-0.5","32.80","156.83","1446","6553.5","230.2","0","0","0","0","30.0","230.2","29.7","30.0","1.98","0.1","-0.0","3.403","0.934","0.00","12.9","2.42","0"
"47.950","0.1679","15","0.0000","0.0000","-3.4422","77.9814","0.0000","31.5264","12.7000","0.1732","10000.0000","45.39080190","-75.69573474","36.6","13.3","874.8","79","1","79","1","0","-0.15","-0.01","-0.99","-0.3","-0.0","-0.5","32.53","173.79","1538","6553.5","230.4","0","0","0","0","30.0","230.4","29.7","30.0","1.87","0.1","-0.0","3.441","0.923","0.00","12.9","2.46","0"
"48.000","0.1435","15","0.0000","0.0000","-12.1055","55.8700","0.0000","31.5159","12.7000","0.1782","10000.0000","45.39080186","-75.69573472","36.6","13.3","875.0","79","1","79","1","0","-0.06","0.01","-0.98","-0.3","-0.0","-0.5","32.27","161.69","1364","6553.5","230.4","0","0","0","0","30.0","230.4","29.7","30.0","2.07","0.1","-0.0","3.437","0.943","0.00","12.8","2.44","0"
"48.050","0.2096","15","0.0000","0.0000","-10.9571","63.3186","0.0000","31.5081","12.7000","0.1832","10000.0000","45.39080181","-75.69573468","36.6","13.3","875.0","79","1","79","1","0","0.10","0.00","-0.97","-0.3","0.0","-0.5","32.00","160.00","1343","6553.5","230.4","0","0","0","0","30.0","230.4","29.7","30.0","2.21","0.1","-0.0","3.432","0.938","0.00","12.7","2.42","0"
"48.100","0.3267","15","0.0000","0.0000","-4.2895","87.3945","0.0000","31.5018","12.7000","0.1882","10000.0000","45.39080174","-75.69573461","36.6","13.3","875.0","79","1","79","1","0","0.06","0.02","-0.98","-0.3","0.1","-0.5","31.74","142.76","1442","6553.5","230.4","0","0","0","0","30.0","230.4","29.7","30.0","2.25","0.1","-0.0","3.429","0.912","0.00","12.8","2.44","0"
"48.150","0.3493","15","0.0000","0.0000","0.3218","44.3252","0.0000","31.5069","12.7000","0.1900","10000.0000","45.39080177","-75.69573472","36.6","13.3","875.0","79","1","79","1","0","0.02","0.03","-0.99","-0.3","0.1","-0.5","31.47","122.71","1287","6553.5","230.3","0","0","0","0","30.0","230.3","29.7","30.0","2.20","0.1","-0.0","3.424","0.934","0.00","12.9","2.47","0"
"48.200","0.3186","15","0.0000","0.0000","3.7765","-36.5135","0.0000","31.5184","12.7000","0.1900","10000.0000","45.39080185","-75.69573492","36.6","13.3","875.0","79","1","79","1","0","0.00","0.02","-0.99","-0.3","0.1","-0.5","31.21","114.29","1050","6553.5","230.3","0","0","0","0","30.0","230.3","29.7","30.0","1.98","0.1","-0.0","3.414","0.972","0.00","12.9","2.43","0"
"48.250","0.2291","15","0.0000","0.0000","4.9195","5.0706","0.0000","31.5163","12.7000","0.1900","10000.0000","45.39080182","-75.69573496","36.6","13.3","875.0","79","1","79","1","0","-0.07","0.02","-1.00","-0.3","0.0","-0.5","30.94","202.67","1276","6553.5","230.2","0","0","0","0","30.0","230.2","29.7","30.0","1.90","0.1","-0.0","3.417","0.948","0.00","12.9","2.39","0"
"48.300","0.1065","15","0.0000","0.0000","4.7623","115.5173","0.0000","31.5065","12.7000","0.1900","10000.0000","45.39080172","-75.69573489","36.6","13.3","875.0","79","1","79","1","0","-0.07","0.02","-0.99","-0.3","0.0","-0.5","30.68","266.67","1497","6553.5","230.2","0","0","0","0","30.0","230.2","29.7","30.0","2.12","0.1","-0.0","3.428","0.926","0.00","12.9","2.38","0"
"48.350","0.0682","15","0.0000","0.0000","0.1945","143.5223","0.0000","31.4962","12.7000","0.1836","10000.0000","45.39080166","-75.69573486","36.6","13.3","875.0","79","1","79","1","0","-0.06","0.02","-0.97","-0.2","-0.0","-0.5","30.41","266.67","1577","6553.5","230.1","0","0","0","0","30.0","230.1","29.7","30.0","2.22","0.1","0.0","3.428","0.922","0.00","13.0","2.39","0"
"48.400","0.0772","15","0.0000","0.0000","-6.8543","125.1539","0.0000","31.4857","12.7000","0.1736","10000.0000","45.39080163","-75.69573485","36.6","13.3","875.0","79","1","79","1","0","-0.05","0.01","-0.98","-0.2","-0.0","-0.4","30.14","266.67","1624","6553.5","230.4","0","0","0","0","30.0","230.4","29.7","30.0","2.09","0.1","0.0","3.425","0.918","0.00","13.0","2.42","0"
"48.450","0.0912","15","0.0000","0.0000","-13.7266","50.7083","0.0000","31.4790","12.7000","0.1668","10000.0000","45.39080160","-75.69573488","36.6","13.3","875.2","79","1","79","1","0","0.01","0.01","-0.98","-0.3","0.0","-0.5","29.88","177.45","1475","6553.5","230.8","0","0","0","0","30.0","230.8","29.7","30.0","2.05","0.1","-0.0","3.424","0.912","0.00","12.9","2.46","0"
"48.500","0.1078","15","0.0000","0.0000","-20.4996","-55.2809","0.0000","31.4746","12.7000","0.1618","10000.0000","45.39080158","-75.69573494","36.6","13.3","875.0","79","1","79","1","0","-0.03","0.01","-0.98","-0.3","0.0","-0.5","29.61","83.70","1368","6553.5","230.7","0","0","0","0","30.0","230.7","29.7","30.0","2.20","0.1","-0.0","3.424","0.908","0.00","12.9","2.45","0"
"48.550","0.0937","15","0.0000","0.0000","-3.1939","-43.8608","0.0000","31.4803","12.7000","0.1632","10000.0000","45.39080158","-75.69573493","36.6","13.3","875.0","79","1","79","1","0","-0.18","0.01","-0.98","-0.3","-0.0","-0.5","29.35","107.56","1521","6553.5","230.6","0","0","0","0","30.0","230.6","29.7","30.0","2.31","0.1","-0.0","3.429","0.912","0.00","13.0","2.42","0"
"48.600","0.0622","15","0.0000","0.0000","27.6561","33.6019","0.0000","31.4917","12.7000","0.1682","10000.0000","45.39080161","-75.69573489","36.6","13.3","875.0","79","1","79","1","0","-0.09","0.01","-0.97","-0.3","-0.0","-0.5","29.38","131.42","1620","6553.5","230.6","0","0","0","0","30.0","230.6","29.7","30.0","2.30","0.1","-0.0","3.432","0.917","0.00","12.9","2.41","0"
"48.650","0.1169","15","0.0000","0.0000","26.8149","16.2225","0.0000","31.4930","12.7000","0.1700","10000.0000","45.39080160","-75.69573491","36.6","13.3","875.0","79","1","79","1","0","-0.06","0.01","-0.98","-0.3","-0.0","-0.5","30.00","133.33","1388","6553.5","230.7","0","0","0","0","30.0","230.7","29.7","30.0","2.25","0.1","-0.0","3.426","0.925","0.00","12.8","2.39","0"
"48.700","0.2200","15","0.0000","0.0000","8.1473","-54.5056","0.0000","31.4885","12.7000","0.1700","10000.0000","45.39080158","-75.69573497","36.6","13.3","875.0","79","1","79","1","0","-0.07","0.01","-0.98","-0.3","-0.0","-0.5","30.61","148.33","1210","6553.5","230.7","0","0","0","0","30.0","230.7","29.7","30.0","2.10","0.1","-0.0","3.420","0.931","0.00","12.9","2.37","0"
"48.750","0.1863","15","0.0000","0.0000","14.6927","-105.6723","0.0000","31.4891","12.7000","0.1636","10000.0000","45.39080155","-75.69573501","36.6","13.3","875.3","79","1","79","1","0","-0.06","0.02","-0.98","-0.3","-0.0","-0.5","31.23","142.35","1369","6553.5","230.6","0","0","0","0","30.0","230.6","29.7","30.0","2.02","0.1","-0.0","3.420","0.931","0.00","13.0","2.35","0"
"48.800","0.0758","15","0.0000","0.0000","35.4204","-145.8358","0.0000","31.4925","12.7000","0.1536","10000.0000","45.39080152","-75.69573502","36.6","13.3","875.0","79","1","79","1","0","-0.08","0.02","-0.98","-0.3","-0.0","-0.4","31.84","133.84","1514","6553.5","230.8","0","0","0","0","30.0","230.8","29.7","30.0","2.11","0.1","-0.0","3.421","0.931","0.00","13.0","2.35","0"
"48.850","0.0614","15","0.0000","0.0000","27.9332","-79.5269","0.0000","31.4869","12.7000","0.1533","10000.0000","45.39080149","-75.69573502","36.6","13.3","875.0","79","1","79","1","0","-0.04","0.01","-0.98","-0.3","-0.0","-0.4","32.46","128.57","1569","6553.5","231.1","0","0","0","0","30.0","231.1","29.7","30.0","2.16","0.1","-0.0","3.427","0.930","0.00","12.9","2.35","0"
"48.900","0.1011","15","0.0000","0.0000","4.5750","46.6729","0.0000","31.4761","12.7000","0.1584","10000.0000","45.39080145","-75.69573500","36.6","13.3","875.0","79","1","79","1","0","0.04","0.00","-0.99","-0.3","-0.0","-0.4","33.07","165.21","1597","6553.5","231.2","0","0","0","0","30.0","231.2","29.7","30.0","2.16","0.1","-0.0","3.433","0.931","0.00","12.9","2.41","0"
"48.950","0.1486","13","0.0000","0.0000","-0.3774","67.4162","0.0000","31.4829","12.7000","0.1668","10000.0000","45.39080148","-75.69573496","36.6","13.3","875.5","79","1","79","1","0","-0.10","-0.01","-0.98","-0.2","0.0","-0.5","33.69","213.12","1454","6553.5","231.4","0","0","0","0","30.0","231.4","29.7","30.0","2.17","0.1","-0.0","3.433","0.937","0.00","13.0","2.48","0"
"49.000","0.1997","13","0.0000","0.0000","3.3317","38.5329","0.0000","31.4978","12.7000","0.1768","10000.0000","45.39080154","-75.69573492","36.6","13.3","875.0","79","1","79","1","0","-0.16","-0.00","-0.99","-0.3","0.0","-0.5","34.30","181.88","1350","6553.5","231.4","0","0","0","0","30.0","231.4","29.7","30.0","2.19","0.1","-0.0","3.433","0.941","0.00","13.0","2.49","0"
"49.050","0.1699","13","0.0000","0.0000","5.8984","-14.2586","0.0000","31.5049","12.7000","0.1732","10000.0000","45.39080153","-75.69573491","36.6","13.3","875.3","79","1","79","1","0","-0.10","0.03","-1.00","-0.3","-0.0","-0.5","34.92","150.63","1487","6553.5","231.3","0","0","0","0","30.0","231.3","29.7","30.0","2.22","0.1","-0.0","3.432","0.930","0.00","12.9","2.50","0"
"49.100","0.1022","13","0.0000","0.0000","7.9275","-78.3010","0.0000","31.5083","12.7000","0.1632","10000.0000","45.39080150","-75.69573493","36.6","13.3","875.0","79","1","79","1","0","-0.05","0.04","-1.01","-0.3","-0.0","-0.5","35.53","150.00","1582","6553.5","231.3","0","0","0","0","30.0","231.3","29.7","30.0","2.22","0.1","-0.0","3.431","0.923","0.00","12.9","2.47","0"
"49.150","0.1234","13","0.0000","0.0000","5.4984","-65.1390","0.0000","31.5048","12.7000","0.1702","10000.0000","45.39080153","-75.69573491","36.6","13.3","875.0","79","1","79","1","0","-0.11","0.02","-1.01","-0.3","-0.1","-0.5","36.15","115.50","1416","6553.5","231.2","0","0","0","0","30.0","231.2","29.7","30.0","2.19","0.1","-0.0","3.429","0.941","0.00","12.9","2.44","0"
"49.200","0.1866","13","0.0000","0.0000","0.9715","-15.6455","0.0000","31.4980","12.7000","0.1852","10000.0000","45.39080160","-75.69573488","36.6","13.3","875.0","79","1","79","1","0","-0.13","0.02","-1.01","-0.3","-0.0","-0.5","36.77","130.26","1291","6553.5","231.2","0","0","0","0","30.0","231.2","29.7","30.0","2.08","0.1","-0.0","3.429","0.956","0.00","12.9","2.44","0"
"49.250","0.1884","13","0.0000","0.0000","3.0326","27.5035","0.0000","31.4981","12.7000","0.1798","10000.0000","45.39080160","-75.69573488","36.6","13.3","875.0","79","1","79","1","0","-0.13","0.04","-1.00","-0.3","-0.0","-0.5","37.38","149.57","1383","6553.5","231.1","0","0","0","0","30.0","231.1","29.7","30.0","1.98","0.1","-0.0","3.435","0.953","0.00","13.0","2.43","0"
"49.300","0.1614","13","0.0000","0.0000","8.1939","67.6670","0.0000","31.5015","12.7000","0.1648","10000.0000","45.39080156","-75.69573490","36.6","13.3","875.5","79","1","79","1","0","-0.11","0.04","-1.00","-0.3","0.0","-0.5","38.00","160.00","1448","6553.5","231.2","0","0","0","0","30.0","231.2","29.7","30.0","1.88","0.1","-0.0","3.440","0.946","0.00","13.0","2.41","0"
"49.350","0.1466","13","0.0000","0.0000","15.5492","107.2150","0.0000","31.5079","12.7000","0.1634","10000.0000","45.39080155","-75.69573487","36.6","13.3","874.8","79","1","79","1","0","-0.04","0.03","-0.99","-0.3","0.0","-0.5","38.61","145.54","1463","6553.5","231.4","0","0","0","0","30.0","231.4","29.7","30.0","1.87","0.1","-0.1","3.444","0.934","0.00","13.0","2.38","0"
"49.400","0.1376","13","0.0000","0.0000","23.9370","146.4733","0.0000","31.5158","12.7000","0.1684","10000.0000","45.39080154","-75.69573483","36.6","13.3","875.5","79","1","79","1","0","-0.01","0.02","-0.99","-0.3","0.0","-0.6","39.23","189.18","1534","6553.5","231.5","0","0","0","0","30.0","231.5","29.7","30.0","2.05","0.1","-0.1","3.446","0.926","0.00","13.0","2.43","0"
"49.450","0.1623","13","0.0000","0.0000","19.5347","62.3185","0.0000","31.5128","12.7000","0.1666","10000.0000","45.39080150","-75.69573485","36.6","13.3","875.0","79","1","79","1","0","-0.01","0.02","-1.00","-0.3","0.0","-0.5","39.84","320.94","1649","6553.5","231.6","0","0","0","0","30.0","231.6","29.7","30.0","2.17","0.1","-0.1","3.438","0.924","0.00","13.0","2.48","0"
"49.500","0.2030","13","0.0000","0.0000","9.1135","-79.9131","0.0000","31.5048","12.7000","0.1616","10000.0000","45.39080145","-75.69573491","36.6","13.3","874.5","79","1","79","1","0","-0.03","0.02","-1.00","-0.3","0.0","-0.5","40.46","346.67","1591","6553.5","231.6","0","0","0","0","30.0","231.6","29.7","30.0","2.16","0.1","-0.1","3.431","0.922","0.00","13.0","2.46","0"
"49.550","0.2291","13","0.0000","0.0000","3.6448","-94.8443","0.0000","31.4947","12.7000","0.1736","10000.0000","45.39080146","-75.69573496","36.6","13.3","875.0","79","1","79","1","0","0.01","0.04","-1.00","-0.3","0.0","-0.5","41.07","266.67","1479","6553.5","231.6","0","0","0","0","30.0","231.6","29.7","30.0","2.14","0.1","-0.1","3.429","0.921","0.00","12.9","2.43","0"
"49.600","0.2484","13","0.0000","0.0000","0.5068","-49.8694","0.0000","31.4834","12.7000","0.1936","10000.0000","45.39080149","-75.69573499","36.6","13.4","875.0","79","1","79","1","0","0.01","0.03","-0.99","-0.3","0.1","-0.5","41.69","293.07","1532","6553.5","231.6","0","0","0","0","30.0","231.6","29.7","30.0","2.10","0.1","-0.0","3.428","0.919","0.00","12.9","2.40","0"
"49.650","0.2199","13","0.0000","0.0000","-3.5496","10.5344","0.0000","31.4780","12.7000","0.1932","10000.0000","45.39080148","-75.69573495","36.6","13.4","875.0","79","1","79","1","0","0.02","0.02","-0.98","-0.3","0.1","-0.5","42.16","359.08","1553","6553.5","231.5","0","0","0","0","30.0","231.5","29.7","30.0","2.12","0.1","-0.0","3.430","0.918","0.00","13.0","2.36","0"
"49.700","0.1690","13","0.0000","0.0000","-8.0381","78.1989","0.0000","31.4753","12.7000","0.1832","10000.0000","45.39080144","-75.69573489","36.6","13.4","875.0","79","1","79","1","0","0.04","0.01","-0.99","-0.3","0.1","-0.5","42.36","290.75","1369","6553.5","231.3","0","0","0","0","30.0","231.3","29.7","30.0","2.28","0.1","-0.0","3.433","0.926","0.00","12.9","2.31","0"
"49.750","0.2315","13","0.0000","0.0000","-9.0822","24.5198","0.0000","31.4684","12.7340","0.1800","10000.0000","45.39080140","-75.69573496","36.6","13.4","875.0","79","1","79","1","0","0.04","0.02","-0.99","-0.3","0.1","-0.5","42.56","112.50","1309","6553.5","231.0","0","0","0","0","30.0","231.0","29.7","30.0","2.30","0.1","-0.0","3.443","0.932","0.00","12.8","2.27","0"
"49.800","0.3473","13","0.0000","0.0000","-8.5055","-86.2623","0.0000","31.4596","12.7840","0.1800","10000.0000","45.39080135","-75.69573508","36.6","13.4","875.0","79","1","79","1","0","0.03","0.02","-0.99","-0.3","0.0","-0.6","42.76","134.31","1468","6553.5","231.1","0","0","0","0","30.0","231.1","29.7","30.0","2.04","0.1","-0.0","3.450","0.936","0.00","12.9","2.27","0"
"49.850","0.3271","13","0.0000","0.0000","-7.0282","-131.5716","0.0000","31.4639","12.8000","0.1834","10000.0000","45.39080135","-75.69573513","36.6","13.4","875.0","79","1","79","1","0","-0.00","0.01","-0.99","-0.3","-0.0","-0.6","42.96","191.71","1548","6553.5","231.2","0","0","0","0","30.0","231.2","29.7","30.0","1.94","0.1","-0.0","3.444","0.927","0.00","13.0","2.29","0"
"49.900","0.2429","13","0.0000","0.0000","-5.1269","-146.0702","0.0000","31.4744","12.8000","0.1884","10000.0000","45.39080139","-75.69573515","36.6","13.4","874.5","79","1","79","1","0","-0.04","0.01","-1.01","-0.2","-0.0","-0.6","43.16","197.70","1566","6553.5","231.4","0","0","0","0","30.0","231.4","29.7","30.0","2.20","0.1","-0.0","3.436","0.910","0.00","13.0","2.30","0"
"49.950","0.2325","13","0.0000","0.0000","-6.0040","-138.7246","0.0000","31.4748","12.8000","0.1866","10000.0000","45.39080138","-75.69573519","36.6","13.4","875.0","79","1","79","1","0","-0.06","0.00","-1.00","-0.2","-0.0","-0.6","43.36","151.60","1508","6553.5","231.7","0","0","0","0","30.0","231.7","29.7","30.0","2.34","0.1","-0.0","3.420","0.922","0.00","12.9","2.31","0"
"50.000","0.2568","13","0.0000","0.0000","-8.1886","-121.0995","0.0000","31.4703","12.8000","0.1816","10000.0000","45.39080136","-75.69573525","36.6","13.4","875.0","79","1","79","1","0","0.01","-0.01","-1.00","-0.3","0.0","-0.5","43.56","140.00","1426","6553.5","231.9","0","0","0","0","30.0","231.9","29.7","30.0","2.21","0.1","-0.1","3.408","0.944","0.00","12.9","2.34","0"
"50.050","0.2204","13","0.0000","0.0000","-4.7051","-91.6429","0.0000","31.4779","12.8000","0.1936","10000.0000","45.39080140","-75.69573533","36.6","13.4","875.2","79","1","79","1","0","0.00","-0.01","-0.99","-0.3","0.1","-0.5","43.76","172.94","1429","6553.5","232.1","0","0","0","0","30.0","232.1","29.7","30.0","2.16","0.1","-0.0","3.414","0.930","0.00","12.9","2.37","0"
"50.100","0.1555","13","0.0000","0.0000","1.4455","-56.6185","0.0000","31.4911","12.8000","0.2136","10000.0000","45.39080147","-75.69573540","36.6","13.4","875.0","79","1","79","1","0","0.00","0.00","-0.99","-0.3","0.1","-0.5","43.96","251.37","1447","6553.5","232.1","0","0","0","0","30.0","232.1","29.7","30.0","2.30","0.1","-0.0","3.420","0.917","0.00","12.9","2.36","0"
"50.150","0.1101","13","0.0000","0.0000","-0.0572","-75.8723","0.0000","31.4882","12.8000","0.2064","10000.0000","45.39080147","-75.69573542","36.6","13.4","875.0","79","1","79","1","0","0.06","0.01","-0.98","-0.3","0.1","-0.5","44.16","246.80","1536","6553.5","232.1","0","0","0","0","30.0","232.1","29.7","30.0","2.33","0.1","-0.0","3.426","0.921","0.00","12.9","2.35","0"
"50.200","0.0739","13","0.0000","0.0000","-5.1615","-120.6686","0.0000","31.4777","12.8000","0.1864","10000.0000","45.39080144","-75.69573540","36.6","13.4","875.0","79","1","79","1","0","0.03","0.02","-1.00","-0.2","0.1","-0.5","44.35","160.00","1594","6553.5","232.1","0","0","0","0","30.0","232.1","29.7","30.0","2.15","0.1","-0.0","3.429","0.927","0.00","12.9","2.33","0"
"50.250","0.1965","13","0.0000","0.0000","-4.8980","-30.8301","0.0000","31.4724","12.8000","0.1936","10000.0000","45.39080136","-75.69573537","36.6","13.4","875.0","79","1","79","1","0","-0.00","0.02","-1.00","-0.2","0.0","-0.5","44.55","153.58","1455","6553.5","232.2","0","0","0","0","30.0","232.2","29.8","30.0","2.05","0.1","-0.0","3.431","0.940","0.00","13.0","2.30","0"
"50.300","0.3937","13","0.0000","0.0000","-2.1084","122.3660","0.0000","31.4695","12.8000","0.2136","10000.0000","45.39080126","-75.69573532","36.6","13.4","875.0","79","1","79","1","0","0.02","0.03","-1.00","-0.2","-0.0","-0.5","44.75","136.68","1361","6553.5","232.2","0","0","0","0","30.0","232.2","29.8","30.0","2.13","0.1","-0.0","3.377","0.949","0.00","13.0","2.30","0"
"50.350","0.3872","13","0.0000","0.0000","0.3766","136.8306","0.0000","31.4759","12.8340","0.2064","10000.0000","45.39080129","-75.69573531","36.6","13.4","875.2","79","1","79","1","0","0.02","0.02","-0.99","-0.3","-0.0","-0.5","44.95","139.71","1548","6553.5","232.3","0","0","0","0","30.0","232.3","29.8","30.0","2.19","0.1","-0.0","3.305","0.934","0.00","13.0","2.31","0"
"50.400","0.2848","13","0.0000","0.0000","2.7183","86.0099","0.0000","31.4865","12.8840","0.1864","10000.0000","45.39080138","-75.69573531","36.6","13.4","875.0","79","1","79","1","0","0.03","0.00","-0.97","-0.3","-0.0","-0.5","45.15","189.00","1677","6553.5","232.4","0","0","0","0","30.0","232.4","29.8","30.0","2.24","0.1","-0.0","3.372","0.924","0.00","13.0","2.32","0"
"50.450","0.3704","13","0.0000","0.0000","3.4809","26.4723","0.0000","31.4907","12.9000","0.1936","10000.0000","45.39080149","-75.69573542","36.6","13.4","875.0","79","1","79","1","0","0.06","-0.00","-0.97","-0.3","0.0","-0.5","45.35","235.32","1449","6553.5","232.5","0","0","0","0","30.0","232.5","29.8","30.0","2.26","0.1","-0.0","3.433","0.939","0.00","13.0","2.33","0"
"50.500","0.5445","13","0.0000","0.0000","3.5002","-37.1674","0.0000","31.4918","12.9000","0.2136","10000.0000","45.39080161","-75.69573559","36.6","13.4","875.0","79","1","79","1","0","0.02","0.03","-0.98","-0.3","0.0","-0.5","45.55","255.16","1269","6553.5","232.6","0","0","0","0","30.0","232.6","29.8","30.0","2.18","0.1","-0.0","3.430","0.949","0.00","13.0","2.33","0"
"50.550","0.6965","13","0.0000","0.0000","3.3489","-47.7756","0.0000","31.4935","12.9000","0.2302","10000.0000","45.39080172","-75.69573572","36.6","13.4","875.0","79","1","79","1","0","-0.03","0.03","-0.98","-0.3","0.0","-0.5","45.75","266.67","1388","6553.5","232.7","0","0","0","0","30.0","232.7","29.8","30.0","2.11","0.1","-0.0","3.431","0.938","0.00","12.9","2.32","0"
"50.600","0.8380","13","0.0000","0.0000","3.1172","-33.4278","0.0000","31.4955","12.9000","0.2452","10000.0000","45.39080183","-75.69573583","36.6","13.4","875.5","79","1","79","1","0","0.02","0.01","-0.97","-0.3","0.0","-0.5","45.95","203.67","1483","6553.5","232.9","0","0","0","0","30.0","232.9","29.8","30.0","2.05","0.1","-0.0","3.438","0.929","0.00","12.9","2.30","0"
"50.650","0.9489","13","0.0000","0.0000","2.5296","-32.1169","0.0000","31.4922","12.9340","0.2602","10000.0000","45.39080195","-75.69573597","36.6","13.4","875.3","79","1","79","1","0","0.00","0.02","-0.98","-0.3","0.0","-0.5","46.15","127.05","1434","6553.5","233.2","0","0","0","0","30.0","233.2","29.8","30.0","2.07","0.1","-0.0","3.438","0.931","0.00","13.0","2.27","0"
"50.700","1.0455","13","0.0000","0.0000","1.7745","-36.9410","0.0000","31.4863","12.9840","0.2752","10000.0000","45.39080207","-75.69573612","36.6","13.4","875.5","79","1","79","1","0","0.02","0.03","-0.98","-0.4","0.0","-0.5","46.39","151.77","1404","6553.5","232.9","0","0","0","0","30.0","232.9","29.8","30.0","2.22","0.1","-0.0","3.433","0.933","0.00","13.0","2.32","0"
"50.750","0.9689","13","0.0000","0.0000","-0.4386","-53.2002","0.0000","31.4640","13.0000","0.2698","10000.0000","45.39080199","-75.69573624","36.6","13.4","875.0","79","1","79","1","0","0.02","0.02","-1.00","-0.4","0.1","-0.5","46.72","179.58","1500","6553.5","232.6","0","0","0","0","30.0","232.6","29.8","30.0","2.25","0.1","-0.0","3.424","0.936","0.00","12.9","2.37","0"
"50.800","0.8109","13","0.0000","0.0000","-3.3378","-74.8406","0.0000","31.4340","13.0000","0.2548","10000.0000","45.39080181","-75.69573635","36.6","13.4","875.0","79","1","79","1","0","0.06","-0.00","-1.01","-0.3","0.0","-0.5","47.05","255.97","1568","6553.5","232.7","0","0","0","0","30.0","232.7","29.8","30.0","2.00","0.1","-0.0","3.413","0.938","0.00","12.9","2.36","0"
"50.850","0.7187","13","0.0000","0.0000","-3.3397","-51.4919","0.0000","31.4299","13.0340","0.2738","10000.0000","45.39080184","-75.69573633","36.6","13.4","875.5","79","1","79","1","0","-0.01","0.02","-1.01","-0.3","-0.0","-0.5","47.38","174.93","1472","6553.5","232.8","0","0","0","0","30.0","232.8","29.7","30.0","1.90","0.1","-0.0","3.411","0.930","0.00","13.0","2.34","0"
"50.900","0.6575","13","0.0000","0.0000","-1.9782","-6.9720","0.0000","31.4380","13.0840","0.3088","10000.0000","45.39080195","-75.69573626","36.6","13.4","875.0","79","1","79","1","0","-0.03","0.03","-1.01","-0.3","-0.0","-0.5","47.72","200.23","1401","6553.5","232.8","0","0","0","0","30.0","232.8","29.7","30.0","2.11","0.1","-0.1","3.409","0.925","0.00","13.0","2.32","0"
"50.950","0.6961","13","0.0000","0.0000","-2.8660","-9.7728","0.0000","31.4289","13.1000","0.3098","10000.0000","45.39080206","-75.69573637","36.6","13.4","875.3","79","1","79","1","0","-0.02","0.04","-1.00","-0.3","-0.1","-0.5","48.05","247.02","1463","6553.5","232.7","0","0","0","0","30.0","232.7","29.8","30.0","2.25","0.1","-0.1","3.405","0.932","0.00","12.9","2.29","0"
"51.000","0.7816","13","0.0000","0.0000","-4.8122","-34.8421","0.0000","31.4117","13.1000","0.2948","10000.0000","45.39080215","-75.69573657","36.6","13.4","875.0","79","1","79","1","0","0.06","0.04","-0.99","-0.3","-0.0","-0.5","48.38","266.67","1433","6553.5","232.7","0","0","0","0","30.0","232.7","29.8","30.0","2.27","0.1","-0.1","3.407","0.940","0.00","12.9","2.30","0"
"51.050","0.6468","13","0.0000","0.0000","-10.0110","-58.4918","0.0000","31.3971","13.1340","0.2628","10000.0000","45.39080209","-75.69573659","36.6","13.4","875.0","79","1","79","1","0","0.12","0.02","-0.99","-0.3","0.0","-0.5","48.71","286.00","1241","6553.5","232.6","0","0","0","0","30.0","232.6","29.7","30.0","2.20","0.1","-0.0","3.422","0.953","0.00","12.9","2.32","0"
"51.100","0.4082","13","0.0000","0.0000","-16.7403","-81.4733","0.0000","31.3837","13.1840","0.2228","10000.0000","45.39080195","-75.69573653","36.6","13.4","875.0","79","1","79","1","0","-0.05","0.02","-1.01","-0.3","0.0","-0.5","49.04","261.70","1311","6553.5","232.8","0","0","0","0","30.0","232.8","29.7","30.0","1.98","0.1","-0.0","3.427","0.939","0.00","12.9","2.33","0"
"51.150","0.3634","13","0.0000","0.0000","-15.7954","-93.0081","0.0000","31.3877","13.2000","0.2066","10000.0000","45.39080192","-75.69573661","36.6","13.4","875.0","79","1","79","1","0","-0.14","0.02","-1.01","-0.3","0.0","-0.5","49.37","195.66","1587","6553.5","233.1","0","0","0","0","30.0","233.1","29.8","30.0","1.92","0.1","-0.0","3.425","0.904","0.00","13.0","2.34","0"
"51.200","0.4096","13","0.0000","0.0000","-11.2389","-99.1562","0.0000","31.3999","13.2000","0.2016","10000.0000","45.39080194","-75.69573677","36.6","13.4","875.0","79","1","79","1","0","-0.11","0.01","-1.00","-0.3","0.0","-0.5","49.70","160.00","1447","6553.5","232.9","0","0","0","0","30.0","232.9","29.8","30.0","2.22","0.1","-0.0","3.417","0.909","0.00","13.0","2.34","0"
"51.250","0.3525","13","0.0000","0.0000","-14.3155","-104.3563","0.0000","31.3985","13.2000","0.2000","10000.0000","45.39080195","-75.69573685","36.6","13.4","875.0","79","1","79","1","0","-0.11","0.01","-1.00","-0.3","0.0","-0.5","50.03","160.00","1175","6553.5","232.7","0","0","0","0","30.0","232.7","29.7","30.0","2.33","0.1","-0.0","3.405","0.926","0.00","12.9","2.35","0"
"51.300","0.2468","13","0.0000","0.0000","-20.9839","-109.1103","0.0000","31.3906","13.2000","0.2000","10000.0000","45.39080196","-75.69573689","36.6","13.4","875.0","79","1","79","1","0","-0.08","0.01","-1.00","-0.3","-0.0","-0.5","50.36","155.62","1383","6553.5","232.6","0","0","0","0","30.0","232.6","29.8","30.0","2.01","0.1","-0.0","3.396","0.941","0.00","12.9","2.38","0"
"51.350","0.3515","13","0.0000","0.0000","-19.2118","-39.9007","0.0000","31.3750","13.2000","0.2034","10000.0000","45.39080190","-75.69573680","36.6","13.4","875.0","79","1","79","1","0","-0.07","0.01","-1.01","-0.3","-0.0","-0.5","50.69","146.10","1566","6553.5","232.5","0","0","0","0","30.0","232.5","29.8","30.0","1.86","0.1","-0.0","3.392","0.950","0.00","13.0","2.41","0"
"51.400","0.5552","13","0.0000","0.0000","-13.4675","64.1152","0.0000","31.3557","13.2000","0.2084","10000.0000","45.39080182","-75.69573665","36.6","13.4","875.0","79","1","79","1","0","0.03","0.01","-1.00","-0.3","-0.0","-0.5","51.02","140.00","1515","6553.5","232.7","0","0","0","0","30.0","232.7","29.7","30.0","2.05","0.1","-0.0","3.419","0.924","0.00","13.0","2.38","0"
"51.450","0.5027","13","0.0000","0.0000","-19.8725","115.9291","0.0000","31.3369","13.2340","0.2168","10000.0000","45.39080174","-75.69573663","36.6","13.4","875.3","79","1","79","1","0","-0.05","0.01","-1.01","-0.3","-0.0","-0.4","51.35","140.00","1502","6553.5","233.0","0","0","0","0","30.0","233.0","29.7","30.0","2.15","0.1","-0.0","3.429","0.912","0.00","12.9","2.34","0"
"51.500","0.3296","13","0.0000","0.0000","-31.9947","143.1773","0.0000","31.3184","13.2840","0.2268","10000.0000","45.39080165","-75.69573668","36.6","13.4","875.5","79","1","79","1","0","-0.07","0.03","-1.01","-0.3","0.0","-0.4","51.68","143.00","1558","6553.5","233.0","0","0","0","0","30.0","233.0","29.8","30.0","2.08","0.1","-0.0","3.409","0.927","0.00","12.9","2.36","0"
"51.550","0.3470","13","0.0000","0.0000","-28.6488","129.9256","0.0000","31.3133","13.3000","0.2232","10000.0000","45.39080170","-75.69573663","36.6","13.4","875.2","79","1","79","1","0","-0.00","0.04","-1.00","-0.3","0.0","-0.4","52.01","151.33","1530","6553.5","233.1","0","0","0","0","30.0","233.1","29.8","30.0","2.07","0.1","-0.0","3.412","0.937","0.00","13.0","2.38","0"
"51.600","0.4541","13","0.0000","0.0000","-18.0238","97.6152","0.0000","31.3145","13.3000","0.2132","10000.0000","45.39080182","-75.69573653","36.6","13.4","875.5","79","1","79","1","0","0.03","0.03","-1.01","-0.3","0.0","-0.5","52.34","159.67","1437","6553.5","233.1","0","0","0","0","30.0","233.1","29.8","30.0","2.19","0.1","-0.0","3.433","0.944","0.00","13.0","2.37","0"
"51.650","0.4187","13","0.0000","0.0000","-25.3012","77.3237","0.0000","31.2971","13.3000","0.1930","10000.0000","45.39080185","-75.69573656","36.6","13.4","875.3","79","1","79","1","0","0.05","0.01","-1.01","-0.3","0.0","-0.5","52.67","160.00","1527","6553.5","233.0","0","0","0","0","30.0","233.0","29.8","30.0","2.22","0.1","-0.0","3.430","0.932","0.00","12.9","2.35","0"
"51.700","0.3162","13","0.0000","0.0000","-41.0034","62.6880","0.0000","31.2709","13.3000","0.1680","10000.0000","45.39080183","-75.69573663","36.6","13.4","875.5","79","1","79","1","0","0.06","0.02","-0.99","-0.3","0.1","-0.5","53.00","218.50","1675","6553.5","233.3","0","0","0","0","30.0","233.3","29.8","30.0","2.04","0.1","-0.0","3.420","0.914","0.00","13.0","2.33","0"
"51.750","0.3980","13","0.0000","0.0000","-34.4939","3.6586","0.0000","31.2757","13.3000","0.1668","10000.0000","45.39080192","-75.69573675","36.6","13.4","875.0","79","1","79","1","0","-0.05","0.05","-0.98","-0.3","0.0","-0.5","52.99","204.97","1551","6553.5","233.7","0","0","0","0","30.0","233.7","29.8","30.0","1.99","0.1","-0.0","3.419","0.922","0.00","13.1","2.31","0"
"51.800","0.5665","13","0.0000","0.0000","-17.5320","-76.2620","0.0000","31.2952","13.3000","0.1768","10000.0000","45.39080206","-75.69573689","36.6","13.4","875.0","79","1","79","1","0","-0.04","0.03","-0.99","-0.3","0.0","-0.5","52.30","182.71","1409","6553.5","233.4","0","0","0","0","30.0","233.4","29.8","30.0","2.21","0.1","-0.0","3.419","0.933","0.00","13.0","2.33","0"
"51.850","0.5777","13","0.0000","0.0000","-11.6127","-118.1016","0.0000","31.3107","13.3340","0.2038","10000.0000","45.39080202","-75.69573698","36.6","13.4","875.0","79","1","79","1","0","-0.03","0.02","-0.98","-0.3","-0.0","-0.5","51.61","160.45","1229","6553.5","233.0","0","0","0","0","30.0","233.0","29.7","30.0","2.27","0.1","-0.0","3.424","0.955","0.00","12.8","2.36","0"
"51.900","0.5150","13","0.0000","0.0000","-10.8899","-142.0208","0.0000","31.3243","13.3840","0.2388","10000.0000","45.39080190","-75.69573704","36.6","13.4","875.5","79","1","79","1","0","-0.05","0.02","-0.98","-0.3","-0.0","-0.5","50.93","160.00","1229","6553.5","233.0","0","0","0","0","30.0","233.0","29.7","30.0","2.00","0.1","-0.0","3.429","0.961","0.00","12.9","2.38","0"
"51.950","0.4573","14","0.0000","0.0000","-13.5745","-78.2723","0.0000","31.3146","13.4000","0.2330","10000.0000","45.39080190","-75.69573702","36.6","13.4","875.2","79","1","79","1","0","-0.13","0.03","-0.99","-0.3","-0.0","-0.5","50.24","160.00","1551","6553.5","233.1","0","0","0","0","30.0","233.1","29.8","30.0","1.89","0.1","-0.0","3.430","0.938","0.00","13.1","2.40","0"
"52.000","0.4021","14","0.0000","0.0000","-17.8627","26.7314","0.0000","31.2938","13.4000","0.2080","10000.0000","45.39080196","-75.69573696","36.6","13.4","875.0","79","1","79","1","0","-0.12","0.02","-1.00","-0.2","-0.0","-0.5","49.56","160.00","1593","6553.5","233.1","0","0","0","0","30.0","233.1","29.8","30.0","2.09","0.1","-0.0","3.424","0.922","0.00","13.0","2.37","0"
"52.050","0.3321","14","0.0000","0.0000","-25.5990","-12.6616","0.0000","31.2775","13.4000","0.2034","10000.0000","45.39080190","-75.69573694","36.6","13.4","875.0","79","1","79","1","0","-0.10","-0.01","-1.00","-0.2","0.0","-0.5","48.87","189.90","1414","6553.5","233.0","0","0","0","0","30.0","233.0","29.8","30.0","2.21","0.1","-0.0","3.413","0.912","0.00","12.9","2.34","0"
"52.100","0.2551","14","0.0000","0.0000","-34.9580","-120.0060","0.0000","31.2633","13.4000","0.2084","10000.0000","45.39080177","-75.69573694","36.6","13.4","875.0","79","1","79","1","0","0.06","0.00","-1.00","-0.3","-0.0","-0.5","48.18","225.00","1336","6553.5","233.0","0","0","0","0","30.0","233.0","29.8","30.0","2.12","0.1","-0.0","3.414","0.926","0.00","12.9","2.37","0"
"52.150","0.2026","14","0.0000","0.0000","-44.2221","-93.1504","0.0000","31.2613","13.4000","0.1828","10000.0000","45.39080179","-75.69573693","36.6","13.4","875.3","79","1","79","1","0","0.11","0.02","-0.98","-0.3","-0.0","-0.5","47.50","210.86","1289","6553.5","233.1","0","0","0","0","30.0","233.1","29.8","30.0","2.05","0.1","-0.0","3.420","0.948","0.00","12.9","2.40","0"
"52.200","0.1616","14","0.0000","0.0000","-53.4415","-3.1419","0.0000","31.2650","13.4000","0.1428","10000.0000","45.39080189","-75.69573691","36.6","13.4","875.0","79","1","79","1","0","-0.05","0.01","-0.97","-0.3","0.0","-0.5","46.81","180.12","1452","6553.5","233.3","0","0","0","0","30.0","233.3","29.8","30.0","2.01","0.1","-0.0","3.423","0.926","0.00","12.9","2.38","0"
"52.250","0.3840","14","0.0000","0.0000","-38.5949","69.6097","0.0000","31.2772","13.4000","0.1504","10000.0000","45.39080182","-75.69573682","36.6","13.4","875.2","79","1","79","1","0","-0.03","0.00","-0.98","-0.3","0.0","-0.5","46.13","154.46","1588","6553.5","233.5","0","0","0","0","30.0","233.5","29.8","30.0","2.04","0.1","-0.1","3.418","0.910","0.00","12.9","2.36","0"
"52.300","0.7304","14","0.0000","0.0000","-12.4231","134.2404","0.0000","31.2934","13.4000","0.1804","10000.0000","45.39080167","-75.69573670","36.6","13.4","875.0","79","1","79","1","0","0.04","0.02","-0.99","-0.3","0.0","-0.5","45.44","377.68","1533","6553.5","233.8","0","0","0","0","30.0","233.9","29.8","30.0","2.21","0.1","-0.0","3.374","0.934","0.00","12.9","2.36","0"
"52.350","0.6451","14","0.0000","0.0000","-6.2198","150.8634","0.0000","31.2938","13.4000","0.1866","10000.0000","45.39080162","-75.69573665","36.6","13.4","875.0","79","1","79","1","0","0.01","0.02","-1.00","-0.3","0.0","-0.5","44.75","400.00","1479","6553.5","234.2","0","0","0","0","30.0","234.3","29.8","30.0","2.33","0.1","-0.0","3.362","0.947","0.00","13.0","2.37","0"
"52.400","0.3568","14","0.0000","0.0000","-9.4136","144.8944","0.0000","31.2869","13.4000","0.1816","10000.0000","45.39080162","-75.69573663","36.6","13.4","875.0","79","1","79","1","0","0.05","0.02","-0.98","-0.3","0.1","-0.5","44.07","309.27","1426","6553.5","234.1","0","0","0","0","30.0","234.1","29.8","30.0","2.31","0.1","-0.0","3.408","0.938","0.00","13.0","2.36","0"
"52.450","0.2265","14","0.0000","0.0000","-16.9031","67.4360","0.0000","31.2727","13.4000","0.1664","10000.0000","45.39080156","-75.69573662","36.6","13.4","875.3","79","1","79","1","0","0.01","0.03","-0.99","-0.3","0.1","-0.5","43.38","208.47","1371","6553.5","233.9","0","0","0","0","30.0","233.9","29.8","30.0","2.21","0.1","-0.0","3.420","0.937","0.00","12.9","2.35","0"
"52.500","0.1706","14","0.0000","0.0000","-26.4141","-43.6647","0.0000","31.2550","13.4000","0.1464","10000.0000","45.39080146","-75.69573660","36.6","13.4","875.0","79","1","79","1","0","0.05","0.01","-1.00","-0.3","0.1","-0.5","42.70","150.00","1313","6553.5","233.8","0","0","0","0","30.0","233.8","29.8","30.0","1.90","0.1","-0.0","3.405","0.942","0.00","12.9","2.35","0"
"52.550","0.1838","14","0.0000","0.0000","-24.6009","-14.1383","0.0000","31.2506","13.3660","0.1434","10000.0000","45.39080142","-75.69573651","36.6","13.4","875.2","79","1","79","1","0","-0.01","-0.00","-0.99","-0.3","0.0","-0.5","42.01","150.00","1421","6553.5","233.7","0","0","0","0","30.0","233.7","29.8","30.0","1.78","0.1","-0.0","3.415","0.929","0.00","13.0","2.34","0"
"52.600","0.2295","14","0.0000","0.0000","-17.4586","81.5655","0.0000","31.2523","13.3160","0.1484","10000.0000","45.39080140","-75.69573639","36.6","13.4","875.0","79","1","79","1","0","-0.14","0.00","-0.99","-0.3","0.0","-0.5","41.32","142.50","1583","6553.5","233.7","0","0","0","0","30.0","233.7","29.8","30.0","2.02","0.1","-0.0","3.432","0.911","0.00","13.0","2.34","0"
"52.650","0.2271","14","0.0000","0.0000","-14.8074","61.5055","0.0000","31.2481","13.3000","0.1534","10000.0000","45.39080140","-75.69573634","36.6","13.4","875.5","79","1","79","1","0","-0.12","0.01","-1.00","-0.3","0.0","-0.5","40.64","124.64","1491","6553.5","233.7","0","0","0","0","30.0","233.7","29.8","30.0","2.17","0.1","-0.0","3.421","0.920","0.00","12.9","2.35","0"
"52.700","0.2019","14","0.0000","0.0000","-14.2698","-13.0316","0.0000","31.2412","13.3000","0.1584","10000.0000","45.39080140","-75.69573632","36.6","13.4","875.5","79","1","79","1","0","-0.08","0.03","-0.99","-0.3","0.0","-0.5","39.95","114.29","1415","6553.5","233.6","0","0","0","0","30.0","233.6","29.8","30.0","2.11","0.1","-0.0","3.412","0.928","0.00","12.9","2.38","0"
"52.750","0.1737","14","0.0000","0.0000","-17.6387","5.3998","0.0000","31.2299","13.3000","0.1532","10000.0000","45.39080135","-75.69573626","36.6","13.4","875.0","79","1","79","1","0","-0.08","0.02","-1.00","-0.3","0.0","-0.5","39.27","133.49","1501","6553.5","233.4","0","0","0","0","30.0","233.4","29.8","30.0","2.09","0.1","-0.0","3.424","0.917","0.00","12.8","2.42","0"
"52.800","0.1442","14","0.0000","0.0000","-22.8460","67.5811","0.0000","31.2167","13.3000","0.1432","10000.0000","45.39080128","-75.69573619","36.6","13.4","875.0","79","1","79","1","0","-0.12","0.01","-1.01","-0.3","0.0","-0.5","38.97","160.00","1556","6553.5","233.5","0","0","0","0","30.0","233.5","29.8","30.0","2.15","0.1","-0.0","3.433","0.913","0.00","12.8","2.41","0"
"52.850","0.1462","14","0.0000","0.0000","-20.9883","48.4627","0.0000","31.2125","13.3000","0.1467","10000.0000","45.39080125","-75.69573616","36.6","13.4","875.0","79","1","79","1","0","-0.11","0.02","-0.99","-0.3","0.0","-0.5","39.42","160.00","1443","6553.5","233.7","0","0","0","0","30.0","233.7","29.8","30.0","2.16","0.1","-0.0","3.428","0.940","0.00","12.8","2.39","0"
"52.900","0.1631","14","0.0000","0.0000","-15.8058","-8.9144","0.0000","31.2125","13.3000","0.1566","10000.0000","45.39080125","-75.69573616","36.6","13.4","874.5","79","1","79","1","0","-0.09","0.01","-0.99","-0.3","0.0","-0.6","39.87","160.00","1399","6553.5","233.7","0","0","0","0","30.0","233.7","29.8","30.0","2.07","0.1","-0.0","3.423","0.946","0.00","12.8","2.36","0"
"52.950","0.1369","14","0.0000","0.0000","-24.3883","40.3568","0.0000","31.2078","13.3000","0.1600","10000.0000","45.39080121","-75.69573616","36.6","13.4","875.2","79","1","79","1","0","0.00","-0.00","-0.99","-0.3","0.0","-0.5","40.33","152.00","1476","6553.5","233.7","0","0","0","0","30.0","233.7","29.8","30.0","2.06","0.1","-0.0","3.426","0.916","0.00","12.8","2.33","0"
"53.000","0.0885","14","0.0000","0.0000","-40.0618","144.5681","0.0000","31.2007","13.3000","0.1600","10000.0000","45.39080115","-75.69573616","36.6","13.4","875.0","79","1","79","1","0","0.01","0.04","-1.00","-0.3","-0.0","-0.5","40.78","138.81","1430","6553.5","233.9","0","0","0","0","30.0","233.9","29.8","30.0","2.20","0.1","-0.0","3.430","0.910","0.00","12.9","2.37","0"
"53.050","0.0839","14","0.0000","0.0000","-37.4449","78.1711","0.0000","31.1942","13.3000","0.1600","10000.0000","45.39080112","-75.69573611","36.6","13.3","875.3","79","1","79","1","0","-0.00","0.04","-0.99","-0.3","-0.0","-0.5","41.24","135.83","1286","6553.5","234.1","0","0","0","0","30.0","234.1","29.8","30.0","2.23","0.1","-0.0","3.436","0.921","0.00","13.0","2.41","0"
"53.100","0.1019","14","0.0000","0.0000","-25.4056","-76.1151","0.0000","31.1881","13.3000","0.1600","10000.0000","45.39080111","-75.69573603","36.6","13.3","875.0","79","1","79","1","0","0.04","0.02","-0.99","-0.3","-0.0","-0.5","41.69","133.33","1423","6553.5","234.3","0","0","0","0","30.0","234.3","29.8","30.0","2.04","0.1","0.0","3.441","0.913","0.00","13.0","2.46","0"
"53.150","0.1341","14","0.0000","0.0000","-16.1923","-53.1650","0.0000","31.1844","13.3000","0.1567","10000.0000","45.39080113","-75.69573596","36.6","13.3","875.3","79","1","79","1","0","0.03","0.01","-0.99","-0.3","-0.1","-0.5","42.14","133.33","1648","6553.5","234.6","0","0","0","0","30.0","234.6","29.8","30.0","1.98","0.1","0.0","3.438","0.898","0.00","12.9","2.51","0"
"53.200","0.1736","14","0.0000","0.0000","-8.4348","61.0886","0.0000","31.1819","13.3000","0.1517","10000.0000","45.39080115","-75.69573588","36.6","13.3","875.0","79","1","79","1","0","-0.03","0.02","-1.00","-0.3","-0.1","-0.5","42.60","84.44","1502","6553.5","234.5","0","0","0","0","30.0","234.5","29.8","30.0","2.21","0.1","-0.0","3.435","0.922","0.00","12.9","2.47","0"
"53.250","0.1421","14","0.0000","0.0000","-16.6757","27.8475","0.0000","31.1764","13.3000","0.1533","10000.0000","45.39080116","-75.69573584","36.6","13.3","875.3","79","1","79","1","0","-0.02","0.02","-1.00","-0.3","-0.0","-0.5","43.05","131.31","1343","6553.5","234.3","0","0","0","0","30.0","234.3","29.8","30.0","2.28","0.1","-0.0","3.426","0.944","0.00","13.0","2.41","0"
"53.300","0.0741","14","0.0000","0.0000","-33.1581","-81.3756","0.0000","31.1694","13.3000","0.1583","10000.0000","45.39080116","-75.69573583","36.6","13.3","875.0","79","1","79","1","0","0.04","0.01","-1.00","-0.3","-0.0","-0.5","43.51","192.15","1190","6553.5","234.3","0","0","0","0","30.0","234.3","29.8","30.0","2.05","0.1","-0.0","3.420","0.945","0.00","13.0","2.43","0"
"53.350","0.0769","14","0.0000","0.0000","-35.7856","-32.6242","0.0000","31.1555","13.3000","0.1633","10000.0000","45.39080113","-75.69573580","36.6","13.3","875.0","79","1","79","1","0","0.01","0.01","-1.00","-0.3","0.0","-0.5","43.96","225.00","1187","6553.5","234.2","0","0","0","0","30.0","234.2","29.8","30.0","1.92","0.1","-0.0","3.424","0.944","0.00","13.0","2.47","0"
"53.400","0.1164","14","0.0000","0.0000","-31.2758","97.5079","0.0000","31.1381","13.3000","0.1683","10000.0000","45.39080110","-75.69573577","36.6","13.3","875.0","79","1","79","1","0","-0.08","0.03","-0.98","-0.3","0.0","-0.5","44.41","190.50","1447","6553.5","234.3","0","0","0","0","30.0","234.3","29.8","30.0","2.03","0.1","-0.0","3.429","0.939","0.00","13.0","2.45","0"
"53.450","0.1475","14","0.0000","0.0000","-26.1447","143.3365","0.0000","31.1327","13.2670","0.1733","10000.0000","45.39080109","-75.69573572","36.6","13.3","875.2","79","1","79","1","0","0.01","0.01","-0.98","-0.3","0.0","-0.4","44.87","152.35","1520","6553.5","234.5","0","0","0","0","30.0","234.5","29.8","30.0","2.09","0.1","-0.0","3.438","0.942","0.00","13.0","2.41","0"
"53.500","0.1744","14","0.0000","0.0000","-20.6936","145.7359","0.0000","31.1335","13.2170","0.1783","10000.0000","45.39080108","-75.69573565","36.6","13.3","875.0","79","1","79","1","0","0.08","0.01","-0.98","-0.2","0.0","-0.5","45.32","157.45","1445","6553.5","234.3","0","0","0","0","30.0","234.3","29.8","30.0","2.06","0.1","-0.0","3.441","0.952","0.00","12.9","2.41","0"
"53.550","0.1912","14","0.0000","0.0000","-21.3032","48.0899","0.0000","31.1286","13.2000","0.1767","10000.0000","45.39080104","-75.69573567","36.6","13.3","875.3","79","1","79","1","0","0.03","0.01","-0.97","-0.3","0.1","-0.5","45.77","150.00","1351","6553.5","234.1","0","0","0","0","30.0","234.1","29.8","30.0","1.98","0.1","-0.0","3.419","0.963","0.00","12.8","2.41","0"
"53.600","0.2029","14","0.0000","0.0000","-25.0350","-101.0947","0.0000","31.1206","13.2000","0.1717","10000.0000","45.39080098","-75.69573574","36.6","13.3","875.0","79","1","79","1","0","-0.09","0.01","-0.97","-0.3","0.1","-0.5","46.23","140.00","1252","6553.5","234.2","0","0","0","0","30.0","234.2","29.8","30.0","1.84","0.1","-0.0","3.405","0.975","0.00","12.9","2.41","0"
"53.650","0.1651","14","0.0000","0.0000","-40.8008","-48.6109","0.0000","31.1196","13.2000","0.1568","10000.0000","45.39080099","-75.69573580","36.6","13.3","875.3","79","1","79","1","0","-0.18","0.03","-0.97","-0.2","0.1","-0.5","46.68","127.14","1405","6553.5","234.4","0","0","0","0","30.0","234.4","29.8","30.0","1.81","0.1","-0.0","3.406","0.947","0.00","13.0","2.40","0"
"53.700","0.1020","14","0.0000","0.0000","-62.7658","107.7626","0.0000","31.1223","13.2000","0.1368","10000.0000","45.39080103","-75.69573586","36.6","13.3","875.0","79","1","79","1","0","-0.12","0.03","-0.97","-0.2","0.0","-0.5","47.14","124.97","1530","6553.5","234.4","0","0","0","0","30.0","234.4","29.8","30.0","2.01","0.1","-0.0","3.413","0.922","0.00","13.0","2.40","0"
"53.750","0.1071","14","0.0000","0.0000","-56.3846","74.7400","0.0000","31.1204","13.2000","0.1333","10000.0000","45.39080107","-75.69573591","36.6","13.3","875.0","79","1","79","1","0","-0.06","0.02","-0.98","-0.3","0.0","-0.5","47.59","146.33","1452","6553.5","234.5","0","0","0","0","30.0","234.5","29.8","30.0","2.13","0.1","-0.0","3.425","0.924","0.00","13.0","2.41","0"
"53.800","0.1473","14","0.0000","0.0000","-35.4007","-55.8503","0.0000","31.1162","13.2000","0.1383","10000.0000","45.39080111","-75.69573596","36.6","13.3","875.0","79","1","79","1","0","-0.03","0.02","-0.99","-0.3","-0.0","-0.6","48.04","160.00","1455","6553.5","234.7","0","0","0","0","30.0","234.7","29.8","30.0","2.06","0.1","-0.0","3.423","0.926","0.00","13.0","2.41","0"
"53.850","0.1247","14","0.0000","0.0000","-45.3138","-36.5181","0.0000","31.1165","13.2000","0.1400","10000.0000","45.39080115","-75.69573601","36.6","13.3","875.3","79","1","79","1","0","-0.05","0.02","-0.95","-0.3","-0.0","-0.5","47.99","156.40","1601","6553.5","234.9","0","0","0","0","30.0","234.9","29.8","30.0","2.06","0.1","-0.0","3.415","0.930","0.00","13.0","2.40","0"
"53.900","0.0696","14","0.0000","0.0000","-71.1435","60.0469","0.0000","31.1192","13.2000","0.1400","10000.0000","45.39080119","-75.69573608","36.6","13.3","875.0","79","1","79","1","0","-0.11","0.00","-0.97","-0.3","-0.0","-0.5","46.95","142.69","1534","6553.5","234.8","0","0","0","0","30.0","234.8","29.8","30.0","2.20","0.1","-0.0","3.418","0.938","0.00","13.0","2.39","0"
"53.950","0.0859","13","0.0000","0.0000","-64.0378","102.3754","0.0000","31.1155","13.2000","0.1466","10000.0000","45.39080120","-75.69573609","36.6","13.3","875.3","79","1","79","1","0","-0.13","0.01","-0.98","-0.3","-0.0","-0.5","45.90","122.40","1300","6553.5","234.7","0","0","0","0","30.0","234.7","29.8","30.0","2.22","0.1","-0.0","3.419","0.949","0.00","12.9","2.38","0"
"54.000","0.1389","13","0.0000","0.0000","-39.9654","116.7639","0.0000","31.1085","13.2000","0.1566","10000.0000","45.39080120","-75.69573607","36.6","13.3","875.0","79","1","79","1","0","-0.11","0.03","-1.00","-0.3","0.0","-0.5","44.86","141.71","1408","6553.5","234.7","0","0","0","0","30.0","234.7","29.8","30.0","1.96","0.1","-0.0","3.414","0.940","0.00","12.9","2.37","0"
"54.050","0.1734","13","0.0000","0.0000","-26.7384","93.1187","0.0000","31.1086","13.2000","0.1600","10000.0000","45.39080126","-75.69573605","36.6","13.3","875.0","79","1","79","1","0","-0.14","0.05","-1.00","-0.3","0.0","-0.5","43.82","160.00","1624","6553.5","234.8","0","0","0","0","30.0","234.8","29.8","30.0","1.85","0.1","-0.0","3.414","0.925","0.00","13.0","2.35","0"
"54.100","0.1983","13","0.0000","0.0000","-19.0985","49.8804","0.0000","31.1123","13.2000","0.1600","10000.0000","45.39080136","-75.69573604","36.6","13.3","875.5","79","1","79","1","0","-0.04","0.04","-0.99","-0.3","0.0","-0.5","42.77","164.41","1415","6553.5","234.8","0","0","0","0","30.0","234.8","29.8","30.0","2.05","0.1","-0.0","3.424","0.925","0.00","12.9","2.35","0"
"54.150","0.1742","13","0.0000","0.0000","-17.4550","13.4460","0.0000","31.1176","13.2000","0.1633","10000.0000","45.39080139","-75.69573608","36.6","13.3","875.3","79","1","79","1","0","0.06","0.04","-0.98","-0.3","0.1","-0.5","41.73","171.76","1265","6553.5","234.7","0","0","0","0","30.0","234.7","29.8","30.0","2.11","0.1","-0.0","3.419","0.926","0.00","12.8","2.34","0"
"54.200","0.1248","13","0.0000","0.0000","-18.9007","-19.4832","0.0000","31.1237","13.2000","0.1683","10000.0000","45.39080140","-75.69573616","36.6","13.3","875.0","79","1","79","1","0","-0.04","0.03","-0.99","-0.3","0.1","-0.5","40.69","167.08","1521","6553.5","234.9","0","0","0","0","30.0","234.9","29.8","30.0","1.88","0.1","-0.0","3.402","0.930","0.00","12.9","2.34","0"
"54.250","0.1118","13","0.0000","0.0000","-19.7246","-9.5405","0.0000","31.1212","13.2000","0.1667","10000.0000","45.39080140","-75.69573618","36.6","13.3","875.5","79","1","79","1","0","-0.08","0.02","-0.99","-0.3","0.1","-0.5","39.64","160.00","1628","6553.5","235.1","0","0","0","0","30.0","235.1","29.8","30.0","1.83","0.1","-0.0","3.417","0.931","0.00","13.1","2.34","0"
"54.300","0.1175","13","0.0000","0.0000","-20.2284","22.4878","0.0000","31.1142","13.2000","0.1617","10000.0000","45.39080140","-75.69573616","36.6","13.3","875.0","79","1","79","1","0","0.00","0.00","-0.99","-0.3","0.0","-0.6","38.60","160.00","1469","6553.5","235.1","0","0","0","0","30.0","235.1","29.8","30.0","2.13","0.1","-0.0","3.441","0.925","0.00","13.0","2.35","0"
"54.350","0.1927","13","0.0000","0.0000","-16.6517","64.1970","0.0000","31.1130","13.2000","0.1600","10000.0000","45.39080139","-75.69573608","36.6","13.3","875.3","79","1","79","1","0","0.07","0.03","-0.99","-0.3","0.0","-0.6","37.56","160.00","1405","6553.5","235.0","0","0","0","0","30.0","235.0","29.8","30.0","2.29","0.1","-0.0","3.435","0.922","0.00","12.9","2.37","0"
"54.400","0.3038","13","0.0000","0.0000","-10.9731","110.8935","0.0000","31.1148","13.2000","0.1600","10000.0000","45.39080138","-75.69573595","36.6","13.3","875.0","79","1","79","1","0","0.04","0.05","-0.99","-0.3","0.0","-0.6","36.51","157.64","1416","6553.5","235.2","0","0","0","0","30.0","235.2","29.8","30.0","2.11","0.1","-0.0","3.428","0.920","0.00","12.9","2.38","0"
"54.450","0.3482","13","0.0000","0.0000","-9.0709","36.3222","0.0000","31.1152","13.2000","0.1633","10000.0000","45.39080133","-75.69573592","36.6","13.3","875.2","79","1","79","1","0","-0.03","0.04","-1.00","-0.3","0.0","-0.6","35.47","118.23","1357","6553.5","235.5","0","0","0","0","30.0","235.5","29.8","30.0","2.00","0.1","-0.0","3.425","0.936","0.00","13.0","2.40","0"
"54.500","0.3583","13","0.0000","0.0000","-9.1141","-100.7204","0.0000","31.1151","13.2000","0.1683","10000.0000","45.39080127","-75.69573594","36.6","13.3","875.0","79","1","79","1","0","-0.02","0.01","-0.99","-0.3","0.0","-0.6","34.43","114.29","1275","6553.5","235.6","0","0","0","0","30.0","235.6","29.8","30.0","2.06","0.1","-0.0","3.424","0.956","0.00","13.0","2.37","0"
"54.550","0.3117","13","0.0000","0.0000","-10.4563","-144.9077","0.0000","31.1099","13.2000","0.1667","10000.0000","45.39080125","-75.69573597","36.6","13.3","875.0","79","1","79","1","0","0.05","-0.00","-0.98","-0.3","0.0","-0.5","33.38","148.88","1350","6553.5","235.8","0","0","0","0","30.0","235.8","29.8","30.0","2.10","0.1","-0.0","3.422","0.948","0.00","12.9","2.34","0"
"54.600","0.2357","13","0.0000","0.0000","-12.4676","-141.2605","0.0000","31.1020","13.2000","0.1617","10000.0000","45.39080126","-75.69573602","36.6","13.3","875.5","79","1","79","1","0","0.09","0.01","-0.99","-0.3","0.0","-0.6","32.34","187.33","1426","6553.5","235.9","0","0","0","0","30.4","235.9","29.8","30.0","2.11","0.1","-0.0","3.418","0.939","0.00","12.9","2.35","0"
"54.650","0.1951","13","0.0000","0.0000","-14.9931","-93.7297","0.0000","31.0949","13.2000","0.1633","10000.0000","45.39080130","-75.69573601","36.6","13.4","875.3","79","1","79","1","0","0.04","0.02","-0.98","-0.2","0.0","-0.6","31.30","225.00","1467","6553.5","236.1","0","0","0","0","30.9","236.1","29.8","30.0","2.10","0.1","-0.0","3.411","0.927","0.00","13.0","2.36","0"
"54.700","0.1726","13","0.0000","0.0000","-17.7834","-23.5921","0.0000","31.0881","13.2000","0.1683","10000.0000","45.39080136","-75.69573598","36.6","13.4","875.0","79","1","79","1","0","-0.09","0.02","-0.98","-0.2","-0.0","-0.6","30.26","225.00","1479","6553.5","236.3","0","0","0","0","31.0","236.3","29.8","30.0","2.04","0.1","-0.0","3.421","0.927","0.00","13.0","2.38","0"
"54.750","0.1517","13","0.0000","0.0000","-10.3082","15.0195","0.0000","31.1003","13.2000","0.1667","10000.0000","45.39080146","-75.69573594","36.6","13.4","875.3","79","1","79","1","0","-0.05","0.02","-0.98","-0.2","0.0","-0.5","29.21","189.80","1437","6553.5","236.6","0","0","0","0","31.0","236.6","29.8","30.0","2.03","0.1","-0.0","3.437","0.946","0.00","12.9","2.40","0"
"54.800","0.1316","13","0.0000","0.0000","2.4553","37.3904","0.0000","31.1224","13.2000","0.1617","10000.0000","45.39080158","-75.69573589","36.6","13.4","875.0","79","1","79","1","0","-0.05","0.03","-0.98","-0.2","0.0","-0.5","28.17","151.53","1412","6553.5","236.4","0","0","0","0","31.0","236.4","29.8","30.0","2.13","0.1","-0.0","3.433","0.960","0.00","12.9","2.41","0"
"54.850","0.1878","13","0.0000","0.0000","6.2147","55.3340","0.0000","31.1264","13.2000","0.1633","10000.0000","45.39080161","-75.69573579","36.6","13.4","875.5","79","1","79","1","0","-0.05","0.04","-0.99","-0.2","-0.0","-0.5","27.13","122.86","1398","6553.5","236.1","0","0","0","0","31.0","236.1","29.8","30.0","2.15","0.1","-0.0","3.429","0.969","0.00","13.0","2.42","0"
"54.900","0.2834","13","0.0000","0.0000","5.3358","70.9969","0.0000","31.1212","13.2000","0.1683","10000.0000","45.39080160","-75.69573565","36.6","13.4","875.0","79","1","79","1","0","0.05","0.03","-1.00","-0.2","-0.0","-0.5","26.97","158.57","1442","6553.5","236.3","0","0","0","0","31.0","236.3","29.8","30.0","2.00","0.1","-0.0","3.432","0.946","0.00","13.0","2.39","0"
"54.950","0.2285","13","0.0000","0.0000","16.1662","71.4271","0.0000","31.1200","13.2000","0.1766","10000.0000","45.39080159","-75.69573556","36.6","13.4","875.0","79","1","79","1","0","0.09","0.04","-1.00","-0.2","-0.0","-0.6","28.54","225.00","1504","6553.5","236.5","0","0","0","0","31.0","236.5","29.8","30.0","1.90","0.1","-0.0","3.430","0.913","0.00","13.0","2.36","0"
"55.000","0.0960","13","0.0000","0.0000","33.0289","64.0103","0.0000","31.1209","13.2000","0.1866","10000.0000","45.39080158","-75.69573550","36.6","13.4","875.0","79","1","79","1","0","0.00","0.05","-1.00","-0.2","0.0","-0.6","30.10","233.25","1604","6553.5","236.3","0","0","0","0","31.0","236.3","29.8","30.0","1.93","0.1","-0.0","3.418","0.919","0.00","13.0","2.34","0"
"55.050","0.0845","13","0.0000","0.0000","29.2197","67.7687","0.0000","31.1264","13.2000","0.1801","10000.0000","45.39080161","-75.69573543","36.6","13.4","875.0","79","1","79","1","0","-0.09","0.05","-1.00","-0.2","0.1","-0.6","31.67","253.88","1667","6553.5","236.0","0","0","0","0","31.0","236.0","29.8","30.0","2.04","0.1","-0.0","3.422","0.926","0.00","13.0","2.31","0"
"55.100","0.1354","13","0.0000","0.0000","14.7613","77.2841","0.0000","31.1344","13.2000","0.1651","10000.0000","45.39080167","-75.69573537","36.6","13.4","875.0","79","1","79","1","0","-0.13","0.03","-0.99","-0.3","0.1","-0.5","33.23","216.00","1530","6553.5","235.9","0","0","0","0","31.0","235.9","29.8","30.0","2.30","0.1","-0.1","3.439","0.927","0.00","13.0","2.34","0"
"55.150","0.1863","13","0.0000","0.0000","10.2507","65.2166","0.0000","31.1315","13.1670","0.1633","10000.0000","45.39080169","-75.69573525","36.6","13.4","875.2","79","1","79","1","0","-0.16","0.01","-0.99","-0.3","0.1","-0.5","34.80","133.33","1456","6553.5","235.8","0","0","0","0","31.0","235.8","29.8","30.0","2.38","0.1","-0.1","3.435","0.932","0.00","12.9","2.37","0"
"55.200","0.2372","13","0.0000","0.0000","10.8647","42.0308","0.0000","31.1228","13.1170","0.1683","10000.0000","45.39080171","-75.69573509","36.6","13.4","875.5","79","1","79","1","0","-0.15","0.00","-0.98","-0.3","0.1","-0.5","36.36","165.00","1496","6553.5","235.7","0","0","0","0","31.0","235.7","29.9","30.0","2.05","0.1","-0.1","3.423","0.942","0.00","12.9","2.36","0"
"55.250","0.1997","13","0.0000","0.0000","14.6729","33.5608","0.0000","31.1233","13.1000","0.1700","10000.0000","45.39080168","-75.69573497","36.6","13.4","875.0","79","1","79","1","0","-0.11","-0.00","-0.98","-0.3","0.0","-0.5","37.93","248.33","1528","6553.5","235.6","0","0","0","0","31.0","235.6","29.9","30.0","1.86","0.1","-0.0","3.414","0.940","0.00","12.9","2.35","0"
"55.300","0.1165","13","0.0000","0.0000","20.1267","32.6717","0.0000","31.1284","13.1000","0.1700","10000.0000","45.39080164","-75.69573486","36.6","13.4","875.0","79","1","79","1","0","-0.05","-0.01","-0.99","-0.3","-0.0","-0.5","39.49","271.50","1552","6553.5","235.9","0","0","0","0","31.0","236.0","29.9","30.0","1.98","0.1","-0.0","3.409","0.929","0.00","12.9","2.35","0"
"55.350","0.0966","13","0.0000","0.0000","23.7690","23.3536","0.0000","31.1313","13.1000","0.1700","10000.0000","45.39080161","-75.69573474","36.6","13.4","875.2","79","1","79","1","0","-0.02","0.01","-1.00","-0.3","-0.1","-0.5","41.06","182.25","1498","6553.5","236.3","0","0","0","0","31.0","236.4","29.9","30.0","2.08","0.1","-0.0","3.421","0.931","0.00","13.0","2.36","0"
"55.400","0.1095","13","0.0000","0.0000","26.4782","9.6932","0.0000","31.1330","13.1000","0.1700","10000.0000","45.39080159","-75.69573462","36.6","13.4","875.0","79","1","79","1","0","-0.08","0.03","-0.99","-0.3","-0.0","-0.5","42.62","118.86","1418","6553.5","236.3","0","0","0","0","31.0","236.3","29.9","30.0","2.14","0.1","-0.0","3.429","0.939","0.00","12.9","2.37","0"
"55.450","0.0931","13","0.0000","0.0000","44.7330","-25.3673","0.0000","31.1295","13.1000","0.1535","10000.0000","45.39080154","-75.69573454","36.6","13.4","875.2","79","1","79","1","0","-0.05","0.02","-0.99","-0.4","0.0","-0.5","44.19","135.60","1436","6553.5","236.1","0","0","0","0","31.0","236.1","29.9","30.0","2.15","0.1","-0.0","3.427","0.935","0.00","12.8","2.39","0"
"55.500","0.0616","13","0.0000","0.0000","70.9961","-71.4521","0.0000","31.1233","13.1000","0.1285","10000.0000","45.39080147","-75.69573448","36.6","13.4","875.0","79","1","79","1","0","0.02","0.03","-1.00","-0.3","0.0","-0.5","45.76","148.15","1448","6553.5","236.3","0","0","0","0","31.0","236.3","29.9","30.0","2.06","0.1","-0.0","3.431","0.932","0.00","12.9","2.38","0"
"55.550","0.0735","13","0.0000","0.0000","58.5797","-84.8644","0.0000","31.1240","13.1000","0.1299","10000.0000","45.39080142","-75.69573442","36.6","13.3","875.3","79","1","79","1","0","-0.05","0.04","-1.00","-0.3","0.1","-0.5","47.32","134.92","1409","6553.5","236.5","0","0","0","0","31.0","236.5","29.9","30.0","2.01","0.1","-0.0","3.439","0.940","0.00","13.0","2.37","0"
"55.600","0.1078","13","0.0000","0.0000","26.2375","-81.4453","0.0000","31.1282","13.1000","0.1449","10000.0000","45.39080138","-75.69573438","36.6","13.3","875.0","79","1","79","1","0","-0.10","0.04","-1.00","-0.3","0.1","-0.5","48.89","133.33","1374","6553.5","236.6","0","0","0","0","31.0","236.6","29.9","30.0","2.05","0.1","-0.0","3.438","0.947","0.00","13.0","2.35","0"
"55.650","0.1921","13","0.0000","0.0000","14.8533","-51.2293","0.0000","31.1402","13.1000","0.1599","10000.0000","45.39080144","-75.69573428","36.6","13.3","875.3","79","1","79","1","0","-0.12","0.01","-1.00","-0.3","0.1","-0.5","50.45","139.82","1363","6553.5","236.7","0","0","0","0","31.0","236.7","29.9","30.0","2.08","0.1","-0.1","3.433","0.956","0.00","13.0","2.32","0"
"55.700","0.3022","13","0.0000","0.0000","14.2658","-7.2087","0.0000","31.1562","13.1000","0.1749","10000.0000","45.39080155","-75.69573416","36.6","13.3","875.0","79","1","79","1","0","-0.03","-0.01","-0.97","-0.3","0.1","-0.5","52.02","147.20","1356","6553.5","236.9","0","0","0","0","31.0","236.9","29.9","30.0","2.05","0.1","-0.1","3.435","0.964","0.00","13.0","2.27","0"
"55.750","0.2651","13","0.0000","0.0000","24.0969","62.6866","0.0000","31.1575","13.1000","0.1602","10000.0000","45.39080154","-75.69573407","36.6","13.3","875.5","79","1","79","1","0","0.09","-0.00","-0.98","-0.3","0.0","-0.6","53.58","305.00","1363","6553.5","237.1","0","0","0","0","31.0","237.1","29.9","30.0","2.04","0.1","-0.0","3.436","0.965","0.00","13.0","2.21","0"
"55.800","0.1522","13","0.0000","0.0000","39.2952","145.9111","0.0000","31.1512","13.1000","0.1302","10000.0000","45.39080147","-75.69573401","36.6","13.3","875.5","79","1","79","1","0","0.09","0.01","-0.99","-0.3","-0.0","-0.5","55.15","291.50","1383","6553.5","237.1","0","0","0","0","31.0","237.1","29.9","30.0","2.05","0.1","-0.0","3.433","0.959","0.00","13.0","2.18","0"
"55.850","0.1207","13","0.0000","0.0000","43.4170","99.8855","0.0000","31.1497","13.1000","0.1299","10000.0000","45.39080144","-75.69573395","36.6","13.3","875.3","79","1","79","1","0","0.08","0.01","-0.98","-0.3","-0.0","-0.5","56.71","225.00","1427","6553.5","237.0","0","0","0","0","31.0","237.0","29.9","30.0","2.04","0.1","-0.0","3.430","0.941","0.00","13.0","2.15","0"
"55.900","0.1312","13","0.0000","0.0000","41.8328","-12.7237","0.0000","31.1506","13.1000","0.1449","10000.0000","45.39080143","-75.69573389","36.6","13.3","875.5","79","1","79","1","0","0.10","0.01","-0.99","-0.3","-0.0","-0.6","58.28","225.00","1399","6553.5","237.1","0","0","0","0","31.0","237.1","29.9","30.0","2.02","0.1","-0.0","3.426","0.932","0.00","13.0","2.10","0"
"55.950","0.2030","13","0.0000","0.0000","32.6397","-29.5824","0.0000","31.1498","13.1000","0.1566","10000.0000","45.39080144","-75.69573377","36.6","13.3","875.0","79","1","79","1","0","0.04","0.01","-0.99","-0.3","-0.0","-0.6","59.15","225.00","1315","6553.5","237.3","0","0","0","0","31.0","237.3","29.9","30.0","2.00","0.1","-0.0","3.416","0.930","0.00","13.0","2.05","0"
"56.000","0.3064","13","0.0000","0.0000","19.5269","2.8850","0.0000","31.1481","13.1000","0.1666","10000.0000","45.39080146","-75.69573364","36.6","13.3","875.0","79","1","79","1","0","-0.05","0.01","-1.00","-0.3","0.0","-0.6","58.65","287.50","1315","6553.5","237.0","0","0","0","0","31.0","237.0","29.9","30.0","1.97","0.1","-0.0","3.401","0.936","0.00","13.0","2.05","0"
"56.050","0.2778","13","0.0000","0.0000","20.5601","10.6620","0.0000","31.1487","13.1000","0.1700","10000.0000","45.39080145","-75.69573351","36.6","13.3","875.5","79","1","79","1","0","-0.07","0.01","-1.00","-0.3","0.0","-0.6","58.16","302.38","1342","6553.5","236.7","0","0","0","0","31.0","236.7","29.9","30.0","1.96","0.1","-0.0","3.412","0.945","0.00","13.0","2.06","0"
"56.100","0.1813","13","0.0000","0.0000","28.8806","5.7196","0.0000","31.1504","13.1000","0.1700","10000.0000","45.39080144","-75.69573338","36.6","13.4","875.0","79","1","79","1","0","-0.01","0.03","-1.01","-0.3","0.0","-0.6","57.67","207.14","1349","6553.5","236.7","0","0","0","0","31.0","236.7","29.9","30.0","2.00","0.1","-0.0","3.432","0.946","0.00","13.0","2.03","0"
"56.150","0.1351","13","0.0000","0.0000","33.0783","-18.4085","0.0000","31.1486","13.0670","0.1568","10000.0000","45.39080141","-75.69573334","36.6","13.4","875.5","79","1","79","1","0","-0.04","0.01","-1.00","-0.3","-0.0","-0.6","57.18","150.00","1378","6553.5","236.7","0","0","0","0","31.0","236.7","29.9","30.0","2.01","0.1","-0.0","3.427","0.948","0.00","13.0","2.00","0"
"56.200","0.1149","13","0.0000","0.0000","35.1521","-52.4201","0.0000","31.1451","13.0170","0.1368","10000.0000","45.39080138","-75.69573334","36.6","13.4","875.5","79","1","79","1","0","-0.03","-0.00","-0.98","-0.3","-0.1","-0.6","56.69","135.00","1519","6553.5","236.6","0","0","0","0","31.0","236.6","29.9","30.0","1.93","0.1","-0.0","3.422","0.955","0.00","13.0","2.00","0"
"56.250","0.1374","13","0.0000","0.0000","31.1849","-44.6361","0.0000","31.1469","13.0000","0.1432","10000.0000","45.39080142","-75.69573329","36.6","13.4","875.5","79","1","79","1","0","-0.06","-0.01","-0.96","-0.2","-0.1","-0.6","56.20","122.19","1568","6553.5","236.5","0","0","0","0","31.0","236.5","29.9","30.0","1.93","0.1","-0.0","3.425","0.955","0.00","12.9","2.00","0"
"56.300","0.1820","13","0.0000","0.0000","24.1056","-15.3211","0.0000","31.1515","13.0000","0.1632","10000.0000","45.39080151","-75.69573321","36.6","13.4","875.0","79","1","79","1","0","-0.11","0.01","-0.97","-0.3","-0.1","-0.5","55.71","146.43","1453","6553.5","236.5","0","0","0","0","31.0","236.5","29.9","30.0","2.10","0.1","-0.0","3.425","0.943","0.00","12.9","1.98","0"
"56.350","0.1612","13","0.0000","0.0000","37.1175","13.9902","0.0000","31.1530","13.0000","0.1568","10000.0000","45.39080154","-75.69573319","36.6","13.4","875.5","79","1","79","1","0","-0.04","0.03","-0.99","-0.3","-0.0","-0.5","55.22","139.10","1522","6553.5","236.4","0","0","0","0","31.0","236.4","29.9","30.0","2.16","0.1","-0.0","3.419","0.930","0.00","13.0","1.96","0"
"56.400","0.1067","13","0.0000","0.0000","60.4794","43.2995","0.0000","31.1530","13.0000","0.1368","10000.0000","45.39080154","-75.69573319","36.6","13.4","875.0","79","1","79","1","0","0.03","0.00","-0.98","-0.4","-0.0","-0.5","54.73","112.50","1733","6553.5","236.5","0","0","0","0","31.0","236.5","29.9","30.0","1.98","0.1","-0.0","3.424","0.915","0.00","12.9","1.96","0"
"56.450","0.0947","13","0.0000","0.0000","60.8220","35.6873","0.0000","31.1530","13.0000","0.1399","10000.0000","45.39080154","-75.69573319","36.6","13.4","875.5","79","1","79","1","0","0.05","0.00","-0.99","-0.4","-0.0","-0.5","54.23","327.00","1601","6553.5","236.6","0","0","0","0","31.0","236.6","29.9","30.0","1.92","0.1","-0.0","3.439","0.925","0.00","12.8","1.96","0"
"56.500","0.1046","13","0.0000","0.0000","49.3062","9.0550","0.0000","31.1530","13.0000","0.1549","10000.0000","45.39080154","-75.69573319","36.6","13.4","875.0","79","1","79","1","0","0.02","0.00","-0.97","-0.4","-0.0","-0.5","53.74","490.83","1361","6553.5","236.6","0","0","0","0","31.0","236.6","29.9","30.0","2.12","0.1","-0.0","3.439","0.942","0.00","12.9","1.97","0"
"56.550","0.0989","13","0.0000","0.0000","52.8441","-47.4841","0.0000","31.1531","13.0000","0.1435","10000.0000","45.39080158","-75.69573317","36.6","13.4","875.5","79","1","79","1","0","0.05","0.02","-0.98","-0.4","0.0","-0.5","53.25","242.71","1449","6553.5","236.5","0","0","0","0","31.0","236.5","29.9","30.0","2.25","0.1","-0.0","3.433","0.931","0.00","13.0","1.99","0"
"56.600","0.0852","13","0.0000","0.0000","64.1370","-119.4296","0.0000","31.1533","13.0000","0.1185","10000.0000","45.39080164","-75.69573316","36.6","13.4","875.0","79","1","79","1","0","0.11","0.01","-1.00","-0.3","0.0","-0.5","52.76","128.57","1500","6553.5","236.5","0","0","0","0","31.0","236.5","29.9","30.0","2.24","0.1","-0.0","3.432","0.921","0.00","13.0","2.00","0"
"56.650","0.0933","13","0.0000","0.0000","54.4375","-38.4652","0.0000","31.1487","13.0000","0.1232","10000.0000","45.39080162","-75.69573315","36.6","13.4","875.7","79","1","79","1","0","0.08","0.01","-1.01","-0.3","0.0","-0.5","52.27","119.89","1285","6553.5","236.5","0","0","0","0","31.0","236.5","29.9","30.0","2.16","0.1","-0.0","3.430","0.930","0.00","12.9","2.01","0"
"56.700","0.1128","13","0.0000","0.0000","33.9237","121.2709","0.0000","31.1415","13.0000","0.1432","10000.0000","45.39080156","-75.69573315","36.6","13.4","875.0","79","1","79","1","0","0.03","0.02","-1.01","-0.3","0.0","-0.5","51.78","111.88","1245","6553.5","236.5","0","0","0","0","31.0","236.5","29.9","30.0","1.94","0.1","-0.0","3.425","0.931","0.00","12.9","2.02","0"
"56.750","0.1482","13","0.0000","0.0000","24.2608","112.5583","0.0000","31.1416","13.0000","0.1566","10000.0000","45.39080160","-75.69573314","36.6","13.4","875.3","79","1","79","1","0","-0.05","0.04","-1.01","-0.2","0.0","-0.4","51.29","110.72","1514","6553.5","236.6","0","0","0","0","31.0","236.6","29.9","30.0","1.88","0.1","-0.0","3.423","0.916","0.00","13.0","2.04","0"
"56.800","0.1919","13","0.0000","0.0000","20.1878","17.0690","0.0000","31.1453","13.0000","0.1666","10000.0000","45.39080170","-75.69573313","36.6","13.4","875.5","79","1","79","1","0","-0.09","0.04","-0.99","-0.2","0.0","-0.5","50.80","125.20","1521","6553.5","236.5","0","0","0","0","31.0","236.5","29.9","30.0","2.17","0.1","-0.0","3.427","0.913","0.00","13.0","2.06","0"
"56.850","0.1722","13","0.0000","0.0000","25.3895","9.9750","0.0000","31.1465","13.0000","0.1568","10000.0000","45.39080173","-75.69573312","36.6","13.4","875.5","79","1","79","1","0","-0.07","0.02","-0.99","-0.2","0.0","-0.5","50.31","150.00","1320","6553.5","236.3","0","0","0","0","31.0","236.3","29.9","30.0","2.32","0.1","-0.0","3.430","0.919","0.00","13.0","2.09","0"
"56.900","0.1197","13","0.0000","0.0000","35.3691","48.4179","0.0000","31.1465","13.0000","0.1368","10000.0000","45.39080173","-75.69573312","36.6","13.4","875.0","79","1","79","1","0","0.03","0.01","-0.99","-0.2","0.0","-0.5","49.82","150.00","1433","6553.5","236.5","0","0","0","0","31.0","236.5","29.9","30.0","2.16","0.1","-0.0","3.432","0.905","0.00","13.0","2.06","0"
"56.950","0.1264","12","0.0000","0.0000","29.6650","-5.8241","0.0000","31.1390","13.0000","0.1399","10000.0000","45.39080171","-75.69573315","36.6","13.4","875.2","79","1","79","1","0","-0.00","0.02","-0.99","-0.3","0.0","-0.5","49.32","150.00","1645","6553.5","236.7","0","0","0","0","31.0","236.7","29.9","30.0","2.08","0.1","-0.0","3.433","0.884","0.00","13.0","2.03","0"
"57.000","0.1637","12","0.0000","0.0000","15.8815","-107.8130","0.0000","31.1276","13.0000","0.1549","10000.0000","45.39080169","-75.69573320","36.6","13.4","875.5","79","1","79","1","0","-0.02","0.02","-1.01","-0.3","0.0","-0.6","48.59","150.00","1636","6553.5","236.7","0","0","0","0","31.0","236.7","29.9","30.0","2.18","0.1","-0.0","3.434","0.895","0.00","13.0","2.03","0"
"57.050","0.1726","12","0.0000","0.0000","12.9958","-97.5168","0.0000","31.1262","13.0000","0.1666","10000.0000","45.39080174","-75.69573320","36.6","13.4","875.2","79","1","79","1","0","-0.10","0.04","-1.01","-0.3","0.1","-0.6","47.37","150.00","1591","6553.5","236.7","0","0","0","0","31.0","236.7","29.9","30.0","2.24","0.1","-0.0","3.388","0.907","0.00","13.0","2.02","0"
"57.100","0.1669","12","0.0000","0.0000","15.7241","-29.3767","0.0000","31.1299","13.0000","0.1766","10000.0000","45.39080184","-75.69573319","36.6","13.4","875.5","79","1","79","1","0","-0.11","0.04","-1.01","-0.2","0.0","-0.6","46.16","255.00","1406","6553.5","236.7","0","0","0","0","31.0","236.7","29.9","30.0","2.21","0.1","-0.0","3.346","0.911","0.00","13.0","2.05","0"
"57.150","0.2092","12","0.0000","0.0000","14.7491","-54.7430","0.0000","31.1283","13.0000","0.1767","10000.0000","45.39080185","-75.69573322","36.6","13.4","875.5","79","1","79","1","0","0.01","0.03","-1.00","-0.3","0.0","-0.6","44.95","219.05","1344","6553.5","236.7","0","0","0","0","31.0","236.7","29.9","30.0","2.15","0.1","-0.0","3.336","0.921","0.00","13.0","2.08","0"
"57.200","0.2762","12","0.0000","0.0000","11.8664","-128.2793","0.0000","31.1239","13.0000","0.1717","10000.0000","45.39080183","-75.69573329","36.6","13.4","875.5","79","1","79","1","0","0.08","0.03","-0.99","-0.3","-0.0","-0.5","43.73","166.14","1504","6553.5","236.8","0","0","0","0","31.0","236.8","29.9","30.0","2.02","0.1","-0.0","3.348","0.939","0.00","13.0","2.06","0"
"57.250","0.2548","12","0.0000","0.0000","7.1083","-138.1756","0.0000","31.1126","12.9670","0.1634","10000.0000","45.39080182","-75.69573333","36.6","13.4","875.3","79","1","79","1","0","0.11","0.03","-0.99","-0.3","-0.0","-0.5","42.52","184.00","1510","6553.5","237.0","0","0","0","0","31.0","237.0","29.9","30.0","1.97","0.1","-0.0","3.396","0.945","0.00","13.0","2.04","0"
"57.300","0.1878","12","0.0000","0.0000","1.3841","-115.2876","0.0000","31.0978","12.9170","0.1534","10000.0000","45.39080183","-75.69573336","36.6","13.4","875.0","79","1","79","1","0","0.06","0.03","-1.00","-0.3","-0.0","-0.5","41.31","266.67","1395","6553.5","237.1","0","0","0","0","31.0","237.1","29.9","30.0","2.10","0.1","-0.0","3.413","0.942","0.00","13.0","2.11","0"
"57.350","0.2541","12","0.0000","0.0000","1.6967","-46.9906","0.0000","31.1005","12.9000","0.1467","10000.0000","45.39080193","-75.69573332","36.6","13.4","875.2","79","1","79","1","0","-0.04","0.02","-1.00","-0.2","-0.0","-0.5","40.09","247.72","1426","6553.5","237.2","0","0","0","0","31.0","237.2","29.9","30.0","2.15","0.1","-0.0","3.404","0.937","0.00","13.0","2.20","0"
"57.400","0.3891","12","0.0000","0.0000","5.1193","44.6989","0.0000","31.1122","12.9000","0.1417","10000.0000","45.39080208","-75.69573324","36.6","13.4","875.0","79","1","79","1","0","-0.10","0.00","-0.99","-0.2","-0.0","-0.5","38.88","197.86","1503","6553.5","237.5","0","0","0","0","31.0","237.5","29.9","30.0","2.06","0.1","-0.0","3.421","0.931","0.00","13.0","2.25","0"
"57.450","0.4582","12","0.0000","0.0000","5.9059","15.4748","0.0000","31.1196","12.9000","0.1400","10000.0000","45.39080214","-75.69573330","36.6","13.4","875.2","79","1","79","1","0","-0.09","-0.01","-1.00","-0.2","-0.0","-0.5","37.67","150.00","1381","6553.5","237.8","0","0","0","0","31.0","237.8","29.9","30.0","2.00","0.1","-0.0","3.446","0.943","0.00","13.0","2.30","0"
"57.500","0.4933","12","0.0000","0.0000","5.3346","-76.0382","0.0000","31.1248","12.9000","0.1400","10000.0000","45.39080216","-75.69573344","36.6","13.4","875.5","79","1","79","1","0","-0.04","0.02","-1.00","-0.2","0.0","-0.5","36.45","150.00","1303","6553.5","237.8","0","0","0","0","31.0","237.8","29.9","30.0","1.99","0.1","-0.0","3.451","0.952","0.00","13.0","2.27","0"
"57.550","0.4088","12","0.0000","0.0000","1.9659","-48.2678","0.0000","31.1105","12.9000","0.1400","10000.0000","45.39080214","-75.69573346","36.6","13.4","875.3","79","1","79","1","0","-0.03","0.03","-0.98","-0.3","0.0","-0.5","35.24","255.00","1494","6553.5","237.9","0","0","0","0","31.0","237.9","29.9","30.0","2.05","0.1","-0.0","3.453","0.936","0.00","13.0","2.23","0"
"57.600","0.2627","12","0.0000","0.0000","-2.8438","40.9516","0.0000","31.0860","12.9000","0.1400","10000.0000","45.39080211","-75.69573341","36.6","13.4","875.0","79","1","79","1","0","-0.01","0.02","-0.99","-0.3","0.0","-0.5","34.02","217.49","1585","6553.5","237.9","0","0","0","0","31.0","237.9","29.9","30.0","2.23","0.1","-0.0","3.444","0.931","0.00","13.0","2.21","0"
"57.650","0.1693","12","0.0000","0.0000","-0.1707","15.1595","0.0000","31.0801","12.9000","0.1400","10000.0000","45.39080212","-75.69573340","36.6","13.4","875.5","79","1","79","1","0","-0.05","0.02","-0.99","-0.3","0.0","-0.5","32.81","162.84","1497","6553.5","237.8","0","0","0","0","31.0","237.8","29.9","30.0","2.34","0.1","-0.0","3.434","0.943","0.00","13.0","2.20","0"
"57.700","0.1030","12","0.0000","0.0000","6.3573","-69.8809","0.0000","31.0836","12.9000","0.1400","10000.0000","45.39080215","-75.69573340","36.6","13.4","875.5","79","1","79","1","0","-0.16","0.02","-0.98","-0.3","0.0","-0.5","31.60","118.00","1467","6553.5","237.7","0","0","0","0","31.0","237.7","29.9","30.0","2.26","0.1","-0.0","3.424","0.942","0.00","13.0","2.16","0"
"57.750","0.0984","12","0.0000","0.0000","7.9962","-116.5477","0.0000","31.0773","12.9000","0.1532","10000.0000","45.39080215","-75.69573343","36.6","13.4","875.5","79","1","79","1","0","-0.15","0.00","-0.99","-0.2","0.0","-0.5","30.38","100.00","1482","6553.5","237.6","0","0","0","0","31.0","237.6","29.9","30.0","2.19","0.1","-0.0","3.418","0.928","0.00","12.9","2.12","0"
"57.800","0.1255","12","0.0000","0.0000","7.1164","-143.4462","0.0000","31.0659","12.9000","0.1732","10000.0000","45.39080212","-75.69573347","36.6","13.4","875.5","79","1","79","1","0","-0.12","0.03","-0.98","-0.2","-0.0","-0.5","29.17","117.60","1531","6553.5","237.8","0","0","0","0","31.0","237.8","29.9","30.0","2.14","0.1","-0.0","3.416","0.925","0.00","13.0","2.13","0"
"57.850","0.1553","12","0.0000","0.0000","4.1388","-121.0814","0.0000","31.0593","12.9000","0.1800","10000.0000","45.39080214","-75.69573352","36.6","13.4","875.5","79","1","79","1","0","-0.07","0.07","-0.98","-0.2","-0.0","-0.5","27.96","155.87","1591","6553.5","238.1","0","0","0","0","31.0","238.1","29.9","30.0","2.13","0.1","0.0","3.415","0.926","0.00","13.1","2.16","0"
"57.900","0.1866","12","0.0000","0.0000","0.0803","-73.3386","0.0000","31.0550","12.9000","0.1800","10000.0000","45.39080218","-75.69573356","36.6","13.4","875.5","79","1","79","1","0","0.01","0.05","-0.99","-0.2","0.0","-0.5","26.74","137.50","1557","6553.5","238.2","0","0","0","0","31.0","238.2","29.9","30.0","2.24","0.1","0.0","3.415","0.926","0.00","13.1","2.15","0"
"57.950","0.1972","13","0.0000","0.0000","-1.6251","-72.1495","0.0000","31.0530","12.9000","0.1701","10000.0000","45.39080220","-75.69573362","36.6","13.4","876.0","79","1","79","1","0","0.06","0.04","-1.00","-0.2","-0.0","-0.5","25.53","100.00","1515","6553.5","238.4","0","0","0","0","31.0","238.4","29.9","30.0","2.29","0.1","-0.0","3.424","0.928","0.00","13.0","2.13","0"
"58.000","0.1972","13","0.0000","0.0000","-2.1183","-94.9428","0.0000","31.0521","12.9000","0.1551","10000.0000","45.39080220","-75.69573368","36.6","13.4","876.0","79","1","79","1","0","0.02","0.02","-0.99","-0.2","-0.0","-0.6","24.32","100.00","1449","6553.5","238.6","0","0","0","0","31.0","238.6","29.9","30.0","2.22","0.1","-0.0","3.423","0.938","0.00","13.0","2.17","0"
"58.050","0.2364","13","0.0000","0.0000","-0.2090","-27.8872","0.0000","31.0524","12.9000","0.1566","10000.0000","45.39080220","-75.69573366","36.6","13.4","876.0","79","1","79","1","0","0.00","-0.01","-0.98","-0.2","0.0","-0.5","23.52","115.31","1443","6553.5","238.8","0","0","0","0","31.0","238.8","29.9","30.0","2.18","0.1","-0.0","3.367","0.942","0.00","13.1","2.21","0"
"58.100","0.2957","13","0.0000","0.0000","2.9380","85.4540","0.0000","31.0532","12.9000","0.1666","10000.0000","45.39080219","-75.69573360","36.6","13.4","876.0","79","1","79","1","0","0.06","0.01","-1.00","-0.2","0.0","-0.5","23.53","145.92","1545","6553.5","238.8","0","0","0","0","31.0","238.8","29.9","30.0","2.16","0.1","-0.0","3.355","0.936","0.00","12.9","2.23","0"
"58.150","0.3082","13","0.0000","0.0000","3.4134","99.0794","0.0000","31.0490","12.9000","0.1667","10000.0000","45.39080223","-75.69573356","36.6","13.4","876.0","79","1","79","1","0","-0.04","-0.00","-1.00","-0.3","-0.0","-0.5","23.54","145.60","1510","6553.5","238.8","0","0","0","0","31.0","238.8","29.9","30.0","2.16","0.1","-0.0","3.420","0.930","0.00","12.7","2.24","0"
"58.200","0.2964","13","0.0000","0.0000","2.5124","61.3360","0.0000","31.0422","12.9000","0.1617","10000.0000","45.39080229","-75.69573353","36.6","13.4","876.0","79","1","79","1","0","-0.03","0.01","-0.97","-0.3","-0.2","-0.5","23.56","133.33","1369","6553.5","238.9","0","0","0","0","31.0","238.9","29.9","30.0","2.18","0.1","-0.0","3.449","0.923","0.00","12.8","2.24","0"
"58.250","0.2504","13","0.0000","0.0000","7.1023","75.2247","0.0000","31.0399","12.9330","0.1633","10000.0000","45.39080232","-75.69573352","36.6","13.4","875.7","79","1","79","1","0","-0.01","0.01","-0.94","-0.3","-0.3","-0.5","23.57","167.62","1454","6553.5","239.0","0","0","0","0","31.0","239.0","29.9","30.0","2.23","0.1","-0.0","3.450","0.918","0.00","12.9","2.23","0"
"58.300","0.1866","13","0.0000","0.0000","14.5209","115.7117","0.0000","31.0399","12.9830","0.1683","10000.0000","45.39080232","-75.69573352","36.6","13.4","875.5","79","1","79","1","0","-0.04","0.00","-0.95","-0.2","-0.3","-0.5","23.58","231.11","1611","6553.5","238.8","0","0","0","0","31.0","238.8","29.9","30.0","2.33","0.1","-0.0","3.447","0.915","0.00","12.9","2.26","0"
"58.350","0.1595","13","0.0000","0.0000","14.1031","105.3740","0.0000","31.0302","13.0000","0.1700","10000.0000","45.39080232","-75.69573354","36.6","13.4","876.0","79","1","79","1","0","0.04","0.02","-0.96","-0.2","-0.3","-0.6","23.59","215.33","1494","6553.5","238.6","0","0","0","0","31.0","238.6","29.9","30.0","2.30","0.1","-0.0","3.443","0.933","0.00","13.0","2.30","0"
"58.400","0.1512","13","0.0000","0.0000","9.6485","68.8539","0.0000","31.0154","13.0000","0.1700","10000.0000","45.39080233","-75.69573357","36.6","13.4","875.5","79","1","79","1","0","0.22","0.02","-0.95","-0.2","-0.2","-0.5","23.60","150.00","1404","6553.5","238.6","0","0","0","0","31.0","238.6","29.9","30.0","2.00","0.1","-0.0","3.431","0.946","0.00","13.0","2.32","0"
"58.450","0.1988","13","0.0000","0.0000","8.6045","47.7582","0.0000","31.0104","13.0000","0.1733","10000.0000","45.39080237","-75.69573357","36.6","13.4","876.0","79","1","79","1","0","0.16","0.00","-0.95","-0.2","-0.2","-0.5","23.61","145.97","1513","6553.5","238.7","0","0","0","0","31.0","238.7","29.9","30.0","1.86","0.1","-0.0","3.419","0.930","0.00","13.0","2.35","0"
"58.500","0.2752","13","0.0000","0.0000","9.3176","34.6085","0.0000","31.0106","13.0000","0.1783","10000.0000","45.39080243","-75.69573355","36.6","13.4","876.0","79","1","79","1","0","-0.14","-0.01","-0.99","-0.2","-0.1","-0.5","23.63","136.81","1561","6553.5","239.0","0","0","0","0","31.0","239.0","29.9","30.0","2.04","0.1","-0.0","3.410","0.925","0.00","13.0","2.36","0"
"58.550","0.2224","13","0.0000","0.0000","4.1629","-24.3590","0.0000","30.9990","13.0000","0.1767","10000.0000","45.39080239","-75.69573354","36.6","13.4","875.8","79","1","79","1","0","0.01","-0.02","-0.97","-0.3","-0.1","-0.5","23.64","130.95","1503","6553.5","239.3","0","0","0","0","31.0","239.3","29.9","30.0","2.16","0.1","-0.0","3.405","0.938","0.00","13.0","2.37","0"
"58.600","0.1030","13","0.0000","0.0000","-4.0145","-106.9295","0.0000","30.9814","13.0000","0.1717","10000.0000","45.39080230","-75.69573352","36.6","13.4","876.0","79","1","79","1","0","0.07","-0.02","-0.96","-0.3","-0.1","-0.4","23.65","154.76","1477","6553.5","239.2","0","0","0","0","31.0","239.2","29.9","30.0","2.17","0.1","-0.0","3.405","0.942","0.00","13.0","2.39","0"
"58.650","0.2098","13","0.0000","0.0000","-3.7045","-95.6534","0.0000","30.9814","13.0000","0.1799","10000.0000","45.39080238","-75.69573359","36.6","13.4","875.8","79","1","79","1","0","-0.27","0.01","-1.00","-0.3","-0.1","-0.4","23.66","160.00","1475","6553.5","239.0","0","0","0","0","31.0","239.0","29.9","30.0","2.14","0.1","-0.0","3.412","0.940","0.00","13.0","2.42","0"
"58.700","0.4332","13","0.0000","0.0000","0.9779","-36.0319","0.0000","30.9905","13.0000","0.1949","10000.0000","45.39080255","-75.69573369","36.6","13.4","876.0","79","1","79","1","0","-0.29","-0.00","-1.01","-0.3","-0.2","-0.5","23.67","138.53","1506","6553.5","239.3","0","0","0","0","31.0","239.3","29.9","30.0","2.06","0.1","-0.0","3.425","0.931","0.00","13.0","2.42","0"
"58.750","0.4347","13","0.0000","0.0000","3.3975","-68.7210","0.0000","30.9865","13.0000","0.2000","10000.0000","45.39080255","-75.69573373","36.6","13.4","875.3","79","1","79","1","0","0.00","0.00","-0.98","-0.3","-0.4","-0.5","23.69","111.01","1548","6553.5","239.6","0","0","0","0","31.0","239.6","29.9","30.0","2.03","0.1","-0.0","3.436","0.921","0.00","12.9","2.41","0"
"58.800","0.3218","13","0.0000","0.0000","4.6515","-148.9640","0.0000","30.9758","13.0000","0.2000","10000.0000","45.39080245","-75.69573373","36.6","13.4","875.5","79","1","79","1","0","0.23","0.04","-0.95","-0.2","-0.4","-0.5","23.70","108.57","1414","6553.5","239.5","0","0","0","0","31.0","239.5","29.9","30.0","2.11","0.1","-0.0","3.446","0.936","0.00","12.9","2.38","0"
"58.850","0.2165","13","0.0000","0.0000","12.4296","-77.9461","0.0000","30.9723","13.0000","0.1901","10000.0000","45.39080246","-75.69573372","36.6","13.3","875.3","79","1","79","1","0","0.15","0.03","-0.96","-0.2","-0.3","-0.5","23.71","114.29","1324","6553.5","239.3","0","0","0","0","31.0","239.3","29.9","30.0","2.12","0.1","-0.0","3.440","0.945","0.00","13.0","2.34","0"
"58.900","0.1150","13","0.0000","0.0000","23.5688","70.9939","0.0000","30.9725","13.0000","0.1751","10000.0000","45.39080252","-75.69573370","36.6","13.3","875.0","79","1","79","1","0","-0.09","0.01","-1.00","-0.2","0.1","-0.4","23.72","124.30","1503","6553.5","239.4","0","0","0","0","31.0","239.4","29.9","30.0","1.99","0.1","-0.0","3.435","0.915","0.00","13.0","2.32","0"
"58.950","0.0984","13","0.0000","0.0000","21.3800","79.0566","0.0000","30.9697","13.0000","0.1832","10000.0000","45.39080257","-75.69573373","36.6","13.3","875.5","79","1","79","1","0","-0.06","0.00","-0.99","-0.2","0.6","-0.4","23.73","140.99","1553","6553.5","239.5","0","0","0","0","31.0","239.5","29.9","30.0","1.97","0.1","-0.0","3.444","0.905","0.00","12.9","2.29","0"
"59.000","0.1255","13","0.0000","0.0000","12.3254","14.5460","0.0000","30.9654","13.0000","0.2032","10000.0000","45.39080261","-75.69573378","36.6","13.3","875.5","79","1","79","1","0","0.03","0.02","-0.97","-0.3","0.8","-0.4","23.75","150.00","1374","6553.5","239.5","0","0","0","0","31.0","239.5","29.9","30.0","2.19","0.1","-0.0","3.447","0.932","0.00","12.9","2.27","0"
"59.050","0.1924","13","0.0000","0.0000","11.1941","-12.2693","0.0000","30.9728","13.0000","0.2100","10000.0000","45.39080271","-75.69573383","36.6","13.3","875.3","79","1","79","1","0","0.02","0.02","-0.97","-0.3","0.7","-0.4","23.76","150.00","1280","6553.5","239.6","0","0","0","0","31.0","239.6","29.9","30.0","2.28","0.1","-0.0","3.423","0.949","0.00","13.0","2.25","0"
"59.100","0.2799","13","0.0000","0.0000","14.1446","-19.6658","0.0000","30.9862","13.0000","0.2100","10000.0000","45.39080285","-75.69573389","36.6","13.3","875.0","79","1","79","1","0","0.01","0.03","-0.99","-0.3","0.5","-0.4","23.94","142.93","1254","6553.5","239.7","0","0","0","0","31.0","239.7","29.9","30.0","2.08","0.1","-0.0","3.416","0.958","0.00","13.0","2.25","0"
"59.150","0.2619","13","0.0000","0.0000","16.0638","-38.2968","0.0000","30.9878","13.0000","0.2034","10000.0000","45.39080288","-75.69573396","36.6","13.3","875.5","79","1","79","1","0","0.02","0.03","-1.00","-0.3","0.3","-0.5","24.47","125.25","1362","6553.5","239.9","0","0","0","0","31.0","239.9","29.9","30.0","1.99","0.1","-0.0","3.440","0.938","0.00","13.0","2.24","0"
"59.200","0.1896","13","0.0000","0.0000","17.4517","-62.7153","0.0000","30.9834","13.0000","0.1934","10000.0000","45.39080285","-75.69573402","36.6","13.3","875.5","79","1","79","1","0","-0.09","0.04","-1.00","-0.3","0.1","-0.5","25.00","114.29","1512","6553.5","239.7","0","0","0","0","31.0","239.7","29.9","30.0","2.14","0.1","-0.0","3.441","0.909","0.00","13.0","2.27","0"
"59.250","0.2018","13","0.0000","0.0000","15.8225","-77.6235","0.0000","30.9744","13.0000","0.1867","10000.0000","45.39080283","-75.69573407","36.6","13.3","875.5","79","1","79","1","0","-0.10","0.07","-0.98","-0.3","0.0","-0.5","25.52","131.66","1335","6553.5","239.5","0","0","0","0","31.0","239.5","29.9","30.0","2.18","0.1","-0.0","3.423","0.923","0.00","12.9","2.30","0"
"59.300","0.2576","13","0.0000","0.0000","12.6391","-87.6325","0.0000","30.9630","13.0000","0.1817","10000.0000","45.39080280","-75.69573412","36.6","13.3","875.5","79","1","79","1","0","-0.12","0.05","-0.99","-0.3","-0.0","-0.5","26.05","160.00","1191","6553.5","239.5","0","0","0","0","31.0","239.5","29.9","30.0","1.96","0.1","-0.0","3.426","0.936","0.00","13.0","2.31","0"
"59.350","0.2118","13","0.0000","0.0000","30.1753","-108.4779","0.0000","30.9568","13.0330","0.1602","10000.0000","45.39080278","-75.69573413","36.6","13.4","875.2","79","1","79","1","0","-0.16","0.04","-1.00","-0.3","-0.0","-0.5","26.57","160.00","1330","6553.5","239.5","0","0","0","0","31.0","239.5","29.9","30.0","1.85","0.1","-0.0","3.436","0.933","0.00","13.1","2.33","0"
"59.400","0.1138","13","0.0000","0.0000","58.3852","-134.9056","0.0000","30.9532","13.0830","0.1302","10000.0000","45.39080274","-75.69573413","36.6","13.4","875.5","79","1","79","1","0","-0.17","0.02","-1.00","-0.3","-0.0","-0.6","27.10","160.00","1458","6553.5","239.8","0","0","0","0","31.0","239.8","29.9","30.0","1.97","0.1","-0.0","3.436","0.930","0.00","13.1","2.34","0"
"59.450","0.1873","13","0.0000","0.0000","45.8211","-123.9843","0.0000","30.9393","13.1000","0.1431","10000.0000","45.39080272","-75.69573419","36.6","13.4","875.2","79","1","79","1","0","-0.14","0.01","-0.99","-0.4","-0.0","-0.6","27.63","162.28","1514","6553.5","240.2","0","0","0","0","31.0","240.2","29.9","30.0","2.06","0.1","-0.0","3.435","0.927","0.00","13.0","2.35","0"
"59.500","0.3491","13","0.0000","0.0000","12.2521","-93.8226","0.0000","30.9201","13.1000","0.1781","10000.0000","45.39080271","-75.69573428","36.6","13.4","875.5","79","1","79","1","0","-0.12","0.02","-1.02","-0.4","0.0","-0.6","28.15","219.30","1534","6553.5","240.2","0","0","0","0","31.0","240.2","29.9","30.0","2.11","0.1","-0.0","3.431","0.926","0.00","13.0","2.35","0"
"59.550","0.3620","13","0.0000","0.0000","1.4569","-0.7430","0.0000","30.9094","13.1000","0.1933","10000.0000","45.39080265","-75.69573427","36.6","13.4","875.5","79","1","79","1","0","-0.16","0.03","-1.07","-0.3","0.1","-0.6","28.68","196.88","1335","6553.5","240.2","0","0","0","0","31.0","240.2","29.9","30.0","2.12","0.1","-0.0","3.408","0.935","0.00","13.0","2.35","0"
"59.600","0.2982","13","0.0000","0.0000","2.3935","124.7487","0.0000","30.9032","13.1000","0.1983","10000.0000","45.39080258","-75.69573421","36.6","13.4","875.5","79","1","79","1","0","-0.05","0.04","-1.04","-0.3","0.1","-0.6","29.20","165.63","1190","6553.5","240.0","0","0","0","0","31.0","240.0","29.9","30.0","2.03","0.1","-0.0","3.352","0.941","0.00","13.0","2.34","0"
"59.650","0.3138","13","0.0000","0.0000","0.7943","171.2036","0.0000","30.8865","13.1000","0.1967","10000.0000","45.39080248","-75.69573422","36.6","13.4","875.5","79","1","79","1","0","0.02","0.05","-1.02","-0.3","0.1","-0.5","29.73","150.00","1375","6553.5","239.8","0","0","0","0","31.0","239.8","29.9","30.0","1.98","0.1","-0.0","3.365","0.923","0.00","13.0","2.33","0"
"59.700","0.3702","13","0.0000","0.0000","-2.1114","176.9426","0.0000","30.8644","13.1000","0.1917","10000.0000","45.39080236","-75.69573427","36.6","13.4","875.5","79","1","79","1","0","-0.09","0.03","-0.99","-0.3","0.0","-0.4","30.26","155.00","1503","6553.5","239.8","0","0","0","0","31.0","239.8","29.9","30.0","1.98","0.1","-0.0","3.430","0.910","0.00","13.0","2.34","0"
"59.750","0.3589","13","0.0000","0.0000","-7.2864","72.9352","0.0000","30.8447","13.1000","0.1867","10000.0000","45.39080226","-75.69573431","36.6","13.4","875.2","79","1","79","1","0","-0.04","0.06","-0.98","-0.3","-0.0","-0.4","30.78","154.54","1278","6553.5","239.9","0","0","0","0","31.0","239.9","29.9","30.0","1.95","0.1","-0.0","3.427","0.927","0.00","12.9","2.36","0"
"59.800","0.3126","13","0.0000","0.0000","-13.6304","-87.6082","0.0000","30.8262","13.1000","0.1817","10000.0000","45.39080217","-75.69573436","36.6","13.4","875.5","79","1","79","1","0","0.06","0.07","-0.97","-0.3","-0.0","-0.4","31.31","143.61","1117","6553.5","239.8","0","0","0","0","31.0","239.8","29.9","30.0","1.84","0.1","-0.0","3.403","0.941","0.00","12.9","2.36","0"
"59.850","0.2686","13","0.0000","0.0000","-14.8948","-34.4624","0.0000","30.8193","13.1000","0.1867","10000.0000","45.39080215","-75.69573442","36.6","13.4","875.5","79","1","79","1","0","0.10","0.07","-1.00","-0.3","-0.0","-0.4","31.84","133.33","1343","6553.5","239.6","0","0","0","0","31.0","239.6","29.9","30.0","1.84","0.1","-0.0","3.414","0.940","0.00","12.9","2.35","0"
"59.900","0.2258","13","0.0000","0.0000","-13.5424","128.7657","0.0000","30.8184","13.1000","0.1969","10000.0000","45.39080216","-75.69573448","36.6","13.4","875.5","79","1","79","1","0","-0.07","0.03","-0.99","-0.3","-0.0","-0.5","32.36","133.33","1531","6553.5","239.5","0","0","0","0","31.0","239.5","29.9","30.0","2.05","0.1","-0.0","3.425","0.939","0.00","12.9","2.33","0"
"59.950","0.1563","14","0.0000","0.0000","4.4629","164.5887","0.0000","30.8231","13.1000","0.1895","10000.0000","45.39080220","-75.69573450","36.6","13.4","875.3","79","1","79","1","0","-0.19","0.03","-0.99","-0.2","0.0","-0.5","32.89","139.74","1479","6553.5","239.4","0","0","0","0","31.0","239.4","29.9","30.0","2.14","0.1","-0.0","3.427","0.937","0.00","13.0","2.30","0"
"60.000","0.0752","14","0.0000","0.0000","29.6051","145.8094","0.0000","30.8303","13.1000","0.1745","10000.0000","45.39080227","-75.69573450","36.6","13.4","875.5","79","1","79","1","0","-0.18","0.03","-0.99","-0.2","0.0","-0.5","33.41","146.87","1426","6553.5","239.5","0","0","0","0","31.0","239.5","29.9","30.0","1.96","0.1","-0.0","3.429","0.937","0.00","13.0","2.31","0"
"60.050","0.1066","14","0.0000","0.0000","19.7494","133.6910","0.0000","30.8102","13.1000","0.1770","10000.0000","45.39080218","-75.69573448","36.6","13.4","875.5","79","1","79","1","0","-0.08","0.02","-0.99","-0.3","0.0","-0.5","33.94","155.60","1368","6553.5","239.6","0","0","0","0","31.0","239.6","29.9","30.0","1.88","0.1","-0.0","3.430","0.945","0.00","13.0","2.32","0"
"60.100","0.1861","14","0.0000","0.0000","-5.1054","124.4273","0.0000","30.7785","13.1000","0.1870","10000.0000","45.39080202","-75.69573445","36.6","13.4","875.5","79","1","79","1","0","-0.04","0.03","-0.99","-0.3","0.0","-0.5","34.47","160.00","1351","6553.5","239.4","0","0","0","0","31.0","239.4","29.9","30.0","2.01","0.1","-0.0","3.429","0.950","0.00","12.9","2.31","0"
"60.150","0.1884","14","0.0000","0.0000","-11.0120","35.8242","0.0000","30.7708","13.1000","0.1830","10000.0000","45.39080200","-75.69573448","36.6","13.4","875.8","79","1","79","1","0","-0.03","0.04","-0.99","-0.3","0.1","-0.5","34.73","154.40","1579","6553.5","239.2","0","0","0","0","31.0","239.2","29.9","30.0","2.07","0.1","-0.0","3.412","0.939","0.00","12.8","2.30","0"
"60.200","0.1577","14","0.0000","0.0000","-8.7981","-86.7813","0.0000","30.7735","13.1000","0.1730","10000.0000","45.39080204","-75.69573454","36.6","13.4","875.5","79","1","79","1","0","0.12","0.04","-0.98","-0.2","0.1","-0.5","34.51","155.65","1736","6553.5","239.4","0","0","0","0","31.0","239.4","29.9","30.0","1.98","0.1","-0.0","3.400","0.931","0.00","12.8","2.33","0"
"60.250","0.1419","14","0.0000","0.0000","-16.7089","-117.6908","0.0000","30.7540","13.1000","0.1630","10000.0000","45.39080196","-75.69573458","36.6","13.4","875.5","79","1","79","1","0","0.14","0.04","-1.01","-0.2","0.1","-0.5","34.28","165.73","1450","6553.5","239.6","0","0","0","0","31.0","239.6","29.9","30.0","1.92","0.1","-0.0","3.422","0.935","0.00","12.9","2.37","0"
"60.300","0.1326","14","0.0000","0.0000","-28.9588","-109.3019","0.0000","30.7250","13.1000","0.1530","10000.0000","45.39080184","-75.69573461","36.6","13.4","875.5","79","1","79","1","0","0.10","0.03","-1.01","-0.2","0.0","-0.5","34.05","174.12","1229","6553.5","239.6","0","0","0","0","31.0","239.6","29.9","30.0","1.93","0.1","-0.0","3.439","0.936","0.00","12.9","2.36","0"
"60.350","0.3091","14","0.0000","0.0000","-23.3262","-36.8407","0.0000","30.7151","13.1000","0.1640","10000.0000","45.39080182","-75.69573452","36.6","13.4","875.5","79","1","79","1","0","0.00","0.03","-1.00","-0.2","-0.0","-0.6","33.82","163.09","1410","6553.5","239.5","0","0","0","0","31.0","239.5","29.9","30.0","1.99","0.1","-0.0","3.433","0.919","0.00","12.9","2.34","0"
"60.400","0.5651","14","0.0000","0.0000","-10.0297","63.0801","0.0000","30.7134","13.1000","0.1840","10000.0000","45.39080183","-75.69573438","36.6","13.4","875.5","79","1","79","1","0","-0.02","0.04","-1.00","-0.2","-0.0","-0.6","33.59","160.00","1552","6553.5","239.4","0","0","0","0","31.0","239.4","29.9","30.0","2.16","0.1","-0.0","3.428","0.908","0.00","12.9","2.35","0"
"60.450","0.6012","14","0.0000","0.0000","-5.3082","92.5451","0.0000","30.7135","13.1000","0.1970","10000.0000","45.39080183","-75.69573430","36.7","13.4","875.5","79","1","79","1","0","0.01","0.04","-1.00","-0.2","-0.0","-0.6","33.36","160.00","1454","6553.5","239.3","0","0","0","0","31.0","239.3","29.9","30.0","2.22","0.1","-0.0","3.430","0.936","0.00","12.9","2.36","0"
"60.500","0.5429","14","0.0000","0.0000","-4.2616","91.8147","0.0000","30.7144","13.1000","0.2070","10000.0000","45.39080183","-75.69573424","36.7","13.4","875.5","79","1","79","1","0","-0.03","0.03","-0.99","-0.2","-0.0","-0.6","33.13","155.80","1396","6553.5","239.3","0","0","0","0","31.0","239.3","29.9","30.0","2.01","0.1","-0.0","3.430","0.955","0.00","13.0","2.39","0"
"60.550","0.4577","14","0.0000","0.0000","-0.6043","62.7913","0.0000","30.7259","13.1350","0.2065","10000.0000","45.39080194","-75.69573430","36.7","13.4","875.5","79","1","79","1","0","-0.08","0.02","-0.98","-0.2","0.0","-0.6","32.90","150.00","1550","6553.5","239.4","0","0","0","0","31.0","239.4","29.9","30.0","1.91","0.1","-0.0","3.423","0.931","0.00","13.1","2.42","0"
"60.600","0.3609","14","0.0000","0.0000","4.1718","21.6424","0.0000","30.7420","13.1850","0.2015","10000.0000","45.39080212","-75.69573443","36.7","13.4","875.0","79","1","79","1","0","-0.07","0.01","-0.97","-0.2","0.0","-0.6","32.67","152.08","1601","6553.5","239.6","0","0","0","0","31.0","239.6","29.9","30.0","2.05","0.1","-0.0","3.426","0.922","0.00","13.1","2.39","0"
"60.650","0.4224","14","0.0000","0.0000","5.0666","-36.1255","0.0000","30.7448","13.2000","0.2000","10000.0000","45.39080210","-75.69573462","36.7","13.4","875.8","79","1","79","1","0","-0.10","0.01","-0.98","-0.2","0.0","-0.6","32.44","157.03","1466","6553.5","239.8","0","0","0","0","31.0","239.8","30.0","30.0","2.13","0.1","-0.0","3.448","0.941","0.00","13.0","2.35","0"
"60.700","0.5517","14","0.0000","0.0000","4.2978","-101.0157","0.0000","30.7418","13.2000","0.2000","10000.0000","45.39080200","-75.69573484","36.7","13.4","876.0","79","1","79","1","0","-0.07","0.01","-1.00","-0.3","0.0","-0.6","32.21","147.43","1479","6553.5","240.0","0","0","0","0","31.0","240.0","30.0","30.0","2.08","0.1","-0.0","3.453","0.937","0.00","13.0","2.37","0"
"60.750","0.6165","14","0.0000","0.0000","4.5955","-94.9330","0.0000","30.7400","13.2000","0.2035","10000.0000","45.39080207","-75.69573496","36.7","13.4","875.8","79","1","79","1","0","-0.06","0.02","-1.00","-0.2","0.0","-0.5","31.98","167.14","1606","6553.5","240.2","0","0","0","0","31.0","240.2","30.0","30.0","2.07","0.1","-0.0","3.445","0.917","0.00","13.0","2.41","0"
"60.800","0.6536","14","0.0000","0.0000","5.3502","-58.4333","0.0000","30.7385","13.2000","0.2085","10000.0000","45.39080221","-75.69573506","36.7","13.4","876.0","79","1","79","1","0","-0.12","0.03","-1.00","-0.2","0.1","-0.5","31.76","204.84","1437","6553.5","240.0","0","0","0","0","31.4","240.0","30.0","30.0","2.18","0.1","-0.0","3.436","0.918","0.00","13.0","2.44","0"
"60.850","0.7648","14","0.0000","0.0000","4.9780","-22.0317","0.0000","30.7372","13.2000","0.2100","10000.0000","45.39080235","-75.69573496","36.7","13.4","875.5","79","1","79","1","0","-0.13","0.03","-1.00","-0.2","0.1","-0.5","31.53","154.45","1175","6553.5","239.8","0","0","0","0","31.9","239.8","29.9","30.0","2.17","0.1","0.0","3.427","0.926","0.00","12.9","2.48","0"
"60.900","0.9076","14","0.0000","0.0000","4.1227","14.3280","0.0000","30.7358","13.2000","0.2100","10000.0000","45.39080249","-75.69573479","36.7","13.4","875.0","79","1","79","1","0","-0.08","0.03","-0.99","-0.2","0.1","-0.5","31.30","107.73","1323","6553.5","239.8","0","0","0","0","31.6","239.8","30.0","30.0","1.94","0.4","0.2","3.424","0.930","0.00","12.9","2.44","0"
"60.950","0.6741","12","0.0000","0.0000","5.8001","-5.1072","0.0000","30.7242","13.2350","0.2065","10000.0000","45.39080245","-75.69573483","36.7","13.4","875.5","79","1","79","1","0","-0.04","0.03","-0.99","-0.2","0.0","-0.5","31.07","94.08","1463","6553.5","239.8","0","0","0","0","31.1","239.8","30.0","30.0","1.82","0.7","0.5","3.419","0.935","0.00","13.0","2.40","0"
"61.000","0.2794","12","0.0000","0.0000","8.5630","-48.4545","0.0000","30.7083","13.2850","0.2015","10000.0000","45.39080234","-75.69573495","36.7","13.4","875.5","79","1","79","1","0","-0.07","0.02","-0.97","-0.2","0.0","-0.5","30.84","81.28","1472","6553.5","240.0","0","0","0","0","31.4","240.0","30.0","30.0","1.93","1.8","1.6","3.398","0.945","0.00","13.0","2.39","0"
"61.050","0.2855","12","0.0000","0.0000","8.9456","-45.7952","0.0000","30.7037","13.3000","0.2070","10000.0000","45.39080240","-75.69573497","36.8","13.4","875.5","79","1","79","1","0","-0.12","0.01","-0.96","-0.2","0.0","-0.5","30.61","69.01","1495","6553.5","240.2","0","0","0","0","31.9","240.2","30.0","30.0","2.03","3.1","2.9","3.394","0.943","0.00","13.0","2.38","0"
"61.100","0.4633","12","0.0000","0.0000","8.3082","-23.4188","0.0000","30.7040","13.3000","0.2170","10000.0000","45.39080252","-75.69573494","36.8","13.4","875.5","79","1","79","1","0","-0.10","-0.00","-0.97","-0.2","0.0","-0.5","30.38","56.74","1541","6553.5","240.3","0","0","0","0","31.6","240.3","30.0","30.0","2.08","3.8","3.6","3.421","0.919","0.00","13.0","2.40","0"
"61.150","0.4398","12","0.0000","0.0000","12.2541","20.6479","0.0000","30.7096","13.3000","0.2095","10000.0000","45.39080256","-75.69573489","36.8","13.4","875.5","79","1","79","1","0","-0.08","0.02","-0.98","-0.2","0.0","-0.5","30.15","51.92","1480","6553.5","240.5","0","0","0","0","31.1","240.5","30.0","30.0","2.09","4.3","4.0","3.425","0.916","0.00","13.0","2.43","0"
"61.200","0.3298","12","0.0000","0.0000","18.1644","74.0105","0.0000","30.7174","13.3000","0.1945","10000.0000","45.39080255","-75.69573485","36.8","13.4","875.5","79","1","79","1","0","-0.03","0.03","-0.99","-0.2","0.0","-0.5","30.13","51.69","1334","6553.5","240.6","0","0","0","0","31.4","240.6","29.9","30.0","2.01","3.7","3.3","3.410","0.928","0.00","13.0","2.41","0"
"61.250","0.2238","12","0.0000","0.0000","36.9072","77.1552","0.0000","30.7167","13.3000","0.1725","10000.0000","45.39080253","-75.69573488","36.8","13.4","875.8","79","1","79","1","0","-0.01","0.03","-1.00","-0.3","-0.0","-0.6","30.51","52.00","1407","6553.5","240.8","0","0","0","0","31.9","240.8","29.9","30.0","1.99","3.0","2.7","3.417","0.928","0.00","12.9","2.39","0"
"61.300","0.1195","12","0.0000","0.0000","61.1497","58.7779","0.0000","30.7122","13.3000","0.1475","10000.0000","45.39080251","-75.69573494","36.8","13.4","875.5","79","1","79","1","0","0.07","0.03","-1.00","-0.3","-0.0","-0.6","30.89","52.32","1548","6553.5","240.8","0","0","0","0","32.0","240.8","30.0","30.0","2.07","2.2","2.2","3.430","0.924","0.00","12.9","2.36","0"
"61.350","0.0855","12","0.0000","0.0000","56.3738","23.5923","0.0000","30.7010","13.3000","0.1575","10000.0000","45.39080245","-75.69573495","36.8","13.4","875.5","79","1","79","1","0","0.06","0.03","-1.00","-0.2","-0.0","-0.6","31.28","52.51","1304","6553.5","240.7","0","0","0","0","32.0","240.7","30.0","30.0","2.07","1.8","1.9","3.439","0.947","0.00","12.9","2.32","0"
"61.400","0.0817","12","0.0000","0.0000","39.1614","-18.7967","0.0000","30.6870","13.3000","0.1825","10000.0000","45.39080239","-75.69573493","36.8","13.4","875.5","79","1","79","1","0","0.01","0.03","-1.00","-0.2","-0.0","-0.5","31.66","51.01","1125","6553.5","240.6","0","0","0","0","32.0","240.6","30.0","30.0","1.88","1.7","1.9","3.444","0.963","0.00","12.9","2.33","0"
"61.450","0.2388","12","0.0000","0.0000","26.4967","-54.5453","0.0000","30.6932","13.3000","0.1865","10000.0000","45.39080241","-75.69573508","36.8","13.4","875.5","79","1","79","1","0","-0.08","0.03","-1.00","-0.2","-0.0","-0.5","32.04","48.39","1372","6553.5","240.5","0","0","0","0","32.0","240.5","30.0","30.0","1.83","1.7","1.8","3.432","0.932","0.00","13.0","2.34","0"
"61.500","0.4649","12","0.0000","0.0000","15.7811","-87.4479","0.0000","30.7080","13.3000","0.1815","10000.0000","45.39080247","-75.69573530","36.8","13.4","875.5","79","1","79","1","0","-0.02","0.02","-1.00","-0.3","-0.0","-0.5","32.42","47.96","1458","6553.5","240.2","0","0","0","0","32.0","240.2","30.0","30.0","2.05","1.6","1.8","3.421","0.919","0.00","13.0","2.33","0"
"61.550","0.5671","12","0.0000","0.0000","11.7629","-82.8462","0.0000","30.7114","13.3000","0.1870","10000.0000","45.39080254","-75.69573544","36.8","13.4","875.5","79","1","79","1","0","-0.00","0.03","-1.00","-0.3","-0.0","-0.5","32.81","47.56","1260","6553.5","239.9","0","0","0","0","32.0","239.9","30.0","30.0","2.14","1.6","1.8","3.410","0.939","0.00","12.9","2.32","0"
"61.600","0.6161","12","0.0000","0.0000","10.6151","-62.1712","0.0000","30.7098","13.3000","0.1970","10000.0000","45.39080262","-75.69573554","36.8","13.4","875.5","79","1","79","1","0","-0.10","0.05","-0.98","-0.3","-0.0","-0.5","33.19","47.41","1302","6553.5","240.0","0","0","0","0","32.0","240.0","30.0","30.0","1.94","1.6","1.8","3.415","0.939","0.00","12.9","2.32","0"
"61.650","0.7092","12","0.0000","0.0000","7.3887","5.9934","0.0000","30.6876","13.3000","0.1965","10000.0000","45.39080244","-75.69573535","36.8","13.4","875.5","79","1","79","1","0","-0.14","0.05","-0.98","-0.3","-0.1","-0.5","33.57","47.72","1533","6553.5","240.2","0","0","0","0","32.0","240.2","30.0","30.0","1.87","1.6","1.7","3.433","0.923","0.00","13.0","2.31","0"
"61.700","0.8213","12","0.0000","0.0000","3.2716","94.5107","0.0000","30.6565","13.3000","0.1915","10000.0000","45.39080214","-75.69573502","36.8","13.4","875.5","79","1","79","1","0","-0.07","0.05","-1.00","-0.3","-0.0","-0.5","33.95","47.65","1626","6553.5","240.1","0","0","0","0","32.0","240.1","30.0","30.0","2.07","1.6","1.7","3.441","0.916","0.00","12.9","2.31","0"
"61.750","0.6634","12","0.0000","0.0000","6.8625","37.5945","0.0000","30.6496","13.3000","0.1795","10000.0000","45.39080208","-75.69573511","36.8","13.4","875.5","79","1","79","1","0","0.08","0.04","-1.01","-0.3","-0.0","-0.5","34.34","47.51","1675","6553.5","240.0","0","0","0","0","32.0","240.0","30.0","30.0","2.22","1.6","1.7","3.446","0.913","0.00","12.8","2.31","0"
"61.800","0.3897","12","0.0000","0.0000","13.7570","-81.6504","0.0000","30.6531","13.3000","0.1645","10000.0000","45.39080211","-75.69573537","36.8","13.4","876.0","79","1","79","1","0","0.09","0.05","-1.02","-0.3","0.0","-0.5","34.72","47.43","1501","6553.5","240.0","0","0","0","0","32.0","240.0","30.0","30.0","2.26","1.6","1.8","3.433","0.928","0.00","12.9","2.31","0"
"61.850","0.3694","12","0.0000","0.0000","11.1989","-63.4699","0.0000","30.6352","13.3000","0.1600","10000.0000","45.39080211","-75.69573537","36.8","13.4","875.5","79","1","79","1","0","-0.01","0.05","-1.00","-0.3","0.0","-0.5","35.10","47.21","1352","6553.5","240.0","0","0","0","0","32.0","240.0","30.0","30.0","2.20","1.6","1.8","3.422","0.944","0.00","13.0","2.32","0"
"61.900","0.4578","12","0.0000","0.0000","4.5896","13.6073","0.0000","30.6083","13.3000","0.1600","10000.0000","45.39080210","-75.69573524","36.8","13.4","875.5","79","1","79","1","0","-0.05","0.04","-1.00","-0.3","0.1","-0.5","35.48","47.04","1381","6553.5","239.8","0","0","0","0","32.0","239.8","30.0","30.0","1.97","1.6","1.7","3.424","0.953","0.00","13.0","2.32","0"
"61.950","0.3739","13","0.0000","0.0000","2.7757","81.6931","0.0000","30.5921","13.3000","0.1705","10000.0000","45.39080204","-75.69573525","36.8","13.4","875.5","79","1","79","1","0","-0.07","0.05","-1.00","-0.3","0.1","-0.5","35.87","47.19","1436","6553.5","239.6","0","0","0","0","32.0","239.6","30.0","30.0","1.84","1.6","1.7","3.427","0.955","0.00","12.9","2.32","0"
"62.000","0.2162","13","0.0000","0.0000","3.0168","145.9255","0.0000","30.5805","13.3000","0.1855","10000.0000","45.39080195","-75.69573531","36.8","13.4","875.5","79","1","79","1","0","-0.03","0.04","-1.01","-0.3","0.1","-0.5","36.25","47.29","1540","6553.5","239.8","0","0","0","0","32.0","239.8","30.0","30.0","1.93","1.6","1.7","3.433","0.942","0.00","12.9","2.30","0"
"62.050","0.2225","13","0.0000","0.0000","-0.9939","135.7988","0.0000","30.5574","13.3000","0.1795","10000.0000","45.39080184","-75.69573531","36.8","13.4","875.5","79","1","79","1","0","0.00","0.02","-0.99","-0.2","0.0","-0.5","36.63","47.88","1575","6553.5","240.1","0","0","0","0","32.0","240.1","30.0","30.0","2.02","1.6","1.7","3.428","0.932","0.00","13.0","2.28","0"
"62.100","0.2990","13","0.0000","0.0000","-6.8269","93.8039","0.0000","30.5292","13.3000","0.1645","10000.0000","45.39080171","-75.69573527","36.8","13.4","875.5","79","1","79","1","0","-0.06","0.02","-0.98","-0.2","0.0","-0.5","37.01","48.83","1558","6553.5","240.2","0","0","0","0","32.0","240.2","30.0","30.0","2.07","1.6","1.7","3.413","0.924","0.00","13.0","2.29","0"
"62.150","0.2491","13","0.0000","0.0000","2.2375","92.8917","0.0000","30.5391","13.3000","0.1600","10000.0000","45.39080173","-75.69573538","36.8","13.4","875.5","79","1","79","1","0","-0.09","0.02","-0.98","-0.2","-0.0","-0.5","37.40","48.51","1519","6553.5","240.4","0","0","0","0","32.0","240.4","30.0","30.0","2.12","1.6","1.7","3.419","0.926","0.00","13.0","2.30","0"
"62.200","0.1451","13","0.0000","0.0000","17.6865","109.5865","0.0000","30.5654","13.3000","0.1600","10000.0000","45.39080181","-75.69573555","36.8","13.4","875.5","79","1","79","1","0","-0.08","0.02","-0.99","-0.2","-0.1","-0.5","37.78","48.18","1472","6553.5","240.3","0","0","0","0","32.0","240.3","30.0","30.0","2.13","1.6","1.7","3.432","0.931","0.00","13.0","2.31","0"
"62.250","0.1049","13","0.0000","0.0000","19.2169","68.3126","0.0000","30.5580","13.2650","0.1705","10000.0000","45.39080179","-75.69573563","36.8","13.4","875.5","79","1","79","1","0","-0.10","0.02","-0.99","-0.3","-0.0","-0.6","38.24","48.17","1430","6553.5","240.2","0","0","0","0","32.0","240.2","30.0","30.0","2.10","1.6","1.7","3.425","0.937","0.00","13.0","2.32","0"
"62.300","0.0920","13","0.0000","0.0000","14.7823","2.1951","0.0000","30.5360","13.2150","0.1855","10000.0000","45.39080174","-75.69573566","36.8","13.4","875.5","79","1","79","1","0","-0.11","0.02","-0.99","-0.3","0.0","-0.6","38.85","48.04","1398","6553.5","240.2","0","0","0","0","32.0","240.2","30.0","30.0","1.95","1.6","1.7","3.410","0.942","0.00","13.0","2.28","0"
"62.350","0.1965","13","0.0000","0.0000","10.5741","11.2301","0.0000","30.5338","13.2000","0.1725","10000.0000","45.39080177","-75.69573571","36.8","13.4","875.5","79","1","79","1","0","-0.05","0.02","-0.99","-0.3","0.0","-0.6","39.47","47.97","1420","6553.5","240.3","0","0","0","0","32.0","240.3","30.0","30.0","1.91","1.6","1.7","3.358","0.939","0.00","13.0","2.24","0"
"62.400","0.3512","13","0.0000","0.0000","6.4630","52.4734","0.0000","30.5401","13.2000","0.1475","10000.0000","45.39080184","-75.69573577","36.8","13.4","875.5","79","1","79","1","0","0.01","0.02","-0.98","-0.2","0.0","-0.6","40.08","47.91","1421","6553.5","240.3","0","0","0","0","32.0","240.3","30.0","30.0","2.09","1.6","1.7","3.349","0.941","0.00","13.0","2.24","0"
"62.450","0.2866","13","0.0000","0.0000","14.6262","-3.1558","0.0000","30.5382","13.2000","0.1365","10000.0000","45.39080181","-75.69573589","36.8","13.4","875.8","79","1","79","1","0","-0.04","0.03","-0.97","-0.2","0.0","-0.6","40.70","47.88","1386","6553.5","240.4","0","0","0","0","32.0","240.4","30.0","30.0","2.17","1.6","1.7","3.414","0.950","0.00","13.0","2.25","0"
"62.500","0.1281","13","0.0000","0.0000","28.0498","-100.3019","0.0000","30.5327","13.2000","0.1315","10000.0000","45.39080173","-75.69573603","36.8","13.4","875.5","79","1","79","1","0","-0.09","0.03","-0.97","-0.2","-0.0","-0.6","41.31","48.05","1376","6553.5","240.4","0","0","0","0","32.0","240.4","30.0","30.0","2.03","1.7","1.7","3.441","0.942","0.00","13.0","2.30","0"
"62.550","0.1043","13","0.0000","0.0000","34.2120","-134.1378","0.0000","30.5372","13.2000","0.1300","10000.0000","45.39080174","-75.69573617","36.8","13.4","875.5","79","1","79","1","0","0.02","0.02","-0.99","-0.3","-0.1","-0.5","41.93","48.41","1385","6553.5","240.3","0","0","0","0","32.0","240.3","30.0","30.0","1.95","1.7","1.7","3.437","0.919","0.00","12.9","2.36","0"
"62.600","0.1382","13","0.0000","0.0000","37.2621","-140.8409","0.0000","30.5460","13.2000","0.1300","10000.0000","45.39080179","-75.69573631","36.8","13.4","875.5","79","1","79","1","0","0.02","0.02","-0.99","-0.3","-0.1","-0.5","42.54","48.61","1466","6553.5","240.2","0","0","0","0","32.0","240.2","30.0","30.0","2.00","1.7","1.7","3.437","0.918","0.00","12.9","2.37","0"
"62.650","0.1582","13","0.0000","0.0000","29.5233","-99.0278","0.0000","30.5383","13.2000","0.1440","10000.0000","45.39080180","-75.69573637","36.8","13.4","875.5","79","1","79","1","0","-0.06","0.05","-0.99","-0.3","-0.1","-0.6","43.16","48.80","1570","6553.5","240.0","0","0","0","0","32.0","240.0","30.0","30.0","2.04","1.7","1.7","3.438","0.924","0.00","13.0","2.37","0"
"62.700","0.1722","13","0.0000","0.0000","17.1607","-36.4220","0.0000","30.5235","13.2000","0.1640","10000.0000","45.39080181","-75.69573640","36.8","13.4","875.5","79","1","79","1","0","-0.01","0.05","-0.98","-0.3","-0.0","-0.6","43.77","48.82","1514","6553.5","240.1","0","0","0","0","32.0","240.1","30.0","30.0","2.07","1.6","1.7","3.444","0.933","0.00","12.9","2.37","0"
"62.750","0.1870","13","0.0000","0.0000","12.0059","13.1619","0.0000","30.5117","13.1650","0.1560","10000.0000","45.39080179","-75.69573640","36.8","13.4","875.5","79","1","79","1","0","0.06","0.03","-1.00","-0.3","-0.0","-0.6","44.39","49.08","1459","6553.5","240.2","0","0","0","0","32.0","240.2","30.0","30.0","2.07","1.6","1.7","3.448","0.941","0.00","12.8","2.38","0"
"62.800","0.2022","13","0.0000","0.0000","9.9403","57.1650","0.0000","30.5012","13.1150","0.1360","10000.0000","45.39080176","-75.69573638","36.8","13.4","876.0","79","1","79","1","0","0.06","0.03","-1.03","-0.3","0.0","-0.6","45.00","48.89","1437","6553.5","240.3","0","0","0","0","32.0","240.3","30.0","30.0","2.01","1.6","1.7","3.436","0.946","0.00","12.9","2.37","0"
"62.850","0.2023","13","0.0000","0.0000","9.5514","105.1275","0.0000","30.4905","13.1000","0.1405","10000.0000","45.39080168","-75.69573638","36.8","13.4","875.5","79","1","79","1","0","0.06","0.00","-1.02","-0.2","0.1","-0.5","45.62","48.64","1440","6553.5","240.5","0","0","0","0","32.0","240.5","30.0","30.0","1.99","1.6","1.7","3.427","0.946","0.00","13.0","2.36","0"
"62.900","0.1958","13","0.0000","0.0000","9.8810","154.7868","0.0000","30.4799","13.1000","0.1555","10000.0000","45.39080159","-75.69573638","36.8","13.4","875.5","79","1","79","1","0","0.07","0.01","-1.01","-0.2","0.1","-0.5","46.23","48.49","1486","6553.5","240.6","0","0","0","0","32.0","240.6","30.0","30.0","2.03","1.6","1.7","3.426","0.938","0.00","13.0","2.37","0"
"62.950","0.1851","14","0.0000","0.0000","7.5681","168.1133","0.0000","30.4711","13.1000","0.1600","10000.0000","45.39080152","-75.69573642","36.8","13.4","875.5","79","1","79","1","0","-0.02","0.00","-0.99","-0.2","0.0","-0.5","46.84","48.24","1513","6553.5","240.7","0","0","0","0","32.0","240.7","30.0","30.0","2.05","1.6","1.7","3.420","0.942","0.00","13.0","2.38","0"
"63.000","0.1726","14","0.0000","0.0000","4.1228","165.8687","0.0000","30.4631","13.1000","0.1600","10000.0000","45.39080147","-75.69573648","36.8","13.4","875.5","79","1","79","1","0","0.00","0.01","-1.00","-0.2","0.0","-0.5","47.46","48.05","1527","6553.5","240.9","0","0","0","0","32.0","240.9","30.0","30.0","2.00","1.6","1.7","3.412","0.957","0.00","13.0","2.39","0"
"63.050","0.1552","14","0.0000","0.0000","13.0175","152.2912","0.0000","30.4582","13.0650","0.1495","10000.0000","45.39080143","-75.69573650","36.8","13.4","875.5","79","1","79","1","0","0.09","0.02","-1.01","-0.2","0.0","-0.5","48.07","48.46","1542","6553.5","241.1","0","0","0","0","32.0","241.1","30.0","30.0","2.01","1.7","1.7","3.420","0.940","0.00","13.0","2.41","0"
"63.100","0.1357","14","0.0000","0.0000","27.2008","133.8568","0.0000","30.4546","13.0150","0.1345","10000.0000","45.39080140","-75.69573650","36.8","13.4","875.0","79","1","79","1","0","0.10","0.01","-1.00","-0.2","0.0","-0.5","48.69","48.80","1557","6553.5","241.1","0","0","0","0","32.0","241.1","30.0","30.0","2.15","1.8","1.9","3.432","0.913","0.00","13.0","2.42","0"
"63.150","0.1315","14","0.0000","0.0000","22.8323","30.0051","0.0000","30.4480","13.0000","0.1335","10000.0000","45.39080135","-75.69573654","36.8","13.4","875.8","79","1","79","1","0","0.04","0.02","-0.99","-0.2","0.0","-0.5","49.30","48.80","1465","6553.5","241.1","0","0","0","0","32.0","241.1","30.0","30.0","2.17","1.8","1.9","3.438","0.922","0.00","13.0","2.43","0"
"63.200","0.1340","14","0.0000","0.0000","10.5131","-110.4540","0.0000","30.4400","13.0000","0.1385","10000.0000","45.39080129","-75.69573661","36.8","13.3","876.0","79","1","79","1","0","0.06","0.02","-0.99","-0.3","0.0","-0.4","49.92","49.06","1406","6553.5","241.0","0","0","0","0","32.0","241.0","30.0","30.0","1.96","1.8","1.9","3.441","0.930","0.00","13.0","2.40","0"
"63.250","0.1767","14","0.0000","0.0000","4.5285","-149.6332","0.0000","30.4252","13.0000","0.1400","10000.0000","45.39080121","-75.69573661","36.8","13.3","875.5","79","1","79","1","0","0.03","0.03","-0.99","-0.3","0.0","-0.4","50.53","49.06","1549","6553.5","240.8","0","0","0","0","32.0","240.8","30.0","30.0","1.87","1.8","1.9","3.438","0.931","0.00","12.9","2.36","0"
"63.300","0.2366","14","0.0000","0.0000","1.2588","-145.4068","0.0000","30.4076","13.0000","0.1400","10000.0000","45.39080111","-75.69573660","36.8","13.3","875.5","79","1","79","1","0","-0.02","0.02","-0.98","-0.3","0.0","-0.4","51.02","49.05","1550","6553.5","240.9","0","0","0","0","32.0","240.9","30.0","30.0","2.06","1.8","1.9","3.435","0.939","0.00","12.9","2.36","0"
"63.350","0.2546","14","0.0000","0.0000","4.9728","-74.6498","0.0000","30.4079","13.0000","0.1365","10000.0000","45.39080112","-75.69573655","36.8","13.3","875.5","79","1","79","1","0","-0.09","-0.01","-0.97","-0.2","0.0","-0.4","51.25","49.04","1299","6553.5","241.1","0","0","0","0","32.0","241.1","30.0","30.0","2.13","1.8","1.8","3.434","0.958","0.00","12.9","2.36","0"
"63.400","0.2546","14","0.0000","0.0000","11.6797","24.6203","0.0000","30.4159","13.0000","0.1315","10000.0000","45.39080118","-75.69573649","36.8","13.3","876.0","79","1","79","1","0","-0.08","-0.01","-0.98","-0.2","0.0","-0.5","51.49","49.04","1289","6553.5","241.1","0","0","0","0","32.0","241.1","30.0","30.0","1.97","1.7","1.8","3.438","0.960","0.00","12.9","2.36","0"
"63.450","0.2232","14","0.0000","0.0000","8.7029","-2.2661","0.0000","30.4016","12.9650","0.1265","10000.0000","45.39080108","-75.69573642","36.8","13.3","875.8","79","1","79","1","0","-0.16","0.01","-0.97","-0.3","0.0","-0.5","51.72","48.91","1471","6553.5","241.0","0","0","0","0","32.0","241.0","30.0","30.0","1.89","1.7","1.8","3.447","0.950","0.00","13.0","2.36","0"
"63.500","0.1784","14","0.0000","0.0000","1.5759","-83.2197","0.0000","30.3777","12.9150","0.1215","10000.0000","45.39080091","-75.69573634","36.8","13.4","876.0","79","1","79","1","0","-0.15","0.03","-0.97","-0.3","0.0","-0.5","51.96","48.62","1449","6553.5","241.0","0","0","0","0","32.0","241.0","30.0","30.0","1.96","1.7","1.8","3.446","0.940","0.00","13.0","2.34","0"
"63.550","0.1592","14","0.0000","0.0000","5.1602","-56.6463","0.0000","30.3730","12.9000","0.1305","10000.0000","45.39080088","-75.69573631","36.8","13.4","875.5","79","1","79","1","0","-0.06","0.02","-0.97","-0.3","0.0","-0.5","52.19","48.72","1362","6553.5","241.1","0","0","0","0","32.0","241.1","30.0","30.0","1.99","1.7","1.8","3.441","0.931","0.00","13.0","2.31","0"
"63.600","0.1509","14","0.0000","0.0000","13.3350","16.0101","0.0000","30.3766","12.9000","0.1455","10000.0000","45.39080092","-75.69573631","36.8","13.4","876.0","79","1","79","1","0","0.01","0.01","-0.99","-0.3","0.1","-0.5","52.43","49.01","1429","6553.5","241.3","0","0","0","0","32.0","241.3","30.0","30.0","1.96","1.7","1.8","3.382","0.941","0.00","13.0","2.32","0"
"63.650","0.1273","14","0.0000","0.0000","17.1297","83.4176","0.0000","30.3751","12.9000","0.1500","10000.0000","45.39080090","-75.69573631","36.8","13.4","875.5","79","1","79","1","0","0.09","0.02","-0.98","-0.3","0.1","-0.5","52.66","48.88","1479","6553.5","241.6","0","0","0","0","32.0","241.6","30.0","30.0","1.97","1.7","1.8","3.340","0.947","0.00","12.9","2.33","0"
"63.700","0.0972","14","0.0000","0.0000","19.0472","148.5756","0.0000","30.3716","12.9000","0.1500","10000.0000","45.39080087","-75.69573631","36.8","13.4","875.5","79","1","79","1","0","0.12","0.03","-0.99","-0.3","0.0","-0.5","52.90","48.73","1411","6553.5","241.5","0","0","0","0","32.0","241.5","30.0","30.0","2.10","1.7","1.8","3.405","0.937","0.00","12.9","2.34","0"
"63.750","0.0930","14","0.0000","0.0000","12.3090","49.8024","0.0000","30.3655","12.8650","0.1500","10000.0000","45.39080082","-75.69573631","36.8","13.4","875.5","79","1","79","1","0","-0.01","0.02","-0.98","-0.2","0.0","-0.5","53.13","48.73","1317","6553.5","241.4","0","0","0","0","32.0","241.4","30.0","30.0","2.11","1.7","1.8","3.441","0.938","0.00","13.0","2.35","0"
"63.800","0.0998","14","0.0000","0.0000","1.8613","-119.2271","0.0000","30.3584","12.8150","0.1500","10000.0000","45.39080076","-75.69573631","36.8","13.4","875.5","79","1","79","1","0","-0.08","0.01","-0.98","-0.2","-0.0","-0.5","53.37","48.72","1178","6553.5","241.2","0","0","0","0","32.0","241.2","30.0","30.0","1.90","1.7","1.8","3.429","0.961","0.00","13.0","2.36","0"
"63.850","0.0840","14","0.0000","0.0000","-8.1801","-86.9770","0.0000","30.3495","12.8000","0.1395","10000.0000","45.39080071","-75.69573626","36.8","13.4","875.5","79","1","79","1","0","-0.01","0.01","-0.97","-0.2","-0.0","-0.5","53.60","49.08","1221","6553.5","240.9","0","0","0","0","32.0","240.9","30.0","30.0","1.79","1.7","1.8","3.426","0.956","0.00","12.9","2.37","0"
"63.900","0.0585","14","0.0000","0.0000","-18.0475","31.5357","0.0000","30.3398","12.8000","0.1245","10000.0000","45.39080067","-75.69573618","36.8","13.4","875.5","79","1","79","1","0","0.07","0.01","-0.99","-0.2","-0.0","-0.5","53.84","49.30","1406","6553.5","241.1","0","0","0","0","32.0","241.1","30.0","30.0","1.90","1.7","1.8","3.433","0.930","0.00","12.9","2.36","0"
"63.950","0.0613","14","0.0000","0.0000","-6.8593","45.9630","0.0000","30.3468","12.8000","0.1340","10000.0000","45.39080070","-75.69573617","36.8","13.4","875.5","79","1","79","1","0","-0.00","0.00","-0.99","-0.2","-0.0","-0.5","54.07","49.06","1331","6553.5","241.3","0","0","0","0","32.0","241.3","30.0","30.0","1.94","1.7","1.8","3.437","0.941","0.00","13.0","2.35","0"
"64.000","0.0761","14","0.0000","0.0000","13.3526","15.7822","0.0000","30.3609","12.8000","0.1540","10000.0000","45.39080076","-75.69573619","36.8","13.4","875.5","79","1","79","1","0","-0.02","0.01","-0.99","-0.2","-0.0","-0.5","54.31","48.88","1174","6553.5","241.3","0","0","0","0","32.0","241.3","30.0","30.0","1.86","1.7","1.8","3.441","0.963","0.00","13.0","2.35","0"
"64.050","0.0978","14","0.0000","0.0000","16.9634","7.1966","0.0000","30.3657","12.8000","0.1600","10000.0000","45.39080078","-75.69573615","36.8","13.4","875.8","79","1","79","1","0","-0.01","0.01","-0.98","-0.2","-0.0","-0.5","54.54","48.98","1321","6553.5","241.2","0","0","0","0","32.0","241.2","30.0","30.0","1.85","1.7","1.8","3.430","0.942","0.00","13.0","2.36","0"
"64.100","0.1224","14","0.0000","0.0000","13.4595","7.8660","0.0000","30.3666","12.8000","0.1600","10000.0000","45.39080077","-75.69573609","36.8","13.4","875.5","79","1","79","1","0","0.07","0.01","-0.99","-0.3","-0.0","-0.5","54.78","49.00","1449","6553.5","241.2","0","0","0","0","32.0","241.2","30.0","30.0","1.97","1.7","1.8","3.420","0.924","0.00","13.0","2.36","0"
"64.150","0.1022","14","0.0000","0.0000","15.8975","-11.4919","0.0000","30.3620","12.7650","0.1460","10000.0000","45.39080077","-75.69573606","36.8","13.4","875.8","79","1","79","1","0","0.05","0.02","-1.00","-0.3","-0.0","-0.5","55.01","48.99","1421","6553.5","241.1","0","0","0","0","32.0","241.1","30.0","30.0","2.01","1.7","1.8","3.419","0.928","0.00","13.0","2.37","0"
"64.200","0.0627","14","0.0000","0.0000","20.8822","-39.4330","0.0000","30.3550","12.7150","0.1260","10000.0000","45.39080077","-75.69573604","36.8","13.4","875.5","79","1","79","1","0","0.02","0.03","-1.01","-0.3","-0.0","-0.5","55.25","48.99","1432","6553.5","241.4","0","0","0","0","32.0","241.4","30.0","30.0","1.88","1.7","1.7","3.419","0.928","0.00","13.0","2.37","0"
"64.250","0.0709","14","0.0000","0.0000","17.2023","-43.2090","0.0000","30.3505","12.7000","0.1305","10000.0000","45.39080079","-75.69573602","36.8","13.4","875.7","79","1","79","1","0","0.01","0.02","-0.99","-0.3","-0.0","-0.5","55.48","49.19","1514","6553.5","241.7","0","0","0","0","32.0","241.7","30.0","30.0","1.87","1.7","1.7","3.424","0.921","0.00","13.0","2.38","0"
"64.300","0.0994","14","0.0000","0.0000","9.8091","-36.6285","0.0000","30.3471","12.7000","0.1455","10000.0000","45.39080082","-75.69573601","36.8","13.4","875.5","79","1","79","1","0","-0.03","0.02","-0.98","-0.3","-0.0","-0.5","55.72","49.42","1597","6553.5","241.6","0","0","0","0","32.0","241.6","30.0","30.0","2.10","1.7","1.8","3.430","0.917","0.00","13.0","2.39","0"
"64.350","0.1509","14","0.0000","0.0000","5.8670","19.3000","0.0000","30.3467","12.7000","0.1430","10000.0000","45.39080082","-75.69573596","36.8","13.4","875.5","79","1","79","1","0","-0.13","0.02","-0.98","-0.3","-0.0","-0.5","55.91","49.35","1681","6553.5","241.5","0","0","0","0","32.0","241.5","30.0","30.0","2.24","1.7","1.8","3.437","0.915","0.00","13.1","2.41","0"
"64.400","0.2121","14","0.0000","0.0000","3.4040","96.3777","0.0000","30.3476","12.7000","0.1330","10000.0000","45.39080082","-75.69573590","36.8","13.4","875.5","79","1","79","1","0","-0.09","0.02","-0.99","-0.3","-0.0","-0.4","56.01","49.11","1558","6553.5","241.5","0","0","0","0","32.0","241.5","30.0","30.0","2.19","1.7","1.8","3.433","0.925","0.00","13.0","2.38","0"
"64.450","0.1624","14","0.0000","0.0000","5.2295","112.7766","0.0000","30.3449","12.7000","0.1265","10000.0000","45.39080084","-75.69573591","36.8","13.4","875.5","79","1","79","1","0","-0.06","0.02","-0.99","-0.2","0.0","-0.4","56.10","48.76","1371","6553.5","241.5","0","0","0","0","32.0","241.5","30.0","30.0","2.11","1.7","1.8","3.422","0.937","0.00","12.9","2.34","0"
"64.500","0.0652","14","0.0000","0.0000","8.8929","103.1702","0.0000","30.3406","12.7000","0.1215","10000.0000","45.39080088","-75.69573596","36.8","13.4","875.5","79","1","79","1","0","-0.05","0.02","-0.99","-0.2","0.1","-0.4","56.20","48.56","1471","6553.5","241.3","0","0","0","0","32.0","241.3","30.0","30.0","1.95","1.7","1.7","3.419","0.941","0.00","12.9","2.32","0"
"64.550","0.0612","14","0.0000","0.0000","8.5173","21.2879","0.0000","30.3337","12.6650","0.1235","10000.0000","45.39080085","-75.69573602","36.8","13.4","875.5","79","1","79","1","0","0.03","0.03","-1.00","-0.2","0.1","-0.5","56.30","48.68","1544","6553.5","241.1","0","0","0","0","32.0","241.1","30.0","30.0","1.89","1.7","1.7","3.420","0.942","0.00","13.0","2.31","0"
"64.600","0.0972","14","0.0000","0.0000","6.4107","-91.5698","0.0000","30.3257","12.6150","0.1285","10000.0000","45.39080080","-75.69573608","36.8","13.4","875.0","79","1","79","1","0","-0.03","0.02","-0.98","-0.3","0.0","-0.5","56.40","48.88","1409","6553.5","241.1","0","0","0","0","32.0","241.1","30.0","30.0","2.06","1.6","1.7","3.410","0.928","0.00","13.0","2.32","0"
"64.650","0.1011","14","0.0000","0.0000","0.6455","-121.9384","0.0000","30.3227","12.6000","0.1300","10000.0000","45.39080079","-75.69573614","36.8","13.4","875.8","79","1","79","1","0","-0.10","0.02","-0.98","-0.3","0.0","-0.5","56.50","49.01","1408","6553.5","241.1","0","0","0","0","32.0","241.1","30.0","30.0","2.14","1.6","1.7","3.404","0.917","0.00","13.0","2.33","0"
"64.700","0.0912","14","0.0000","0.0000","-6.6877","-116.9546","0.0000","30.3219","12.6000","0.1300","10000.0000","45.39080079","-75.69573620","36.8","13.4","876.0","79","1","79","1","0","-0.10","0.03","-0.99","-0.3","-0.0","-0.5","56.60","49.15","1644","6553.5","241.4","0","0","0","0","32.0","241.4","30.0","30.0","1.99","1.6","1.7","3.419","0.912","0.00","13.0","2.39","0"
"64.750","0.0930","14","0.0000","0.0000","-13.6091","-28.7840","0.0000","30.3216","12.6000","0.1335","10000.0000","45.39080080","-75.69573622","36.8","13.4","875.5","79","1","79","1","0","-0.06","0.04","-1.01","-0.3","-0.0","-0.5","56.69","49.35","1606","6553.5","241.7","0","0","0","0","32.0","241.7","30.0","30.0","1.96","1.6","1.7","3.424","0.910","0.00","13.0","2.47","0"
"64.800","0.0998","14","0.0000","0.0000","-20.3541","95.0381","0.0000","30.3216","12.6000","0.1385","10000.0000","45.39080080","-75.69573622","36.8","13.4","875.5","79","1","79","1","0","-0.05","0.04","-1.01","-0.3","-0.0","-0.5","56.79","49.39","1352","6553.5","241.6","0","0","0","0","32.0","241.6","30.0","30.0","2.14","1.6","1.7","3.412","0.910","0.00","12.9","2.45","0"
"64.850","0.0880","14","0.0000","0.0000","-16.9236","38.6688","0.0000","30.3240","12.6000","0.1400","10000.0000","45.39080077","-75.69573623","36.8","13.4","875.2","79","1","79","1","0","-0.02","0.02","-1.00","-0.3","-0.0","-0.5","56.89","49.19","1328","6553.5","241.4","0","0","0","0","32.0","241.4","30.0","30.0","2.21","1.6","1.7","3.411","0.928","0.00","12.8","2.42","0"
"64.900","0.0683","14","0.0000","0.0000","-9.1323","-94.9253","0.0000","30.3274","12.6000","0.1400","10000.0000","45.39080074","-75.69573625","36.8","13.4","875.5","79","1","79","1","0","0.01","0.02","-1.00","-0.2","-0.0","-0.5","56.99","48.94","1377","6553.5","241.7","0","0","0","0","32.0","241.7","30.0","30.0","2.06","1.6","1.7","3.421","0.951","0.00","12.9","2.42","0"
"64.950","0.0583","13","0.0000","0.0000","-12.2488","-41.4876","0.0000","30.3364","12.5650","0.1365","10000.0000","45.39080075","-75.69573622","36.8","13.4","875.7","79","1","79","1","0","0.01","0.03","-1.00","-0.2","0.0","-0.5","57.09","48.92","1407","6553.5","242.1","0","0","0","0","32.0","242.1","30.0","30.0","1.98","1.6","1.7","3.372","0.936","0.00","13.0","2.41","0"
"65.000","0.0526","13","0.0000","0.0000","-20.0402","92.1064","0.0000","30.3478","12.5150","0.1315","10000.0000","45.39080078","-75.69573617","36.8","13.4","875.5","79","1","79","1","0","0.04","0.03","-1.01","-0.2","0.0","-0.5","57.19","49.10","1411","6553.5","242.0","0","0","0","0","32.0","242.0","30.0","30.0","2.07","1.6","1.7","3.305","0.924","0.00","13.0","2.42","0"
"65.050","0.0457","13","0.0000","0.0000","-30.4322","148.9200","0.0000","30.3517","12.5000","0.1335","10000.0000","45.39080073","-75.69573613","36.8","13.4","875.5","79","1","79","1","0","0.06","0.01","-1.00","-0.3","0.0","-0.5","57.28","49.16","1287","6553.5","241.9","0","0","0","0","32.0","241.9","30.0","30.0","2.07","1.6","1.7","3.367","0.933","0.00","12.9","2.44","0"
"65.100","0.0382","13","0.0000","0.0000","-41.9388","172.8277","0.0000","30.3524","12.5000","0.1385","10000.0000","45.39080066","-75.69573608","36.8","13.4","875.5","79","1","79","1","0","0.07","0.00","-0.99","-0.3","0.0","-0.5","57.38","49.33","1271","6553.5","242.1","0","0","0","0","32.0","242.1","30.0","30.0","1.90","1.6","1.7","3.424","0.940","0.00","13.0","2.43","0"
"65.150","0.0452","13","0.0000","0.0000","-27.1258","132.7488","0.0000","30.3556","12.5000","0.1365","10000.0000","45.39080061","-75.69573603","36.8","13.4","875.3","79","1","79","1","0","0.04","0.01","-0.99","-0.3","0.0","-0.5","57.48","49.24","1445","6553.5","242.4","0","0","0","0","32.0","242.4","30.0","30.0","1.86","1.6","1.7","3.433","0.943","0.00","13.1","2.42","0"
"65.200","0.0584","13","0.0000","0.0000","-1.0330","65.2470","0.0000","30.3599","12.5000","0.1315","10000.0000","45.39080058","-75.69573599","36.8","13.4","875.5","79","1","79","1","0","-0.06","0.01","-0.98","-0.3","0.0","-0.5","57.58","49.10","1521","6553.5","242.3","0","0","0","0","32.0","242.3","30.0","30.0","2.08","1.6","1.7","3.418","0.942","0.00","13.1","2.46","0"
"65.250","0.0783","13","0.0000","0.0000","2.8352","-23.5007","0.0000","30.3568","12.5000","0.1300","10000.0000","45.39080051","-75.69573593","36.8","13.4","875.5","79","1","79","1","0","-0.08","0.04","-1.00","-0.3","-0.0","-0.5","57.68","49.10","1519","6553.5","242.2","0","0","0","0","32.0","242.2","30.0","30.0","2.20","1.6","1.7","3.362","0.938","0.00","13.0","2.50","0"
"65.300","0.1012","13","0.0000","0.0000","-2.8215","-121.3538","0.0000","30.3505","12.5000","0.1300","10000.0000","45.39080044","-75.69573587","36.8","13.4","875.5","79","1","79","1","0","-0.08","0.05","-1.00","-0.3","-0.0","-0.5","57.77","49.08","1469","6553.5","242.2","0","0","0","0","32.0","242.2","30.0","30.0","2.11","1.7","1.7","3.364","0.937","0.00","13.0","2.46","0"
"65.350","0.0984","13","0.0000","0.0000","-14.1640","-80.2673","0.0000","30.3449","12.4650","0.1265","10000.0000","45.39080037","-75.69573576","36.8","13.4","875.5","79","1","79","1","0","-0.05","0.04","-0.99","-0.3","-0.0","-0.5","57.87","49.02","1406","6553.5","242.1","0","0","0","0","32.0","242.1","30.0","30.0","2.03","1.7","1.7","3.412","0.936","0.00","13.0","2.41","0"
"65.400","0.0846","13","0.0000","0.0000","-27.9432","20.3647","0.0000","30.3395","12.4150","0.1215","10000.0000","45.39080029","-75.69573564","36.8","13.4","876.0","79","1","79","1","0","-0.05","0.01","-0.98","-0.3","-0.0","-0.4","57.94","48.96","1484","6553.5","242.1","0","0","0","0","32.0","242.1","30.0","30.0","1.95","1.7","1.7","3.420","0.948","0.00","13.0","2.37","0"
"65.450","0.1340","13","0.0000","0.0000","-22.9085","-30.0797","0.0000","30.3384","12.4000","0.1305","10000.0000","45.39080021","-75.69573557","36.8","13.4","875.5","79","1","79","1","0","-0.07","-0.01","-0.98","-0.3","-0.0","-0.4","57.94","49.32","1537","6553.5","242.1","0","0","0","0","32.0","242.1","30.0","30.0","1.93","1.7","1.7","3.416","0.958","0.00","13.0","2.33","0"
"65.500","0.2104","13","0.0000","0.0000","-9.8107","-145.2711","0.0000","30.3391","12.4000","0.1455","10000.0000","45.39080014","-75.69573553","36.8","13.4","875.5","79","1","79","1","0","-0.08","0.01","-0.98","-0.3","-0.0","-0.4","57.93","49.36","1431","6553.5","241.9","0","0","0","0","32.0","241.9","30.0","30.0","2.04","1.6","1.7","3.410","0.953","0.00","12.9","2.35","0"
"65.550","0.1873","13","0.0000","0.0000","-11.6550","-70.6239","0.0000","30.3404","12.4000","0.1465","10000.0000","45.39080007","-75.69573544","36.8","13.4","875.5","79","1","79","1","0","-0.04","-0.01","-0.96","-0.3","0.0","-0.4","57.93","49.31","1404","6553.5","241.6","0","0","0","0","32.0","241.6","30.0","30.0","2.04","1.6","1.7","3.401","0.946","0.00","12.8","2.37","0"
"65.600","0.1215","13","0.0000","0.0000","-19.9031","85.3827","0.0000","30.3420","12.4000","0.1415","10000.0000","45.39079999","-75.69573533","36.8","13.4","875.5","79","1","79","1","0","0.02","-0.02","-0.96","-0.3","0.0","-0.5","57.93","49.21","1516","6553.5","241.8","0","0","0","0","32.0","241.8","30.0","30.0","1.81","1.6","1.7","3.377","0.939","0.00","12.9","2.37","0"
"65.650","0.0944","13","0.0000","0.0000","-26.4446","137.8903","0.0000","30.3406","12.4000","0.1400","10000.0000","45.39079994","-75.69573525","36.8","13.4","875.8","79","1","79","1","0","0.00","0.00","-0.98","-0.3","0.0","-0.5","57.93","48.87","1500","6553.5","242.0","0","0","0","0","32.0","242.0","30.0","30.0","1.73","1.6","1.7","3.374","0.934","0.00","13.1","2.36","0"
"65.700","0.0837","13","0.0000","0.0000","-32.2546","146.0413","0.0000","30.3379","12.4000","0.1400","10000.0000","45.39079990","-75.69573519","36.8","13.4","875.5","79","1","79","1","0","-0.06","0.01","-0.98","-0.3","-0.0","-0.5","57.93","48.94","1383","6553.5","241.9","0","0","0","0","32.0","241.9","30.0","30.0","1.98","1.5","1.5","3.412","0.931","0.00","13.0","2.43","0"
"65.750","0.0941","13","0.0000","0.0000","-29.2383","108.1983","0.0000","30.3377","12.4000","0.1365","10000.0000","45.39079988","-75.69573513","36.8","13.4","875.5","79","1","79","1","0","-0.03","0.01","-0.99","-0.2","-0.1","-0.5","57.93","49.11","1471","6553.5","241.7","0","0","0","0","32.0","241.7","30.0","30.0","2.12","1.3","1.4","3.429","0.927","0.00","12.9","2.52","0"
"65.800","0.1136","13","0.0000","0.0000","-22.4393","50.6438","0.0000","30.3385","12.4000","0.1315","10000.0000","45.39079987","-75.69573507","36.8","13.4","875.5","79","1","79","1","0","0.05","0.02","-1.00","-0.2","-0.1","-0.5","57.93","49.23","1623","6553.5","241.8","0","0","0","0","32.0","241.8","30.0","30.0","2.04","1.1","1.2","3.431","0.922","0.00","12.9","2.54","0"
"65.850","0.1466","13","0.0000","0.0000","-13.7146","1.7082","0.0000","30.3413","12.3650","0.1300","10000.0000","45.39079989","-75.69573505","36.8","13.4","875.8","79","1","79","1","0","0.10","0.04","-1.00","-0.2","-0.1","-0.5","57.92","46.37","1474","6553.5","242.0","0","0","0","0","32.0","242.0","30.0","30.0","1.98","1.0","1.2","3.390","0.922","0.00","13.0","2.55","0"
"65.900","0.1855","13","0.0000","0.0000","-4.1645","-43.5335","0.0000","30.3449","12.3150","0.1300","10000.0000","45.39079992","-75.69573505","36.8","13.4","876.0","79","1","79","1","0","-0.03","0.02","-1.00","-0.3","-0.0","-0.5","57.92","45.79","1353","6553.5","242.0","0","0","0","0","32.0","242.0","30.0","30.0","1.96","1.0","1.2","3.337","0.924","0.00","13.0","2.55","0"
"65.950","0.1801","13","0.0000","0.0000","-2.9288","18.6659","0.0000","30.3464","12.3000","0.1370","10000.0000","45.39079988","-75.69573502","36.8","13.4","875.5","79","1","79","1","0","-0.18","0.00","-0.99","-0.3","0.0","-0.5","57.92","45.65","1441","6553.5","242.0","0","0","0","0","32.0","242.0","30.0","30.0","1.98","1.0","1.1","3.388","0.934","0.00","13.0","2.55","0"
"66.000","0.1557","13","0.0000","0.0000","-5.2563","126.9114","0.0000","30.3471","12.3000","0.1470","10000.0000","45.39079981","-75.69573497","36.8","13.4","875.5","79","1","79","1","0","-0.19","0.01","-0.97","-0.3","0.1","-0.5","57.92","45.47","1447","6553.5","241.8","0","0","0","0","32.0","241.8","30.0","30.0","2.11","0.9","1.0","3.433","0.944","0.00","13.0","2.52","0"
"66.050","0.1091","13","0.0000","0.0000","-7.3676","75.7012","0.0000","30.3498","12.3000","0.1395","10000.0000","45.39079981","-75.69573496","36.8","13.4","875.5","79","1","79","1","0","-0.08","0.02","-0.96","-0.3","0.1","-0.5","57.92","45.28","1306","6553.5","241.6","0","0","0","0","32.0","241.6","30.0","30.0","2.14","0.9","1.1","3.429","0.952","0.00","13.0","2.48","0"
"66.100","0.0529","13","0.0000","0.0000","-9.3863","-43.8471","0.0000","30.3534","12.3000","0.1245","10000.0000","45.39079985","-75.69573496","36.8","13.4","876.0","79","1","79","1","0","-0.02","0.02","-0.97","-0.3","0.1","-0.5","57.92","45.26","1288","6553.5","241.5","0","0","0","0","32.0","241.5","30.0","30.0","1.98","0.9","1.1","3.417","0.949","0.00","13.0","2.48","0"
"66.150","0.0769","13","0.0000","0.0000","-9.8108","-16.8645","0.0000","30.3520","12.3000","0.1200","10000.0000","45.39079983","-75.69573496","36.8","13.4","875.5","79","1","79","1","0","-0.06","0.03","-0.99","-0.3","0.1","-0.5","57.91","45.31","1368","6553.5","241.4","0","0","0","0","32.0","241.4","30.0","30.0","1.89","0.9","1.1","3.388","0.937","0.00","12.9","2.50","0"
"66.200","0.1352","13","0.0000","0.0000","-9.5520","72.9171","0.0000","30.3484","12.3000","0.1200","10000.0000","45.39079980","-75.69573496","36.8","13.4","875.5","79","1","79","1","0","-0.09","0.03","-0.98","-0.3","0.1","-0.5","57.91","45.37","1390","6553.5","241.5","0","0","0","0","32.0","241.5","30.0","30.0","1.95","0.9","1.1","3.393","0.937","0.00","13.0","2.48","0"
"66.250","0.1301","13","0.0000","0.0000","-13.8517","13.2328","0.0000","30.3522","12.3000","0.1235","10000.0000","45.39079979","-75.69573497","36.8","13.4","875.3","79","1","79","1","0","-0.02","-0.00","-0.96","-0.3","0.1","-0.5","57.91","45.48","1395","6553.5","241.7","0","0","0","0","32.0","241.7","30.0","30.0","1.97","0.9","1.1","3.424","0.942","0.00","13.1","2.46","0"
"66.300","0.0979","13","0.0000","0.0000","-20.1050","-110.5083","0.0000","30.3592","12.3000","0.1285","10000.0000","45.39079979","-75.69573498","36.8","13.4","875.5","79","1","79","1","0","-0.03","0.00","-0.97","-0.3","0.1","-0.5","57.91","45.59","1463","6553.5","241.8","0","0","0","0","32.0","241.8","30.0","30.0","1.93","0.8","1.0","3.432","0.951","0.00","13.0","2.49","0"
"66.350","0.1045","13","0.0000","0.0000","-20.3177","-42.8435","0.0000","30.3588","12.2650","0.1370","10000.0000","45.39079977","-75.69573499","36.8","13.4","875.5","79","1","79","1","0","0.06","0.04","-1.00","-0.3","0.1","-0.6","57.91","45.25","1518","6553.5","241.9","0","0","0","0","32.0","241.9","30.0","30.0","1.95","0.6","0.8","3.434","0.956","0.00","12.9","2.52","0"
"66.400","0.1277","13","0.0000","0.0000","-17.9415","106.8524","0.0000","30.3552","12.2150","0.1470","10000.0000","45.39079974","-75.69573499","36.8","13.4","875.5","79","1","79","1","0","0.06","0.05","-1.02","-0.3","0.1","-0.5","57.91","44.36","1496","6553.5","241.9","0","0","0","0","32.0","241.9","30.0","30.0","2.11","0.6","0.8","3.437","0.941","0.00","12.9","2.50","0"
"66.450","0.1293","13","0.0000","0.0000","-14.5515","61.7804","0.0000","30.3578","12.2000","0.1395","10000.0000","45.39079974","-75.69573509","36.8","13.4","875.8","79","1","79","1","0","-0.02","0.06","-1.01","-0.3","0.1","-0.5","58.07","43.33","1481","6553.5","242.0","0","0","0","0","32.0","242.0","30.0","30.0","2.18","0.6","0.7","3.439","0.937","0.00","13.0","2.48","0"
"66.500","0.1217","13","0.0000","0.0000","-10.7270","-66.7635","0.0000","30.3630","12.2000","0.1245","10000.0000","45.39079976","-75.69573522","36.8","13.4","875.5","79","1","79","1","0","0.05","0.03","-0.99","-0.3","0.0","-0.5","58.55","42.63","1479","6553.5","242.0","0","0","0","0","32.4","242.0","30.0","30.0","2.05","0.6","0.7","3.434","0.954","0.00","13.0","2.45","0"
"66.550","0.0776","13","0.0000","0.0000","-6.2268","-68.4623","0.0000","30.3670","12.2000","0.1270","10000.0000","45.39079974","-75.69573528","36.8","13.4","875.5","79","1","79","1","0","0.09","0.03","-0.99","-0.4","0.0","-0.5","59.03","44.32","1492","6553.5","241.9","0","0","0","0","32.9","241.9","30.0","30.0","1.95","0.5","0.7","3.429","0.958","0.00","13.0","2.41","0"
"66.600","0.0179","13","0.0000","0.0000","-1.4369","-15.7990","0.0000","30.3704","12.2000","0.1370","10000.0000","45.39079971","-75.69573529","36.8","13.4","876.0","79","1","79","1","0","-0.03","0.05","-1.00","-0.3","-0.0","-0.5","59.51","44.68","1516","6553.5","242.1","0","0","0","0","33.0","242.1","30.0","30.0","1.94","0.6","0.7","3.424","0.951","0.00","13.0","2.41","0"
"66.650","0.0471","13","0.0000","0.0000","-6.0300","53.1164","0.0000","30.3609","12.2000","0.1435","10000.0000","45.39079966","-75.69573533","36.8","13.4","875.5","79","1","79","1","0","-0.13","0.06","-1.00","-0.3","0.0","-0.5","59.99","44.14","1455","6553.5","242.3","0","0","0","0","33.0","242.3","30.0","30.0","1.99","0.6","0.7","3.418","0.938","0.00","13.1","2.43","0"
"66.700","0.1145","13","0.0000","0.0000","-14.6443","128.9970","0.0000","30.3460","12.2000","0.1485","10000.0000","45.39079961","-75.69573538","36.8","13.4","876.0","79","1","79","1","0","-0.12","0.03","-0.98","-0.3","-0.0","-0.5","60.47","43.65","1367","6553.5","242.4","0","0","0","0","33.0","242.4","30.0","30.0","2.13","0.6","0.7","3.412","0.925","0.00","13.1","2.47","0"
"66.750","0.1157","13","0.0000","0.0000","-23.0978","150.6151","0.0000","30.3439","12.2000","0.1465","10000.0000","45.39079957","-75.69573540","36.8","13.4","875.7","79","1","79","1","0","-0.09","0.02","-0.97","-0.3","-0.0","-0.5","60.95","45.62","1520","6553.5","242.5","0","0","0","0","33.0","242.5","30.0","30.0","2.18","0.7","0.8","3.426","0.930","0.00","13.0","2.52","0"
"66.800","0.0886","13","0.0000","0.0000","-31.4823","148.9778","0.0000","30.3473","12.2000","0.1415","10000.0000","45.39079954","-75.69573542","36.8","13.4","875.5","79","1","79","1","0","-0.01","0.04","-0.99","-0.3","0.0","-0.4","61.43","46.21","1631","6553.5","242.5","0","0","0","0","33.0","242.5","30.0","30.0","2.00","0.7","0.9","3.448","0.935","0.00","13.0","2.51","0"
"66.850","0.0701","13","0.0000","0.0000","-50.0724","129.0239","0.0000","30.3483","12.1650","0.1365","10000.0000","45.39079953","-75.69573542","36.8","13.4","875.8","79","1","79","1","0","-0.01","0.04","-1.00","-0.3","0.0","-0.5","61.91","46.05","1419","6553.5","242.5","0","0","0","0","33.0","242.5","30.0","30.0","1.90","0.7","0.9","3.440","0.927","0.00","13.0","2.49","0"
"66.900","0.0553","13","0.0000","0.0000","-73.0364","101.2202","0.0000","30.3483","12.1150","0.1315","10000.0000","45.39079953","-75.69573542","36.8","13.4","875.5","79","1","79","1","0","-0.12","0.02","-1.01","-0.3","0.0","-0.5","62.40","45.82","1266","6553.5","242.5","0","0","0","0","33.0","242.5","30.0","30.0","1.96","0.7","0.9","3.431","0.921","0.00","13.0","2.46","0"
"66.950","0.0331","13","0.0000","0.0000","-51.9517","60.3714","0.0000","30.3483","12.1000","0.1230","10000.0000","45.39079953","-75.69573542","36.8","13.4","875.8","79","1","79","1","0","-0.10","0.01","-1.00","-0.3","0.1","-0.5","62.88","44.72","1432","6553.5","242.5","0","0","0","0","33.0","242.5","30.0","30.0","2.02","0.7","0.9","3.434","0.918","0.00","12.9","2.42","0"
"67.000","0.0076","13","0.0000","0.0000","-11.9888","13.9319","0.0000","30.3483","12.1000","0.1130","10000.0000","45.39079953","-75.69573542","36.8","13.4","875.5","79","1","79","1","0","0.00","0.01","-1.00","-0.3","0.0","-0.6","63.36","44.05","1462","6553.5","242.2","0","0","0","0","33.0","242.2","30.0","30.0","2.07","0.7","0.9","3.435","0.925","0.00","12.9","2.41","0"
"67.050","0.0000","13","0.0000","0.0000","0.0000","0.0000","0.0000","30.3483","12.1000","0.1205","10000.0000","45.39079953","-75.69573542","36.8","13.4","875.5","79","1","79","1","0","0.01","0.02","-1.00","-0.3","0.0","-0.6","63.84","43.93","1249","6553.5","241.9","0","0","0","0","33.0","241.9","30.0","30.0","2.04","0.7","0.9","3.431","0.950","0.00","13.0","2.40","0"
"67.100","0.0000","13","0.0000","0.0000","0.0000","0.0000","0.0000","30.3483","12.1000","0.1355","10000.0000","45.39079953","-75.69573542","36.8","13.4","875.5","79","1","79","1","0","0.03","0.03","-1.00","-0.3","0.0","-0.6","64.32","43.72","1274","6553.5","242.1","0","0","0","0","33.0","242.1","30.0","30.0","1.85","0.7","0.9","3.429","0.954","0.00","13.0","2.38","0"
"67.150","0.0126","13","0.0000","0.0000","-15.0088","6.8969","0.0000","30.3476","12.9750","0.1400","10000.0000","45.39079949","-75.69573548","36.8","13.4","875.7","79","1","79","1","0","0.05","0.03","-1.01","-0.3","0.1","-0.5","64.80","44.03","1484","6553.5","242.3","0","0","0","0","33.0","242.3","30.0","30.0","1.78","0.8","0.9","3.435","0.941","0.00","13.0","2.36","0"
"67.200","0.0306","13","0.0000","0.0000","-36.4500","16.7495","0.0000","30.3466","14.2250","0.1400","10000.0000","45.39079943","-75.69573555","36.8","13.4","875.5","79","1","79","1","0","0.03","0.03","-1.01","-0.2","0.1","-0.5","65.28","44.31","1520","6553.5","242.3","0","0","0","0","33.0","242.3","30.0","30.0","1.99","0.8","0.9","3.441","0.946","0.00","13.0","2.36","0"
"67.250","0.0652","13","0.0000","0.0000","-35.8305","71.0306","0.0000","30.3431","14.5300","0.1435","10000.0000","45.39079936","-75.69573563","36.8","13.4","875.5","79","1","79","1","0","-0.04","0.04","-1.00","-0.2","0.1","-0.5","65.76","44.58","1503","6553.5","242.3","0","0","0","0","33.0","242.3","30.0","30.0","2.12","0.8","1.0","3.442","0.958","0.00","13.1","2.37","0"
"67.300","0.1069","13","0.0000","0.0000","-25.7565","144.3526","0.0000","30.3385","14.4300","0.1485","10000.0000","45.39079927","-75.69573571","36.8","13.4","875.5","79","1","79","1","0","-0.06","0.02","-0.98","-0.2","0.1","-0.5","66.24","45.04","1434","6553.5","242.4","0","0","0","0","33.0","242.4","30.0","30.0","2.11","0.8","1.0","3.441","0.932","0.00","13.1","2.37","0"
"67.350","0.1132","13","0.0000","0.0000","-22.6094","154.3916","0.0000","30.3315","14.3300","0.1500","10000.0000","45.39079921","-75.69573578","36.8","13.4","875.5","79","1","79","1","0","-0.02","0.00","-0.96","-0.2","0.1","-0.5","66.72","44.81","1392","6553.5","242.5","0","0","0","0","33.0","242.5","30.0","30.0","2.06","0.8","1.0","3.431","0.911","0.00","13.0","2.37","0"
"67.400","0.1045","13","0.0000","0.0000","-22.4311","137.3093","0.0000","30.3235","14.2300","0.1500","10000.0000","45.39079915","-75.69573584","36.8","13.4","875.5","79","1","79","1","0","0.03","0.01","-0.96","-0.2","0.1","-0.5","67.20","44.51","1498","6553.5","242.4","0","0","0","0","33.0","242.4","30.0","30.0","1.92","0.8","1.0","3.424","0.920","0.00","13.0","2.37","0"
"67.450","0.1181","13","0.0000","0.0000","-19.2812","79.8404","0.0000","30.3229","14.1650","0.1465","10000.0000","45.39079912","-75.69573591","36.8","13.4","875.8","79","1","79","1","0","-0.01","0.01","-0.99","-0.3","0.0","-0.5","67.68","44.89","1530","6553.5","242.3","0","0","0","0","33.0","242.3","30.0","30.0","1.88","0.8","1.0","3.431","0.930","0.00","13.0","2.38","0"
"67.500","0.1414","13","0.0000","0.0000","-14.8579","5.0628","0.0000","30.3254","14.1150","0.1415","10000.0000","45.39079910","-75.69573599","36.8","13.4","876.0","79","1","79","1","0","0.04","0.00","-1.00","-0.3","0.0","-0.5","67.83","45.54","1431","6553.5","242.2","0","0","0","0","33.0","242.2","30.0","30.0","2.04","0.8","1.0","3.433","0.945","0.00","13.0","2.34","0"
"67.550","0.1143","13","0.0000","0.0000","-16.6272","34.9738","0.0000","30.3261","14.0300","0.1365","10000.0000","45.39079904","-75.69573602","36.8","13.4","875.8","79","1","79","1","0","0.05","0.01","-1.00","-0.3","0.0","-0.5","67.31","45.73","1462","6553.5","242.1","0","0","0","0","33.0","242.1","30.0","30.0","2.08","0.8","1.0","3.424","0.945","0.00","13.1","2.29","0"
"67.600","0.0655","13","0.0000","0.0000","-21.0506","109.7514","0.0000","30.3259","13.9300","0.1315","10000.0000","45.39079898","-75.69573604","36.8","13.4","876.0","79","1","79","1","0","0.01","0.01","-1.00","-0.3","0.0","-0.5","66.80","45.60","1597","6553.5","242.1","0","0","0","0","33.0","242.1","30.0","30.0","1.88","0.8","0.9","3.422","0.933","0.00","13.0","2.30","0"
"67.650","0.0549","13","0.0000","0.0000","-16.9236","38.6688","0.0000","30.3233","13.8650","0.1265","10000.0000","45.39079890","-75.69573605","36.8","13.4","875.8","79","1","79","1","0","-0.06","0.00","-0.99","-0.3","0.0","-0.5","66.29","45.45","1500","6553.5","242.2","0","0","0","0","33.0","242.2","30.0","30.0","1.82","0.8","0.9","3.427","0.928","0.00","12.9","2.32","0"
"67.700","0.0606","13","0.0000","0.0000","-9.1323","-94.9253","0.0000","30.3196","13.8150","0.1215","10000.0000","45.39079880","-75.69573607","36.8","13.4","875.5","79","1","79","1","0","-0.04","0.01","-0.99","-0.3","0.0","-0.4","65.78","45.12","1330","6553.5","242.2","0","0","0","0","33.0","242.2","30.0","30.0","2.04","0.8","0.9","3.426","0.925","0.00","13.0","2.32","0"
"67.750","0.0860","13","0.0000","0.0000","-7.8690","-83.5369","0.0000","30.3166","13.7650","0.1270","10000.0000","45.39079875","-75.69573603","36.8","13.4","875.5","79","1","79","1","0","0.11","-0.02","-0.99","-0.3","0.0","-0.4","65.27","44.97","1533","6553.5","242.1","0","0","0","0","33.0","242.1","30.0","30.0","2.19","0.8","1.0","3.423","0.913","0.00","13.1","2.31","0"
"67.800","0.1197","13","0.0000","0.0000","-9.4035","-10.0133","0.0000","30.3139","13.7150","0.1370","10000.0000","45.39079871","-75.69573597","36.8","13.4","876.0","79","1","79","1","0","0.08","0.01","-1.00","-0.3","0.0","-0.4","64.75","44.69","1673","6553.5","242.1","0","0","0","0","33.0","242.1","30.0","30.0","2.15","0.8","1.0","3.434","0.905","0.00","13.0","2.31","0"
"67.850","0.0970","13","0.0000","0.0000","-21.4203","14.7254","0.0000","30.3159","13.6650","0.1400","10000.0000","45.39079862","-75.69573593","36.8","13.4","876.0","79","1","79","1","0","0.01","0.04","-1.01","-0.3","0.0","-0.5","64.24","44.34","1399","6553.5","242.0","0","0","0","0","33.0","242.0","30.0","30.0","2.09","0.8","1.0","3.432","0.924","0.00","12.9","2.32","0"
"67.900","0.0501","13","0.0000","0.0000","-37.9296","18.5561","0.0000","30.3201","13.6150","0.1400","10000.0000","45.39079852","-75.69573590","36.8","13.4","875.5","79","1","79","1","0","-0.04","0.05","-0.99","-0.3","0.0","-0.5","63.73","44.22","1283","6553.5","242.1","0","0","0","0","33.0","242.1","30.0","30.0","1.97","0.8","0.9","3.362","0.936","0.00","13.0","2.31","0"
"67.950","0.0486","13","0.0000","0.0000","-31.3707","-15.0906","0.0000","30.3212","13.5650","0.1295","10000.0000","45.39079845","-75.69573590","36.8","13.4","875.8","79","1","79","1","0","-0.08","0.04","-0.99","-0.3","0.0","-0.5","63.22","44.16","1446","6553.5","242.3","0","0","0","0","33.0","242.3","30.0","30.0","1.94","0.8","0.9","3.342","0.936","0.00","13.1","2.30","0"
"68.000","0.0666","13","0.0000","0.0000","-14.9255","-64.7991","0.0000","30.3210","13.5150","0.1145","10000.0000","45.39079839","-75.69573592","36.8","13.4","876.0","79","1","79","1","0","-0.00","0.02","-0.99","-0.3","-0.0","-0.5","62.71","44.22","1410","6553.5","242.0","0","0","0","0","33.0","242.0","30.0","30.0","2.07","0.8","0.9","3.412","0.944","0.00","13.1","2.31","0"
"68.050","0.1313","13","0.0000","0.0000","-10.0547","-105.6049","0.0000","30.3184","13.4650","0.1205","10000.0000","45.39079830","-75.69573593","36.8","13.4","875.5","79","1","79","1","0","0.11","0.02","-1.01","-0.3","-0.0","-0.5","62.19","44.71","1218","6553.5","241.7","0","0","0","0","33.0","241.7","30.0","30.0","2.11","0.8","0.9","3.440","0.959","0.00","13.0","2.33","0"
"68.100","0.2161","13","0.0000","0.0000","-10.1443","-142.5954","0.0000","30.3147","13.4150","0.1355","10000.0000","45.39079821","-75.69573595","36.8","13.4","875.5","79","1","79","1","0","0.08","0.03","-1.02","-0.3","-0.0","-0.5","61.68","44.94","1286","6553.5","241.8","0","0","0","0","33.0","241.8","30.0","30.0","1.92","0.8","0.9","3.434","0.951","0.00","13.0","2.34","0"
"68.150","0.1948","13","0.0000","0.0000","-8.1928","-152.6485","0.0000","30.3165","13.3650","0.1400","10000.0000","45.39079815","-75.69573592","36.8","13.4","875.5","79","1","79","1","0","-0.05","0.04","-1.01","-0.2","-0.0","-0.5","61.17","45.14","1436","6553.5","242.0","0","0","0","0","33.0","242.0","30.1","30.0","1.83","0.8","0.9","3.438","0.936","0.00","13.0","2.36","0"
"68.200","0.1280","13","0.0000","0.0000","-5.3665","-151.1572","0.0000","30.3208","13.3150","0.1400","10000.0000","45.39079811","-75.69573587","36.8","13.4","875.5","79","1","79","1","0","-0.10","0.02","-0.99","-0.2","-0.0","-0.5","60.66","45.25","1457","6553.5","242.0","0","0","0","0","33.0","242.0","30.0","30.0","1.96","0.8","0.9","3.446","0.927","0.00","13.0","2.37","0"
"68.250","0.1381","13","0.0000","0.0000","-5.8430","-81.5219","0.0000","30.3232","13.2650","0.1365","10000.0000","45.39079805","-75.69573579","36.8","13.4","875.8","79","1","79","1","0","-0.08","0.02","-0.99","-0.2","0.0","-0.5","60.15","45.01","1467","6553.5","242.0","0","0","0","0","33.0","242.0","30.0","30.0","2.04","0.8","0.9","3.442","0.922","0.00","13.0","2.39","0"
"68.300","0.1810","13","0.0000","0.0000","-7.7350","17.3180","0.0000","30.3248","13.2150","0.1315","10000.0000","45.39079797","-75.69573568","36.8","13.4","875.5","79","1","79","1","0","-0.11","0.01","-0.99","-0.2","0.0","-0.5","59.64","44.86","1449","6553.5","242.0","0","0","0","0","33.0","242.0","30.1","30.0","2.00","0.8","0.9","3.438","0.932","0.00","13.0","2.39","0"
"68.350","0.1638","13","0.0000","0.0000","-8.8939","2.6314","0.0000","30.3300","13.2000","0.1265","10000.0000","45.39079790","-75.69573567","36.8","13.4","875.8","79","1","79","1","0","-0.12","0.01","-0.99","-0.2","-0.0","-0.5","59.12","44.74","1446","6553.5","242.0","0","0","0","0","33.0","242.0","30.1","30.0","2.00","0.8","0.9","3.435","0.933","0.00","13.1","2.38","0"
"68.400","0.1209","13","0.0000","0.0000","-9.7386","-60.7094","0.0000","30.3368","13.2000","0.1215","10000.0000","45.39079784","-75.69573570","36.8","13.4","875.5","79","1","79","1","0","-0.05","0.01","-0.98","-0.2","-0.0","-0.5","58.61","44.61","1468","6553.5","242.0","0","0","0","0","33.0","242.0","30.1","30.0","2.06","0.8","0.9","3.433","0.921","0.00","13.0","2.39","0"
"68.450","0.0984","13","0.0000","0.0000","-9.4966","-23.3907","0.0000","30.3393","13.1650","0.1235","10000.0000","45.39079777","-75.69573568","36.8","13.4","875.8","79","1","79","1","0","-0.07","0.02","-0.97","-0.2","-0.0","-0.5","58.10","44.46","1499","6553.5","242.0","0","0","0","0","33.0","242.0","30.1","30.0","2.11","0.8","0.9","3.431","0.924","0.00","12.9","2.41","0"
"68.500","0.0846","13","0.0000","0.0000","-8.7891","57.0678","0.0000","30.3401","13.1150","0.1285","10000.0000","45.39079770","-75.69573563","36.8","13.4","875.5","79","1","79","1","0","-0.06","0.03","-0.97","-0.2","-0.0","-0.5","57.59","44.44","1537","6553.5","241.9","0","0","0","0","33.0","241.9","30.0","30.0","2.13","0.7","0.9","3.435","0.940","0.00","12.9","2.40","0"
"68.550","0.0901","13","0.0000","0.0000","-3.5524","8.8840","0.0000","30.3433","13.0650","0.1300","10000.0000","45.39079765","-75.69573558","36.8","13.4","876.0","79","1","79","1","0","-0.05","0.04","-0.99","-0.2","-0.1","-0.5","57.02","44.74","1465","6553.5","241.7","0","0","0","0","33.0","241.7","30.0","30.0","2.11","0.7","0.9","3.441","0.949","0.00","13.0","2.38","0"
"68.600","0.1039","13","0.0000","0.0000","3.6253","-94.4323","0.0000","30.3475","13.0150","0.1300","10000.0000","45.39079761","-75.69573554","36.8","13.4","875.5","79","1","79","1","0","-0.05","0.02","-0.99","-0.2","-0.0","-0.5","56.35","45.09","1359","6553.5","241.7","0","0","0","0","33.0","241.7","30.1","30.0","2.00","0.7","0.9","3.435","0.957","0.00","13.0","2.38","0"
"68.650","0.1293","13","0.0000","0.0000","3.3408","-63.6515","0.0000","30.3518","13.0000","0.1335","10000.0000","45.39079757","-75.69573549","36.8","13.4","875.8","79","1","79","1","0","-0.05","0.01","-1.00","-0.2","-0.0","-0.6","55.69","45.43","1448","6553.5","241.6","0","0","0","0","33.0","241.6","30.1","30.0","1.91","0.8","0.9","3.424","0.953","0.00","13.0","2.37","0"
"68.700","0.1597","13","0.0000","0.0000","-0.1418","24.5995","0.0000","30.3561","13.0000","0.1385","10000.0000","45.39079753","-75.69573545","36.8","13.4","875.5","79","1","79","1","0","0.01","0.02","-1.00","-0.2","0.0","-0.6","55.02","45.45","1518","6553.5","241.6","0","0","0","0","33.0","241.6","30.1","30.0","1.87","0.8","0.9","3.426","0.947","0.00","13.0","2.39","0"
"68.750","0.1454","13","0.0000","0.0000","-0.3257","36.7210","0.0000","30.3605","12.9650","0.1470","10000.0000","45.39079754","-75.69573539","36.8","13.4","875.8","79","1","79","1","0","0.03","0.01","-1.01","-0.2","0.0","-0.6","54.35","44.98","1446","6553.5","241.7","0","0","0","0","33.0","241.7","30.0","30.0","1.86","0.8","0.9","3.428","0.934","0.00","13.0","2.41","0"
"68.800","0.1119","13","0.0000","0.0000","0.9040","16.2157","0.0000","30.3649","12.9150","0.1570","10000.0000","45.39079756","-75.69573533","36.8","13.4","875.5","79","1","79","1","0","-0.02","-0.00","-1.01","-0.2","0.1","-0.6","53.68","44.93","1447","6553.5","242.0","0","0","0","0","33.0","242.0","30.0","30.0","1.93","0.8","0.9","3.430","0.928","0.00","13.0","2.41","0"
"68.850","0.0840","13","0.0000","0.0000","8.6596","-10.1937","0.0000","30.3716","12.8650","0.1600","10000.0000","45.39079752","-75.69573529","36.8","13.4","876.0","79","1","79","1","0","-0.00","0.01","-1.01","-0.2","0.1","-0.6","53.01","44.95","1582","6553.5","242.3","0","0","0","0","33.0","242.3","30.1","30.0","2.00","0.8","0.9","3.430","0.934","0.00","13.0","2.40","0"
"68.900","0.0585","13","0.0000","0.0000","19.2119","-39.1334","0.0000","30.3792","12.8150","0.1600","10000.0000","45.39079745","-75.69573526","36.8","13.4","875.5","79","1","79","1","0","-0.06","0.02","-1.00","-0.2","0.1","-0.5","52.35","44.88","1457","6553.5","242.0","0","0","0","0","33.0","242.0","30.1","30.0","2.07","0.7","0.9","3.426","0.940","0.00","13.0","2.44","0"
"68.950","0.0640","13","0.0000","0.0000","17.1364","16.4793","0.0000","30.3797","12.8000","0.1565","10000.0000","45.39079740","-75.69573520","36.8","13.4","875.7","79","1","79","1","0","-0.07","0.03","-1.00","-0.2","0.1","-0.5","51.68","44.52","1128","6553.5","241.7","0","0","0","0","33.0","241.7","30.1","30.0","2.05","0.7","0.9","3.418","0.945","0.00","12.9","2.48","0"
"69.000","0.0826","13","0.0000","0.0000","9.6490","108.3287","0.0000","30.3770","12.8000","0.1515","10000.0000","45.39079736","-75.69573514","36.8","13.4","875.5","79","1","79","1","0","-0.01","0.03","-1.00","-0.3","0.1","-0.5","51.01","44.25","1292","6553.5","241.7","0","0","0","0","33.0","241.7","30.1","30.0","1.82","0.7","0.9","3.408","0.938","0.00","12.9","2.48","0"
"69.050","0.0699","13","0.0000","0.0000","8.3090","123.4252","0.0000","30.3815","12.7650","0.1465","10000.0000","45.39079730","-75.69573510","36.8","13.4","875.5","79","1","79","1","0","0.06","0.03","-1.01","-0.3","0.1","-0.5","50.34","44.04","1612","6553.5","241.7","0","0","0","0","33.0","241.7","30.1","30.0","1.73","0.7","0.9","3.424","0.926","0.00","12.9","2.47","0"
"69.100","0.0438","13","0.0000","0.0000","9.6036","105.6276","0.0000","30.3892","12.7150","0.1415","10000.0000","45.39079723","-75.69573507","36.8","13.4","876.0","79","1","79","1","0","0.12","0.02","-1.01","-0.3","0.1","-0.5","49.67","44.17","1481","6553.5","241.6","0","0","0","0","33.0","241.6","30.0","30.0","1.94","0.6","0.7","3.448","0.940","0.00","12.9","2.44","0"
"69.150","0.0754","13","0.0000","0.0000","6.4289","33.7542","0.0000","30.3865","12.7000","0.1330","10000.0000","45.39079717","-75.69573506","36.8","13.4","876.0","79","1","79","1","0","0.08","0.02","-1.01","-0.3","0.1","-0.5","49.00","45.02","1380","6553.5","241.5","0","0","0","0","33.0","241.5","30.0","30.0","2.04","0.4","0.4","3.436","0.949","0.00","13.0","2.40","0"
"69.200","0.1316","13","0.0000","0.0000","1.3388","-61.2946","0.0000","30.3794","12.7000","0.1230","10000.0000","45.39079710","-75.69573506","36.8","13.4","875.5","79","1","79","1","0","0.07","0.02","-1.02","-0.3","0.0","-0.5","48.34","45.12","1539","6553.5","241.6","0","0","0","0","33.0","241.6","30.1","30.0","1.90","0.1","0.1","3.425","0.932","0.00","13.0","2.40","0"
"69.250","0.1643","13","0.0000","0.0000","-0.4229","-8.9936","0.0000","30.3833","12.6650","0.1305","10000.0000","45.39079703","-75.69573500","36.8","13.4","875.8","79","1","79","1","0","0.03","0.02","-1.00","-0.3","0.0","-0.5","47.67","45.40","1570","6553.5","241.8","0","0","0","0","33.0","241.8","30.1","30.0","1.87","-0.2","-0.2","3.422","0.922","0.00","13.0","2.41","0"
"69.300","0.1871","13","0.0000","0.0000","-0.7582","106.4573","0.0000","30.3918","12.6150","0.1455","10000.0000","45.39079695","-75.69573491","36.8","13.4","876.0","79","1","79","1","0","-0.06","0.03","-0.99","-0.3","-0.0","-0.5","47.00","45.51","1374","6553.5","241.6","0","0","0","0","33.0","241.6","30.1","30.0","2.07","-0.1","-0.1","3.421","0.926","0.00","13.0","2.38","0"
"69.350","0.2096","13","0.0000","0.0000","-3.9111","54.8459","0.0000","30.3911","12.6000","0.1430","10000.0000","45.39079687","-75.69573493","36.8","13.4","875.8","79","1","79","1","0","-0.03","0.02","-0.99","-0.3","-0.0","-0.5","46.33","35.32","1322","6553.5","241.4","0","0","0","0","33.0","241.4","30.1","30.0","2.17","-0.0","-0.1","3.432","0.936","0.00","13.0","2.35","0"
"69.400","0.2321","13","0.0000","0.0000","-8.2715","-68.3637","0.0000","30.3866","12.6000","0.1330","10000.0000","45.39079678","-75.69573501","36.8","13.4","876.0","79","1","79","1","0","0.02","0.01","-0.99","-0.3","-0.0","-0.5","45.66","31.25","1384","6553.5","241.5","0","0","0","0","33.0","241.5","30.0","30.0","2.07","-0.0","-0.1","3.440","0.952","0.00","13.0","2.37","0"
"69.450","0.1770","13","0.0000","0.0000","-28.8718","-95.4968","0.0000","30.3833","12.6000","0.1230","10000.0000","45.39079673","-75.69573499","36.8","13.4","875.5","79","1","79","1","0","-0.00","0.00","-0.99","-0.3","0.0","-0.5","45.00","22.41","1448","6553.5","241.7","0","0","0","0","33.0","241.7","30.0","30.0","2.04","0.0","-0.1","3.436","0.937","0.00","13.0","2.39","0"
"69.500","0.0888","13","0.0000","0.0000","-56.4321","-81.4543","0.0000","30.3806","12.6000","0.1130","10000.0000","45.39079669","-75.69573493","36.8","13.4","876.0","79","1","79","1","0","-0.01","-0.00","-0.98","-0.3","0.0","-0.5","44.33","7.67","1511","6553.5","241.7","0","0","0","0","33.0","241.7","30.0","30.0","2.14","0.0","-0.1","3.432","0.912","0.00","13.0","2.38","0"
"69.550","0.0783","13","0.0000","0.0000","-44.7120","0.6640","0.0000","30.3853","12.5650","0.1240","10000.0000","45.39079667","-75.69573488","36.8","13.4","876.0","79","1","79","1","0","-0.06","-0.01","-0.98","-0.3","-0.0","-0.5","43.66","-90.57","1446","6553.5","241.7","0","0","0","0","33.0","241.7","30.1","30.0","2.18","0.0","-0.1","3.429","0.932","0.00","12.9","2.36","0"
"69.600","0.1012","13","0.0000","0.0000","-16.1575","111.9576","0.0000","30.3931","12.5150","0.1440","10000.0000","45.39079667","-75.69573483","36.8","13.4","876.0","79","1","79","1","0","-0.08","-0.00","-0.98","-0.2","-0.0","-0.5","43.30","-200.00","1383","6553.5","241.7","0","0","0","0","33.0","241.7","30.1","30.0","2.10","0.1","-0.1","3.432","0.951","0.00","13.0","2.36","0"
"69.650","0.0954","13","0.0000","0.0000","-8.4314","66.5756","0.0000","30.3930","12.5000","0.1395","10000.0000","45.39079664","-75.69573482","36.8","13.4","875.8","79","1","79","1","0","-0.03","0.02","-0.99","-0.2","-0.0","-0.5","43.53","-128.47","1359","6553.5","241.8","0","0","0","0","33.0","241.8","30.0","30.0","2.02","0.1","-0.0","3.445","0.957","0.00","13.1","2.37","0"
"69.700","0.0774","13","0.0000","0.0000","-9.6318","-45.9531","0.0000","30.3894","12.5000","0.1245","10000.0000","45.39079661","-75.69573482","36.8","13.4","876.0","79","1","79","1","0","-0.00","0.03","-0.99","-0.2","-0.0","-0.5","43.77","41.85","1376","6553.5","241.6","0","0","0","0","33.0","241.6","30.0","30.0","1.93","0.1","-0.0","3.413","0.954","0.00","13.0","2.42","0"
"69.750","0.1059","13","0.0000","0.0000","-7.5822","0.3341","0.0000","30.3913","12.4650","0.1305","10000.0000","45.39079657","-75.69573479","36.8","13.4","875.7","79","1","79","1","0","0.02","0.03","-0.99","-0.3","-0.0","-0.5","44.00","212.17","1466","6553.5","241.4","0","0","0","0","33.0","241.4","30.1","30.0","1.91","0.1","-0.0","3.346","0.935","0.00","12.9","2.48","0"
"69.800","0.1543","13","0.0000","0.0000","-4.1397","114.6853","0.0000","30.3956","12.4150","0.1455","10000.0000","45.39079653","-75.69573474","36.8","13.4","876.0","79","1","79","1","0","0.07","0.03","-1.00","-0.3","0.0","-0.5","44.23","266.67","1474","6553.5","241.5","0","0","0","0","33.0","241.5","30.1","30.0","2.03","0.1","-0.0","3.367","0.928","0.00","13.0","2.47","0"
"69.850","0.1224","13","0.0000","0.0000","-17.9063","159.8439","0.0000","30.3974","12.4000","0.1465","10000.0000","45.39079647","-75.69573469","36.8","13.4","875.8","79","1","79","1","0","0.08","0.03","-1.00","-0.3","0.0","-0.5","44.47","238.33","1417","6553.5","241.7","0","0","0","0","33.0","241.7","30.0","30.0","2.08","0.1","-0.0","3.416","0.930","0.00","13.1","2.45","0"
"69.900","0.0559","13","0.0000","0.0000","-39.0482","175.3486","0.0000","30.3981","12.4000","0.1415","10000.0000","45.39079640","-75.69573465","36.8","13.4","875.5","79","1","79","1","0","0.05","0.03","-1.00","-0.3","0.0","-0.6","44.70","225.00","1395","6553.5","241.7","0","0","0","0","33.0","241.7","30.0","30.0","1.99","0.1","-0.0","3.424","0.939","0.00","13.0","2.45","0"
"69.950","0.0705","13","0.0000","0.0000","-33.7766","115.7501","0.0000","30.4008","12.4000","0.1470","10000.0000","45.39079640","-75.69573463","36.8","13.4","875.8","79","1","79","1","0","0.00","0.02","-0.99","-0.3","0.0","-0.6","44.93","225.00","1383","6553.5","241.8","0","0","0","0","33.0","241.8","30.0","30.0","1.92","0.1","-0.0","3.429","0.951","0.00","12.9","2.44","0"
"70.000","0.1199","13","0.0000","0.0000","-17.1848","23.9646","0.0000","30.4044","12.4000","0.1570","10000.0000","45.39079643","-75.69573463","36.8","13.4","876.0","79","1","79","1","0","-0.06","-0.00","-0.97","-0.3","0.0","-0.6","45.17","225.00","1499","6553.5","241.8","0","0","0","0","33.0","241.8","30.1","30.0","1.87","0.1","-0.0","3.428","0.951","0.00","12.9","2.44","0"
"70.050","0.1054","13","0.0000","0.0000","-15.7669","43.9435","0.0000","30.4054","12.3650","0.1495","10000.0000","45.39079644","-75.69573463","36.8","13.4","875.8","79","1","79","1","0","0.04","0.00","-0.97","-0.3","0.1","-0.6","45.40","174.07","1581","6553.5","241.9","0","0","0","0","33.0","241.9","30.1","30.0","1.91","0.1","-0.0","3.425","0.949","0.00","12.8","2.43","0"
"70.100","0.0635","13","0.0000","0.0000","-20.8520","111.8213","0.0000","30.4054","12.3150","0.1345","10000.0000","45.39079644","-75.69573463","36.8","13.4","875.5","79","1","79","1","0","0.12","0.03","-1.00","-0.2","0.0","-0.5","45.63","121.19","1455","6553.5","241.7","0","0","0","0","33.0","241.7","30.1","30.0","2.09","0.1","-0.0","3.418","0.934","0.00","12.8","2.45","0"
"70.150","0.0850","13","0.0000","0.0000","-17.3923","42.6730","0.0000","30.4072","12.3000","0.1335","10000.0000","45.39079643","-75.69573469","36.8","13.4","875.5","79","1","79","1","0","0.09","0.03","-1.00","-0.2","0.0","-0.5","45.87","136.19","1380","6553.5","241.5","0","0","0","0","33.0","241.5","30.1","30.0","2.13","0.1","-0.0","3.410","0.935","0.00","12.9","2.47","0"
"70.200","0.1338","13","0.0000","0.0000","-10.2705","-85.2008","0.0000","30.4097","12.3000","0.1385","10000.0000","45.39079640","-75.69573477","36.8","13.4","875.5","79","1","79","1","0","0.00","0.02","-1.00","-0.2","-0.0","-0.5","46.10","147.69","1393","6553.5","241.6","0","0","0","0","33.0","241.6","30.0","30.0","1.84","0.1","-0.0","3.402","0.961","0.00","12.9","2.44","0"
"70.250","0.1436","13","0.0000","0.0000","-5.9761","-57.4118","0.0000","30.4111","12.2650","0.1365","10000.0000","45.39079639","-75.69573475","36.8","13.4","875.5","79","1","79","1","0","-0.05","0.03","-1.01","-0.2","-0.0","-0.5","46.34","118.85","1448","6553.5","241.7","0","0","0","0","33.0","241.7","30.0","30.0","1.70","0.1","-0.0","3.418","0.955","0.00","13.0","2.40","0"
"70.300","0.1368","13","0.0000","0.0000","-2.8936","37.0898","0.0000","30.4120","12.2150","0.1315","10000.0000","45.39079638","-75.69573468","36.8","13.4","875.5","79","1","79","1","0","-0.07","0.03","-1.01","-0.2","-0.0","-0.4","46.57","112.50","1537","6553.5","241.9","0","0","0","0","33.0","241.9","30.0","30.0","1.87","0.1","-0.0","3.442","0.924","0.00","13.0","2.39","0"
"70.350","0.1157","13","0.0000","0.0000","-8.0754","-18.1090","0.0000","30.4146","12.2000","0.1405","10000.0000","45.39079636","-75.69573468","36.8","13.4","875.8","79","1","79","1","0","-0.01","0.02","-1.00","-0.3","-0.0","-0.4","46.80","118.30","1533","6553.5","242.1","0","0","0","0","33.0","242.1","30.0","30.0","2.00","0.1","-0.0","3.445","0.917","0.00","12.9","2.38","0"
"70.400","0.0886","13","0.0000","0.0000","-16.7991","-137.4651","0.0000","30.4180","12.2000","0.1555","10000.0000","45.39079633","-75.69573469","36.8","13.4","875.5","79","1","79","1","0","0.05","0.02","-0.99","-0.3","0.0","-0.5","47.04","125.74","1499","6553.5","242.2","0","0","0","0","33.0","242.2","30.1","30.0","2.04","0.1","-0.0","3.445","0.919","0.00","13.0","2.38","0"
"70.450","0.0649","13","0.0000","0.0000","-16.1177","-140.5259","0.0000","30.4190","12.2000","0.1425","10000.0000","45.39079632","-75.69573470","36.8","13.4","875.8","79","1","79","1","0","0.04","0.01","-0.99","-0.3","-0.0","-0.5","47.27","133.18","1409","6553.5","242.3","0","0","0","0","33.0","242.3","30.1","30.0","2.05","0.1","-0.0","3.432","0.917","0.00","13.1","2.37","0"
"70.500","0.0427","13","0.0000","0.0000","-11.4056","-93.7457","0.0000","30.4190","12.2000","0.1175","10000.0000","45.39079632","-75.69573470","36.8","13.4","876.0","79","1","79","1","0","-0.03","0.01","-0.98","-0.3","-0.0","-0.5","47.50","133.33","1339","6553.5","242.3","0","0","0","0","33.0","242.3","30.1","30.0","1.99","0.1","-0.0","3.427","0.919","0.00","13.0","2.40","0"
"70.550","0.0543","13","0.0000","0.0000","-11.2029","5.0134","0.0000","30.4190","12.1650","0.1275","10000.0000","45.39079632","-75.69573470","36.8","13.4","875.8","79","1","79","1","0","0.07","0.01","-0.99","-0.2","-0.0","-0.5","47.74","139.41","1390","6553.5","242.2","0","0","0","0","33.0","242.2","30.1","30.0","1.97","0.1","-0.0","3.437","0.939","0.00","12.9","2.43","0"
"70.600","0.0804","13","0.0000","0.0000","-12.9329","126.0491","0.0000","30.4190","12.1150","0.1525","10000.0000","45.39079632","-75.69573470","36.8","13.4","876.0","79","1","79","1","0","0.10","0.02","-1.00","-0.2","0.0","-0.5","47.97","146.47","1403","6553.5","242.3","0","0","0","0","33.0","242.3","30.1","30.0","2.03","0.1","-0.0","3.409","0.949","0.00","12.9","2.35","0"
"70.650","0.0930","13","0.0000","0.0000","-9.1893","46.0563","0.0000","30.4214","12.1000","0.1600","10000.0000","45.39079630","-75.69573471","36.8","13.4","875.8","79","1","79","1","0","0.03","0.02","-1.02","-0.2","0.0","-0.5","47.96","187.50","1347","6553.5","242.4","0","0","0","0","33.0","242.4","30.0","30.0","2.06","0.1","-0.0","3.352","0.941","0.00","13.0","2.25","0"
"70.700","0.0998","13","0.0000","0.0000","-3.0998","-120.0916","0.0000","30.4248","12.1000","0.1600","10000.0000","45.39079627","-75.69573472","36.8","13.4","875.5","79","1","79","1","0","-0.02","0.02","-1.00","-0.2","0.0","-0.4","47.47","225.00","1391","6553.5","242.4","0","0","0","0","33.0","242.4","30.0","30.0","2.01","0.1","-0.0","3.390","0.933","0.00","13.0","2.21","0"
"70.750","0.0840","13","0.0000","0.0000","-28.8014","-77.9507","0.0000","30.4233","12.1000","0.1530","10000.0000","45.39079624","-75.69573473","36.8","13.4","875.8","79","1","79","1","0","-0.01","-0.00","-0.99","-0.2","0.0","-0.4","46.98","245.83","1513","6553.5","242.4","0","0","0","0","33.0","242.4","30.1","30.0","1.98","0.1","-0.0","3.458","0.923","0.00","13.0","2.17","0"
"70.800","0.0585","13","0.0000","0.0000","-68.1277","53.4568","0.0000","30.4198","12.1000","0.1430","10000.0000","45.39079620","-75.69573473","36.8","13.4","875.5","79","1","79","1","0","0.04","-0.01","-1.00","-0.2","-0.0","-0.4","46.49","257.45","1512","6553.5","242.5","0","0","0","0","33.0","242.5","30.1","30.0","2.01","0.1","-0.0","3.445","0.931","0.00","13.0","2.19","0"
"70.850","0.0509","13","0.0000","0.0000","-65.5184","18.8924","0.0000","30.4206","12.0650","0.1295","10000.0000","45.39079622","-75.69573477","36.8","13.4","875.8","79","1","79","1","0","0.03","-0.00","-0.98","-0.3","0.0","-0.5","46.01","239.01","1472","6553.5","242.7","0","0","0","0","33.0","242.7","30.1","30.0","2.01","0.1","-0.0","3.429","0.943","0.00","13.0","2.23","0"
"70.900","0.0509","13","0.0000","0.0000","-44.9367","-86.8029","0.0000","30.4233","12.0150","0.1145","10000.0000","45.39079626","-75.69573483","36.8","13.4","875.5","79","1","79","1","0","0.06","0.01","-0.99","-0.3","0.0","-0.5","45.52","214.02","1493","6553.5","242.8","0","0","0","0","33.0","242.8","30.0","30.0","1.97","0.1","-0.0","3.419","0.936","0.00","13.0","2.19","0"
"70.950","0.0457","13","0.0000","0.0000","-21.6982","-41.9315","0.0000","30.4290","12.0000","0.1205","10000.0000","45.39079627","-75.69573486","36.8","13.4","876.0","79","1","79","1","0","0.02","0.02","-0.99","-0.2","0.0","-0.5","45.03","168.29","1509","6553.5","242.9","0","0","0","0","33.0","242.9","30.0","30.0","1.99","0.1","-0.0","3.417","0.930","0.00","13.0","2.15","0"
"71.000","0.0382","13","0.0000","0.0000","2.6788","67.4684","0.0000","30.4359","12.0000","0.1355","10000.0000","45.39079627","-75.69573488","36.8","13.4","875.5","79","1","79","1","0","-0.00","0.01","-0.99","-0.2","0.0","-0.5","44.54","141.74","1480","6553.5","242.8","0","0","0","0","33.0","242.8","30.1","30.0","2.17","0.1","-0.0","3.427","0.935","0.00","13.0","2.15","0"
"71.050","0.0670","13","0.0000","0.0000","8.8730","80.9362","0.0000","30.4405","12.0000","0.1365","10000.0000","45.39079630","-75.69573488","36.8","13.4","875.8","79","1","79","1","0","-0.04","-0.00","-0.99","-0.2","-0.0","-0.5","44.05","127.96","1449","6553.5","242.6","0","0","0","0","33.0","242.6","30.1","30.0","2.21","0.1","-0.0","3.428","0.941","0.00","13.0","2.16","0"
"71.100","0.1114","13","0.0000","0.0000","7.2744","53.2903","0.0000","30.4441","12.0000","0.1315","10000.0000","45.39079633","-75.69573488","36.8","13.4","875.5","79","1","79","1","0","-0.12","0.03","-0.99","-0.2","0.0","-0.5","43.57","116.15","1414","6553.5","242.5","0","0","0","0","33.0","242.5","30.0","30.0","1.97","0.1","-0.0","3.421","0.951","0.00","13.0","2.12","0"
"71.150","0.1029","13","0.0000","0.0000","2.0385","-18.0035","0.0000","30.4450","11.9650","0.1370","10000.0000","45.39079629","-75.69573489","36.8","13.4","875.8","79","1","79","1","0","-0.07","0.04","-0.99","-0.2","0.0","-0.4","43.08","113.25","1514","6553.5","242.4","0","0","0","0","33.0","242.4","30.0","30.0","1.81","0.1","-0.0","3.412","0.941","0.00","13.0","2.07","0"
"71.200","0.0717","13","0.0000","0.0000","-4.7564","-108.0035","0.0000","30.4449","11.9150","0.1470","10000.0000","45.39079623","-75.69573491","36.8","13.4","875.5","79","1","79","1","0","-0.04","0.04","-0.99","-0.2","0.0","-0.4","42.59","112.50","1719","6553.5","242.7","0","0","0","0","33.0","242.8","30.0","30.0","1.84","0.1","-0.0","3.400","0.916","0.00","13.0","2.09","0"
"71.250","0.0531","13","0.0000","0.0000","-7.9139","-115.6513","0.0000","30.4448","11.9000","0.1430","10000.0000","45.39079621","-75.69573491","36.8","13.4","875.8","79","1","79","1","0","-0.03","0.03","-1.00","-0.3","0.0","-0.4","42.10","149.01","1605","6553.5","243.1","0","0","0","0","33.0","243.2","30.0","30.0","1.92","0.1","-0.0","3.421","0.915","0.00","13.1","2.13","0"
"71.300","0.0400","13","0.0000","0.0000","-9.5124","-88.0054","0.0000","30.4448","11.9000","0.1330","10000.0000","45.39079621","-75.69573491","36.8","13.4","876.0","79","1","79","1","0","-0.07","0.02","-0.99","-0.3","0.0","-0.4","41.61","198.36","1392","6553.5","242.8","0","0","0","0","33.0","242.8","30.0","30.0","2.13","0.1","-0.0","3.437","0.921","0.00","13.1","2.13","0"
"71.350","0.0543","13","0.0000","0.0000","-2.5765","-101.6838","0.0000","30.4472","11.9000","0.1335","10000.0000","45.39079619","-75.69573493","36.8","13.4","876.0","79","1","79","1","0","-0.21","0.03","-0.99","-0.3","0.0","-0.5","41.13","202.00","1362","6553.5","242.4","0","0","0","0","33.0","242.4","30.1","30.0","2.21","0.1","-0.0","3.421","0.923","0.00","13.1","2.12","0"
"71.400","0.0804","13","0.0000","0.0000","8.0170","-133.0726","0.0000","30.4506","11.9000","0.1385","10000.0000","45.39079616","-75.69573494","36.8","13.4","876.0","79","1","79","1","0","-0.14","0.02","-1.00","-0.3","0.0","-0.5","40.64","175.00","1366","6553.5","242.5","0","0","0","0","33.0","242.5","30.1","30.0","2.02","0.1","-0.0","3.414","0.925","0.00","13.1","2.13","0"
"71.450","0.0573","13","0.0000","0.0000","7.2768","-92.6180","0.0000","30.4516","11.9000","0.1365","10000.0000","45.39079615","-75.69573495","36.8","13.4","876.0","79","1","79","1","0","0.04","0.01","-1.00","-0.3","0.0","-0.5","40.15","176.94","1507","6553.5","242.8","0","0","0","0","33.0","242.8","30.1","30.0","1.95","0.1","-0.0","3.424","0.922","0.00","13.0","2.14","0"
"71.500","0.0132","13","0.0000","0.0000","1.6793","-21.3734","0.0000","30.4516","11.9000","0.1315","10000.0000","45.39079615","-75.69573495","36.8","13.4","875.5","79","1","79","1","0","0.04","0.04","-1.00","-0.4","0.0","-0.5","39.66","181.14","1525","6553.5","242.6","0","0","0","0","33.0","242.6","30.1","30.0","2.12","0.1","-0.0","3.425","0.924","0.00","13.0","2.18","0"
"71.550","0.0218","13","0.0000","0.0000","1.6470","54.3473","0.0000","30.4509","12.7400","0.1370","10000.0000","45.39079611","-75.69573500","36.8","13.4","875.5","79","1","79","1","0","0.05","0.04","-1.00","-0.4","0.0","-0.6","39.17","149.33","1324","6553.5","242.3","0","0","0","0","33.0","242.3","30.1","30.0","2.17","0.1","-0.0","3.417","0.934","0.00","13.1","2.22","0"
"71.600","0.0530","13","0.0000","0.0000","3.9998","131.9864","0.0000","30.4499","13.9400","0.1470","10000.0000","45.39079606","-75.69573508","36.8","13.4","875.5","79","1","79","1","0","0.12","0.03","-1.02","-0.4","-0.0","-0.5","38.69","112.50","1330","6553.5","242.4","0","0","0","0","33.0","242.4","30.1","30.0","1.96","0.1","-0.0","3.421","0.941","0.00","13.1","2.24","0"
"71.650","0.0714","13","0.0000","0.0000","9.9265","159.7738","0.0000","30.4472","14.2650","0.1500","10000.0000","45.39079606","-75.69573509","36.8","13.4","876.0","79","1","79","1","0","0.14","0.03","-1.02","-0.3","-0.1","-0.5","38.20","111.30","1498","6553.5","242.5","0","0","0","0","33.0","242.5","30.1","30.0","1.87","0.1","-0.0","3.429","0.945","0.00","13.0","2.26","0"
"71.700","0.0843","13","0.0000","0.0000","17.3849","166.1963","0.0000","30.4438","14.2150","0.1500","10000.0000","45.39079609","-75.69573507","36.8","13.4","875.5","79","1","79","1","0","0.03","0.05","-1.01","-0.3","-0.1","-0.5","37.86","110.00","1503","6553.5","242.5","0","0","0","0","33.4","242.5","30.1","30.0","2.04","0.1","-0.0","3.432","0.952","0.00","13.0","2.27","0"
"71.750","0.1045","13","0.0000","0.0000","8.4820","108.0301","0.0000","30.4434","14.1300","0.1535","10000.0000","45.39079610","-75.69573503","36.8","13.4","876.0","79","1","79","1","0","-0.12","0.03","-0.99","-0.3","-0.0","-0.5","37.81","110.00","1456","6553.5","242.4","0","0","0","0","33.9","242.4","30.1","30.0","2.13","0.1","-0.0","3.435","0.961","0.00","13.0","2.29","0"
"71.800","0.1277","13","0.0000","0.0000","-7.4328","22.1831","0.0000","30.4443","14.0300","0.1585","10000.0000","45.39079609","-75.69573497","36.8","13.4","875.5","79","1","79","1","0","-0.14","0.01","-0.98","-0.3","0.0","-0.5","37.76","110.22","1431","6553.5","242.4","0","0","0","0","34.0","242.4","30.0","30.0","2.06","0.1","-0.0","3.439","0.936","0.00","13.0","2.29","0"
"71.850","0.1184","13","0.0000","0.0000","-3.2266","-8.4953","0.0000","30.4543","13.9650","0.1600","10000.0000","45.39079609","-75.69573497","36.8","13.4","875.8","79","1","79","1","0","-0.06","0.02","-0.98","-0.3","0.0","-0.5","37.71","112.09","1428","6553.5","242.4","0","0","0","0","34.0","242.4","30.0","30.0","1.99","0.1","-0.0","3.441","0.916","0.00","12.9","2.30","0"
"71.900","0.0952","13","0.0000","0.0000","9.6030","-15.5298","0.0000","30.4682","13.9150","0.1600","10000.0000","45.39079609","-75.69573500","36.8","13.4","876.0","79","1","79","1","0","0.00","0.02","-1.00","-0.4","-0.0","-0.5","37.66","123.33","1531","6553.5","242.5","0","0","0","0","34.0","242.5","30.1","30.0","1.92","0.1","-0.0","3.441","0.920","0.00","12.9","2.30","0"
"71.950","0.0951","13","0.0000","0.0000","15.5310","40.7961","0.0000","30.4724","13.8650","0.1565","10000.0000","45.39079609","-75.69573501","36.8","13.4","875.5","79","1","79","1","0","0.06","0.02","-1.02","-0.3","-0.0","-0.5","37.60","137.22","1557","6553.5","242.6","0","0","0","0","34.0","242.6","30.1","30.0","1.91","0.1","-0.0","3.438","0.929","0.00","13.0","2.31","0"
"72.000","0.1050","13","0.0000","0.0000","18.5011","124.2767","0.0000","30.4724","13.8150","0.1515","10000.0000","45.39079609","-75.69573501","36.8","13.4","875.5","79","1","79","1","0","0.10","0.02","-1.01","-0.3","0.0","-0.5","37.55","165.38","1444","6553.5","242.5","0","0","0","0","34.0","242.5","30.1","30.0","2.02","0.1","-0.0","3.432","0.945","0.00","13.0","2.28","0"
"72.050","0.1357","13","0.0000","0.0000","14.6340","69.0357","0.0000","30.4747","13.7650","0.1500","10000.0000","45.39079607","-75.69573502","36.8","13.4","875.8","79","1","79","1","0","0.05","0.04","-1.00","-0.3","-0.0","-0.5","37.50","357.69","1443","6553.5","242.4","0","0","0","0","34.0","242.4","30.1","30.0","2.04","0.1","-0.1","3.419","0.950","0.00","12.9","2.25","0"
"72.100","0.1752","13","0.0000","0.0000","7.8365","-45.6573","0.0000","30.4781","13.7150","0.1500","10000.0000","45.39079604","-75.69573504","36.8","13.4","876.0","79","1","79","1","0","0.06","0.05","-1.00","-0.3","-0.0","-0.5","37.45","347.90","1529","6553.5","242.6","0","0","0","0","34.0","242.6","30.1","30.0","1.82","0.1","-0.1","3.403","0.945","0.00","13.0","2.23","0"
"72.150","0.1735","13","0.0000","0.0000","5.0855","-100.8209","0.0000","30.4792","13.6650","0.1535","10000.0000","45.39079603","-75.69573504","36.8","13.4","875.8","79","1","79","1","0","0.09","0.03","-1.00","-0.3","-0.0","-0.5","37.40","281.11","1476","6553.5","242.8","0","0","0","0","34.0","242.8","30.1","30.0","1.75","0.1","-0.0","3.417","0.936","0.00","13.1","2.21","0"
"72.200","0.1542","13","0.0000","0.0000","4.0686","-130.4720","0.0000","30.4792","13.6150","0.1585","10000.0000","45.39079603","-75.69573504","36.8","13.4","875.5","79","1","79","1","0","0.09","0.03","-1.00","-0.3","-0.0","-0.5","37.35","225.00","1379","6553.5","242.8","0","0","0","0","34.0","242.8","30.1","30.0","2.00","0.1","-0.0","3.433","0.925","0.00","13.0","2.22","0"
"72.250","0.1484","13","0.0000","0.0000","2.3594","-52.1111","0.0000","30.4797","13.6000","0.1600","10000.0000","45.39079598","-75.69573501","36.8","13.4","876.0","79","1","79","1","0","0.14","0.02","-1.00","-0.3","-0.1","-0.5","37.30","225.00","1557","6553.5","242.7","0","0","0","0","34.0","242.7","30.1","30.0","2.13","0.1","-0.0","3.446","0.927","0.00","12.9","2.24","0"
"72.300","0.1484","13","0.0000","0.0000","0.3534","72.5405","0.0000","30.4804","13.6000","0.1600","10000.0000","45.39079591","-75.69573496","36.8","13.4","876.0","79","1","79","1","0","0.05","0.02","-1.01","-0.3","-0.1","-0.5","37.25","225.00","1678","6553.5","242.8","0","0","0","0","34.0","242.8","30.1","30.0","2.01","0.1","-0.0","3.447","0.929","0.00","12.9","2.20","0"
"72.350","0.1499","13","0.0000","0.0000","-3.6074","36.6401","0.0000","30.4806","13.5650","0.1530","10000.0000","45.39079589","-75.69573495","36.8","13.4","875.8","79","1","79","1","0","-0.02","0.03","-1.00","-0.2","-0.0","-0.5","37.20","225.00","1435","6553.5","242.9","0","0","0","0","34.0","242.9","30.1","30.0","1.93","0.1","-0.0","3.427","0.937","0.00","13.0","2.16","0"
"72.400","0.1521","13","0.0000","0.0000","-8.4059","-68.0682","0.0000","30.4806","13.5150","0.1430","10000.0000","45.39079589","-75.69573495","36.8","13.4","876.0","79","1","79","1","0","0.00","0.03","-0.98","-0.3","-0.0","-0.5","37.15","225.00","1342","6553.5","242.9","0","0","0","0","34.0","242.9","30.1","30.0","1.92","0.1","-0.0","3.424","0.940","0.00","13.0","2.14","0"
"72.450","0.1301","13","0.0000","0.0000","-15.2417","-29.8503","0.0000","30.4805","13.4650","0.1470","10000.0000","45.39079584","-75.69573496","36.8","13.4","875.7","79","1","79","1","0","-0.00","0.04","-0.99","-0.3","-0.0","-0.5","37.10","201.60","1513","6553.5","242.8","0","0","0","0","34.0","242.8","30.1","30.0","1.96","0.1","-0.0","3.434","0.933","0.00","13.0","2.12","0"
"72.500","0.0979","13","0.0000","0.0000","-22.9506","69.6216","0.0000","30.4803","13.4150","0.1570","10000.0000","45.39079578","-75.69573498","36.8","13.4","876.0","79","1","79","1","0","-0.03","0.05","-1.00","-0.3","-0.0","-0.5","37.05","160.00","1501","6553.5","242.8","0","0","0","0","34.0","242.8","30.1","30.0","2.07","0.1","-0.0","3.433","0.932","0.00","13.0","2.12","0"
"72.550","0.1464","13","0.0000","0.0000","-18.0471","80.9220","0.0000","30.4834","13.4000","0.1565","10000.0000","45.39079578","-75.69573494","36.8","13.4","875.5","79","1","79","1","0","0.01","0.03","-0.99","-0.3","-0.0","-0.5","37.00","158.55","1345","6553.5","242.8","0","0","0","0","34.0","242.8","30.1","30.0","2.12","0.1","-0.0","3.428","0.936","0.00","13.0","2.12","0"
"72.600","0.2296","13","0.0000","0.0000","-7.7382","54.4347","0.0000","30.4878","13.4000","0.1515","10000.0000","45.39079580","-75.69573488","36.8","13.4","876.0","79","1","79","1","0","-0.07","0.02","-0.97","-0.3","-0.1","-0.5","36.95","154.52","1378","6553.5","242.8","0","0","0","0","34.0","242.8","30.1","30.0","2.03","0.1","-0.0","3.421","0.930","0.00","13.0","2.14","0"
"72.650","0.2126","13","0.0000","0.0000","-9.9292","-10.5276","0.0000","30.4909","13.4000","0.1465","10000.0000","45.39079579","-75.69573491","36.8","13.4","876.0","79","1","79","1","0","-0.12","0.03","-0.97","-0.3","-0.1","-0.5","36.90","150.48","1470","6553.5","242.9","0","0","0","0","34.0","242.9","30.1","30.0","1.98","0.1","-0.0","3.409","0.920","0.00","13.0","2.16","0"
"72.700","0.1527","13","0.0000","0.0000","-17.4773","-91.9792","0.0000","30.4934","13.4000","0.1415","10000.0000","45.39079577","-75.69573499","36.8","13.4","875.5","79","1","79","1","0","-0.14","0.03","-0.99","-0.3","-0.0","-0.6","36.85","150.00","1540","6553.5","243.2","0","0","0","0","34.0","243.2","30.0","30.0","2.02","0.1","-0.0","3.371","0.917","0.00","13.0","2.20","0"
"72.750","0.1347","13","0.0000","0.0000","-18.8622","-22.5531","0.0000","30.4948","13.3650","0.1540","10000.0000","45.39079576","-75.69573497","36.8","13.4","876.0","79","1","79","1","0","-0.18","0.03","-0.98","-0.3","-0.0","-0.6","36.78","250.33","1586","6553.5","243.6","0","0","0","0","34.0","243.6","30.0","30.0","2.06","0.1","-0.0","3.366","0.915","0.00","13.0","2.25","0"
"72.800","0.1347","13","0.0000","0.0000","-17.6056","111.5348","0.0000","30.4957","13.3150","0.1740","10000.0000","45.39079575","-75.69573491","36.8","13.4","875.5","79","1","79","1","0","-0.12","0.02","-0.98","-0.3","0.0","-0.6","36.70","223.00","1515","6553.5","243.5","0","0","0","0","34.0","243.5","30.1","30.0","2.09","0.1","-0.0","3.422","0.917","0.00","13.0","2.30","0"
"72.850","0.1183","13","0.0000","0.0000","-13.7549","82.5115","0.0000","30.5009","13.3000","0.1729","10000.0000","45.39079575","-75.69573490","36.8","13.4","875.8","79","1","79","1","0","-0.07","0.04","-0.97","-0.3","0.0","-0.6","36.61","172.23","1481","6553.5","243.4","0","0","0","0","34.0","243.4","30.1","30.0","2.09","0.1","-0.0","3.440","0.924","0.00","12.9","2.34","0"
"72.900","0.0948","13","0.0000","0.0000","-8.7923","-16.4166","0.0000","30.5079","13.3000","0.1628","10000.0000","45.39079575","-75.69573492","36.8","13.4","875.5","79","1","79","1","0","-0.10","0.04","-0.96","-0.3","0.0","-0.5","36.52","148.70","1512","6553.5","243.6","0","0","0","0","34.0","243.6","30.1","30.0","2.05","0.1","-0.0","3.430","0.941","0.00","13.0","2.32","0"
"72.950","0.0789","14","0.0000","0.0000","-3.0438","27.6656","0.0000","30.5129","13.2640","0.1672","10000.0000","45.39079572","-75.69573489","36.8","13.4","876.0","79","1","79","1","0","-0.06","0.02","-0.96","-0.3","0.0","-0.5","36.44","292.49","1482","6553.5","243.8","0","0","0","0","34.0","243.8","30.1","30.0","2.01","0.1","-0.0","3.425","0.947","0.00","13.1","2.29","0"
"73.000","0.0660","14","0.0000","0.0000","3.0105","127.3629","0.0000","30.5172","13.2140","0.1772","10000.0000","45.39079568","-75.69573484","36.8","13.4","875.5","79","1","79","1","0","0.05","0.02","-0.99","-0.3","-0.0","-0.6","36.35","302.00","1402","6553.5","243.8","0","0","0","0","34.0","243.8","30.1","30.0","1.97","0.1","-0.0","3.420","0.942","0.00","13.1","2.27","0"
"73.050","0.0788","14","0.0000","0.0000","2.2505","96.0971","0.0000","30.5184","13.2000","0.1764","10000.0000","45.39079567","-75.69573483","36.8","13.4","875.8","79","1","79","1","0","0.01","0.03","-1.00","-0.3","-0.0","-0.6","36.27","222.00","1507","6553.5","243.8","0","0","0","0","34.0","243.8","30.1","30.0","1.97","0.1","-0.0","3.430","0.936","0.00","13.0","2.24","0"
"73.100","0.1016","14","0.0000","0.0000","-1.1594","13.9012","0.0000","30.5184","13.2000","0.1714","10000.0000","45.39079567","-75.69573483","36.8","13.4","875.5","79","1","79","1","0","-0.10","0.02","-0.99","-0.4","-0.0","-0.5","36.18","150.00","1670","6553.5","243.9","0","0","0","0","34.0","243.9","30.1","30.0","2.05","0.1","-0.0","3.437","0.929","0.00","13.0","2.26","0"
"73.150","0.0874","14","0.0000","0.0000","6.7028","-23.0462","0.0000","30.5234","13.1640","0.1628","10000.0000","45.39079567","-75.69573484","36.8","13.4","876.3","79","1","79","1","0","-0.02","0.00","-0.98","-0.4","-0.0","-0.5","36.09","150.00","1484","6553.5","244.1","0","0","0","0","34.0","244.1","30.1","30.0","2.09","0.1","-0.0","3.432","0.936","0.00","13.0","2.28","0"
"73.200","0.0589","14","0.0000","0.0000","18.9487","-42.3971","0.0000","30.5304","13.1140","0.1528","10000.0000","45.39079567","-75.69573485","36.8","13.4","876.0","79","1","79","1","0","-0.01","0.03","-0.98","-0.3","0.0","-0.4","36.01","150.00","1340","6553.5","244.1","0","0","0","0","34.0","244.1","30.1","30.0","2.06","0.1","-0.0","3.430","0.941","0.00","13.0","2.27","0"
"73.250","0.1024","14","0.0000","0.0000","18.0423","-40.3555","0.0000","30.5349","13.1000","0.1572","10000.0000","45.39079569","-75.69573486","36.8","13.4","876.0","79","1","79","1","0","-0.09","0.05","-0.99","-0.3","0.0","-0.4","35.92","150.00","1494","6553.5","244.0","0","0","0","0","34.0","244.0","30.0","30.0","2.08","0.1","-0.0","3.435","0.936","0.00","13.1","2.25","0"
"73.300","0.1739","14","0.0000","0.0000","12.0211","-29.9946","0.0000","30.5384","13.1000","0.1672","10000.0000","45.39079573","-75.69573486","36.8","13.4","875.5","79","1","79","1","0","-0.08","0.02","-0.98","-0.3","0.0","-0.4","35.83","150.00","1511","6553.5","243.9","0","0","0","0","34.0","243.9","30.0","30.0","2.20","0.1","-0.0","3.422","0.937","0.00","13.0","2.28","0"
"73.350","0.1820","14","0.0000","0.0000","9.7022","-52.9059","0.0000","30.5419","13.0640","0.1592","10000.0000","45.39079571","-75.69573487","36.8","13.4","876.0","79","1","79","1","0","-0.12","-0.01","-0.97","-0.4","0.0","-0.5","35.75","142.25","1284","6553.5","243.7","0","0","0","0","34.0","243.7","30.1","30.0","2.19","0.1","-0.0","3.395","0.952","0.00","12.9","2.32","0"
"73.400","0.1656","14","0.0000","0.0000","8.8230","-88.7565","0.0000","30.5453","13.0140","0.1442","10000.0000","45.39079568","-75.69573489","36.8","13.4","876.0","79","1","79","1","0","-0.09","0.00","-0.99","-0.4","-0.0","-0.5","35.66","137.50","1277","6553.5","243.8","0","0","0","0","34.0","243.8","30.1","30.0","1.88","0.1","-0.0","3.404","0.947","0.00","12.9","2.32","0"
"73.450","0.1460","14","0.0000","0.0000","8.9378","-36.3461","0.0000","30.5469","13.0000","0.1400","10000.0000","45.39079567","-75.69573485","36.8","13.4","875.8","79","1","79","1","0","-0.02","0.01","-1.00","-0.3","-0.0","-0.5","35.57","136.23","1442","6553.5","244.0","0","0","0","0","34.0","244.0","30.1","30.0","1.75","0.1","-0.0","3.424","0.926","0.00","13.0","2.31","0"
"73.500","0.1252","14","0.0000","0.0000","9.4392","50.3879","0.0000","30.5477","13.0000","0.1400","10000.0000","45.39079566","-75.69573478","36.8","13.4","876.0","79","1","79","1","0","-0.06","-0.00","-0.99","-0.3","-0.1","-0.5","35.49","134.19","1494","6553.5","244.0","0","0","0","0","34.0","244.0","30.1","30.0","1.97","0.1","-0.0","3.427","0.921","0.00","13.0","2.32","0"
"73.550","0.0947","14","0.0000","0.0000","34.9042","16.4274","0.0000","30.5480","13.0000","0.1364","10000.0000","45.39079566","-75.69573477","36.8","13.4","875.8","79","1","79","1","0","-0.08","0.02","-0.99","-0.3","-0.0","-0.5","35.40","148.80","1509","6553.5","244.0","0","0","0","0","34.0","244.0","30.1","30.0","2.10","0.1","-0.0","3.427","0.921","0.00","12.9","2.34","0"
"73.600","0.0605","14","0.0000","0.0000","70.0772","-64.4698","0.0000","30.5480","13.0000","0.1314","10000.0000","45.39079566","-75.69573477","36.8","13.4","875.5","79","1","79","1","0","-0.03","0.04","-0.99","-0.3","-0.0","-0.5","35.32","160.00","1544","6553.5","244.1","0","0","0","0","34.0","244.1","30.1","30.0","2.05","0.1","-0.0","3.420","0.912","0.00","12.9","2.36","0"
"73.650","0.0811","14","0.0000","0.0000","50.4436","-32.1989","0.0000","30.5517","12.9640","0.1372","10000.0000","45.39079562","-75.69573469","36.8","13.4","876.0","79","1","79","1","0","-0.04","0.04","-0.99","-0.3","-0.0","-0.5","35.23","178.85","1560","6553.5","244.3","0","0","0","0","34.0","244.3","30.1","30.0","2.01","0.1","-0.0","3.404","0.907","0.00","13.0","2.38","0"
"73.700","0.1230","14","0.0000","0.0000","9.4964","44.0817","0.0000","30.5568","12.9140","0.1472","10000.0000","45.39079558","-75.69573458","36.8","13.4","876.0","79","1","79","1","0","-0.02","0.03","-0.99","-0.3","-0.0","-0.5","35.14","211.35","1474","6553.5","244.2","0","0","0","0","34.0","244.2","30.1","30.0","1.97","0.1","-0.1","3.374","0.919","0.00","12.9","2.38","0"
"73.750","0.1180","14","0.0000","0.0000","5.8040","102.4060","0.0000","30.5613","12.9000","0.1500","10000.0000","45.39079553","-75.69573452","36.8","13.4","876.0","79","1","79","1","0","-0.04","0.01","-1.00","-0.3","-0.0","-0.5","35.06","187.30","1415","6553.5","244.1","0","0","0","0","34.0","244.1","30.1","30.0","1.97","0.1","-0.1","3.382","0.930","0.00","12.8","2.39","0"
"73.800","0.0947","14","0.0000","0.0000","16.5996","153.7474","0.0000","30.5656","12.9000","0.1500","10000.0000","45.39079550","-75.69573447","36.8","13.4","876.0","79","1","79","1","0","-0.05","0.01","-0.99","-0.3","-0.0","-0.5","35.02","67.20","1404","6553.5","244.0","0","0","0","0","34.0","244.0","30.1","30.0","2.04","0.1","-0.0","3.418","0.941","0.00","12.9","2.37","0"
"73.850","0.0694","14","0.0000","0.0000","16.1554","143.7025","0.0000","30.5649","12.9000","0.1500","10000.0000","45.39079546","-75.69573441","36.8","13.4","875.8","79","1","79","1","0","-0.06","0.03","-1.00","-0.3","0.0","-0.6","35.07","32.55","1467","6553.5","243.9","0","0","0","0","34.0","243.9","30.1","30.0","2.03","0.1","-0.0","3.435","0.946","0.00","13.0","2.35","0"
"73.900","0.0433","14","0.0000","0.0000","11.3402","109.7852","0.0000","30.5622","12.9000","0.1500","10000.0000","45.39079542","-75.69573435","36.8","13.4","875.5","79","1","79","1","0","-0.03","0.05","-1.01","-0.2","0.0","-0.6","35.11","88.67","1588","6553.5","243.9","0","0","0","0","34.0","243.9","30.1","30.0","1.85","0.1","-0.0","3.445","0.947","0.00","13.0","2.35","0"
"73.950","0.0520","13","0.0000","0.0000","13.3847","66.6066","0.0000","30.5671","12.9000","0.1572","10000.0000","45.39079540","-75.69573430","36.8","13.4","876.0","79","1","79","1","0","0.04","0.04","-1.00","-0.3","-0.0","-0.6","35.16","110.00","1505","6553.5","244.0","0","0","0","0","34.0","244.0","30.1","30.0","1.81","0.1","-0.0","3.446","0.932","0.00","12.9","2.35","0"
"74.000","0.0743","13","0.0000","0.0000","18.0968","19.8265","0.0000","30.5749","12.9000","0.1672","10000.0000","45.39079539","-75.69573426","36.8","13.4","875.5","79","1","79","1","0","0.01","0.03","-1.00","-0.3","-0.1","-0.5","35.21","134.80","1357","6553.5","243.8","0","0","0","0","34.0","243.8","30.1","30.0","2.08","0.1","-0.0","3.444","0.912","0.00","13.0","2.35","0"
"74.050","0.0698","13","0.0000","0.0000","19.9891","-36.3418","0.0000","30.5801","12.8640","0.1628","10000.0000","45.39079536","-75.69573421","36.8","13.4","876.0","79","1","79","1","0","0.03","0.01","-0.99","-0.3","-0.1","-0.5","35.26","172.36","1355","6553.5","243.6","0","0","0","0","34.0","243.6","30.1","30.0","2.21","0.1","-0.0","3.429","0.931","0.00","13.1","2.35","0"
"74.100","0.0551","13","0.0000","0.0000","20.7849","-96.1611","0.0000","30.5844","12.8140","0.1528","10000.0000","45.39079532","-75.69573416","36.8","13.4","876.0","79","1","79","1","0","0.04","0.01","-1.00","-0.3","-0.0","-0.5","35.31","208.41","1375","6553.5","243.8","0","0","0","0","34.0","243.8","30.1","30.0","2.06","0.1","-0.0","3.421","0.948","0.00","13.1","2.38","0"
"74.150","0.0509","13","0.0000","0.0000","5.3890","-24.6762","0.0000","30.5837","12.8000","0.1608","10000.0000","45.39079528","-75.69573411","36.8","13.4","876.0","79","1","79","1","0","-0.06","0.02","-1.00","-0.3","-0.0","-0.6","35.36","225.00","1474","6553.5","244.1","0","0","0","0","34.0","244.1","30.1","30.0","1.94","0.1","-0.0","3.426","0.945","0.00","13.0","2.42","0"
"74.200","0.0509","13","0.0000","0.0000","-16.3036","97.8713","0.0000","30.5810","12.8000","0.1758","10000.0000","45.39079524","-75.69573404","36.8","13.4","875.5","79","1","79","1","0","-0.15","0.01","-0.98","-0.3","-0.0","-0.6","35.41","171.00","1494","6553.5","244.2","0","0","0","0","34.0","244.2","30.1","30.0","1.93","0.1","-0.0","3.399","0.942","0.00","13.0","2.41","0"
"74.250","0.0715","13","0.0000","0.0000","-16.4020","104.2444","0.0000","30.5815","12.8000","0.1692","10000.0000","45.39079522","-75.69573394","36.8","13.4","876.3","79","1","79","1","0","-0.10","0.02","-0.99","-0.3","0.0","-0.6","35.46","121.32","1373","6553.5","244.3","0","0","0","0","34.0","244.3","30.1","30.0","1.92","0.1","-0.0","3.347","0.938","0.00","13.0","2.39","0"
"74.300","0.1000","13","0.0000","0.0000","-8.1025","65.4385","0.0000","30.5832","12.8000","0.1542","10000.0000","45.39079521","-75.69573381","36.8","13.4","876.0","79","1","79","1","0","-0.03","0.02","-0.99","-0.3","0.0","-0.6","35.51","139.71","1339","6553.5","244.3","0","0","0","0","34.0","244.3","30.1","30.0","1.92","0.1","-0.0","3.381","0.933","0.00","13.0","2.39","0"
"74.350","0.1447","13","0.0000","0.0000","-3.4659","-14.7826","0.0000","30.5886","12.8000","0.1536","10000.0000","45.39079516","-75.69573380","36.8","13.4","876.0","79","1","79","1","0","0.02","-0.00","-0.97","-0.3","0.0","-0.5","35.56","133.50","1374","6553.5","244.3","0","0","0","0","34.0","244.3","30.1","30.0","1.92","0.1","-0.0","3.441","0.928","0.00","13.0","2.39","0"
"74.400","0.1956","13","0.0000","0.0000","-0.2537","-111.1096","0.0000","30.5954","12.8000","0.1586","10000.0000","45.39079510","-75.69573383","36.8","13.4","876.0","79","1","79","1","0","0.01","-0.01","-0.97","-0.3","0.0","-0.5","35.61","112.50","1443","6553.5","244.6","0","0","0","0","34.0","244.6","30.1","30.0","1.92","0.1","-0.0","3.436","0.929","0.00","13.0","2.40","0"
"74.450","0.1633","13","0.0000","0.0000","-5.6616","-83.5653","0.0000","30.5955","12.7640","0.1636","10000.0000","45.39079509","-75.69573379","36.8","13.4","876.0","79","1","79","1","0","-0.07","-0.01","-0.97","-0.3","0.0","-0.5","35.66","121.47","1523","6553.5","244.9","0","0","0","0","34.0","244.9","30.1","30.0","1.96","0.1","-0.0","3.428","0.932","0.00","13.1","2.41","0"
"74.500","0.0986","13","0.0000","0.0000","-14.4217","-7.8488","0.0000","30.5929","12.7140","0.1686","10000.0000","45.39079512","-75.69573371","36.8","13.4","876.0","79","1","79","1","0","-0.07","0.01","-0.98","-0.3","-0.0","-0.5","35.70","141.85","1320","6553.5","244.6","0","0","0","0","34.0","244.5","30.1","30.0","2.08","0.1","-0.0","3.422","0.951","0.00","13.0","2.41","0"
"74.550","0.0882","13","0.0000","0.0000","-11.2579","-52.6318","0.0000","30.5978","12.7000","0.1700","10000.0000","45.39079507","-75.69573367","36.8","13.4","876.0","79","1","79","1","0","-0.04","0.02","-0.99","-0.3","0.0","-0.5","35.75","150.00","1166","6553.5","244.2","0","0","0","0","34.0","244.1","30.1","30.0","2.09","0.1","-0.0","3.419","0.965","0.00","12.9","2.40","0"
"74.600","0.0988","13","0.0000","0.0000","-3.4572","-144.2757","0.0000","30.6054","12.7000","0.1700","10000.0000","45.39079500","-75.69573364","36.8","13.4","876.0","79","1","79","1","0","-0.03","0.03","-1.00","-0.3","0.0","-0.5","35.80","150.00","1325","6553.5","244.2","0","0","0","0","34.0","244.2","30.1","30.0","1.85","0.1","-0.0","3.423","0.951","0.00","13.0","2.41","0"
"74.650","0.0835","13","0.0000","0.0000","-1.2730","-169.9360","0.0000","30.6076","12.7000","0.1700","10000.0000","45.39079498","-75.69573363","36.8","13.4","876.0","79","1","79","1","0","-0.07","0.03","-1.00","-0.3","0.0","-0.5","35.85","213.00","1448","6553.5","244.4","0","0","0","0","34.0","244.4","30.1","30.0","1.76","0.1","-0.0","3.428","0.942","0.00","13.1","2.42","0"
"74.700","0.0580","13","0.0000","0.0000","-1.2730","-169.9360","0.0000","30.6076","12.7000","0.1700","10000.0000","45.39079498","-75.69573363","36.8","13.4","876.0","79","1","79","1","0","-0.08","0.01","-0.98","-0.3","0.0","-0.5","35.90","231.39","1508","6553.5","244.4","0","0","0","0","34.0","244.4","30.1","30.0","1.96","0.1","-0.0","3.433","0.942","0.00","13.0","2.37","0"
"74.750","0.0509","13","0.0000","0.0000","-8.3775","-84.6068","0.0000","30.6050","12.7000","0.1592","10000.0000","45.39079496","-75.69573363","36.8","13.4","876.0","79","1","79","1","0","-0.07","-0.00","-0.98","-0.3","0.0","-0.5","35.95","166.07","1471","6553.5","244.5","0","0","0","0","34.0","244.5","30.1","30.0","2.06","0.1","-0.0","3.420","0.950","0.00","12.9","2.32","0"
"74.800","0.0509","13","0.0000","0.0000","-18.2448","33.9060","0.0000","30.6015","12.7000","0.1442","10000.0000","45.39079493","-75.69573363","36.8","13.4","876.0","79","1","79","1","0","0.01","0.01","-1.00","-0.3","-0.0","-0.5","36.00","112.50","1358","6553.5","244.6","0","0","0","0","34.0","244.6","30.1","30.0","1.95","0.1","-0.0","3.403","0.965","0.00","12.9","2.31","0"
"74.850","0.0328","13","0.0000","0.0000","-13.5198","43.1764","0.0000","30.6005","12.6644","0.1400","10000.0000","45.39079492","-75.69573363","36.8","13.4","875.8","79","1","79","1","0","0.11","0.01","-0.99","-0.3","-0.0","-0.5","36.05","112.50","1430","6553.5","244.8","0","0","0","0","34.0","244.8","30.1","30.0","1.91","0.1","-0.0","3.427","0.947","0.00","13.0","2.32","0"
"74.900","0.0076","13","0.0000","0.0000","-3.1199","9.9638","0.0000","30.6005","12.6149","0.1400","10000.0000","45.39079492","-75.69573363","36.8","13.4","876.5","79","1","79","1","0","0.07","0.01","-0.97","-0.3","-0.1","-0.5","36.10","138.05","1561","6553.5","244.7","0","0","0","0","34.0","244.7","30.1","30.0","1.99","0.1","-0.0","3.439","0.919","0.00","13.0","2.34","0"
"74.950","0.0178","13","0.0000","0.0000","-0.4455","-59.4776","0.0000","30.6059","13.5450","0.1505","10000.0000","45.39079492","-75.69573359","36.8","13.4","876.5","79","1","79","1","0","0.02","0.03","-0.98","-0.3","-0.1","-0.5","36.14","167.08","1466","6553.5","244.6","0","0","0","0","34.0","244.6","30.1","30.0","2.01","0.1","-0.0","3.375","0.929","0.00","13.0","2.36","0"
"75.000","0.0433","13","0.0000","0.0000","-1.0820","-144.4456","0.0000","30.6138","14.8950","0.1655","10000.0000","45.39079491","-75.69573355","36.8","13.4","876.0","79","1","79","1","0","-0.01","0.02","-0.97","-0.3","-0.0","-0.5","36.19","159.24","1384","6553.5","244.6","0","0","0","0","34.0","244.6","30.1","30.0","1.90","0.1","-0.1","3.356","0.937","0.00","13.0","2.37","0"
"75.050","0.0457","13","0.0000","0.0000","-4.3246","-138.3575","0.0000","30.6210","15.2300","0.1665","10000.0000","45.39079491","-75.69573355","36.8","13.4","876.5","79","1","79","1","0","-0.03","-0.01","-0.95","-0.3","0.0","-0.5","36.24","248.00","1413","6553.5","244.7","0","0","0","0","34.0","244.7","30.1","30.0","1.85","0.1","-0.0","3.416","0.934","0.00","13.0","2.39","0"
"75.100","0.0382","13","0.0000","0.0000","-8.6841","-93.2453","0.0000","30.6280","15.1300","0.1615","10000.0000","45.39079491","-75.69573356","36.8","13.4","876.0","79","1","79","1","0","0.04","-0.00","-0.99","-0.3","0.1","-0.5","36.29","356.72","1463","6553.5","244.9","0","0","0","0","34.0","244.9","30.1","30.0","1.94","0.1","-0.0","3.438","0.937","0.00","13.0","2.36","0"
"75.150","0.0516","13","0.0000","0.0000","-12.4008","-47.1394","0.0000","30.6349","15.0650","0.1635","10000.0000","45.39079491","-75.69573358","36.8","13.4","876.0","79","1","79","1","0","0.02","0.01","-1.00","-0.3","0.1","-0.5","36.33","258.36","1550","6553.5","245.2","0","0","0","0","34.0","245.2","30.1","30.0","1.99","0.1","-0.0","3.430","0.950","0.00","13.0","2.33","0"
"75.200","0.0738","13","0.0000","0.0000","-15.8421","-0.6077","0.0000","30.6419","15.0150","0.1685","10000.0000","45.39079491","-75.69573359","36.9","13.4","876.5","79","1","79","1","0","-0.06","0.01","-0.98","-0.3","0.0","-0.5","36.38","160.00","1529","6553.5","245.2","0","0","0","0","34.0","245.2","30.1","30.0","1.95","0.1","-0.0","3.416","0.948","0.00","13.0","2.36","0"
"75.250","0.1058","13","0.0000","0.0000","-14.2845","43.6268","0.0000","30.6446","14.9650","0.1630","10000.0000","45.39079490","-75.69573355","36.9","13.4","875.8","79","1","79","1","0","-0.04","0.01","-0.98","-0.2","-0.0","-0.5","36.43","132.91","1421","6553.5","245.3","0","0","0","0","34.0","245.3","30.1","30.0","1.91","0.1","-0.0","3.401","0.934","0.00","13.0","2.39","0"
"75.300","0.1419","13","0.0000","0.0000","-10.5844","86.8766","0.0000","30.6454","14.9150","0.1530","10000.0000","45.39079490","-75.69573349","36.9","13.4","876.0","79","1","79","1","0","0.02","0.02","-0.99","-0.2","-0.1","-0.5","36.48","128.57","1495","6553.5","245.2","0","0","0","0","34.0","245.2","30.1","30.0","1.85","0.1","-0.1","3.414","0.927","0.00","12.9","2.39","0"
"75.350","0.1211","13","0.0000","0.0000","-28.8034","37.8690","0.0000","30.6432","14.8300","0.1430","10000.0000","45.39079487","-75.69573347","36.9","13.4","876.3","79","1","79","1","0","0.04","0.02","-1.00","-0.2","-0.1","-0.5","36.52","169.13","1628","6553.5","245.1","0","0","0","0","34.0","245.1","30.1","30.0","1.86","0.1","-0.1","3.426","0.921","0.00","12.8","2.40","0"
"75.400","0.0759","13","0.0000","0.0000","-56.4163","-50.6775","0.0000","30.6397","14.7300","0.1330","10000.0000","45.39079484","-75.69573347","36.9","13.4","876.0","79","1","79","1","0","0.02","0.02","-1.00","-0.2","-0.1","-0.5","36.57","217.42","1379","6553.5","244.9","0","0","0","0","34.0","244.9","30.1","30.0","2.03","0.1","-0.0","3.422","0.924","0.00","12.8","2.39","0"
"75.450","0.1161","13","0.0000","0.0000","-44.7120","0.6640","0.0000","30.6416","14.6650","0.1405","10000.0000","45.39079480","-75.69573344","36.9","13.4","876.3","79","1","79","1","0","-0.07","0.03","-1.00","-0.2","-0.1","-0.6","36.62","265.70","1194","6553.5","244.6","0","0","0","0","34.0","244.6","30.1","30.0","2.05","0.1","-0.0","3.422","0.929","0.00","12.9","2.37","0"
"75.500","0.1930","13","0.0000","0.0000","-16.1575","111.9576","0.0000","30.6458","14.6150","0.1555","10000.0000","45.39079476","-75.69573340","36.9","13.4","876.0","79","1","79","1","0","-0.10","0.04","-1.01","-0.3","-0.0","-0.6","36.67","266.67","1435","6553.5","244.7","0","0","0","0","34.0","244.7","30.1","30.0","1.76","0.1","-0.0","3.429","0.939","0.00","13.0","2.37","0"
"75.550","0.1686","13","0.0000","0.0000","-20.8908","44.8663","0.0000","30.6465","14.5650","0.1530","10000.0000","45.39079476","-75.69573343","36.9","13.4","876.2","79","1","79","1","0","-0.11","0.03","-0.99","-0.3","-0.0","-0.6","36.71","164.27","1519","6553.5","244.9","0","0","0","0","34.0","244.9","30.1","30.0","1.63","0.1","-0.0","3.432","0.949","0.00","13.1","2.36","0"
"75.600","0.1008","13","0.0000","0.0000","-39.8902","-98.6755","0.0000","30.6457","14.5150","0.1430","10000.0000","45.39079477","-75.69573349","36.9","13.4","876.0","79","1","79","1","0","-0.07","0.02","-0.98","-0.3","-0.0","-0.6","36.76","200.00","1325","6553.5","244.8","0","0","0","0","34.0","244.8","30.1","30.0","1.84","0.1","-0.0","3.433","0.958","0.00","13.0","2.38","0"
"75.650","0.0922","13","0.0000","0.0000","-37.6618","-124.8327","0.0000","30.6429","14.4650","0.1330","10000.0000","45.39079475","-75.69573351","37.0","13.4","876.3","79","1","79","1","0","-0.04","0.03","-0.98","-0.3","0.0","-0.6","36.81","241.67","1357","6553.5","244.6","0","0","0","0","34.0","244.6","30.1","30.0","1.98","0.1","-0.0","3.424","0.951","0.00","12.9","2.40","0"
"75.700","0.1088","13","0.0000","0.0000","-26.3357","-100.6821","0.0000","30.6393","14.4150","0.1230","10000.0000","45.39079471","-75.69573351","37.0","13.4","876.5","79","1","79","1","0","0.02","0.02","-0.98","-0.3","0.0","-0.5","36.86","208.89","1567","6553.5","244.8","0","0","0","0","34.0","244.8","30.1","30.0","1.94","0.1","-0.0","3.411","0.931","0.00","13.0","2.43","0"
"75.750","0.1022","13","0.0000","0.0000","-26.8088","-8.7637","0.0000","30.6407","14.3650","0.1305","10000.0000","45.39079468","-75.69573352","37.0","13.4","876.5","79","1","79","1","0","0.02","0.02","-0.99","-0.3","0.0","-0.5","36.90","122.22","1444","6553.5","245.0","0","0","0","0","34.0","245.0","30.1","30.0","1.92","0.1","-0.0","3.422","0.938","0.00","13.1","2.47","0"
"75.800","0.0855","13","0.0000","0.0000","-32.3387","112.1980","0.0000","30.6441","14.3150","0.1455","10000.0000","45.39079465","-75.69573353","37.0","13.4","876.5","79","1","79","1","0","-0.02","0.02","-0.99","-0.3","-0.0","-0.5","36.95","129.63","1217","6553.5","244.9","0","0","0","0","34.0","244.9","30.1","30.0","1.95","0.1","-0.0","3.431","0.953","0.00","13.0","2.45","0"
"75.850","0.0901","13","0.0000","0.0000","-29.5577","51.5159","0.0000","30.6444","14.2650","0.1500","10000.0000","45.39079460","-75.69573359","37.0","13.4","876.0","79","1","79","1","0","0.01","0.02","-0.97","-0.3","-0.0","-0.5","37.00","148.15","1318","6553.5","244.7","0","0","0","0","34.0","244.7","30.1","30.0","1.96","0.1","-0.0","3.424","0.937","0.00","12.9","2.41","0"
"75.900","0.1039","13","0.0000","0.0000","-23.2151","-87.0135","0.0000","30.6433","14.2150","0.1500","10000.0000","45.39079455","-75.69573367","37.0","13.4","876.5","79","1","79","1","0","0.09","0.02","-0.97","-0.3","-0.0","-0.5","37.04","160.00","1404","6553.5","244.8","0","0","0","0","34.0","244.8","30.1","30.0","1.92","0.1","-0.0","3.421","0.923","0.00","12.9","2.38","0"
"75.950","0.0880","12","0.0000","0.0000","-27.4197","-125.0511","0.0000","30.6454","14.1650","0.1500","10000.0000","45.39079451","-75.69573370","37.0","13.4","876.2","79","1","79","1","0","0.09","0.02","-1.00","-0.3","-0.0","-0.5","37.09","160.00","1333","6553.5","245.0","0","0","0","0","34.0","245.0","30.1","30.0","1.90","0.1","-0.0","3.427","0.926","0.00","13.0","2.35","0"
"76.000","0.0595","12","0.0000","0.0000","-36.1447","-120.0206","0.0000","30.6488","14.1150","0.1500","10000.0000","45.39079448","-75.69573372","37.0","13.4","876.0","79","1","79","1","0","-0.00","0.04","-1.00","-0.3","-0.0","-0.5","37.13","160.00","1312","6553.5","244.9","0","0","0","0","34.0","244.9","30.1","30.0","1.90","0.1","-0.0","3.432","0.934","0.00","13.0","2.34","0"
"76.050","0.0613","12","0.0000","0.0000","-28.4825","-35.5430","0.0000","30.6480","14.0650","0.1465","10000.0000","45.39079444","-75.69573368","37.0","13.4","876.0","79","1","79","1","0","-0.02","0.04","-0.98","-0.3","-0.0","-0.6","37.17","156.30","1381","6553.5","244.8","0","0","0","0","34.0","244.8","30.1","30.0","1.91","0.1","-0.0","3.437","0.950","0.00","13.0","2.33","0"
"76.100","0.0761","12","0.0000","0.0000","-13.7974","82.9834","0.0000","30.6453","14.0150","0.1415","10000.0000","45.39079440","-75.69573362","37.0","13.4","876.0","79","1","79","1","0","-0.03","0.03","-0.97","-0.3","-0.0","-0.6","37.21","152.10","1407","6553.5","245.0","0","0","0","0","34.0","245.0","30.1","30.0","1.93","0.1","-0.0","3.439","0.944","0.00","13.0","2.33","0"
"76.150","0.1043","12","0.0000","0.0000","-8.3354","64.4256","0.0000","30.6420","13.9650","0.1435","10000.0000","45.39079437","-75.69573360","37.0","13.4","876.3","79","1","79","1","0","-0.06","0.03","-0.98","-0.3","-0.0","-0.6","37.25","162.50","1401","6553.5","245.2","0","0","0","0","34.0","245.2","30.1","30.0","1.96","0.1","-0.0","3.440","0.921","0.00","13.1","2.32","0"
"76.200","0.1382","12","0.0000","0.0000","-6.8261","-12.8824","0.0000","30.6384","13.9150","0.1485","10000.0000","45.39079434","-75.69573360","37.0","13.4","876.0","79","1","79","1","0","-0.02","0.01","-0.97","-0.3","-0.0","-0.6","37.29","175.00","1282","6553.5","245.1","0","0","0","0","34.0","245.1","30.1","30.0","2.01","0.1","-0.0","3.435","0.938","0.00","13.0","2.34","0"
"76.250","0.1247","12","0.0000","0.0000","-10.0488","-18.7755","0.0000","30.6397","13.8650","0.1535","10000.0000","45.39079431","-75.69573361","37.0","13.4","876.3","79","1","79","1","0","0.02","0.01","-0.98","-0.3","-0.0","-0.6","37.33","197.92","1127","6553.5","244.9","0","0","0","0","34.0","244.9","30.1","30.0","1.99","0.1","-0.0","3.431","0.967","0.00","12.9","2.36","0"
"76.300","0.0907","12","0.0000","0.0000","-15.2993","5.9378","0.0000","30.6431","13.8150","0.1585","10000.0000","45.39079428","-75.69573363","37.0","13.4","876.0","79","1","79","1","0","-0.05","0.02","-0.99","-0.3","-0.0","-0.6","37.37","243.75","1331","6553.5","245.0","0","0","0","0","34.0","245.0","30.0","30.0","1.83","0.1","-0.0","3.432","0.944","0.00","13.0","2.37","0"
"76.350","0.0805","12","0.0000","0.0000","-13.9703","37.1006","0.0000","30.6423","13.7650","0.1530","10000.0000","45.39079424","-75.69573359","37.0","13.4","876.5","79","1","79","1","0","-0.11","0.02","-0.98","-0.3","-0.0","-0.5","37.41","189.58","1507","6553.5","245.2","0","0","0","0","34.0","245.2","30.0","30.0","1.76","0.1","-0.0","3.432","0.925","0.00","13.1","2.38","0"
"76.400","0.0805","12","0.0000","0.0000","-9.8214","71.0274","0.0000","30.6396","13.7150","0.1430","10000.0000","45.39079420","-75.69573353","37.0","13.4","876.5","79","1","79","1","0","-0.02","0.00","-0.98","-0.3","-0.0","-0.5","37.45","112.50","1461","6553.5","245.2","0","0","0","0","34.0","245.2","30.0","30.0","1.90","0.1","-0.0","3.430","0.941","0.00","13.1","2.35","0"
"76.450","0.0741","12","0.0000","0.0000","-7.9531","5.5323","0.0000","30.6386","13.6650","0.1470","10000.0000","45.39079414","-75.69573352","37.0","13.4","876.8","79","1","79","1","0","0.02","0.01","-0.98","-0.2","-0.0","-0.5","37.49","122.16","1448","6553.5","245.2","0","0","0","0","34.0","245.2","30.0","30.0","1.99","0.1","-0.0","3.432","0.947","0.00","13.0","2.32","0"
"76.500","0.0651","12","0.0000","0.0000","-7.0622","-102.5722","0.0000","30.6385","13.6150","0.1570","10000.0000","45.39079408","-75.69573353","37.0","13.4","876.5","79","1","79","1","0","0.04","0.02","-0.99","-0.2","-0.0","-0.6","37.53","141.49","1497","6553.5","245.2","0","0","0","0","34.0","245.2","30.1","30.0","1.97","0.1","-0.0","3.437","0.935","0.00","13.0","2.35","0"
"76.550","0.0583","12","0.0000","0.0000","-17.4184","-101.6908","0.0000","30.6359","13.6000","0.1530","10000.0000","45.39079404","-75.69573354","37.0","13.4","876.3","79","1","79","1","0","0.04","0.02","-0.99","-0.3","-0.0","-0.6","37.57","150.00","1470","6553.5","245.2","0","0","0","0","34.0","245.2","30.1","30.0","1.94","0.1","-0.0","3.439","0.925","0.00","13.0","2.38","0"
"76.600","0.0526","12","0.0000","0.0000","-32.5948","-54.1012","0.0000","30.6324","13.6000","0.1430","10000.0000","45.39079401","-75.69573354","37.0","13.4","876.0","79","1","79","1","0","-0.02","0.01","-0.99","-0.3","-0.0","-0.6","37.61","155.00","1384","6553.5","245.1","0","0","0","0","34.0","245.1","30.1","30.0","1.91","0.1","-0.0","3.441","0.917","0.00","13.0","2.37","0"
"76.650","0.0549","12","0.0000","0.0000","-21.7679","-10.1370","0.0000","30.6294","13.5650","0.1435","10000.0000","45.39079397","-75.69573350","37.0","13.4","876.5","79","1","79","1","0","-0.03","0.02","-0.99","-0.3","0.0","-0.5","37.65","186.94","1331","6553.5","244.9","0","0","0","0","34.0","244.9","30.1","30.0","1.87","0.1","-0.1","3.444","0.923","0.00","13.0","2.35","0"
"76.700","0.0606","12","0.0000","0.0000","0.2035","32.2734","0.0000","30.6267","13.5150","0.1485","10000.0000","45.39079393","-75.69573343","37.0","13.4","876.0","79","1","79","1","0","-0.06","0.03","-1.01","-0.4","0.1","-0.5","37.69","240.81","1289","6553.5","245.0","0","0","0","0","34.0","245.0","30.1","30.0","1.82","0.1","-0.1","3.445","0.934","0.00","13.0","2.38","0"
"76.750","0.0405","12","0.0000","0.0000","4.4167","29.2477","0.0000","30.6259","13.4650","0.1465","10000.0000","45.39079392","-75.69573342","37.0","13.4","876.5","79","1","79","1","0","-0.05","0.03","-1.00","-0.3","0.1","-0.5","37.73","266.67","1457","6553.5","245.1","0","0","0","0","34.0","245.1","30.1","30.0","1.79","0.1","-0.1","3.441","0.942","0.00","13.0","2.42","0"
"76.800","0.0094","12","0.0000","0.0000","1.0192","6.7495","0.0000","30.6259","13.4150","0.1415","10000.0000","45.39079392","-75.69573342","37.0","13.4","876.0","79","1","79","1","0","-0.06","0.02","-0.97","-0.3","0.1","-0.5","37.77","284.00","1575","6553.5","245.3","0","0","0","0","34.0","245.3","30.1","30.0","1.83","0.1","-0.1","3.438","0.950","0.00","13.0","2.41","0"
"76.850","0.0000","12","0.0000","0.0000","0.0000","0.0000","0.0000","30.6259","13.4000","0.1505","10000.0000","45.39079392","-75.69573342","37.0","13.4","876.5","79","1","79","1","0","-0.10","0.03","-0.98","-0.2","0.1","-0.5","37.81","300.00","1385","6553.5","245.6","0","0","0","0","34.0","245.6","30.1","30.0","1.85","0.1","-0.0","3.438","0.954","0.00","12.9","2.40","0"
"76.900","0.0000","12","0.0000","0.0000","0.0000","0.0000","0.0000","30.6259","13.4000","0.1655","10000.0000","45.39079392","-75.69573342","37.0","13.4","876.0","79","1","79","1","0","-0.05","0.01","-0.98","-0.2","0.1","-0.4","37.85","281.07","1311","6553.5","245.3","0","0","0","0","34.4","245.3","30.1","30.0","1.83","0.1","-0.1","3.443","0.956","0.00","13.0","2.41","0"
"76.950","0.0000","12","0.0000","0.0000","0.0000","0.0000","0.0000","30.6259","13.3650","0.1665","10000.0000","45.39079392","-75.69573342","37.0","13.4","876.5","79","1","79","1","0","0.03","-0.00","-0.99","-0.2","0.1","-0.5","37.88","244.66","1441","6553.5","245.0","0","0","0","0","34.9","245.0","30.1","30.0","1.80","0.1","-0.1","3.453","0.952","0.00","13.1","2.42","0"
"77.000","0.0000","12","0.0000","0.0000","0.0000","0.0000","0.0000","30.6259","13.3150","0.1615","10000.0000","45.39079392","-75.69573342","37.0","13.4","876.0","79","1","79","1","0","0.10","0.00","-0.99","-0.2","0.0","-0.5","37.90","225.00","1436","6553.5","245.0","0","0","0","0","35.0","245.0","30.1","30.0","1.74","0.1","-0.1","3.446","0.943","0.00","13.1","2.48","0"
"77.050","0.0535","12","0.0000","0.0000","-0.4455","-59.4776","0.0000","30.6241","14.2800","0.1635","10000.0000","45.39079389","-75.69573337","37.0","13.4","876.5","79","1","79","1","0","-0.03","0.03","-1.00","-0.2","0.0","-0.5","37.93","121.50","1325","6553.5","245.1","0","0","0","0","35.0","245.1","30.1","30.0","1.72","0.1","-0.0","3.435","0.930","0.00","13.0","2.54","0"
"77.100","0.1298","12","0.0000","0.0000","-1.0820","-144.4456","0.0000","30.6214","15.6800","0.1685","10000.0000","45.39079385","-75.69573331","37.0","13.4","876.5","79","1","79","1","0","-0.10","0.03","-0.99","-0.2","0.0","-0.6","37.95","28.53","1430","6553.5","245.2","0","0","0","0","35.0","245.2","30.1","30.0","1.82","0.1","-0.0","3.443","0.924","0.00","13.0","2.49","0"
"77.150","0.1464","12","0.0000","0.0000","0.3674","-126.3521","0.0000","30.6157","15.9950","0.1665","10000.0000","45.39079384","-75.69573328","37.0","13.4","876.5","79","1","79","1","0","-0.03","0.01","-0.99","-0.2","0.1","-0.6","37.97","90.54","1666","6553.5","245.3","0","0","0","0","35.0","245.3","30.1","30.0","1.95","0.1","-0.0","3.456","0.921","0.00","13.0","2.43","0"
"77.200","0.1374","12","0.0000","0.0000","2.7107","-64.0895","0.0000","30.6087","15.8450","0.1615","10000.0000","45.39079384","-75.69573327","37.0","13.4","876.5","79","1","79","1","0","0.07","-0.01","-0.98","-0.3","0.1","-0.6","37.99","152.56","1445","6553.5","245.1","0","0","0","0","35.0","245.1","30.1","30.0","2.14","0.1","-0.0","3.437","0.942","0.00","13.0","2.44","0"
"77.250","0.1002","12","0.0000","0.0000","5.7161","5.5840","0.0000","30.6047","15.7650","0.1635","10000.0000","45.39079381","-75.69573322","37.0","13.4","876.0","79","1","79","1","0","0.09","0.01","-0.99","-0.2","0.1","-0.5","38.02","248.55","1134","6553.5","244.8","0","0","0","0","35.0","244.8","30.1","30.0","2.12","0.1","-0.0","3.422","0.968","0.00","12.9","2.47","0"
"77.300","0.0508","12","0.0000","0.0000","9.0052","78.4335","0.0000","30.6021","15.7150","0.1685","10000.0000","45.39079377","-75.69573316","37.0","13.4","876.0","79","1","79","1","0","0.09","0.04","-1.00","-0.2","0.0","-0.5","38.04","266.67","1386","6553.5","244.8","0","0","0","0","35.0","244.8","30.1","30.0","1.78","0.1","-0.0","3.417","0.950","0.00","12.9","2.46","0"
"77.350","0.0670","12","0.0000","0.0000","8.1418","119.5348","0.0000","30.6019","15.6300","0.1665","10000.0000","45.39079376","-75.69573309","37.0","13.4","876.0","79","1","79","1","0","-0.06","0.05","-0.99","-0.2","0.0","-0.5","38.06","252.78","1552","6553.5","244.9","0","0","0","0","35.0","244.9","30.1","30.0","1.65","0.1","-0.0","3.417","0.934","0.00","12.9","2.45","0"
"77.400","0.1114","12","0.0000","0.0000","5.4986","147.0296","0.0000","30.6027","15.5300","0.1615","10000.0000","45.39079375","-75.69573303","37.0","13.4","876.0","79","1","79","1","0","-0.16","0.04","-0.99","-0.3","0.0","-0.5","38.08","235.84","1417","6553.5","244.9","0","0","0","0","35.0","244.9","30.1","30.0","1.88","0.1","-0.1","3.423","0.926","0.00","12.9","2.41","0"
"77.450","0.0989","12","0.0000","0.0000","16.6254","122.4518","0.0000","30.6006","15.4300","0.1530","10000.0000","45.39079377","-75.69573300","37.0","13.4","876.3","79","1","79","1","0","-0.09","0.03","-0.98","-0.3","0.0","-0.5","38.11","225.00","1374","6553.5","245.0","0","0","0","0","35.0","245.0","30.1","30.0","2.01","0.1","-0.1","3.411","0.923","0.00","12.9","2.36","0"
"77.500","0.0620","12","0.0000","0.0000","33.6537","75.5570","0.0000","30.5972","15.3300","0.1430","10000.0000","45.39079380","-75.69573299","37.0","13.4","876.0","79","1","79","1","0","-0.07","0.04","-0.98","-0.3","0.1","-0.5","38.13","288.00","1458","6553.5","245.1","0","0","0","0","35.0","245.1","30.1","30.0","1.98","0.1","-0.1","3.389","0.928","0.00","12.9","2.42","0"
"77.550","0.0613","12","0.0000","0.0000","31.1015","-18.3593","0.0000","30.5943","15.2650","0.1505","10000.0000","45.39079378","-75.69573294","37.0","13.4","876.0","79","1","79","1","0","-0.11","0.04","-0.98","-0.3","0.1","-0.5","38.15","364.20","1342","6553.5","245.2","0","0","0","0","35.0","245.2","30.1","30.0","1.92","0.1","-0.0","3.409","0.938","0.00","13.0","2.48","0"
"77.600","0.0761","12","0.0000","0.0000","20.1576","-132.4277","0.0000","30.5916","15.2150","0.1655","10000.0000","45.39079374","-75.69573288","37.0","13.4","876.0","79","1","79","1","0","-0.03","0.03","-0.99","-0.3","0.1","-0.5","38.17","264.77","1104","6553.5","245.1","0","0","0","0","35.0","245.1","30.1","30.0","1.81","0.1","-0.0","3.438","0.950","0.00","13.0","2.49","0"
"77.650","0.0941","12","0.0000","0.0000","8.0002","-127.2844","0.0000","30.5878","15.1300","0.1595","10000.0000","45.39079376","-75.69573289","37.0","13.4","876.0","79","1","79","1","0","-0.00","0.04","-1.00","-0.3","0.1","-0.5","38.20","225.00","1303","6553.5","245.0","0","0","0","0","35.0","245.0","30.1","30.0","1.76","0.1","-0.0","3.444","0.934","0.00","13.1","2.50","0"
"77.700","0.1136","12","0.0000","0.0000","-4.6773","-71.0504","0.0000","30.5835","15.0300","0.1445","10000.0000","45.39079379","-75.69573294","37.0","13.4","876.5","79","1","79","1","0","-0.05","0.04","-0.99","-0.3","0.1","-0.5","38.22","225.00","1588","6553.5","244.9","0","0","0","0","35.0","244.9","30.1","30.0","1.82","0.1","-0.0","3.441","0.912","0.00","12.9","2.51","0"
"77.750","0.1132","12","0.0000","0.0000","-5.0668","-31.6948","0.0000","30.5805","14.9650","0.1505","10000.0000","45.39079382","-75.69573290","37.0","13.4","875.8","79","1","79","1","0","-0.00","0.02","-0.99","-0.3","0.1","-0.5","38.24","225.00","1354","6553.5","244.8","0","0","0","0","35.0","244.8","30.0","30.0","1.84","0.1","-0.0","3.404","0.930","0.00","12.7","2.52","0"
"77.800","0.1045","12","0.0000","0.0000","-0.1900","0.4274","0.0000","30.5779","14.9150","0.1655","10000.0000","45.39079385","-75.69573282","37.0","13.4","876.5","79","1","79","1","0","0.08","0.01","-1.00","-0.2","0.1","-0.5","38.26","225.00","1216","6553.5","244.8","0","0","0","0","35.0","244.8","30.0","30.0","1.80","0.1","-0.0","3.397","0.942","0.00","12.8","2.50","0"
"77.850","0.0914","12","0.0000","0.0000","4.3246","41.6425","0.0000","30.5747","14.8650","0.1560","10000.0000","45.39079383","-75.69573279","37.0","13.4","876.3","79","1","79","1","0","0.05","0.03","-0.99","-0.2","0.0","-0.6","38.28","225.00","1415","6553.5","244.9","0","0","0","0","35.0","244.9","30.1","30.0","1.86","0.1","-0.0","3.433","0.937","0.00","12.9","2.47","0"
"77.900","0.0765","12","0.0000","0.0000","8.6841","86.7547","0.0000","30.5711","14.8150","0.1360","10000.0000","45.39079380","-75.69573279","37.0","13.4","876.0","79","1","79","1","0","-0.03","0.04","-0.99","-0.2","-0.0","-0.6","38.31","265.03","1489","6553.5","244.6","0","0","0","0","35.0","244.6","30.1","30.0","2.09","0.1","-0.0","3.436","0.942","0.00","12.9","2.47","0"
"77.950","0.0866","13","0.0000","0.0000","5.4799","95.6573","0.0000","30.5677","14.7650","0.1300","10000.0000","45.39079381","-75.69573278","37.0","13.4","876.3","79","1","79","1","0","-0.06","0.01","-0.97","-0.2","-0.0","-0.5","38.33","161.01","1392","6553.5","244.3","0","0","0","0","35.0","244.3","30.1","30.0","2.12","0.1","-0.0","3.418","0.962","0.00","12.8","2.47","0"
"78.000","0.1076","13","0.0000","0.0000","-0.9658","89.0415","0.0000","30.5643","14.7150","0.1300","10000.0000","45.39079384","-75.69573277","37.0","13.4","876.0","79","1","79","1","0","-0.01","-0.02","-0.98","-0.2","-0.1","-0.5","38.38","203.15","1417","6553.5","244.6","0","0","0","0","35.0","244.6","30.1","30.0","1.83","0.1","-0.1","3.427","0.947","0.00","12.9","2.44","0"
"78.050","0.1259","13","0.0000","0.0000","-1.7978","32.0645","0.0000","30.5626","14.6650","0.1335","10000.0000","45.39079386","-75.69573281","37.0","13.4","876.3","79","1","79","1","0","0.01","0.02","-0.99","-0.3","-0.1","-0.5","38.48","262.20","1516","6553.5","244.9","0","0","0","0","35.0","244.9","30.0","30.0","1.73","0.1","-0.1","3.442","0.911","0.00","13.1","2.41","0"
"78.100","0.1432","13","0.0000","0.0000","-0.2238","-46.4959","0.0000","30.5618","14.6150","0.1385","10000.0000","45.39079386","-75.69573287","37.0","13.4","876.0","79","1","79","1","0","0.01","0.03","-1.00","-0.3","-0.0","-0.5","38.58","300.00","1523","6553.5","244.8","0","0","0","0","35.0","244.8","30.0","30.0","1.93","0.1","-0.1","3.440","0.929","0.00","13.1","2.38","0"
"78.150","0.1273","13","0.0000","0.0000","-3.7568","-32.4129","0.0000","30.5590","14.5650","0.1470","10000.0000","45.39079384","-75.69573289","37.0","13.4","876.0","79","1","79","1","0","0.01","0.02","-0.99","-0.3","0.0","-0.5","38.69","291.00","1508","6553.5","244.6","0","0","0","0","35.0","244.6","30.1","30.0","2.06","0.1","-0.1","3.437","0.957","0.00","13.0","2.34","0"
"78.200","0.0972","13","0.0000","0.0000","-9.4785","21.3746","0.0000","30.5555","14.5150","0.1570","10000.0000","45.39079381","-75.69573289","37.0","13.4","876.0","79","1","79","1","0","-0.02","0.02","-0.98","-0.3","0.0","-0.4","38.79","261.59","1404","6553.5","244.6","0","0","0","0","35.0","244.6","30.1","30.0","2.08","0.1","-0.0","3.431","0.956","0.00","13.0","2.38","0"
"78.250","0.1228","13","0.0000","0.0000","-5.6298","78.7293","0.0000","30.5549","14.4650","0.1600","10000.0000","45.39079375","-75.69573285","37.0","13.4","876.0","79","1","79","1","0","0.00","0.02","-0.98","-0.3","0.0","-0.4","38.89","224.32","1354","6553.5","244.6","0","0","0","0","35.0","244.6","30.1","30.0","2.03","0.1","-0.0","3.425","0.954","0.00","13.0","2.42","0"
"78.300","0.1722","13","0.0000","0.0000","2.3206","137.6130","0.0000","30.5556","14.4150","0.1600","10000.0000","45.39079368","-75.69573281","37.0","13.4","876.0","79","1","79","1","0","0.04","0.02","-0.98","-0.3","0.0","-0.4","38.99","187.06","1493","6553.5","244.7","0","0","0","0","35.0","244.7","30.1","30.0","1.85","0.1","-0.0","3.416","0.948","0.00","13.0","2.40","0"
"78.350","0.1394","13","0.0000","0.0000","-4.2940","124.4121","0.0000","30.5514","14.3650","0.1495","10000.0000","45.39079361","-75.69573275","37.0","13.4","876.0","79","1","79","1","0","0.05","0.03","-0.98","-0.3","0.0","-0.4","39.10","145.20","1520","6553.5","244.8","0","0","0","0","35.0","244.8","30.1","30.0","1.81","0.1","-0.0","3.418","0.938","0.00","13.0","2.37","0"
"78.400","0.0713","13","0.0000","0.0000","-17.1507","80.3178","0.0000","30.5452","14.3150","0.1345","10000.0000","45.39079354","-75.69573269","37.0","13.4","876.0","79","1","79","1","0","-0.02","0.03","-0.98","-0.2","-0.0","-0.4","39.20","133.33","1392","6553.5","244.8","0","0","0","0","35.0","244.8","30.1","30.0","2.03","0.1","-0.0","3.426","0.925","0.00","13.0","2.39","0"
"78.450","0.0331","13","0.0000","0.0000","-13.6550","43.6082","0.0000","30.5408","14.2650","0.1405","10000.0000","45.39079350","-75.69573267","37.0","13.4","876.3","79","1","79","1","0","-0.13","0.02","-0.99","-0.3","0.0","-0.5","39.30","138.60","1476","6553.5","244.8","0","0","0","0","35.0","244.8","30.1","30.0","2.12","0.1","-0.0","3.432","0.915","0.00","13.1","2.42","0"
"78.500","0.0076","13","0.0000","0.0000","-3.1511","10.0634","0.0000","30.5373","14.2150","0.1555","10000.0000","45.39079347","-75.69573267","37.0","13.4","876.5","79","1","79","1","0","-0.08","0.00","-1.00","-0.3","0.0","-0.5","39.41","145.91","1690","6553.5","244.8","0","0","0","0","35.0","244.8","30.0","30.0","2.01","0.1","-0.0","3.436","0.907","0.00","13.1","2.42","0"
"78.550","0.0378","13","0.0000","0.0000","-2.6569","50.8710","0.0000","30.5367","14.1650","0.1600","10000.0000","45.39079341","-75.69573264","37.0","13.4","875.7","79","1","79","1","0","-0.07","-0.01","-0.99","-0.3","0.0","-0.5","39.51","150.00","1501","6553.5","244.9","0","0","0","0","35.0","244.9","30.0","30.0","1.95","0.1","-0.0","3.379","0.921","0.00","13.0","2.42","0"
"78.600","0.0918","13","0.0000","0.0000","-6.4525","123.5438","0.0000","30.5374","14.1150","0.1600","10000.0000","45.39079334","-75.69573259","37.0","13.4","876.0","79","1","79","1","0","-0.08","0.02","-0.98","-0.3","0.1","-0.5","39.61","150.00","1232","6553.5","244.8","0","0","0","0","35.0","244.8","30.1","30.0","1.98","0.1","-0.1","3.348","0.938","0.00","13.0","2.40","0"
"78.650","0.1173","13","0.0000","0.0000","-11.3097","79.5100","0.0000","30.5327","14.0650","0.1565","10000.0000","45.39079332","-75.69573257","37.0","13.4","876.0","79","1","79","1","0","0.04","0.01","-0.98","-0.3","0.1","-0.5","39.71","185.87","1446","6553.5","244.6","0","0","0","0","35.0","244.6","30.1","30.0","2.00","0.1","-0.1","3.413","0.936","0.00","13.0","2.38","0"
"78.700","0.1307","13","0.0000","0.0000","-16.6218","-14.5410","0.0000","30.5258","14.0150","0.1515","10000.0000","45.39079332","-75.69573255","37.0","13.4","876.0","79","1","79","1","0","0.10","0.01","-0.99","-0.2","0.1","-0.6","39.82","267.39","1562","6553.5","244.5","0","0","0","0","35.0","244.5","30.1","30.0","2.04","0.1","-0.0","3.439","0.937","0.00","13.0","2.37","0"
"78.750","0.1293","13","0.0000","0.0000","-21.2722","-29.3382","0.0000","30.5213","13.9650","0.1535","10000.0000","45.39079334","-75.69573254","37.0","13.4","876.5","79","1","79","1","0","0.11","0.01","-1.00","-0.2","0.0","-0.6","39.92","300.00","1330","6553.5","244.4","0","0","0","0","35.0","244.4","30.1","30.0","1.99","0.1","-0.0","3.412","0.952","0.00","12.9","2.36","0"
"78.800","0.1217","13","0.0000","0.0000","-25.6389","-10.1694","0.0000","30.5179","13.9150","0.1585","10000.0000","45.39079337","-75.69573252","37.0","13.4","876.0","79","1","79","1","0","0.07","0.01","-0.99","-0.2","0.0","-0.6","40.02","255.00","1242","6553.5","244.4","0","0","0","0","35.0","244.4","30.1","30.0","1.83","0.1","-0.0","3.373","0.955","0.00","13.0","2.36","0"
"78.850","0.1328","13","0.0000","0.0000","-16.9522","60.3751","0.0000","30.5143","13.9000","0.1636","10000.0000","45.39079335","-75.69573252","37.0","13.4","876.0","79","1","79","1","0","-0.06","0.02","-0.99","-0.2","0.1","-0.6","40.12","180.00","1350","6553.5","244.3","0","0","0","0","35.0","244.3","30.1","30.0","1.77","0.1","-0.0","3.326","0.942","0.00","13.1","2.36","0"
"78.900","0.1519","13","0.0000","0.0000","-2.6712","152.9377","0.0000","30.5107","13.9000","0.1687","10000.0000","45.39079332","-75.69573252","37.0","13.4","876.0","79","1","79","1","0","-0.10","0.02","-0.99","-0.2","0.0","-0.6","40.23","159.26","1457","6553.5","244.6","0","0","0","0","35.0","244.6","30.1","30.0","1.88","0.1","-0.0","3.363","0.935","0.00","13.1","2.42","0"
"78.950","0.1430","13","0.0000","0.0000","-2.8881","72.5417","0.0000","30.5098","13.8630","0.1552","10000.0000","45.39079331","-75.69573252","37.0","13.4","876.0","79","1","79","1","0","0.00","0.02","-0.98","-0.2","0.0","-0.6","40.33","174.69","1563","6553.5","244.9","0","0","0","0","35.0","244.9","30.1","30.0","1.97","0.1","-0.0","3.418","0.933","0.00","13.0","2.48","0"
"79.000","0.1243","13","0.0000","0.0000","-8.1989","-68.6236","0.0000","30.5098","13.8130","0.1352","10000.0000","45.39079331","-75.69573252","37.0","13.4","875.5","79","1","79","1","0","0.02","0.02","-0.97","-0.2","-0.0","-0.5","40.43","183.33","1566","6553.5","245.2","0","0","0","0","35.0","245.2","30.1","30.0","2.01","0.1","-0.1","3.403","0.921","0.00","13.0","2.48","0"
"79.050","0.1363","13","0.0000","0.0000","-11.2916","-56.6835","0.0000","30.5046","13.7630","0.1411","10000.0000","45.39079331","-75.69573250","37.0","13.4","876.0","79","1","79","1","0","0.02","0.02","-0.99","-0.2","-0.0","-0.5","40.65","220.00","1544","6553.5","245.5","0","0","0","0","35.0","245.5","30.1","30.0","2.01","0.1","-0.1","3.392","0.908","0.00","13.1","2.46","0"
"79.100","0.1590","13","0.0000","0.0000","-13.6050","9.0506","0.0000","30.4977","13.7130","0.1561","10000.0000","45.39079331","-75.69573249","37.0","13.4","876.0","79","1","79","1","0","0.01","0.01","-1.00","-0.3","-0.0","-0.5","41.09","272.78","1463","6553.5","245.2","0","0","0","0","35.0","245.2","30.0","30.0","1.94","0.1","-0.1","3.390","0.922","0.00","13.1","2.45","0"
"79.150","0.1538","13","0.0000","0.0000","-12.3714","80.3357","0.0000","30.4965","13.7000","0.1637","10000.0000","45.39079331","-75.69573244","37.0","13.4","876.0","79","1","79","1","0","-0.01","0.02","-1.00","-0.3","-0.0","-0.5","41.53","286.67","1393","6553.5","244.9","0","0","0","0","35.0","244.9","30.0","30.0","1.93","0.1","-0.0","3.398","0.934","0.00","13.0","2.44","0"
"79.200","0.1386","13","0.0000","0.0000","-9.8916","153.5712","0.0000","30.4974","13.7000","0.1687","10000.0000","45.39079330","-75.69573238","37.0","13.4","876.0","79","1","79","1","0","0.01","0.02","-0.99","-0.3","-0.0","-0.5","41.97","297.46","1366","6553.5","244.8","0","0","0","0","35.0","244.8","30.1","30.0","2.03","0.1","-0.1","3.420","0.941","0.00","12.9","2.40","0"
"79.250","0.0982","13","0.0000","0.0000","-22.6201","175.3458","0.0000","30.4976","13.6630","0.1700","10000.0000","45.39079330","-75.69573236","37.0","13.4","876.3","79","1","79","1","0","0.03","0.01","-0.99","-0.3","-0.1","-0.5","42.41","233.90","1400","6553.5","244.7","0","0","0","0","35.0","244.7","30.1","30.0","2.01","0.1","-0.1","3.430","0.950","0.00","12.8","2.36","0"
"79.300","0.0488","13","0.0000","0.0000","-40.6921","179.0396","0.0000","30.4976","13.6130","0.1700","10000.0000","45.39079330","-75.69573236","37.0","13.4","876.0","79","1","79","1","0","0.04","0.02","-0.99","-0.3","-0.0","-0.5","42.84","375.50","1517","6553.5","244.8","0","0","0","0","35.0","244.8","30.1","30.0","1.79","0.1","-0.0","3.433","0.958","0.00","12.9","2.34","0"
"79.350","0.0415","13","0.0000","0.0000","-42.3409","98.6650","0.0000","30.4924","13.6000","0.1589","10000.0000","45.39079330","-75.69573235","37.0","13.4","876.0","79","1","79","1","0","0.02","0.04","-1.00","-0.3","-0.0","-0.5","43.28","327.36","1480","6553.5","244.9","0","0","0","0","35.0","244.9","30.1","30.0","1.74","0.1","-0.0","3.427","0.958","0.00","13.1","2.32","0"
"79.400","0.0490","13","0.0000","0.0000","-38.2194","-11.2472","0.0000","30.4855","13.6000","0.1439","10000.0000","45.39079330","-75.69573233","37.0","13.4","876.0","79","1","79","1","0","0.00","0.03","-1.01","-0.3","-0.0","-0.5","43.72","242.91","1347","6553.5","244.6","0","0","0","0","35.0","244.6","30.1","30.0","1.93","0.1","-0.0","3.420","0.953","0.00","13.1","2.34","0"
"79.450","0.0916","13","0.0000","0.0000","-26.8781","18.7710","0.0000","30.4843","13.5630","0.1400","10000.0000","45.39079329","-75.69573228","37.0","13.4","876.0","79","1","79","1","0","-0.03","0.03","-1.00","-0.3","-0.0","-0.5","44.16","158.45","1459","6553.5","244.3","0","0","0","0","35.0","244.3","30.1","30.0","1.98","0.1","-0.0","3.405","0.942","0.00","13.0","2.37","0"
"79.500","0.1467","13","0.0000","0.0000","-13.0001","97.9538","0.0000","30.4852","13.5130","0.1400","10000.0000","45.39079328","-75.69573222","37.0","13.4","876.0","79","1","79","1","0","-0.13","0.02","-0.99","-0.3","-0.0","-0.5","44.60","158.82","1617","6553.5","244.4","0","0","0","0","35.0","244.4","30.0","30.0","1.80","0.1","-0.0","3.400","0.931","0.00","13.0","2.39","0"
"79.550","0.1476","13","0.0000","0.0000","-8.4310","24.7297","0.0000","30.4854","13.5000","0.1437","10000.0000","45.39079328","-75.69573220","37.0","13.4","876.0","79","1","79","1","0","-0.18","0.01","-0.97","-0.3","-0.0","-0.5","45.04","160.00","1410","6553.5","244.6","0","0","0","0","35.0","244.6","30.1","30.0","1.73","0.1","-0.0","3.427","0.923","0.00","13.1","2.41","0"
"79.600","0.1294","13","0.0000","0.0000","-7.1325","-102.0427","0.0000","30.4854","13.5000","0.1487","10000.0000","45.39079328","-75.69573220","37.0","13.4","876.0","79","1","79","1","0","-0.15","-0.00","-0.96","-0.3","-0.0","-0.6","45.48","160.00","1320","6553.5","244.5","0","0","0","0","35.0","244.5","30.1","30.0","1.84","0.1","-0.0","3.447","0.914","0.00","13.0","2.40","0"
"79.650","0.1112","13","0.0000","0.0000","5.0666","-114.8508","0.0000","30.4880","13.4630","0.1463","10000.0000","45.39079330","-75.69573220","37.0","13.4","876.0","79","1","79","1","0","-0.12","0.00","-0.97","-0.2","-0.0","-0.6","45.92","160.00","1649","6553.5","244.4","0","0","0","0","35.0","244.4","30.0","30.0","1.96","0.1","-0.0","3.455","0.904","0.00","12.9","2.38","0"
"79.700","0.0929","13","0.0000","0.0000","21.0957","-87.6175","0.0000","30.4916","13.4130","0.1413","10000.0000","45.39079334","-75.69573220","37.0","13.4","876.0","79","1","79","1","0","-0.13","0.01","-0.98","-0.2","-0.0","-0.5","46.36","182.40","1705","6553.5","244.4","0","0","0","0","35.0","244.4","30.0","30.0","2.10","0.1","-0.0","3.444","0.904","0.00","12.9","2.38","0"
"79.750","0.1054","13","0.0000","0.0000","10.2829","-33.0115","0.0000","30.4855","13.3630","0.1437","10000.0000","45.39079336","-75.69573214","37.0","13.4","876.3","79","1","79","1","0","-0.10","0.03","-1.00","-0.2","-0.0","-0.5","46.80","186.67","1382","6553.5","244.3","0","0","0","0","35.0","244.3","30.0","30.0","2.11","0.1","-0.0","3.422","0.919","0.00","13.0","2.39","0"
"79.800","0.1287","13","0.0000","0.0000","-9.9609","31.2119","0.0000","30.4760","13.3130","0.1487","10000.0000","45.39079338","-75.69573204","37.0","13.4","876.5","79","1","79","1","0","-0.08","0.03","-1.00","-0.2","-0.0","-0.5","47.23","162.86","1165","6553.5","244.0","0","0","0","0","35.0","244.0","30.0","30.0","1.91","0.1","-0.0","3.427","0.936","0.00","13.0","2.37","0"
"79.850","0.0982","13","0.0000","0.0000","-13.2883","0.6899","0.0000","30.4742","13.3000","0.1500","10000.0000","45.39079338","-75.69573197","37.0","13.4","875.8","79","1","79","1","0","-0.06","0.03","-1.00","-0.2","-0.0","-0.5","47.67","133.73","1012","6553.5","243.6","0","0","0","0","35.0","243.6","30.0","30.0","1.70","0.1","-0.0","3.437","0.955","0.00","12.9","2.34","0"
"79.900","0.0488","13","0.0000","0.0000","-10.6722","-63.1208","0.0000","30.4750","13.3000","0.1500","10000.0000","45.39079337","-75.69573191","37.0","13.4","876.5","79","1","79","1","0","-0.10","0.03","-0.99","-0.3","-0.0","-0.5","48.11","112.50","1224","6553.5","243.6","0","0","0","0","35.0","243.6","30.0","30.0","1.49","0.1","-0.1","3.429","0.963","0.00","13.0","2.40","0"
"79.950","0.0648","13","0.0000","0.0000","-5.0111","-75.0331","0.0000","30.4753","13.2630","0.1463","10000.0000","45.39079337","-75.69573189","37.0","13.4","876.3","79","1","79","1","0","-0.09","0.03","-0.98","-0.3","-0.0","-0.5","48.55","126.96","1508","6553.5","243.5","0","0","0","0","35.0","243.5","30.1","30.0","1.47","0.1","-0.1","3.422","0.970","0.00","13.1","2.47","0"
"80.000","0.1037","13","0.0000","0.0000","1.7197","-68.7106","0.0000","30.4753","13.2130","0.1413","10000.0000","45.39079337","-75.69573189","37.0","13.4","876.0","79","1","79","1","0","-0.03","0.02","-0.99","-0.3","-0.0","-0.6","48.99","163.10","1402","6553.5","243.4","0","0","0","0","35.0","243.4","30.1","30.0","1.75","0.1","-0.1","3.416","0.961","0.00","12.9","2.45","0"
"80.050","0.1015","13","0.0000","0.0000","-0.9875","-12.2061","0.0000","30.4739","13.2000","0.1363","10000.0000","45.39079334","-75.69573180","37.0","13.4","876.0","79","1","79","1","0","-0.03","0.02","-1.00","-0.3","-0.0","-0.6","49.43","199.47","1357","6553.5","243.3","0","0","0","0","35.0","243.3","30.1","30.0","1.87","0.1","-0.0","3.401","0.950","0.00","12.7","2.41","0"
"80.100","0.0848","13","0.0000","0.0000","-7.0107","61.9300","0.0000","30.4721","13.2000","0.1313","10000.0000","45.39079329","-75.69573168","37.0","13.4","876.0","79","1","79","1","0","-0.02","0.03","-1.02","-0.2","-0.1","-0.4","49.81","220.00","1529","6553.5","243.4","0","0","0","0","35.0","243.4","30.0","30.0","1.70","0.1","-0.0","3.373","0.931","0.00","12.8","2.47","0"
"80.150","0.0907","13","0.0000","0.0000","-6.1856","47.7874","0.0000","30.4696","13.1630","0.1411","10000.0000","45.39079325","-75.69573160","37.0","13.4","876.0","79","1","79","1","0","0.07","0.02","-1.06","-0.0","-0.1","-0.2","50.07","202.21","1566","6553.5","243.6","0","0","0","0","35.0","243.6","30.0","30.0","1.70","0.1","-0.0","3.390","0.926","0.00","13.0","2.53","0"
"80.200","0.1044","13","0.0000","0.0000","-2.9543","2.6278","0.0000","30.4669","13.1130","0.1561","10000.0000","45.39079321","-75.69573154","37.0","13.4","876.0","79","1","79","1","0","0.04","0.01","-1.03","-0.0","-0.1","-0.2","50.34","161.76","1416","6553.5","243.6","0","0","0","0","35.0","243.6","30.1","30.0","1.97","0.1","-0.0","3.435","0.940","0.00","13.0","2.53","0"
"80.250","0.0814","13","0.0000","0.0000","-18.1265","60.8584","0.0000","30.4669","13.1000","0.1600","10000.0000","45.39079319","-75.69573148","37.0","13.4","876.2","79","1","79","1","0","-0.05","0.03","-1.01","-0.1","-0.1","-0.3","50.60","172.50","1393","6553.5","243.6","0","0","0","0","35.0","243.6","30.1","30.0","2.08","0.1","-0.0","3.440","0.950","0.00","13.0","2.54","0"
"80.300","0.0454","13","0.0000","0.0000","-39.7648","155.4152","0.0000","30.4677","13.1000","0.1600","10000.0000","45.39079319","-75.69573142","37.0","13.4","876.0","79","1","79","1","0","0.00","0.03","-1.00","-0.1","-0.1","-0.4","50.86","225.00","1448","6553.5","243.7","0","0","0","0","35.0","243.7","30.1","30.0","1.95","0.1","-0.0","3.437","0.958","0.00","13.0","2.49","0"
"80.350","0.0360","13","0.0000","0.0000","-44.4627","120.6910","0.0000","30.4615","13.0630","0.1452","10000.0000","45.39079315","-75.69573130","37.0","13.4","876.0","79","1","79","1","0","-0.01","0.02","-0.99","-0.2","-0.0","-0.5","51.13","199.00","1496","6553.5","243.8","0","0","0","0","35.0","243.8","30.1","30.0","1.89","0.1","-0.0","3.452","0.939","0.00","13.0","2.43","0"
"80.400","0.0360","13","0.0000","0.0000","-43.2085","40.5436","0.0000","30.4527","13.0130","0.1252","10000.0000","45.39079310","-75.69573116","37.0","13.4","876.0","79","1","79","1","0","-0.05","0.02","-0.98","-0.2","-0.0","-0.4","51.39","160.00","1540","6553.5","243.9","0","0","0","0","35.0","243.9","30.0","30.0","1.97","0.1","-0.0","3.459","0.914","0.00","13.0","2.38","0"
"80.450","0.0360","13","0.0000","0.0000","-42.8824","19.7053","0.0000","30.4535","13.0000","0.1200","10000.0000","45.39079306","-75.69573109","37.0","13.4","876.3","79","1","79","1","0","0.02","0.01","-0.99","-0.3","-0.1","-0.4","51.65","160.00","1434","6553.5","244.1","0","0","0","0","35.0","244.1","30.1","30.0","2.00","0.1","-0.0","3.434","0.934","0.00","13.0","2.33","0"
"80.500","0.0360","13","0.0000","0.0000","-42.8824","19.7053","0.0000","30.4578","13.0000","0.1200","10000.0000","45.39079302","-75.69573104","37.0","13.4","876.0","79","1","79","1","0","0.02","0.02","-0.99","-0.3","-0.0","-0.5","51.92","172.89","1368","6553.5","244.2","0","0","0","0","35.0","244.2","30.1","30.0","1.97","0.1","-0.1","3.423","0.945","0.00","13.0","2.31","0"
"80.550","0.0227","13","0.0000","0.0000","-27.0159","12.4143","0.0000","30.4589","12.9630","0.1274","10000.0000","45.39079301","-75.69573103","37.0","13.4","876.0","79","1","79","1","0","0.03","0.03","-1.00","-0.3","-0.0","-0.5","52.18","265.00","1442","6553.5","244.4","0","0","0","0","35.0","244.4","30.1","30.0","1.97","0.1","-0.1","3.431","0.926","0.00","13.1","2.29","0"
"80.600","0.0047","13","0.0000","0.0000","-5.5747","2.5617","0.0000","30.4589","12.9130","0.1374","10000.0000","45.39079301","-75.69573103","37.0","13.4","876.0","79","1","79","1","0","0.07","0.02","-0.99","-0.2","-0.0","-0.6","52.44","282.12","1396","6553.5","244.2","0","0","0","0","35.0","244.2","30.1","30.0","2.02","0.1","-0.0","3.435","0.928","0.00","13.0","2.33","0"
"80.650","0.0231","13","0.0000","0.0000","-23.9390","-28.5794","0.0000","30.4519","13.8990","0.1363","10000.0000","45.39079303","-75.69573096","37.0","13.4","876.2","79","1","79","1","0","-0.03","0.02","-0.99","-0.2","-0.1","-0.6","52.71","253.27","1182","6553.5","244.0","0","0","0","0","35.0","244.0","30.1","30.0","1.96","0.1","-0.0","3.437","0.958","0.00","12.9","2.38","0"
"80.700","0.0542","13","0.0000","0.0000","-56.2891","-67.2001","0.0000","30.4424","15.2490","0.1313","10000.0000","45.39079305","-75.69573087","37.0","13.4","876.0","79","1","79","1","0","-0.06","0.02","-1.00","-0.2","-0.1","-0.6","52.97","225.00","1260","6553.5","244.3","0","0","0","0","35.0","244.3","30.1","30.0","1.72","0.1","-0.0","3.436","0.954","0.00","13.0","2.39","0"
"80.750","0.0719","13","0.0000","0.0000","-48.8940","-103.2855","0.0000","30.4359","15.5260","0.1337","10000.0000","45.39079300","-75.69573075","37.0","13.4","876.0","79","1","79","1","0","-0.03","0.03","-1.00","-0.3","-0.1","-0.6","53.23","225.00","1516","6553.5","244.6","0","0","0","0","35.0","244.6","30.1","30.0","1.67","0.1","-0.0","3.434","0.929","0.00","13.1","2.40","0"
"80.800","0.0848","13","0.0000","0.0000","-27.5345","-138.4800","0.0000","30.4306","15.4260","0.1387","10000.0000","45.39079292","-75.69573063","37.0","13.4","876.0","79","1","79","1","0","-0.03","0.02","-1.00","-0.3","-0.1","-0.6","53.50","225.00","1511","6553.5","244.5","0","0","0","0","35.0","244.5","30.1","30.0","1.94","0.1","-0.0","3.426","0.940","0.00","13.1","2.37","0"
"80.850","0.0977","13","0.0000","0.0000","-27.2446","-77.4353","0.0000","30.4254","15.3260","0.1363","10000.0000","45.39079293","-75.69573048","37.0","13.4","875.8","79","1","79","1","0","0.02","0.00","-0.99","-0.3","-0.0","-0.5","53.76","225.00","1450","6553.5","244.3","0","0","0","0","35.0","244.3","30.1","30.0","2.08","0.1","-0.0","3.421","0.960","0.00","13.0","2.34","0"
"80.900","0.1105","13","0.0000","0.0000","-34.3577","17.4232","0.0000","30.4203","15.2260","0.1313","10000.0000","45.39079298","-75.69573032","37.0","13.4","876.0","79","1","79","1","0","0.06","0.00","-0.99","-0.3","-0.0","-0.5","54.02","225.00","1452","6553.5","244.3","0","0","0","0","35.0","244.3","30.1","30.0","2.00","0.1","-0.1","3.427","0.939","0.00","13.0","2.36","0"
"80.950","0.1117","13","0.0000","0.0000","-36.0776","69.4403","0.0000","30.4177","15.1260","0.1337","10000.0000","45.39079295","-75.69573019","37.0","13.4","876.5","79","1","79","1","0","0.02","0.01","-0.98","-0.3","-0.0","-0.5","54.29","225.00","1442","6553.5","244.4","0","0","0","0","35.0","244.4","30.1","30.0","1.91","0.1","-0.1","3.427","0.929","0.00","13.0","2.38","0"
"81.000","0.1088","13","0.0000","0.0000","-35.9027","106.4051","0.0000","30.4158","15.0260","0.1387","10000.0000","45.39079291","-75.69573007","37.0","13.4","876.0","79","1","79","1","0","-0.05","0.01","-0.98","-0.3","0.0","-0.5","54.55","225.00","1387","6553.5","244.4","0","0","0","0","35.0","244.4","30.0","30.0","1.81","0.1","-0.1","3.418","0.954","0.00","13.0","2.36","0"
"81.050","0.0978","13","0.0000","0.0000","-29.7740","8.9794","0.0000","30.4140","14.9630","0.1437","10000.0000","45.39079286","-75.69572994","37.0","13.4","876.2","79","1","79","1","0","-0.13","0.01","-0.99","-0.3","0.0","-0.5","54.81","225.00","1371","6553.5","244.5","0","0","0","0","35.0","244.5","30.0","30.0","1.82","0.1","-0.0","3.424","0.960","0.00","13.0","2.34","0"
"81.100","0.0841","13","0.0000","0.0000","-21.5535","-135.6646","0.0000","30.4122","14.9130","0.1487","10000.0000","45.39079281","-75.69572982","37.0","13.4","876.5","79","1","79","1","0","-0.11","-0.00","-0.97","-0.3","-0.0","-0.4","55.08","225.00","1409","6553.5","244.4","0","0","0","0","35.0","244.4","30.1","30.0","2.02","0.1","-0.0","3.438","0.939","0.00","13.0","2.34","0"
"81.150","0.0696","13","0.0000","0.0000","-20.0050","-84.3382","0.0000","30.4098","14.8260","0.1389","10000.0000","45.39079282","-75.69572973","37.0","13.4","876.3","79","1","79","1","0","-0.05","-0.00","-0.96","-0.3","-0.0","-0.5","55.23","170.52","1483","6553.5","244.3","0","0","0","0","35.0","244.3","30.1","30.0","2.06","0.1","-0.0","3.423","0.938","0.00","13.0","2.33","0"
"81.200","0.0548","13","0.0000","0.0000","-20.8008","35.8426","0.0000","30.4073","14.7260","0.1239","10000.0000","45.39079284","-75.69572965","37.0","13.4","876.5","79","1","79","1","0","0.05","0.00","-0.98","-0.3","-0.0","-0.5","55.17","137.50","1580","6553.5","244.3","0","0","0","0","35.0","244.3","30.0","30.0","1.84","0.1","-0.1","3.403","0.949","0.00","12.8","2.36","0"
"81.250","0.0720","13","0.0000","0.0000","-21.1204","-5.3054","0.0000","30.4079","14.6630","0.1237","10000.0000","45.39079283","-75.69572954","37.0","13.4","876.3","79","1","79","1","0","0.08","0.02","-1.01","-0.3","-0.0","-0.5","55.10","215.47","1516","6553.5","244.4","0","0","0","0","35.0","244.4","30.0","30.0","1.82","0.1","-0.0","3.382","0.937","0.00","12.6","2.39","0"
"81.300","0.1006","13","0.0000","0.0000","-21.2726","-103.1363","0.0000","30.4097","14.6130","0.1287","10000.0000","45.39079282","-75.69572942","37.0","13.4","877.0","79","1","79","1","0","0.00","0.02","-1.01","-0.3","-0.0","-0.5","55.04","345.42","1420","6553.5","244.1","0","0","0","0","35.0","244.1","30.0","30.0","2.10","0.1","-0.0","3.370","0.921","0.00","12.6","2.35","0"
"81.350","0.0978","13","0.0000","0.0000","-23.5485","-102.5962","0.0000","30.4108","14.5630","0.1300","10000.0000","45.39079281","-75.69572934","37.0","13.4","876.5","79","1","79","1","0","-0.04","0.02","-0.98","-0.3","-0.0","-0.5","54.98","260.80","1455","6553.5","243.7","0","0","0","0","35.0","243.7","30.0","30.0","2.15","0.1","-0.0","3.387","0.935","0.00","12.7","2.30","0"
"81.400","0.0841","13","0.0000","0.0000","-26.5704","-67.4932","0.0000","30.4116","14.5130","0.1300","10000.0000","45.39079280","-75.69572928","37.0","13.4","877.0","79","1","79","1","0","-0.03","0.01","-0.98","-0.2","-0.1","-0.5","54.92","160.00","1468","6553.5","243.8","0","0","0","0","35.0","243.8","30.0","30.0","1.82","0.1","-0.0","3.402","0.943","0.00","12.7","2.32","0"
"81.450","0.0805","13","0.0000","0.0000","-20.7093","7.0894","0.0000","30.4131","14.4630","0.1337","10000.0000","45.39079279","-75.69572917","37.0","13.4","876.5","79","1","79","1","0","-0.01","-0.00","-0.99","-0.2","-0.1","-0.5","54.85","160.00","1404","6553.5","244.0","0","0","0","0","35.0","244.0","30.0","30.0","1.69","0.1","-0.0","3.414","0.931","0.00","12.8","2.34","0"
"81.500","0.0805","13","0.0000","0.0000","-11.7272","95.5433","0.0000","30.4149","14.4130","0.1387","10000.0000","45.39079277","-75.69572905","37.0","13.3","876.5","79","1","79","1","0","-0.04","0.02","-1.00","-0.2","-0.0","-0.5","54.79","187.87","1439","6553.5","244.2","0","0","0","0","35.0","244.2","30.0","30.0","1.88","0.1","-0.1","3.422","0.924","0.00","12.8","2.35","0"
"81.550","0.0805","13","0.0000","0.0000","-2.7434","38.1270","0.0000","30.4160","14.3260","0.1363","10000.0000","45.39079276","-75.69572897","37.0","13.3","876.8","79","1","79","1","0","-0.12","0.04","-0.99","-0.2","-0.0","-0.4","54.73","235.92","1612","6553.5","244.5","0","0","0","0","35.0","244.5","30.0","30.0","2.01","0.1","-0.1","3.427","0.923","0.00","12.8","2.37","0"
"81.600","0.0805","13","0.0000","0.0000","6.2409","-70.5409","0.0000","30.4168","14.2260","0.1313","10000.0000","45.39079275","-75.69572891","37.0","13.3","876.5","79","1","79","1","0","-0.09","0.03","-0.98","-0.3","-0.0","-0.4","54.67","266.67","1543","6553.5","244.3","0","0","0","0","35.0","244.3","30.0","30.0","2.06","0.1","-0.1","3.412","0.925","0.00","12.8","2.37","0"
"81.650","0.0696","13","0.0000","0.0000","5.8744","-58.5169","0.0000","30.4152","14.1630","0.1374","10000.0000","45.39079277","-75.69572883","37.0","13.3","876.5","79","1","79","1","0","-0.11","0.01","-0.98","-0.3","-0.0","-0.5","54.60","278.67","1326","6553.5","244.1","0","0","0","0","35.0","244.1","30.0","30.0","2.02","0.1","-0.1","3.393","0.929","0.00","12.8","2.37","0"
"81.700","0.0548","13","0.0000","0.0000","2.2225","-4.0876","0.0000","30.4127","14.1130","0.1474","10000.0000","45.39079279","-75.69572876","37.0","13.3","876.5","79","1","79","1","0","-0.07","0.00","-0.98","-0.3","-0.1","-0.5","54.54","288.75","1300","6553.5","244.1","0","0","0","0","35.0","244.1","30.0","30.0","1.84","0.1","-0.0","3.403","0.945","0.00","12.8","2.39","0"
"81.750","0.0509","13","0.0000","0.0000","-7.4777","55.2487","0.0000","30.4106","14.0630","0.1500","10000.0000","45.39079276","-75.69572864","37.0","13.3","876.3","79","1","79","1","0","-0.04","0.00","-0.99","-0.2","-0.1","-0.5","54.48","257.50","1317","6553.5","244.0","0","0","0","0","35.0","244.0","30.0","30.0","1.72","0.1","-0.0","3.412","0.962","0.00","12.8","2.42","0"
"81.800","0.0509","13","0.0000","0.0000","-19.3030","116.3090","0.0000","30.4088","14.0130","0.1500","10000.0000","45.39079271","-75.69572852","37.0","13.3","877.0","79","1","79","1","0","-0.00","0.01","-1.00","-0.2","-0.1","-0.6","54.42","226.25","1414","6553.5","244.2","0","0","0","0","35.0","244.2","30.0","30.0","1.71","0.1","-0.0","3.422","0.942","0.00","12.8","2.39","0"
"81.850","0.0720","13","0.0000","0.0000","-16.9066","137.0542","0.0000","30.4090","13.9630","0.1537","10000.0000","45.39079270","-75.69572844","37.0","13.3","876.5","79","1","79","1","0","-0.06","0.01","-1.00","-0.3","-0.0","-0.5","54.35","169.29","1482","6553.5","244.5","0","0","0","0","35.0","244.5","30.0","30.0","1.76","0.1","-0.0","3.426","0.927","0.00","12.9","2.35","0"
"81.900","0.1006","13","0.0000","0.0000","-9.5134","143.6347","0.0000","30.4099","13.9130","0.1587","10000.0000","45.39079269","-75.69572838","37.0","13.3","876.5","79","1","79","1","0","-0.12","0.03","-0.99","-0.3","-0.0","-0.5","54.29","160.00","1447","6553.5","244.6","0","0","0","0","35.0","244.6","30.0","30.0","1.93","0.1","-0.0","3.421","0.931","0.00","12.9","2.37","0"
"81.950","0.1102","13","0.0000","0.0000","-3.4987","66.7530","0.0000","30.4107","13.9000","0.1526","10000.0000","45.39079268","-75.69572832","37.0","13.2","876.5","79","1","79","1","0","-0.03","0.01","-0.98","-0.3","-0.0","-0.5","54.23","156.44","1466","6553.5","244.8","0","0","0","0","35.0","244.8","30.0","30.0","2.04","0.1","-0.0","3.421","0.934","0.00","12.8","2.40","0"
"82.000","0.1131","13","0.0000","0.0000","2.0318","-39.4532","0.0000","30.4116","13.9000","0.1426","10000.0000","45.39079267","-75.69572826","37.0","13.2","876.5","79","1","79","1","0","0.02","0.00","-0.97","-0.3","-0.0","-0.5","54.17","152.20","1558","6553.5","244.8","0","0","0","0","35.0","244.8","30.0","30.0","2.02","0.1","-0.0","3.424","0.934","0.00","12.8","2.39","0"
"82.050","0.1015","13","0.0000","0.0000","-4.0577","-37.3119","0.0000","30.4125","13.8630","0.1437","10000.0000","45.39079266","-75.69572819","37.0","13.2","876.5","79","1","79","1","0","0.02","0.01","-0.98","-0.3","-0.0","-0.5","54.10","150.00","1486","6553.5","244.9","0","0","0","0","35.0","244.9","30.0","30.0","1.98","0.1","-0.0","3.420","0.944","0.00","12.8","2.38","0"
"82.100","0.0848","13","0.0000","0.0000","-14.2297","2.8974","0.0000","30.4133","13.8130","0.1487","10000.0000","45.39079266","-75.69572813","37.0","13.2","877.0","79","1","79","1","0","-0.03","0.02","-0.99","-0.3","-0.0","-0.5","54.04","136.67","1314","6553.5","244.8","0","0","0","0","35.0","244.8","30.0","30.0","1.89","0.1","-0.0","3.415","0.961","0.00","12.8","2.37","0"
"82.150","0.0696","13","0.0000","0.0000","-11.1019","-54.4646","0.0000","30.4090","13.7630","0.1500","10000.0000","45.39079265","-75.69572806","37.0","13.2","876.8","79","1","79","1","0","-0.04","0.03","-0.99","-0.4","0.0","-0.5","53.98","127.69","1383","6553.5","244.6","0","0","0","0","35.0","244.6","30.0","30.0","1.87","0.1","-0.0","3.400","0.940","0.00","12.8","2.36","0"
"82.200","0.0548","13","0.0000","0.0000","-3.3012","-146.1086","0.0000","30.4029","13.7130","0.1500","10000.0000","45.39079264","-75.69572798","37.0","13.2","876.5","79","1","79","1","0","0.03","0.02","-1.00","-0.4","0.1","-0.5","53.96","139.07","1504","6553.5","244.6","0","0","0","0","35.0","244.6","30.0","30.0","1.95","0.1","-0.0","3.393","0.912","0.00","12.8","2.33","0"
"82.250","0.1038","13","0.0000","0.0000","1.0077","-111.8283","0.0000","30.4046","13.6630","0.1537","10000.0000","45.39079265","-75.69572792","37.0","13.2","876.5","79","1","79","1","0","0.00","0.02","-1.01","-0.4","0.0","-0.5","54.01","154.40","1588","6553.5","244.7","0","0","0","0","35.0","244.7","30.0","30.0","1.97","0.1","-0.1","3.413","0.932","0.00","12.8","2.29","0"
"82.300","0.1753","13","0.0000","0.0000","4.0897","-33.3044","0.0000","30.4091","13.6130","0.1587","10000.0000","45.39079268","-75.69572785","37.0","13.2","876.5","79","1","79","1","0","-0.12","0.03","-1.00","-0.3","0.0","-0.5","54.07","264.47","1630","6553.5","244.9","0","0","0","0","35.5","244.9","30.0","30.0","1.87","0.1","-0.1","3.427","0.943","0.00","12.8","2.30","0"
"82.350","0.1488","13","0.0000","0.0000","6.7784","28.9871","0.0000","30.4115","13.5630","0.1489","10000.0000","45.39079267","-75.69572775","37.0","13.2","876.5","79","1","79","1","0","-0.15","0.01","-0.98","-0.3","-0.0","-0.5","54.12","220.93","1526","6553.5","245.2","0","0","0","0","36.0","245.2","30.0","30.0","1.86","0.1","-0.1","3.433","0.924","0.00","12.8","2.32","0"
"82.400","0.0878","13","0.0000","0.0000","9.3288","85.5754","0.0000","30.4132","13.5130","0.1339","10000.0000","45.39079266","-75.69572762","37.0","13.2","876.5","79","1","79","1","0","-0.16","0.00","-0.97","-0.3","-0.0","-0.6","54.18","221.91","1498","6553.5","244.9","0","0","0","0","36.0","244.9","30.0","30.0","2.01","0.1","-0.0","3.433","0.917","0.00","12.8","2.32","0"
"82.450","0.0684","13","0.0000","0.0000","3.7808","13.2304","0.0000","30.4118","13.5000","0.1300","10000.0000","45.39079267","-75.69572753","37.0","13.2","876.8","79","1","79","1","0","-0.15","0.01","-0.98","-0.3","-0.0","-0.6","54.23","223.87","1576","6553.5","244.6","0","0","0","0","36.0","244.6","30.0","30.0","2.08","0.1","-0.0","3.429","0.926","0.00","12.9","2.32","0"
"82.500","0.0636","13","0.0000","0.0000","-4.6126","-104.4155","0.0000","30.4093","13.5000","0.1300","10000.0000","45.39079269","-75.69572746","37.0","13.2","876.5","79","1","79","1","0","-0.13","0.02","-0.99","-0.3","0.1","-0.6","54.29","225.00","1459","6553.5","244.6","0","0","0","0","36.0","244.6","30.0","30.0","2.03","0.1","-0.0","3.418","0.935","0.00","12.9","2.34","0"
"82.550","0.0719","13","0.0000","0.0000","-0.9924","-61.1722","0.0000","30.4093","13.4630","0.1300","10000.0000","45.39079269","-75.69572739","37.0","13.2","876.5","79","1","79","1","0","-0.09","0.03","-1.00","-0.3","0.1","-0.6","54.34","188.25","1222","6553.5","244.6","0","0","0","0","36.0","244.6","30.0","30.0","1.95","0.1","-0.0","3.405","0.943","0.00","12.8","2.36","0"
"82.600","0.0848","13","0.0000","0.0000","6.8489","38.5999","0.0000","30.4101","13.4130","0.1300","10000.0000","45.39079269","-75.69572733","37.0","13.2","876.0","79","1","79","1","0","-0.08","0.04","-1.00","-0.3","0.1","-0.6","54.40","140.05","1430","6553.5","244.6","0","0","0","0","36.0","244.6","30.0","30.0","1.82","0.1","-0.0","3.415","0.935","0.00","12.8","2.35","0"
"82.650","0.0744","13","0.0000","0.0000","5.1282","-22.2157","0.0000","30.4058","13.3630","0.1374","10000.0000","45.39079268","-75.69572725","37.0","13.2","876.3","79","1","79","1","0","-0.02","0.04","-1.00","-0.3","0.1","-0.6","54.45","146.12","1724","6553.5","244.7","0","0","0","0","36.0","244.7","30.0","30.0","1.82","0.1","-0.0","3.425","0.925","0.00","12.8","2.34","0"
"82.700","0.0558","13","0.0000","0.0000","0.0479","-139.4540","0.0000","30.3997","13.3130","0.1474","10000.0000","45.39079267","-75.69572718","37.0","13.2","876.5","79","1","79","1","0","0.06","0.03","-1.00","-0.3","0.0","-0.6","54.51","178.77","1468","6553.5","244.5","0","0","0","0","36.0","244.5","30.0","30.0","2.04","0.1","-0.0","3.433","0.930","0.00","12.8","2.39","0"
"82.750","0.0321","13","0.0000","0.0000","-0.8020","-107.0597","0.0000","30.3988","13.3000","0.1537","10000.0000","45.39079266","-75.69572711","37.0","13.2","876.3","79","1","79","1","0","0.13","0.02","-1.00","-0.3","0.0","-0.5","54.56","258.68","1291","6553.5","244.3","0","0","0","0","36.0","244.3","30.0","30.0","2.11","0.1","-0.0","3.435","0.935","0.00","12.8","2.44","0"
"82.800","0.0066","13","0.0000","0.0000","-0.1655","-22.0917","0.0000","30.3997","13.3000","0.1587","10000.0000","45.39079265","-75.69572705","37.0","13.2","876.5","79","1","79","1","0","0.17","0.03","-1.00","-0.3","0.0","-0.5","54.62","266.67","1397","6553.5","244.5","0","0","0","0","36.0","244.5","30.0","30.0","1.93","0.1","-0.1","3.414","0.937","0.00","12.8","2.44","0"
"82.850","0.0400","13","0.0000","0.0000","-2.8087","53.7779","0.0000","30.4005","13.2630","0.1563","10000.0000","45.39079264","-75.69572699","37.0","13.2","876.3","79","1","79","1","0","0.09","0.04","-1.00","-0.3","-0.0","-0.5","54.67","315.05","1439","6553.5","244.7","0","0","0","0","36.0","244.7","30.0","30.0","1.83","0.1","-0.1","3.407","0.942","0.00","12.8","2.44","0"
"82.900","0.0940","13","0.0000","0.0000","-6.6043","126.4507","0.0000","30.4014","13.2130","0.1513","10000.0000","45.39079264","-75.69572692","37.0","13.2","876.5","79","1","79","1","0","-0.06","0.04","-1.00","-0.3","0.0","-0.5","54.73","368.82","1393","6553.5","244.9","0","0","0","0","36.0","244.9","30.0","30.0","1.85","0.1","-0.1","3.419","0.949","0.00","12.8","2.42","0"
"82.950","0.0978","12","0.0000","0.0000","-11.9664","27.4571","0.0000","30.3996","13.1630","0.1500","10000.0000","45.39079261","-75.69572686","37.0","13.2","876.0","79","1","79","1","0","-0.16","0.03","-0.99","-0.3","0.0","-0.5","54.78","400.00","1398","6553.5","245.1","0","0","0","0","36.0","245.1","30.0","30.0","1.92","0.1","-0.0","3.422","0.943","0.00","12.7","2.39","0"
"83.000","0.0841","12","0.0000","0.0000","-17.8789","-131.8517","0.0000","30.3969","13.1130","0.1500","10000.0000","45.39079257","-75.69572680","37.0","13.2","876.5","79","1","79","1","0","-0.04","0.02","-0.98","-0.3","-0.0","-0.5","54.84","309.00","1435","6553.5","245.0","0","0","0","0","36.0","245.0","30.0","30.0","2.06","0.1","-0.0","3.420","0.930","0.00","12.7","2.40","0"
"83.050","0.0738","12","0.0000","0.0000","-13.9733","-118.3084","0.0000","30.3995","13.1000","0.1500","10000.0000","45.39079257","-75.69572674","37.0","13.2","876.3","79","1","79","1","0","0.01","0.03","-0.97","-0.3","-0.0","-0.6","54.89","177.55","1248","6553.5","244.9","0","0","0","0","36.0","244.9","30.0","30.0","2.04","0.1","-0.0","3.427","0.945","0.00","12.8","2.41","0"
"83.100","0.0647","12","0.0000","0.0000","-6.6180","-44.0334","0.0000","30.4040","13.1000","0.1500","10000.0000","45.39079260","-75.69572668","37.0","13.2","876.0","79","1","79","1","0","0.06","0.03","-0.98","-0.2","-0.0","-0.6","54.95","163.77","1021","6553.5","244.8","0","0","0","0","36.0","244.8","30.0","30.0","1.77","0.1","-0.0","3.436","0.966","0.00","12.8","2.40","0"
"83.150","0.0958","12","0.0000","0.0000","-6.4701","21.3703","0.0000","30.4057","13.0630","0.1463","10000.0000","45.39079260","-75.69572662","37.0","13.2","876.5","79","1","79","1","0","0.10","0.01","-0.98","-0.2","-0.0","-0.6","55.00","150.00","1245","6553.5","244.6","0","0","0","0","36.0","244.6","30.0","30.0","1.67","0.1","-0.0","3.426","0.944","0.00","12.7","2.39","0"
"83.200","0.1410","12","0.0000","0.0000","-8.8545","83.6570","0.0000","30.4066","13.0130","0.1413","10000.0000","45.39079259","-75.69572655","37.0","13.2","876.5","79","1","79","1","0","0.03","0.01","-0.98","-0.2","-0.0","-0.6","55.06","140.91","1427","6553.5","244.6","0","0","0","0","36.0","244.6","30.0","30.0","1.84","0.1","-0.0","3.414","0.929","0.00","12.7","2.37","0"
"83.250","0.1095","12","0.0000","0.0000","-21.8354","70.1974","0.0000","30.4048","13.0000","0.1326","10000.0000","45.39079256","-75.69572649","37.0","13.2","876.3","79","1","79","1","0","0.02","0.02","-0.99","-0.2","-0.0","-0.5","55.09","158.00","1464","6553.5","244.5","0","0","0","0","36.0","244.5","30.0","30.0","1.89","0.1","-0.0","3.398","0.935","0.00","12.8","2.35","0"
"83.300","0.0512","12","0.0000","0.0000","-38.5393","30.1243","0.0000","30.4022","13.0000","0.1226","10000.0000","45.39079252","-75.69572643","37.0","13.2","877.0","79","1","79","1","0","0.02","0.02","-0.99","-0.3","-0.0","-0.5","55.08","137.31","1476","6553.5","244.7","0","0","0","0","36.0","244.7","30.0","30.0","1.74","0.1","-0.0","3.395","0.929","0.00","12.8","2.36","0"
"83.350","0.0360","12","0.0000","0.0000","-42.8824","19.7053","0.0000","30.4047","12.9630","0.1200","10000.0000","45.39079253","-75.69572637","37.0","13.2","876.8","79","1","79","1","0","0.03","0.02","-1.00","-0.3","-0.0","-0.5","55.07","112.10","1451","6553.5","245.0","0","0","0","0","36.0","245.0","30.0","30.0","1.73","0.1","-0.0","3.410","0.908","0.00","12.7","2.37","0"
"83.400","0.0360","12","0.0000","0.0000","-42.8824","19.7053","0.0000","30.4092","12.9130","0.1200","10000.0000","45.39079255","-75.69572631","37.0","13.2","876.5","79","1","79","1","0","0.08","0.03","-1.00","-0.3","-0.0","-0.5","55.06","100.00","1497","6553.5","244.8","0","0","0","0","36.0","244.8","30.0","30.0","1.98","0.1","-0.0","3.410","0.907","0.00","12.8","2.38","0"
"83.450","0.0415","12","0.0000","0.0000","-35.2956","61.3227","0.0000","30.4110","12.9000","0.1348","10000.0000","45.39079255","-75.69572624","37.0","13.2","876.5","79","1","79","1","0","0.10","0.02","-0.99","-0.3","-0.0","-0.5","55.05","123.00","1585","6553.5","244.6","0","0","0","0","36.0","244.6","30.0","30.0","2.09","0.1","-0.0","3.402","0.918","0.00","12.9","2.39","0"
"83.500","0.0490","12","0.0000","0.0000","-25.0432","117.5623","0.0000","30.4118","12.9000","0.1548","10000.0000","45.39079254","-75.69572618","37.0","13.2","876.5","79","1","79","1","0","0.12","0.02","-1.00","-0.3","-0.0","-0.5","55.04","151.98","1534","6553.5","244.7","0","0","0","0","36.0","244.7","30.0","30.0","1.98","0.1","-0.0","3.408","0.922","0.00","12.9","2.39","0"
"83.550","0.0321","12","0.0000","0.0000","-14.0979","83.2763","0.0000","30.4120","12.8630","0.1452","10000.0000","45.39079254","-75.69572617","37.0","13.2","876.3","79","1","79","1","0","0.07","0.01","-1.00","-0.3","0.0","-0.5","55.03","156.29","1457","6553.5","244.9","0","0","0","0","36.0","244.9","30.0","30.0","1.90","0.1","-0.0","3.418","0.924","0.00","12.8","2.40","0"
"83.600","0.0066","12","0.0000","0.0000","-2.9091","17.1840","0.0000","30.4120","12.8130","0.1252","10000.0000","45.39079254","-75.69572617","37.0","13.2","877.0","79","1","79","1","0","0.02","0.02","-1.00","-0.2","0.0","-0.5","55.02","167.11","1601","6553.5","244.8","0","0","0","0","36.0","244.8","30.0","30.0","1.85","0.1","-0.0","3.414","0.919","0.00","12.8","2.37","0"
"83.650","0.0000","12","0.0000","0.0000","0.0000","0.0000","0.0000","30.4120","12.8000","0.1237","10000.0000","45.39079254","-75.69572617","37.0","13.2","876.5","79","1","79","1","0","-0.02","0.04","-1.01","-0.2","-0.0","-0.5","55.01","217.89","1667","6553.5","244.7","0","0","0","0","36.0","244.7","30.0","30.0","1.90","0.1","-0.0","3.409","0.919","0.00","12.8","2.34","0"
"83.700","0.0000","12","0.0000","0.0000","0.0000","0.0000","0.0000","30.4120","12.8000","0.1287","10000.0000","45.39079254","-75.69572617","37.0","13.2","876.5","79","1","79","1","0","0.02","0.01","-0.99","-0.2","-0.0","-0.5","55.00","225.00","1460","6553.5","244.5","0","0","0","0","36.0","244.5","30.0","30.0","2.08","0.1","-0.0","3.402","0.934","0.00","12.8","2.36","0"
"83.750","0.0000","12","0.0000","0.0000","0.0000","0.0000","0.0000","30.4120","12.7630","0.1374","10000.0000","45.39079254","-75.69572617","37.0","13.2","876.5","79","1","79","1","0","0.00","0.00","-0.98","-0.2","-0.0","-0.5","54.99","197.04","1263","6553.5","244.3","0","0","0","0","36.0","244.3","30.0","30.0","2.09","0.1","-0.0","3.404","0.952","0.00","12.7","2.38","0"
"83.800","0.0000","12","0.0000","0.0000","0.0000","0.0000","0.0000","30.4120","12.7130","0.1474","10000.0000","45.39079254","-75.69572617","37.0","13.2","877.0","79","1","79","1","0","0.04","0.02","-0.98","-0.2","-0.0","-0.5","54.98","164.54","1082","6553.5","243.8","0","0","0","0","36.0","243.8","30.0","30.0","1.82","0.1","-0.0","3.419","0.972","0.00","12.7","2.36","0"
"83.850","0.0000","12","0.0000","0.0000","0.0000","0.0000","0.0000","30.4120","12.7000","0.1426","10000.0000","45.39079254","-75.69572617","37.0","13.2","876.8","79","1","79","1","0","0.02","0.03","-0.99","-0.2","0.0","-0.5","54.97","143.40","1206","6553.5","243.3","0","0","0","0","36.0","243.3","30.0","30.0","1.62","0.1","-0.1","3.427","0.972","0.00","12.7","2.34","0"
"83.900","0.0000","12","0.0000","0.0000","0.0000","0.0000","0.0000","30.4120","12.7000","0.1326","10000.0000","45.39079254","-75.69572617","37.0","13.2","877.0","79","1","79","1","0","-0.10","0.03","-0.99","-0.2","0.0","-0.5","54.95","394.97","1518","6553.5","243.6","0","0","0","0","36.0","243.6","30.0","30.0","1.53","0.1","-0.1","3.430","0.959","0.00","12.7","2.39","0"
"83.950","0.0000","12","0.0000","0.0000","0.0000","0.0000","0.0000","30.4120","12.6630","0.1300","10000.0000","45.39079254","-75.69572617","37.0","13.2","876.3","79","1","79","1","0","-0.13","0.02","-0.98","-0.2","0.0","-0.5","54.94","400.00","1521","6553.5","244.0","0","0","0","0","36.0","244.0","30.0","30.0","1.58","0.1","-0.0","3.426","0.944","0.00","12.8","2.45","0"
"84.000","0.0000","12","0.0000","0.0000","0.0000","0.0000","0.0000","30.4120","12.6130","0.1300","10000.0000","45.39079254","-75.69572617","37.0","13.2","877.0","79","1","79","1","0","-0.05","-0.00","-0.98","-0.2","0.0","-0.5","54.93","381.15","1460","6553.5","244.2","0","0","0","0","36.0","244.2","30.0","30.0","1.86","0.1","-0.0","3.420","0.928","0.00","12.8","2.47","0"
"84.050","0.0000","12","0.0000","0.0000","0.0000","0.0000","0.0000","30.4120","12.6000","0.1263","10000.0000","45.39079254","-75.69572617","37.0","13.2","876.5","79","1","79","1","0","-0.01","-0.01","-0.98","-0.2","0.0","-0.5","54.92","361.92","1566","6553.5","244.4","0","0","0","0","36.0","244.4","30.0","30.0","2.05","0.1","-0.0","3.419","0.927","0.00","12.8","2.50","0"
"84.100","0.0000","12","0.0000","0.0000","0.0000","0.0000","0.0000","30.4120","12.6000","0.1213","10000.0000","45.39079254","-75.69572617","37.0","13.2","876.0","79","1","79","1","0","-0.09","0.00","-0.98","-0.2","0.0","-0.5","54.91","290.29","1585","6553.5","244.4","0","0","0","0","36.0","244.4","30.0","30.0","2.10","0.1","-0.0","3.402","0.931","0.00","12.8","2.52","0"
"84.150","0.0000","12","0.0000","0.0000","0.0000","0.0000","0.0000","30.4120","12.6000","0.1311","10000.0000","45.39079254","-75.69572617","37.0","13.2","876.3","79","1","79","1","0","-0.10","0.01","-0.99","-0.2","0.0","-0.5","54.90","133.14","1297","6553.5","244.5","0","0","0","0","36.0","244.5","30.0","30.0","2.04","0.1","-0.0","3.331","0.956","0.00","12.8","2.55","0"
"84.200","0.0000","12","0.0000","0.0000","0.0000","0.0000","0.0000","30.4120","12.6000","0.1461","10000.0000","45.39079254","-75.69572617","37.0","13.2","876.5","79","1","79","1","0","-0.03","0.00","-0.99","-0.3","0.0","-0.5","54.89","122.66","1239","6553.5","244.4","0","0","0","0","36.0","244.4","30.0","30.0","1.81","0.1","-0.0","3.320","0.964","0.00","12.8","2.51","0"
"84.250","0.0000","12","0.0000","0.0000","0.0000","0.0000","0.0000","30.4120","12.5630","0.1537","10000.0000","45.39079254","-75.69572617","37.0","13.2","876.3","79","1","79","1","0","-0.09","0.02","-0.98","-0.2","0.0","-0.5","54.88","132.17","1501","6553.5","244.2","0","0","0","0","36.0","244.2","30.0","30.0","1.72","0.1","-0.0","3.392","0.949","0.00","12.7","2.47","0"
"84.300","0.0000","12","0.0000","0.0000","0.0000","0.0000","0.0000","30.4120","12.5130","0.1587","10000.0000","45.39079254","-75.69572617","37.0","13.2","876.5","79","1","79","1","0","-0.14","0.05","-0.98","-0.2","0.0","-0.5","54.88","137.50","1493","6553.5","244.2","0","0","0","0","36.0","244.2","30.0","30.0","1.88","0.1","-0.0","3.420","0.942","0.00","12.7","2.44","0"
"84.350","0.0000","12","0.0000","0.0000","0.0000","0.0000","0.0000","30.4120","12.5000","0.1526","10000.0000","45.39079254","-75.69572617","37.0","13.2","876.3","79","1","79","1","0","-0.00","0.03","-1.00","-0.2","-0.0","-0.5","54.91","143.00","1318","6553.5","244.1","0","0","0","0","36.0","244.1","30.0","30.0","1.92","0.1","-0.0","3.420","0.940","0.00","12.7","2.40","0"
"84.400","0.0000","12","0.0000","0.0000","0.0000","0.0000","0.0000","30.4120","12.5000","0.1426","10000.0000","45.39079254","-75.69572617","37.0","13.2","876.5","79","1","79","1","0","0.10","0.02","-1.00","-0.2","-0.0","-0.5","54.93","166.02","1381","6553.5","244.2","0","0","0","0","36.0","244.2","30.0","30.0","1.77","0.1","-0.0","3.424","0.940","0.00","12.7","2.37","0"
"84.450","0.0377","12","0.0000","0.0000","-8.2797","48.9083","0.0000","30.4107","13.4620","0.1437","10000.0000","45.39079250","-75.69572607","37.0","13.2","876.0","79","1","79","1","0","0.05","0.00","-1.01","-0.2","-0.0","-0.6","54.96","202.43","1492","6553.5","244.4","0","0","0","0","36.0","244.4","30.0","30.0","1.74","0.1","-0.0","3.429","0.939","0.00","12.8","2.34","0"
"84.500","0.0886","12","0.0000","0.0000","-19.4685","115.0007","0.0000","30.4089","14.7620","0.1487","10000.0000","45.39079246","-75.69572595","37.0","13.2","876.0","79","1","79","1","0","-0.02","-0.00","-1.00","-0.2","0.0","-0.6","54.98","225.00","1415","6553.5","244.3","0","0","0","0","36.0","244.3","30.0","30.0","1.91","0.1","-0.0","3.421","0.941","0.00","12.8","2.37","0"
"84.550","0.0830","12","0.0000","0.0000","-27.8426","68.5413","0.0000","30.4059","15.0260","0.1426","10000.0000","45.39079247","-75.69572591","37.0","13.2","876.3","79","1","79","1","0","0.01","0.02","-1.00","-0.3","0.0","-0.6","55.01","196.50","1338","6553.5","244.2","0","0","0","0","36.0","244.2","30.0","30.0","1.98","0.1","-0.0","3.413","0.945","0.00","12.8","2.41","0"
"84.600","0.0575","12","0.0000","0.0000","-35.2277","-17.4632","0.0000","30.4025","14.9260","0.1326","10000.0000","45.39079250","-75.69572589","37.0","13.2","876.5","79","1","79","1","0","0.02","0.03","-1.00","-0.3","0.0","-0.6","55.04","145.93","1258","6553.5","244.2","0","0","0","0","36.0","244.2","30.0","30.0","1.90","0.1","-0.0","3.403","0.957","0.00","12.8","2.39","0"
"84.650","0.0454","12","0.0000","0.0000","-39.2696","-17.7984","0.0000","30.4029","14.8260","0.1300","10000.0000","45.39079250","-75.69572580","37.0","13.2","876.5","79","1","79","1","0","0.03","0.02","-1.01","-0.3","0.0","-0.6","55.06","135.21","1234","6553.5","244.2","0","0","0","0","36.0","244.2","30.0","30.0","1.84","0.1","-0.0","3.399","0.962","0.00","12.8","2.37","0"
"84.700","0.0379","12","0.0000","0.0000","-42.1369","11.9664","0.0000","30.4046","14.7260","0.1300","10000.0000","45.39079248","-75.69572567","37.0","13.2","876.5","79","1","79","1","0","0.05","0.02","-1.02","-0.3","0.0","-0.6","55.09","136.71","1287","6553.5","244.3","0","0","0","0","36.0","244.3","30.0","30.0","1.82","0.1","-0.0","3.405","0.958","0.00","12.8","2.42","0"
"84.750","0.0525","12","0.0000","0.0000","-38.8844","31.1194","0.0000","30.4025","14.6260","0.1300","10000.0000","45.39079250","-75.69572563","37.0","13.2","876.5","79","1","79","1","0","0.05","0.02","-1.01","-0.3","0.0","-0.6","55.11","150.00","1308","6553.5","244.4","0","0","0","0","36.0","244.4","30.0","30.0","1.81","0.1","-0.0","3.409","0.950","0.00","12.8","2.47","0"
"84.800","0.0747","12","0.0000","0.0000","-33.4816","46.5440","0.0000","30.3991","14.5260","0.1300","10000.0000","45.39079253","-75.69572561","37.0","13.2","876.0","79","1","79","1","0","0.02","0.03","-1.00","-0.3","0.0","-0.6","55.14","144.05","1311","6553.5","244.6","0","0","0","0","36.0","244.6","30.0","30.0","1.82","0.1","-0.0","3.413","0.940","0.00","12.8","2.48","0"
"84.850","0.0507","12","0.0000","0.0000","-20.2085","31.8492","0.0000","30.3983","14.4630","0.1374","10000.0000","45.39079254","-75.69572561","37.0","13.2","876.2","79","1","79","1","0","-0.08","0.03","-0.99","-0.3","0.0","-0.5","55.16","128.38","1367","6553.5","244.8","0","0","0","0","36.0","244.8","30.0","30.0","1.86","0.1","-0.0","3.420","0.944","0.00","12.8","2.50","0"
"84.900","0.0105","12","0.0000","0.0000","-4.1700","6.5721","0.0000","30.3983","14.4130","0.1474","10000.0000","45.39079254","-75.69572561","37.0","13.2","876.0","79","1","79","1","0","-0.10","0.02","-1.00","-0.3","0.0","-0.5","55.19","114.29","1431","6553.5","244.8","0","0","0","0","36.0","244.8","30.0","30.0","1.95","0.1","-0.0","3.428","0.951","0.00","12.8","2.51","0"
"84.950","0.0000","12","0.0000","0.0000","0.0000","0.0000","0.0000","30.3983","14.3630","0.1463","10000.0000","45.39079254","-75.69572561","37.0","13.2","876.5","79","1","79","1","0","-0.02","0.00","-0.98","-0.3","0.1","-0.5","55.21","114.29","1259","6553.5","244.7","0","0","0","0","36.0","244.7","30.0","30.0","1.91","0.1","-0.0","3.413","0.944","0.00","12.7","2.52","0"
"85.000","0.0000","12","0.0000","0.0000","0.0000","0.0000","0.0000","30.3983","14.3130","0.1413","10000.0000","45.39079254","-75.69572561","37.0","13.2","876.0","79","1","79","1","0","0.02","-0.00","-0.98","-0.3","0.0","-0.6","55.24","143.57","1172","6553.5","244.8","0","0","0","0","36.0","244.8","30.0","30.0","1.67","0.1","-0.0","3.403","0.939","0.00","12.7","2.52","0"
"85.050","0.0000","13","0.0000","0.0000","0.0000","0.0000","0.0000","30.3983","14.2260","0.1437","10000.0000","45.39079254","-75.69572561","37.0","13.2","876.3","79","1","79","1","0","0.03","0.00","-0.98","-0.3","-0.0","-0.6","55.26","177.95","1383","6553.5","244.9","0","0","0","0","36.0","244.9","30.0","30.0","1.62","0.1","-0.0","3.411","0.940","0.00","12.8","2.51","0"
"85.100","0.0000","13","0.0000","0.0000","0.0000","0.0000","0.0000","30.3983","14.1260","0.1487","10000.0000","45.39079254","-75.69572561","37.0","13.2","876.5","79","1","79","1","0","-0.05","-0.01","-0.97","-0.3","-0.0","-0.6","55.29","212.05","1477","6553.5","244.7","0","0","0","0","36.0","244.7","30.0","30.0","1.90","0.1","-0.0","3.416","0.947","0.00","12.8","2.46","0"
"85.150","0.0400","13","0.0000","0.0000","-3.6970","-29.4933","0.0000","30.3964","15.1730","0.1426","10000.0000","45.39079255","-75.69572555","37.0","13.2","876.0","79","1","79","1","0","-0.02","-0.01","-0.97","-0.3","-0.0","-0.6","55.31","153.70","1409","6553.5","244.4","0","0","0","0","36.0","244.4","30.0","30.0","2.00","0.1","-0.0","3.418","0.964","0.00","12.8","2.40","0"
"85.200","0.0940","13","0.0000","0.0000","-8.6930","-69.3491","0.0000","30.3938","16.6230","0.1326","10000.0000","45.39079258","-75.69572547","37.0","13.2","876.5","79","1","79","1","0","0.03","-0.01","-0.97","-0.3","-0.1","-0.5","55.34","110.00","1389","6553.5","244.5","0","0","0","0","36.0","244.5","30.0","30.0","1.81","0.1","-0.0","3.416","0.951","0.00","12.8","2.41","0"
"85.250","0.1179","13","0.0000","0.0000","-8.8173","-40.0773","0.0000","30.3887","16.8890","0.1374","10000.0000","45.39079258","-75.69572540","37.0","13.2","876.5","79","1","79","1","0","-0.03","0.01","-0.98","-0.3","-0.0","-0.5","55.36","125.50","1397","6553.5","244.6","0","0","0","0","36.0","244.6","30.0","30.0","1.73","0.1","-0.0","3.414","0.918","0.00","12.8","2.42","0"
"85.300","0.1312","13","0.0000","0.0000","-7.2300","13.4827","0.0000","30.3826","16.7390","0.1474","10000.0000","45.39079257","-75.69572532","37.0","13.2","876.5","79","1","79","1","0","-0.02","0.02","-0.99","-0.3","-0.0","-0.5","55.39","150.50","1479","6553.5","244.5","0","0","0","0","36.0","244.5","30.0","30.0","1.83","0.1","-0.0","3.408","0.928","0.00","12.8","2.38","0"
"85.350","0.1429","13","0.0000","0.0000","-3.9094","82.7587","0.0000","30.3796","16.6260","0.1537","10000.0000","45.39079253","-75.69572521","37.0","13.2","876.5","79","1","79","1","0","-0.07","0.03","-0.97","-0.3","0.0","-0.5","55.37","140.51","1571","6553.5","244.3","0","0","0","0","36.0","244.3","30.0","30.0","1.91","0.1","-0.0","3.401","0.947","0.00","12.8","2.34","0"
"85.400","0.1540","13","0.0000","0.0000","0.0202","157.5566","0.0000","30.3778","16.5260","0.1587","10000.0000","45.39079248","-75.69572508","37.0","13.2","876.5","79","1","79","1","0","-0.13","0.02","-0.97","-0.2","0.0","-0.5","55.27","128.57","1398","6553.5","244.3","0","0","0","0","36.0","244.3","30.0","30.0","1.98","0.1","-0.0","3.396","0.952","0.00","12.8","2.39","0"
"85.450","0.1177","13","0.0000","0.0000","-13.6856","67.6633","0.0000","30.3728","16.4260","0.1526","10000.0000","45.39079247","-75.69572499","37.0","13.2","876.5","79","1","79","1","0","-0.07","0.03","-0.99","-0.2","-0.0","-0.5","55.18","135.21","1310","6553.5","244.3","0","0","0","0","36.0","244.3","30.0","30.0","1.92","0.1","-0.0","3.395","0.955","0.00","12.8","2.44","0"
"85.500","0.0647","13","0.0000","0.0000","-33.5876","-80.0945","0.0000","30.3667","16.3260","0.1426","10000.0000","45.39079246","-75.69572491","37.0","13.2","876.5","79","1","79","1","0","-0.05","0.03","-0.99","-0.3","-0.1","-0.5","55.08","145.93","1520","6553.5","244.1","0","0","0","0","36.0","244.1","30.0","30.0","1.67","0.1","-0.0","3.406","0.954","0.00","12.8","2.41","0"
"85.550","0.0551","13","0.0000","0.0000","-26.9343","-124.6135","0.0000","30.3632","16.1890","0.1400","10000.0000","45.39079243","-75.69572485","37.0","13.2","876.5","79","1","79","1","0","-0.13","0.03","-0.97","-0.3","-0.1","-0.5","54.98","165.50","1587","6553.5","243.9","0","0","0","0","36.0","243.9","30.0","30.0","1.64","0.1","-0.0","3.412","0.947","0.00","12.8","2.38","0"
"85.600","0.0609","13","0.0000","0.0000","-10.9506","-132.8595","0.0000","30.3605","16.0390","0.1400","10000.0000","45.39079239","-75.69572479","37.0","13.2","876.5","79","1","79","1","0","0.01","0.01","-0.98","-0.3","-0.1","-0.5","54.88","175.00","1460","6553.5","243.8","0","0","0","0","36.5","243.8","30.0","30.0","1.98","0.1","-0.0","3.408","0.932","0.00","12.8","2.44","0"
"85.650","0.0719","13","0.0000","0.0000","-13.6282","-48.2508","0.0000","30.3579","15.9630","0.1363","10000.0000","45.39079239","-75.69572471","37.0","13.2","876.5","79","1","79","1","0","0.07","0.00","-1.00","-0.3","-0.1","-0.5","54.78","175.00","1429","6553.5","243.6","0","0","0","0","37.0","243.6","30.0","30.0","2.09","0.1","-0.0","3.406","0.931","0.00","12.8","2.51","0"
"85.700","0.0848","13","0.0000","0.0000","-22.8624","68.9825","0.0000","30.3554","15.9130","0.1313","10000.0000","45.39079242","-75.69572464","37.0","13.2","876.5","79","1","79","1","0","0.01","0.01","-0.99","-0.2","-0.1","-0.5","54.69","167.89","1457","6553.5","243.7","0","0","0","0","37.0","243.7","30.0","30.0","1.82","0.1","-0.0","3.403","0.937","0.00","12.8","2.53","0"
"85.750","0.0997","13","0.0000","0.0000","-19.0536","42.6151","0.0000","30.3522","15.8260","0.1374","10000.0000","45.39079245","-75.69572460","37.0","13.2","876.3","79","1","79","1","0","0.03","0.00","-0.99","-0.2","-0.0","-0.5","54.59","156.42","1444","6553.5","243.8","0","0","0","0","37.0","243.8","30.0","30.0","1.72","0.1","-0.0","3.408","0.933","0.00","12.8","2.55","0"
"85.800","0.1153","13","0.0000","0.0000","-10.6623","-34.2066","0.0000","30.3488","15.7260","0.1474","10000.0000","45.39079248","-75.69572459","37.0","13.2","876.5","79","1","79","1","0","0.08","0.01","-0.99","-0.2","0.0","-0.5","54.49","134.29","1425","6553.5","244.0","0","0","0","0","37.0","244.0","30.0","30.0","1.90","0.1","-0.0","3.415","0.927","0.00","12.8","2.50","0"
"85.850","0.0941","13","0.0000","0.0000","2.4301","-75.9104","0.0000","30.3485","15.6260","0.1426","10000.0000","45.39079248","-75.69572454","37.0","13.2","876.3","79","1","79","1","0","0.04","0.03","-1.00","-0.2","0.0","-0.5","54.39","114.29","1506","6553.5","244.3","0","0","0","0","37.0","244.3","30.0","30.0","2.02","0.1","-0.0","3.424","0.930","0.00","12.8","2.44","0"
"85.900","0.0598","13","0.0000","0.0000","17.1742","-105.2755","0.0000","30.3494","15.5260","0.1326","10000.0000","45.39079247","-75.69572448","37.0","13.2","876.0","79","1","79","1","0","0.04","0.03","-1.00","-0.2","0.0","-0.5","54.29","118.39","1540","6553.5","244.4","0","0","0","0","37.0","244.4","30.0","30.0","2.02","0.1","-0.0","3.428","0.933","0.00","12.8","2.49","0"
"85.950","0.0647","13","0.0000","0.0000","15.9739","-20.8567","0.0000","30.3445","15.4630","0.1374","10000.0000","45.39079247","-75.69572445","37.0","13.2","876.3","79","1","79","1","0","0.05","0.04","-1.00","-0.3","0.0","-0.6","54.19","127.73","1403","6553.5","244.6","0","0","0","0","37.0","244.6","30.0","30.0","1.98","0.1","-0.0","3.413","0.938","0.00","12.8","2.55","0"
"86.000","0.0833","13","0.0000","0.0000","9.1714","103.5403","0.0000","30.3375","15.4130","0.1474","10000.0000","45.39079247","-75.69572443","37.0","13.2","876.5","79","1","79","1","0","0.08","0.02","-1.00","-0.3","0.0","-0.5","54.10","133.33","1354","6553.5","244.6","0","0","0","0","37.0","244.6","30.0","30.0","1.89","0.1","-0.0","3.406","0.940","0.00","12.8","2.50","0"
"86.050","0.0786","13","0.0000","0.0000","2.1497","35.6553","0.0000","30.3364","15.3260","0.1463","10000.0000","45.39079246","-75.69572438","37.0","13.2","876.3","79","1","79","1","0","0.03","0.02","-0.99","-0.3","0.0","-0.5","54.00","186.67","1426","6553.5","244.6","0","0","0","0","37.0","244.6","30.0","30.0","1.87","0.1","-0.0","3.408","0.937","0.00","12.8","2.44","0"
"86.100","0.0657","13","0.0000","0.0000","-4.9492","-99.7882","0.0000","30.3372","15.2260","0.1413","10000.0000","45.39079245","-75.69572432","37.0","13.2","876.5","79","1","79","1","0","-0.03","0.01","-0.98","-0.3","0.0","-0.6","53.90","235.83","1393","6553.5","244.6","0","0","0","0","37.0","244.6","30.0","30.0","1.93","0.1","-0.0","3.374","0.943","0.00","12.8","2.49","0"
"86.150","0.0770","13","0.0000","0.0000","-3.8098","-81.3285","0.0000","30.3349","15.1630","0.1437","10000.0000","45.39079247","-75.69572429","37.0","13.2","876.3","79","1","79","1","0","-0.03","0.02","-0.99","-0.3","-0.0","-0.6","53.80","158.75","1294","6553.5","244.6","0","0","0","0","37.0","244.6","30.0","30.0","1.95","0.1","-0.0","3.318","0.955","0.00","12.8","2.55","0"
"86.200","0.0967","13","0.0000","0.0000","0.2242","-8.7947","0.0000","30.3315","15.1130","0.1487","10000.0000","45.39079251","-75.69572428","37.0","13.2","876.5","79","1","79","1","0","-0.02","0.03","-0.98","-0.3","-0.0","-0.6","53.70","112.50","1296","6553.5","244.6","0","0","0","0","37.0","244.6","30.0","30.0","1.88","0.1","-0.0","3.357","0.957","0.00","12.8","2.54","0"
"86.250","0.1122","13","0.0000","0.0000","-2.8477","10.7966","0.0000","30.3288","15.0630","0.1500","10000.0000","45.39079253","-75.69572422","37.0","13.2","876.5","79","1","79","1","0","-0.01","0.01","-0.97","-0.3","-0.1","-0.6","53.60","157.50","1321","6553.5","244.6","0","0","0","0","37.0","244.6","30.0","30.0","1.83","0.1","-0.0","3.416","0.958","0.00","12.8","2.52","0"
"86.300","0.1262","13","0.0000","0.0000","-8.4161","11.7865","0.0000","30.3262","15.0130","0.1500","10000.0000","45.39079255","-75.69572414","37.0","13.2","876.5","79","1","79","1","0","0.03","-0.01","-0.98","-0.3","-0.1","-0.5","53.51","205.09","1439","6553.5","244.7","0","0","0","0","37.0","244.7","30.0","30.0","1.84","0.1","-0.0","3.414","0.941","0.00","12.8","2.52","0"
"86.350","0.1116","13","0.0000","0.0000","-13.3982","-56.5230","0.0000","30.3262","14.9260","0.1537","10000.0000","45.39079255","-75.69572407","37.0","13.2","876.3","79","1","79","1","0","0.04","-0.01","-0.97","-0.3","-0.1","-0.5","53.41","155.31","1524","6553.5","244.8","0","0","0","0","37.0","244.8","30.0","30.0","1.86","0.1","-0.0","3.410","0.932","0.00","12.8","2.52","0"
"86.400","0.0869","13","0.0000","0.0000","-18.1744","-149.1809","0.0000","30.3271","14.8260","0.1587","10000.0000","45.39079255","-75.69572401","37.0","13.2","876.5","79","1","79","1","0","-0.02","0.02","-0.97","-0.3","-0.0","-0.5","53.28","129.63","1497","6553.5","244.9","0","0","0","0","37.0","244.9","30.0","30.0","1.88","0.1","-0.0","3.395","0.949","0.00","12.8","2.49","0"
"86.450","0.0696","13","0.0000","0.0000","-20.0050","-84.3382","0.0000","30.3273","14.7630","0.1452","10000.0000","45.39079254","-75.69572399","37.0","13.2","876.5","79","1","79","1","0","-0.07","0.04","-0.98","-0.3","0.0","-0.5","53.08","251.98","1440","6553.5","245.1","0","0","0","0","37.0","245.1","30.0","30.0","1.96","0.1","-0.0","3.391","0.947","0.00","12.8","2.45","0"
"86.500","0.0548","13","0.0000","0.0000","-20.8008","35.8426","0.0000","30.3273","14.7130","0.1252","10000.0000","45.39079254","-75.69572399","37.0","13.2","876.5","79","1","79","1","0","-0.07","0.02","-0.99","-0.3","0.0","-0.5","52.89","164.00","1341","6553.5","244.9","0","0","0","0","37.0","244.9","30.0","30.0","2.12","0.1","-0.0","3.399","0.918","0.00","12.8","2.46","0"
"86.550","0.0551","13","0.0000","0.0000","-29.7839","78.8235","0.0000","30.3253","14.6630","0.1237","10000.0000","45.39079251","-75.69572395","37.0","13.2","876.8","79","1","79","1","0","-0.11","0.00","-0.97","-0.3","0.0","-0.5","52.69","150.00","1269","6553.5","244.6","0","0","0","0","37.0","244.6","30.0","30.0","2.10","0.1","-0.0","3.372","0.932","0.00","12.7","2.47","0"
"86.600","0.0609","13","0.0000","0.0000","-41.6436","94.6801","0.0000","30.3226","14.6130","0.1287","10000.0000","45.39079248","-75.69572389","37.0","13.2","876.5","79","1","79","1","0","-0.11","0.01","-0.98","-0.3","0.0","-0.5","52.50","150.00","1214","6553.5","244.6","0","0","0","0","37.0","244.6","30.0","30.0","1.76","0.1","-0.0","3.324","0.972","0.00","12.7","2.46","0"
"86.650","0.0792","13","0.0000","0.0000","-41.1726","92.7242","0.0000","30.3199","14.5630","0.1300","10000.0000","45.39079244","-75.69572382","37.0","13.2","876.5","79","1","79","1","0","-0.08","0.02","-0.98","-0.3","0.0","-0.5","52.30","148.49","1323","6553.5","244.5","0","0","0","0","37.0","244.5","30.0","30.0","1.59","0.1","-0.0","3.367","0.965","0.00","12.8","2.45","0"
"86.700","0.1021","13","0.0000","0.0000","-36.3692","84.5099","0.0000","30.3172","14.5130","0.1300","10000.0000","45.39079240","-75.69572376","37.0","13.2","876.5","79","1","79","1","0","-0.07","0.04","-0.99","-0.3","0.0","-0.5","52.11","110.75","1465","6553.5","244.7","0","0","0","0","37.0","244.7","30.0","30.0","1.70","0.1","-0.0","3.429","0.948","0.00","12.8","2.41","0"
"86.750","0.0680","13","0.0000","0.0000","-22.1258","51.8958","0.0000","30.3165","14.4630","0.1337","10000.0000","45.39079239","-75.69572375","37.0","13.2","876.0","79","1","79","1","0","-0.17","0.04","-0.98","-0.3","-0.0","-0.5","51.91","110.00","1437","6553.5","244.9","0","0","0","0","37.0","244.9","30.0","30.0","1.79","0.1","-0.0","3.414","0.938","0.00","12.7","2.36","0"
"86.800","0.0140","13","0.0000","0.0000","-4.5656","10.7086","0.0000","30.3165","14.4130","0.1387","10000.0000","45.39079239","-75.69572375","37.0","13.2","876.5","79","1","79","1","0","-0.18","0.03","-0.99","-0.3","-0.0","-0.6","51.72","170.45","1441","6553.5","244.9","0","0","0","0","37.0","244.9","30.0","30.0","1.85","0.1","-0.0","3.398","0.933","0.00","12.7","2.45","0"
"86.850","0.0442","13","0.0000","0.0000","-3.5445","-38.9709","0.0000","30.3165","15.4730","0.1363","10000.0000","45.39079239","-75.69572375","37.0","13.2","876.5","79","1","79","1","0","-0.11","0.02","-1.00","-0.3","-0.0","-0.6","51.52","232.13","1557","6553.5","244.9","0","0","0","0","37.0","244.9","30.0","30.0","1.89","0.1","-0.0","3.374","0.940","0.00","12.8","2.54","0"
"86.900","0.1039","13","0.0000","0.0000","-8.3343","-91.6342","0.0000","30.3165","16.9230","0.1313","10000.0000","45.39079239","-75.69572375","37.0","13.2","876.5","79","1","79","1","0","-0.00","0.01","-1.01","-0.3","-0.0","-0.6","51.33","266.67","1563","6553.5","245.0","0","0","0","0","37.0","245.0","30.0","30.0","1.87","0.1","-0.0","3.370","0.942","0.00","12.8","2.55","0"
"86.950","0.1232","13","0.0000","0.0000","-11.0227","-38.2593","0.0000","30.3203","17.1890","0.1300","10000.0000","45.39079235","-75.69572367","37.1","13.2","876.3","79","1","79","1","0","0.08","-0.00","-1.01","-0.2","-0.0","-0.6","51.13","198.83","1415","6553.5","245.2","0","0","0","0","37.0","245.2","30.0","30.0","1.86","0.1","-0.0","3.393","0.933","0.00","12.7","2.55","0"
"87.000","0.1284","13","0.0000","0.0000","-12.9727","52.3723","0.0000","30.3255","17.0390","0.1300","10000.0000","45.39079230","-75.69572356","37.1","13.2","876.5","79","1","79","1","0","0.08","0.02","-1.00","-0.2","-0.0","-0.6","50.94","120.67","1399","6553.5","244.9","0","0","0","0","37.0","244.9","30.0","30.0","1.85","0.1","-0.0","3.418","0.938","0.00","12.7","2.53","0"
"87.050","0.1116","13","0.0000","0.0000","-15.6762","-16.2707","0.0000","30.3267","16.8890","0.1374","10000.0000","45.39079225","-75.69572354","37.1","13.2","876.5","79","1","79","1","0","-0.02","0.04","-1.00","-0.3","-0.0","-0.6","50.74","139.23","1462","6553.5","244.6","0","0","0","0","37.0","244.6","30.0","30.0","1.85","0.1","-0.0","3.444","0.951","0.00","12.8","2.50","0"
"87.100","0.0869","13","0.0000","0.0000","-18.6445","-140.8749","0.0000","30.3265","16.7390","0.1474","10000.0000","45.39079218","-75.69572356","37.1","13.2","876.5","79","1","79","1","0","-0.10","0.03","-0.99","-0.3","-0.0","-0.5","50.55","150.00","1442","6553.5","244.6","0","0","0","0","37.0","244.6","30.0","30.0","1.86","0.1","-0.0","3.437","0.941","0.00","12.8","2.49","0"
"87.150","0.1449","13","0.0000","0.0000","-14.7083","-52.3703","0.0000","30.3297","16.6260","0.1537","10000.0000","45.39079214","-75.69572353","37.1","13.2","876.8","79","1","79","1","0","-0.10","0.02","-0.99","-0.3","-0.0","-0.5","50.35","150.00","1406","6553.5","244.6","0","0","0","0","37.0","244.6","30.0","30.0","1.85","0.1","-0.0","3.423","0.926","0.00","12.7","2.47","0"
"87.200","0.2319","13","0.0000","0.0000","-8.3464","111.0103","0.0000","30.3339","16.5260","0.1587","10000.0000","45.39079210","-75.69572348","37.1","13.2","877.0","79","1","79","1","0","-0.10","0.01","-0.99","-0.3","-0.0","-0.5","50.16","147.45","1540","6553.5","244.7","0","0","0","0","37.0","244.7","30.0","30.0","1.80","0.1","-0.0","3.416","0.925","0.00","12.8","2.45","0"
"87.250","0.1980","13","0.0000","0.0000","-17.9608","81.9632","0.0000","30.3382","16.4260","0.1489","10000.0000","45.39079206","-75.69572344","37.1","13.2","877.0","79","1","79","1","0","-0.09","0.01","-0.98","-0.3","-0.0","-0.5","49.96","141.38","1602","6553.5","244.8","0","0","0","0","37.0","244.8","30.0","30.0","1.83","0.1","-0.0","3.409","0.928","0.00","12.9","2.42","0"
"87.300","0.1217","13","0.0000","0.0000","-33.1886","-14.6936","0.0000","30.3425","16.3260","0.1339","10000.0000","45.39079202","-75.69572339","37.1","13.2","877.0","79","1","79","1","0","-0.12","0.02","-0.99","-0.3","-0.0","-0.5","49.77","137.50","1408","6553.5","244.6","0","0","0","0","37.0","244.6","29.9","30.0","1.99","0.1","-0.0","3.405","0.942","0.00","12.7","2.43","0"
"87.350","0.0968","13","0.0000","0.0000","-32.7505","11.7121","0.0000","30.3435","16.2260","0.1300","10000.0000","45.39079196","-75.69572339","37.1","13.2","876.7","79","1","79","1","0","-0.09","0.00","-0.99","-0.3","-0.0","-0.5","49.57","128.50","1353","6553.5","244.4","0","0","0","0","37.0","244.4","29.9","30.0","2.01","0.1","-0.0","3.401","0.947","0.00","12.5","2.45","0"
"87.400","0.0900","13","0.0000","0.0000","-26.8082","81.3558","0.0000","30.3433","16.1260","0.1300","10000.0000","45.39079190","-75.69572341","37.1","13.2","876.5","79","1","79","1","0","-0.02","0.00","-0.99","-0.3","0.0","-0.5","49.38","118.47","1490","6553.5","244.5","0","0","0","0","37.0","244.5","30.0","30.0","1.80","0.1","-0.0","3.397","0.941","0.00","12.6","2.50","0"
"87.450","0.0882","13","0.0000","0.0000","-23.1761","58.2673","0.0000","30.3439","16.0260","0.1337","10000.0000","45.39079188","-75.69572336","37.1","13.2","876.5","79","1","79","1","0","0.02","0.02","-1.00","-0.3","0.0","-0.5","49.30","135.07","1517","6553.5","244.6","0","0","0","0","37.0","244.6","30.0","30.0","1.75","0.1","-0.0","3.403","0.937","0.00","12.8","2.55","0"
"87.500","0.0882","13","0.0000","0.0000","-20.3557","2.5972","0.0000","30.3448","15.9260","0.1387","10000.0000","45.39079187","-75.69572330","37.1","13.2","876.5","79","1","79","1","0","0.02","0.01","-1.00","-0.3","0.1","-0.5","49.43","155.68","1477","6553.5","244.6","0","0","0","0","37.0","244.6","30.0","30.0","1.97","0.1","-0.0","3.413","0.935","0.00","12.8","2.47","0"
"87.550","0.0955","13","0.0000","0.0000","-14.0340","-63.2451","0.0000","30.3500","15.8260","0.1437","10000.0000","45.39079182","-75.69572331","37.1","13.2","876.5","79","1","79","1","0","-0.03","0.01","-0.98","-0.3","0.1","-0.5","49.56","212.50","1427","6553.5","244.6","0","0","0","0","37.0","244.6","30.0","30.0","2.03","0.1","-0.0","3.416","0.941","0.00","12.8","2.38","0"
"87.600","0.1054","13","0.0000","0.0000","-6.4821","-132.6615","0.0000","30.3568","15.7260","0.1487","10000.0000","45.39079176","-75.69572334","37.1","13.2","876.5","79","1","79","1","0","0.01","0.00","-0.97","-0.2","0.1","-0.5","49.69","225.00","1374","6553.5","244.6","0","0","0","0","37.0","244.6","30.0","30.0","1.85","0.1","-0.0","3.418","0.950","0.00","12.8","2.44","0"
"87.650","0.1007","13","0.0000","0.0000","-6.1351","-137.6671","0.0000","30.3611","15.6630","0.1426","10000.0000","45.39079172","-75.69572336","37.1","13.2","876.5","79","1","79","1","0","0.11","-0.01","-0.97","-0.2","0.0","-0.6","49.82","225.00","1332","6553.5","244.6","0","0","0","0","37.0","244.6","30.0","30.0","1.77","0.1","-0.0","3.416","0.934","0.00","12.7","2.51","0"
"87.700","0.0908","13","0.0000","0.0000","-8.3196","-120.0419","0.0000","30.3645","15.6130","0.1326","10000.0000","45.39079169","-75.69572338","37.1","13.2","876.5","79","1","79","1","0","-0.01","-0.00","-0.97","-0.3","-0.0","-0.6","49.96","225.00","1323","6553.5","244.9","0","0","0","0","36.5","244.9","30.0","30.0","1.82","0.1","-0.0","3.412","0.925","0.00","12.7","2.53","0"
"87.750","0.0689","13","0.0000","0.0000","-22.3938","-6.1394","0.0000","30.3653","15.5260","0.1374","10000.0000","45.39079164","-75.69572339","37.1","13.2","876.2","79","1","79","1","0","-0.19","0.02","-0.97","-0.2","-0.1","-0.6","50.09","184.70","1431","6553.5","245.3","0","0","0","0","36.0","245.3","30.0","30.0","1.89","0.1","-0.0","3.399","0.939","0.00","12.7","2.55","0"
"87.800","0.0428","13","0.0000","0.0000","-40.6454","141.5903","0.0000","30.3651","15.4260","0.1474","10000.0000","45.39079157","-75.69572341","37.1","13.2","876.5","79","1","79","1","0","-0.19","0.02","-0.97","-0.2","-0.1","-0.6","50.22","136.58","1412","6553.5","245.0","0","0","0","0","36.0","245.0","30.0","30.0","1.95","0.1","-0.0","3.394","0.951","0.00","12.7","2.54","0"
"87.850","0.0227","13","0.0000","0.0000","-28.5962","113.4000","0.0000","30.3651","15.3630","0.1426","10000.0000","45.39079156","-75.69572341","37.1","13.2","876.5","79","1","79","1","0","-0.12","0.03","-0.97","-0.2","-0.1","-0.6","50.35","122.22","1218","6553.5","244.7","0","0","0","0","36.0","244.7","30.0","30.0","1.94","0.1","-0.0","3.400","0.961","0.00","12.7","2.52","0"
"87.900","0.0047","13","0.0000","0.0000","-5.9008","23.4000","0.0000","30.3651","15.3130","0.1326","10000.0000","45.39079156","-75.69572341","37.1","13.2","876.5","79","1","79","1","0","-0.05","0.05","-0.98","-0.2","-0.1","-0.6","50.49","122.22","1210","6553.5","244.7","0","0","0","0","36.0","244.7","30.0","30.0","1.80","0.1","-0.0","3.402","0.965","0.00","12.7","2.47","0"
"87.950","0.0000","13","0.0000","0.0000","0.0000","0.0000","0.0000","30.3651","15.2630","0.1300","10000.0000","45.39079156","-75.69572341","37.1","13.2","876.3","79","1","79","1","0","-0.03","0.04","-0.99","-0.2","-0.1","-0.6","50.62","142.62","1316","6553.5","244.6","0","0","0","0","36.0","244.6","30.0","30.0","1.74","0.1","-0.0","3.403","0.964","0.00","12.8","2.41","0"
"88.000","0.0000","13","0.0000","0.0000","0.0000","0.0000","0.0000","30.3651","15.2130","0.1300","10000.0000","45.39079156","-75.69572341","37.1","13.2","876.5","79","1","79","1","0","-0.02","0.03","-1.00","-0.2","-0.0","-0.6","50.75","160.00","1315","6553.5","244.6","0","0","0","0","36.0","244.6","30.0","30.0","1.81","0.1","-0.0","3.412","0.960","0.00","12.8","2.41","0"
"88.050","0.0000","13","0.0000","0.0000","0.0000","0.0000","0.0000","30.3651","15.1260","0.1411","10000.0000","45.39079156","-75.69572341","37.1","13.2","876.5","79","1","79","1","0","-0.01","0.03","-1.01","-0.2","-0.0","-0.6","50.88","154.60","1293","6553.5","244.6","0","0","0","0","36.0","244.6","30.0","30.0","1.84","0.1","-0.0","3.422","0.955","0.00","12.8","2.41","0"
"88.100","0.0000","13","0.0000","0.0000","0.0000","0.0000","0.0000","30.3651","15.0260","0.1561","10000.0000","45.39079156","-75.69572341","37.1","13.2","876.5","79","1","79","1","0","-0.04","0.03","-1.01","-0.2","-0.0","-0.6","51.02","150.00","1408","6553.5","244.7","0","0","0","0","36.0","244.7","30.0","30.0","1.81","0.1","-0.0","3.420","0.946","0.00","12.8","2.46","0"
"88.150","0.0610","13","0.0000","0.0000","-6.6317","40.3235","0.0000","30.3709","16.1100","0.1526","10000.0000","45.39079155","-75.69572338","37.1","13.2","876.3","79","1","79","1","0","-0.10","0.04","-1.00","-0.2","-0.1","-0.6","51.15","150.00","1491","6553.5","244.9","0","0","0","0","36.0","244.9","30.0","30.0","1.80","0.1","-0.0","3.414","0.939","0.00","12.9","2.52","0"
"88.200","0.1435","13","0.0000","0.0000","-15.5935","94.8147","0.0000","30.3787","17.6100","0.1426","10000.0000","45.39079155","-75.69572333","37.1","13.2","876.5","79","1","79","1","0","-0.10","0.05","-0.99","-0.2","-0.1","-0.6","51.28","150.00","1460","6553.5","244.9","0","0","0","0","36.0","244.9","30.0","30.0","1.82","0.1","-0.0","3.398","0.940","0.00","12.9","2.52","0"
"88.250","0.1439","13","0.0000","0.0000","-19.1774","21.0871","0.0000","30.3884","17.8890","0.1363","10000.0000","45.39079152","-75.69572334","37.1","13.2","876.5","79","1","79","1","0","-0.08","0.05","-0.96","-0.2","-0.1","-0.6","51.41","158.47","1451","6553.5","244.9","0","0","0","0","36.0","244.9","30.0","30.0","1.88","0.1","-0.0","3.390","0.935","0.00","12.8","2.52","0"
"88.300","0.1154","13","0.0000","0.0000","-20.8717","-97.6903","0.0000","30.3988","17.7390","0.1313","10000.0000","45.39079149","-75.69572337","37.1","13.2","876.5","79","1","79","1","0","-0.09","0.02","-0.95","-0.3","-0.1","-0.6","51.55","156.61","1474","6553.5","244.7","0","0","0","0","36.0","244.7","30.0","30.0","2.00","0.1","-0.0","3.395","0.920","0.00","12.8","2.49","0"
"88.350","0.0947","13","0.0000","0.0000","-29.2932","-73.7096","0.0000","30.4040","17.5890","0.1263","10000.0000","45.39079146","-75.69572339","37.1","13.2","876.3","79","1","79","1","0","-0.01","0.02","-0.97","-0.3","-0.1","-0.5","51.68","152.48","1419","6553.5","244.5","0","0","0","0","36.0","244.5","30.0","30.0","1.98","0.1","-0.0","3.404","0.935","0.00","12.7","2.45","0"
"88.400","0.0767","13","0.0000","0.0000","-40.0782","0.4292","0.0000","30.4074","17.4390","0.1213","10000.0000","45.39079143","-75.69572341","37.1","13.2","876.5","79","1","79","1","0","-0.06","0.04","-0.98","-0.3","-0.1","-0.5","51.81","150.00","1317","6553.5","244.5","0","0","0","0","36.0","244.5","29.9","30.0","1.74","0.1","-0.0","3.416","0.969","0.00","12.7","2.45","0"
"88.450","0.0720","13","0.0000","0.0000","-43.8105","79.0143","0.0000","30.4166","17.2890","0.1274","10000.0000","45.39079139","-75.69572339","37.1","13.2","876.3","79","1","79","1","0","-0.08","0.03","-0.99","-0.3","-0.1","-0.5","51.94","150.00","1326","6553.5","244.4","0","0","0","0","36.0","244.4","29.9","30.0","1.64","0.1","-0.0","3.405","0.966","0.00","12.8","2.46","0"
"88.500","0.0720","13","0.0000","0.0000","-45.0647","159.1617","0.0000","30.4278","17.1390","0.1374","10000.0000","45.39079135","-75.69572336","37.1","13.2","876.5","79","1","79","1","0","-0.02","0.02","-0.99","-0.3","-0.1","-0.5","52.00","150.00","1360","6553.5","244.4","0","0","0","0","36.0","244.4","30.0","30.0","1.80","0.1","-0.0","3.389","0.956","0.00","12.8","2.43","0"
"88.550","0.0684","13","0.0000","0.0000","-45.1452","149.9570","0.0000","30.4339","17.0260","0.1363","10000.0000","45.39079132","-75.69572332","37.1","13.2","876.3","79","1","79","1","0","-0.03","0.01","-0.98","-0.3","-0.0","-0.5","51.90","150.00","1436","6553.5","244.5","0","0","0","0","36.0","244.5","30.0","30.0","1.87","0.1","-0.0","3.404","0.945","0.00","12.8","2.39","0"
"88.600","0.0636","13","0.0000","0.0000","-44.8134","109.3585","0.0000","30.4382","16.9260","0.1313","10000.0000","45.39079128","-75.69572327","37.1","13.2","876.5","79","1","79","1","0","0.03","0.01","-1.00","-0.3","-0.0","-0.6","51.80","150.00","1482","6553.5","244.6","0","0","0","0","36.0","244.6","30.0","30.0","1.80","0.1","-0.0","3.415","0.938","0.00","12.8","2.44","0"
"88.650","0.0719","13","0.0000","0.0000","-44.9186","33.1446","0.0000","30.4450","16.8260","0.1189","10000.0000","45.39079121","-75.69572324","37.1","13.2","876.8","79","1","79","1","0","0.12","0.02","-1.00","-0.3","-0.0","-0.6","51.71","158.36","1430","6553.5","244.7","0","0","0","0","36.0","244.7","29.9","30.0","1.81","0.1","-0.0","3.413","0.943","0.00","12.8","2.50","0"
"88.700","0.0848","13","0.0000","0.0000","-45.1773","-55.5827","0.0000","30.4526","16.7260","0.1039","10000.0000","45.39079114","-75.69572321","37.1","13.2","876.5","79","1","79","1","0","0.13","0.03","-1.00","-0.3","0.0","-0.6","51.61","160.00","1437","6553.5","244.7","0","0","0","0","36.0","244.7","29.9","30.0","1.93","0.1","-0.0","3.408","0.947","0.00","12.8","2.52","0"
"88.750","0.1121","13","0.0000","0.0000","-37.9948","-38.1613","0.0000","30.4584","16.6260","0.1111","10000.0000","45.39079109","-75.69572312","37.1","13.2","876.3","79","1","79","1","0","0.13","0.03","-1.00","-0.3","0.0","-0.6","51.51","146.09","1528","6553.5","244.7","0","0","0","0","36.0","244.7","29.9","30.0","1.96","0.1","-0.0","3.402","0.950","0.00","12.8","2.55","0"
"88.800","0.1443","13","0.0000","0.0000","-28.1978","16.5554","0.0000","30.4636","16.5260","0.1261","10000.0000","45.39079104","-75.69572301","37.1","13.2","876.5","79","1","79","1","0","0.12","0.02","-1.00","-0.3","-0.0","-0.6","51.42","129.12","1461","6553.5","244.6","0","0","0","0","36.0","244.6","29.9","30.0","1.83","0.1","-0.0","3.410","0.952","0.00","12.8","2.52","0"
"88.850","0.1461","13","0.0000","0.0000","-25.4255","60.6473","0.0000","30.4654","16.4260","0.1300","10000.0000","45.39079098","-75.69572295","37.1","13.2","876.3","79","1","79","1","0","0.06","0.04","-0.99","-0.3","-0.0","-0.5","51.32","112.50","1297","6553.5","244.5","0","0","0","0","36.0","244.5","30.0","30.0","1.73","0.1","-0.0","3.426","0.954","0.00","12.7","2.48","0"
"88.900","0.1370","13","0.0000","0.0000","-25.1213","101.0060","0.0000","30.4662","16.3260","0.1300","10000.0000","45.39079091","-75.69572290","37.1","13.2","876.5","79","1","79","1","0","-0.04","0.03","-0.97","-0.3","-0.0","-0.5","51.22","112.50","1425","6553.5","244.5","0","0","0","0","36.0","244.5","30.0","30.0","1.68","0.1","-0.0","3.412","0.955","0.00","12.7","2.45","0"
"88.950","0.1290","13","0.0000","0.0000","-26.6591","12.8546","0.0000","30.4694","16.2260","0.1337","10000.0000","45.39079082","-75.69572287","37.1","13.2","876.5","79","1","79","1","0","0.03","0.01","-0.96","-0.2","-0.1","-0.5","51.13","113.19","1610","6553.5","244.4","0","0","0","0","36.0","244.4","30.0","30.0","1.72","0.1","-0.0","3.392","0.957","0.00","12.8","2.42","0"
"89.000","0.1214","13","0.0000","0.0000","-28.8440","-120.4490","0.0000","30.4735","16.1260","0.1387","10000.0000","45.39079071","-75.69572284","37.1","13.2","876.5","79","1","79","1","0","0.01","0.00","-0.98","-0.2","-0.1","-0.5","51.03","113.87","1476","6553.5","244.2","0","0","0","0","36.0","244.2","30.0","30.0","1.89","0.1","-0.0","3.402","0.939","0.00","12.8","2.43","0"
"89.050","0.1173","13","0.0000","0.0000","-34.9808","-99.8613","0.0000","30.4784","16.0260","0.1326","10000.0000","45.39079065","-75.69572275","37.1","13.2","876.5","79","1","79","1","0","-0.07","0.01","-1.01","-0.2","-0.1","-0.5","50.93","175.24","1394","6553.5","244.0","0","0","0","0","36.0","244.0","30.0","30.0","1.93","0.1","-0.0","3.409","0.926","0.00","12.7","2.45","0"
"89.100","0.1146","13","0.0000","0.0000","-42.5060","-25.2035","0.0000","30.4835","15.9260","0.1226","10000.0000","45.39079061","-75.69572264","37.1","13.2","876.5","79","1","79","1","0","-0.03","0.01","-1.00","-0.3","-0.1","-0.6","50.84","266.67","1500","6553.5","244.1","0","0","0","0","36.0","244.1","30.0","30.0","1.74","0.1","-0.0","3.405","0.925","0.00","12.7","2.43","0"
"89.150","0.1117","13","0.0000","0.0000","-44.8060","62.9507","0.0000","30.4854","15.8260","0.1274","10000.0000","45.39079054","-75.69572258","37.1","13.2","876.5","79","1","79","1","0","-0.01","0.02","-1.00","-0.3","-0.1","-0.6","50.74","220.00","1508","6553.5","244.2","0","0","0","0","36.0","244.2","30.0","30.0","1.70","0.1","-0.0","3.398","0.925","0.00","12.8","2.41","0"
"89.200","0.1088","13","0.0000","0.0000","-45.2701","155.8470","0.0000","30.4861","15.7260","0.1374","10000.0000","45.39079047","-75.69572254","37.1","13.2","876.5","79","1","79","1","0","-0.07","0.03","-1.00","-0.3","-0.0","-0.6","50.64","171.81","1380","6553.5","243.9","0","0","0","0","36.0","243.9","30.0","30.0","1.91","0.1","-0.0","3.387","0.926","0.00","12.8","2.42","0"
"89.250","0.1102","13","0.0000","0.0000","-45.0474","111.2568","0.0000","30.4869","15.6630","0.1289","10000.0000","45.39079045","-75.69572248","37.1","13.2","876.3","79","1","79","1","0","0.00","0.02","-1.00","-0.3","0.0","-0.5","50.55","226.32","1487","6553.5","243.5","0","0","0","0","36.0","243.5","30.0","30.0","1.96","0.1","-0.0","3.365","0.928","0.00","12.7","2.43","0"
"89.300","0.1131","13","0.0000","0.0000","-44.5832","18.3605","0.0000","30.4878","15.6130","0.1139","10000.0000","45.39079044","-75.69572242","37.1","13.2","876.5","79","1","79","1","0","0.09","0.03","-1.00","-0.2","0.1","-0.5","50.45","266.67","1739","6553.5","243.6","0","0","0","0","36.0","243.6","30.0","30.0","1.76","0.1","-0.0","3.335","0.931","0.00","12.7","2.48","0"
"89.350","0.1117","13","0.0000","0.0000","-44.8060","62.9507","0.0000","30.4912","15.5630","0.1174","10000.0000","45.39079041","-75.69572237","37.1","13.2","876.3","79","1","79","1","0","0.12","0.04","-1.02","-0.2","0.0","-0.5","50.35","266.67","1561","6553.5","243.7","0","0","0","0","36.0","243.7","30.0","30.0","1.70","0.1","-0.0","3.381","0.938","0.00","12.8","2.53","0"
"89.400","0.1088","13","0.0000","0.0000","-45.2701","155.8470","0.0000","30.4954","15.5130","0.1274","10000.0000","45.39079037","-75.69572232","37.1","13.2","876.5","79","1","79","1","0","0.10","0.03","-1.02","-0.2","0.0","-0.5","50.26","250.76","1297","6553.5","243.6","0","0","0","0","36.0","243.6","30.0","30.0","1.89","0.1","-0.0","3.441","0.946","0.00","12.8","2.52","0"
"89.450","0.1007","13","0.0000","0.0000","-47.4083","139.6995","0.0000","30.4971","15.4260","0.1263","10000.0000","45.39079031","-75.69572227","37.1","13.2","876.2","79","1","79","1","0","0.13","0.02","-1.01","-0.2","0.0","-0.5","50.16","189.60","1396","6553.5","243.5","0","0","0","0","36.0","243.5","30.0","30.0","1.99","0.1","-0.0","3.428","0.929","0.00","12.8","2.50","0"
"89.500","0.0908","13","0.0000","0.0000","-50.1347","85.2394","0.0000","30.4978","15.3260","0.1213","10000.0000","45.39079024","-75.69572223","37.1","13.2","876.5","79","1","79","1","0","0.12","0.01","-1.00","-0.2","0.0","-0.5","50.06","134.31","1424","6553.5","243.4","0","0","0","0","36.0","243.4","30.0","30.0","1.97","0.1","-0.0","3.416","0.924","0.00","12.8","2.52","0"
"89.550","0.0786","13","0.0000","0.0000","-55.9705","16.2009","0.0000","30.5005","15.2630","0.1200","10000.0000","45.39079020","-75.69572223","37.1","13.2","876.5","79","1","79","1","0","0.09","0.02","-1.00","-0.2","0.0","-0.5","50.00","146.57","1197","6553.5","243.2","0","0","0","0","36.0","243.2","30.0","30.0","1.89","0.1","-0.0","3.407","0.960","0.00","12.7","2.55","0"
"89.600","0.0657","13","0.0000","0.0000","-62.8988","-57.9597","0.0000","30.5039","15.2130","0.1200","10000.0000","45.39079016","-75.69572224","37.1","13.2","876.5","79","1","79","1","0","0.05","0.02","-1.00","-0.2","0.0","-0.5","50.01","150.00","1193","6553.5","243.3","0","0","0","0","36.0","243.3","30.0","30.0","1.71","0.1","-0.0","3.401","0.968","0.00","12.7","2.52","0"
"89.650","0.0792","13","0.0000","0.0000","-56.6276","-41.3712","0.0000","30.5054","15.1630","0.1200","10000.0000","45.39079015","-75.69572220","37.1","13.2","876.0","79","1","79","1","0","-0.09","0.02","-0.98","-0.2","0.0","-0.5","50.01","190.00","1497","6553.5","243.5","0","0","0","0","36.0","243.5","30.0","30.0","1.68","0.1","-0.0","3.398","0.938","0.00","12.8","2.48","0"
"89.700","0.1021","13","0.0000","0.0000","-45.7187","7.1022","0.0000","30.5063","15.1130","0.1200","10000.0000","45.39079014","-75.69572214","37.1","13.2","876.5","79","1","79","1","0","-0.18","0.02","-0.97","-0.2","0.0","-0.6","50.02","245.56","1509","6553.5","243.5","0","0","0","0","36.0","243.5","30.0","30.0","1.86","0.1","-0.0","3.394","0.926","0.00","12.8","2.51","0"
"89.750","0.1161","13","0.0000","0.0000","-38.0206","64.8629","0.0000","30.5069","15.0260","0.1311","10000.0000","45.39079004","-75.69572210","37.1","13.2","876.5","79","1","79","1","0","-0.08","0.02","-0.98","-0.2","0.0","-0.6","50.03","181.05","1341","6553.5","243.4","0","0","0","0","36.0","243.4","29.9","30.0","1.93","0.1","-0.0","3.388","0.926","0.00","12.8","2.55","0"
"89.800","0.1270","13","0.0000","0.0000","-31.4506","125.8867","0.0000","30.5075","14.9260","0.1461","10000.0000","45.39078991","-75.69572207","37.1","13.2","876.5","79","1","79","1","0","0.07","0.01","-0.98","-0.2","0.0","-0.6","50.03","128.57","1443","6553.5","243.6","0","0","0","0","36.0","243.6","29.9","30.0","1.80","0.1","-0.0","3.410","0.917","0.00","12.8","2.55","0"
"89.850","0.1298","13","0.0000","0.0000","-29.1095","110.5181","0.0000","30.5133","14.8630","0.1426","10000.0000","45.39078982","-75.69572204","37.1","13.2","876.5","79","1","79","1","0","0.05","-0.00","-0.98","-0.2","0.0","-0.6","50.04","159.39","1596","6553.5","243.8","0","0","0","0","36.0","243.8","30.0","30.0","1.79","0.1","-0.0","3.438","0.908","0.00","12.8","2.55","0"
"89.900","0.1298","13","0.0000","0.0000","-28.2541","68.3089","0.0000","30.5210","14.8130","0.1326","10000.0000","45.39078975","-75.69572201","37.1","13.2","876.5","79","1","79","1","0","0.02","0.01","-0.99","-0.3","0.0","-0.5","50.04","209.09","1342","6553.5","243.5","0","0","0","0","36.0","243.5","30.0","30.0","1.98","0.1","-0.0","3.426","0.938","0.00","12.8","2.55","0"
"89.950","0.1547","13","0.0000","0.0000","-26.2206","37.2424","0.0000","30.5235","14.7630","0.1337","10000.0000","45.39078968","-75.69572197","37.1","13.2","876.5","79","1","79","1","0","-0.02","0.03","-1.01","-0.3","0.0","-0.5","50.05","149.71","1180","6553.5","243.2","0","0","0","0","36.0","243.2","30.0","30.0","2.04","0.1","-0.0","3.416","0.957","0.00","12.7","2.55","0"
"90.000","0.1884","13","0.0000","0.0000","-23.7732","10.0908","0.0000","30.5242","14.7130","0.1387","10000.0000","45.39078961","-75.69572192","37.1","13.2","876.5","79","1","79","1","0","-0.00","0.02","-1.01","-0.2","-0.0","-0.5","50.06","114.29","1343","6553.5","243.2","0","0","0","0","36.0","243.2","30.0","30.0","1.91","0.1","-0.0","3.414","0.932","0.00","12.7","2.54","0"
"90.050","0.1838","13","0.0000","0.0000","-27.1553","56.8498","0.0000","30.5223","14.6630","0.1437","10000.0000","45.39078952","-75.69572188","37.1","13.2","876.5","79","1","79","1","0","-0.08","0.02","-1.01","-0.2","-0.0","-0.5","50.06","126.07","1350","6553.5","243.2","0","0","0","0","36.0","243.2","30.0","30.0","1.80","0.1","-0.0","3.415","0.929","0.00","12.6","2.52","0"
"90.100","0.1657","13","0.0000","0.0000","-32.5857","129.5774","0.0000","30.5194","14.6130","0.1487","10000.0000","45.39078942","-75.69572183","37.1","13.2","876.5","79","1","79","1","0","-0.06","0.01","-1.00","-0.2","-0.0","-0.5","50.07","143.41","1141","6553.5","243.0","0","0","0","0","36.0","243.0","30.0","30.0","1.73","0.1","-0.0","3.419","0.954","0.00","12.6","2.47","0"
"90.150","0.1579","13","0.0000","0.0000","-29.1913","118.3697","0.0000","30.5219","14.5630","0.1426","10000.0000","45.39078941","-75.69572177","37.1","13.2","876.3","79","1","79","1","0","-0.03","0.02","-1.00","-0.2","-0.0","-0.5","50.07","150.00","1221","6553.5","242.8","0","0","0","0","36.0","242.8","30.0","30.0","1.75","0.1","-0.0","3.404","0.954","0.00","12.7","2.42","0"
"90.200","0.1538","13","0.0000","0.0000","-22.6964","77.6712","0.0000","30.5264","14.5130","0.1326","10000.0000","45.39078943","-75.69572171","37.1","13.2","876.0","79","1","79","1","0","0.03","0.03","-0.99","-0.2","-0.0","-0.6","50.08","150.00","1480","6553.5","242.8","0","0","0","0","36.0","242.8","29.9","30.0","1.91","0.1","-0.0","3.379","0.938","0.00","12.7","2.43","0"
"90.250","0.1260","13","0.0000","0.0000","-30.1031","-10.1767","0.0000","30.5300","14.4630","0.1263","10000.0000","45.39078941","-75.69572171","37.1","13.2","876.3","79","1","79","1","0","0.03","0.03","-0.99","-0.2","-0.0","-0.6","50.09","150.00","1493","6553.5","242.7","0","0","0","0","36.0","242.7","29.9","30.0","1.93","0.1","-0.0","3.386","0.949","0.00","12.8","2.45","0"
"90.300","0.0899","13","0.0000","0.0000","-42.3943","-114.5905","0.0000","30.5334","14.4130","0.1213","10000.0000","45.39078938","-75.69572172","37.1","13.2","876.5","79","1","79","1","0","-0.07","0.01","-0.98","-0.2","-0.0","-0.5","50.09","146.57","1454","6553.5","242.8","0","0","0","0","36.0","242.8","30.0","30.0","1.75","0.1","-0.0","3.400","0.965","0.00","12.8","2.44","0"
"90.350","0.0928","13","0.0000","0.0000","-42.9125","-31.2054","0.0000","30.5317","14.3630","0.1274","10000.0000","45.39078935","-75.69572173","37.1","13.2","876.3","79","1","79","1","0","-0.09","-0.00","-0.97","-0.2","-0.0","-0.5","50.10","141.04","1436","6553.5","243.0","0","0","0","0","36.0","243.0","30.0","30.0","1.69","0.1","-0.0","3.411","0.944","0.00","12.7","2.42","0"
"90.400","0.1095","13","0.0000","0.0000","-39.2942","118.1631","0.0000","30.5281","14.3130","0.1374","10000.0000","45.39078932","-75.69572173","37.1","13.2","876.5","79","1","79","1","0","-0.03","-0.01","-0.97","-0.3","-0.0","-0.5","50.10","137.50","1435","6553.5","243.2","0","0","0","0","36.0","243.2","30.0","30.0","1.83","0.1","-0.0","3.417","0.928","0.00","12.8","2.47","0"
"90.450","0.1015","13","0.0000","0.0000","-49.3140","112.2696","0.0000","30.5253","14.2630","0.1289","10000.0000","45.39078933","-75.69572167","37.1","13.2","876.3","79","1","79","1","0","-0.05","0.00","-0.98","-0.3","-0.0","-0.5","50.11","169.00","1490","6553.5","243.4","0","0","0","0","36.0","243.4","29.9","30.0","1.92","0.1","-0.1","3.402","0.926","0.00","12.9","2.53","0"
"90.500","0.0848","13","0.0000","0.0000","-64.1256","51.8246","0.0000","30.5228","14.2130","0.1139","10000.0000","45.39078935","-75.69572159","37.1","13.2","876.5","79","1","79","1","0","-0.06","0.02","-0.99","-0.3","-0.0","-0.5","50.12","257.66","1515","6553.5","243.6","0","0","0","0","36.0","243.6","29.9","30.0","1.93","0.1","-0.1","3.398","0.930","0.00","12.9","2.53","0"
"90.550","0.0640","13","0.0000","0.0000","-59.6199","89.3486","0.0000","30.5247","14.1630","0.1174","10000.0000","45.39078933","-75.69572158","37.1","13.2","876.5","79","1","79","1","0","-0.01","0.02","-1.01","-0.3","-0.0","-0.5","50.12","348.39","1500","6553.5","243.8","0","0","0","0","36.0","243.8","29.9","30.0","1.95","0.1","-0.0","3.409","0.941","0.00","12.8","2.53","0"
"90.600","0.0418","13","0.0000","0.0000","-48.3269","161.2942","0.0000","30.5281","14.1130","0.1274","10000.0000","45.39078930","-75.69572160","37.1","13.2","876.5","79","1","79","1","0","-0.01","0.04","-1.01","-0.3","0.0","-0.5","50.14","439.11","1502","6553.5","243.9","0","0","0","0","36.0","243.9","29.9","30.0","1.98","0.1","-0.0","3.406","0.938","0.00","12.8","2.52","0"
"90.650","0.0553","13","0.0000","0.0000","-47.8445","160.1003","0.0000","30.5289","14.0630","0.1300","10000.0000","45.39078930","-75.69572160","37.1","13.2","876.5","79","1","79","1","0","-0.02","0.05","-1.00","-0.3","0.0","-0.5","50.18","213.70","1516","6553.5","244.1","0","0","0","0","36.0","244.1","29.9","30.0","1.99","0.1","-0.0","3.396","0.927","0.00","12.8","2.50","0"
"90.700","0.0814","13","0.0000","0.0000","-51.1602","133.2089","0.0000","30.5289","14.0130","0.1300","10000.0000","45.39078930","-75.69572160","37.1","13.2","876.5","79","1","79","1","0","-0.05","0.03","-1.00","-0.3","0.0","-0.5","50.23","160.00","1444","6553.5","244.2","0","0","0","0","36.0","244.2","29.9","30.0","1.96","0.1","-0.0","3.395","0.926","0.00","12.8","2.50","0"
"90.750","0.0556","13","0.0000","0.0000","-32.7741","79.5168","0.0000","30.5289","14.0000","0.1300","10000.0000","45.39078930","-75.69572160","37.1","13.2","876.5","79","1","79","1","0","-0.07","0.02","-0.98","-0.3","0.0","-0.5","50.27","160.00","1355","6553.5","244.3","0","0","0","0","36.0","244.3","30.0","30.0","1.90","0.1","-0.0","3.397","0.928","0.00","12.7","2.50","0"
"90.800","0.0115","13","0.0000","0.0000","-6.7629","16.4082","0.0000","30.5289","14.0000","0.1300","10000.0000","45.39078930","-75.69572160","37.1","13.2","876.5","79","1","79","1","0","-0.07","0.02","-0.98","-0.3","-0.0","-0.5","50.31","160.00","1371","6553.5","244.1","0","0","0","0","36.0","244.1","30.0","30.0","1.78","0.1","-0.0","3.403","0.952","0.00","12.7","2.50","0"
"90.850","0.0000","13","0.0000","0.0000","0.0000","0.0000","0.0000","30.5289","13.9630","0.1300","10000.0000","45.39078930","-75.69572160","37.1","13.2","876.3","79","1","79","1","0","-0.08","0.04","-0.99","-0.2","0.0","-0.5","50.36","160.00","1397","6553.5","243.8","0","0","0","0","36.0","243.8","30.0","30.0","1.74","0.1","-0.0","3.409","0.965","0.00","12.6","2.49","0"
"90.900","0.0000","13","0.0000","0.0000","0.0000","0.0000","0.0000","30.5289","13.9130","0.1300","10000.0000","45.39078930","-75.69572160","37.1","13.2","876.5","79","1","79","1","0","-0.05","0.03","-1.00","-0.2","0.0","-0.6","50.40","160.00","1461","6553.5","243.9","0","0","0","0","36.0","243.9","30.0","30.0","1.81","0.1","-0.0","3.417","0.939","0.00","12.7","2.45","0"
"90.950","0.0942","13","0.0000","0.0000","-1.5083","-27.4131","0.0000","30.5250","14.9360","0.1300","10000.0000","45.39078928","-75.69572169","37.1","13.2","876.5","79","1","79","1","0","-0.01","0.01","-1.01","-0.2","0.0","-0.6","50.44","162.87","1521","6553.5","244.0","0","0","0","0","36.0","244.0","30.0","30.0","1.83","0.1","-0.0","3.418","0.927","0.00","12.8","2.41","0"
"91.000","0.2215","13","0.0000","0.0000","-3.5465","-64.4579","0.0000","30.5197","16.3360","0.1300","10000.0000","45.39078927","-75.69572182","37.1","13.2","876.5","79","1","79","1","0","0.01","0.01","-1.01","-0.2","-0.0","-0.6","50.48","170.85","1576","6553.5","244.1","0","0","0","0","36.0","244.1","29.9","30.0","1.77","0.1","-0.0","3.407","0.933","0.00","12.8","2.46","0"
"91.050","0.2214","13","0.0000","0.0000","-9.1999","-6.3529","0.0000","30.5182","16.5890","0.1337","10000.0000","45.39078922","-75.69572186","37.1","13.2","876.8","79","1","79","1","0","-0.08","0.02","-1.00","-0.2","-0.0","-0.6","50.53","149.67","1522","6553.5","244.3","0","0","0","0","36.0","244.3","29.9","30.0","1.79","0.1","-0.0","3.409","0.935","0.00","12.8","2.52","0"
"91.100","0.1766","13","0.0000","0.0000","-16.1235","85.1830","0.0000","30.5181","16.4390","0.1387","10000.0000","45.39078915","-75.69572188","37.1","13.2","876.5","79","1","79","1","0","-0.12","0.04","-0.99","-0.3","-0.0","-0.6","50.57","122.22","1401","6553.5","244.2","0","0","0","0","36.0","244.2","30.0","30.0","1.96","0.1","-0.0","3.418","0.934","0.00","12.8","2.45","0"
"91.150","0.1228","13","0.0000","0.0000","-40.8644","103.0241","0.0000","30.5174","16.3260","0.1363","10000.0000","45.39078914","-75.69572193","37.1","13.2","876.5","79","1","79","1","0","-0.04","0.02","-0.98","-0.3","-0.1","-0.5","50.61","130.76","1424","6553.5","244.0","0","0","0","0","36.0","244.0","30.0","30.0","2.02","0.1","-0.0","3.415","0.926","0.00","12.8","2.37","0"
"91.200","0.0657","13","0.0000","0.0000","-71.8654","94.9725","0.0000","30.5165","16.2260","0.1313","10000.0000","45.39078915","-75.69572199","37.1","13.2","876.5","79","1","79","1","0","0.00","0.01","-1.00","-0.3","-0.1","-0.5","50.66","158.05","1476","6553.5","244.1","0","0","0","0","36.0","244.1","30.0","30.0","1.89","0.1","-0.0","3.410","0.917","0.00","12.8","2.39","0"
"91.250","0.0819","13","0.0000","0.0000","-59.4227","90.8811","0.0000","30.5131","16.1260","0.1300","10000.0000","45.39078918","-75.69572204","37.1","13.2","876.5","79","1","79","1","0","0.05","0.03","-1.00","-0.3","-0.1","-0.5","50.70","195.66","1364","6553.5","244.2","0","0","0","0","36.0","244.2","30.0","30.0","1.85","0.1","-0.0","3.411","0.935","0.00","12.8","2.42","0"
"91.300","0.1238","13","0.0000","0.0000","-31.7161","88.1811","0.0000","30.5089","16.0260","0.1300","10000.0000","45.39078922","-75.69572209","37.1","13.2","876.0","79","1","79","1","0","0.02","0.04","-1.01","-0.3","-0.1","-0.5","50.74","212.24","1296","6553.5","244.4","0","0","0","0","35.5","244.4","30.0","30.0","1.94","0.1","-0.0","3.414","0.948","0.00","12.8","2.38","0"
"91.350","0.1146","13","0.0000","0.0000","-28.0219","110.0519","0.0000","30.5046","15.9260","0.1374","10000.0000","45.39078926","-75.69572213","37.1","13.2","876.5","79","1","79","1","0","-0.08","0.05","-1.00","-0.3","-0.1","-0.5","50.79","154.22","1389","6553.5","244.7","0","0","0","0","35.0","244.7","30.0","30.0","1.97","0.1","-0.0","3.427","0.944","0.00","12.8","2.34","0"
"91.400","0.0875","13","0.0000","0.0000","-32.7645","140.5556","0.0000","30.5003","15.8260","0.1474","10000.0000","45.39078930","-75.69572218","37.1","13.2","876.0","79","1","79","1","0","-0.11","0.04","-0.99","-0.2","-0.1","-0.6","50.83","124.93","1385","6553.5","244.5","0","0","0","0","35.0","244.5","30.0","30.0","1.89","0.1","-0.0","3.431","0.946","0.00","12.8","2.37","0"
"91.450","0.0949","13","0.0000","0.0000","-31.3896","91.9116","0.0000","30.4961","15.7260","0.1463","10000.0000","45.39078934","-75.69572222","37.1","13.2","876.5","79","1","79","1","0","-0.08","0.03","-0.98","-0.2","-0.0","-0.6","50.87","111.81","1248","6553.5","244.3","0","0","0","0","35.0","244.3","30.0","30.0","1.81","0.1","-0.0","3.425","0.954","0.00","12.8","2.40","0"
"91.500","0.1143","13","0.0000","0.0000","-27.8653","15.4589","0.0000","30.4918","15.6260","0.1413","10000.0000","45.39078938","-75.69572227","37.1","13.2","876.5","79","1","79","1","0","-0.03","0.01","-0.98","-0.2","0.0","-0.6","50.92","103.68","1255","6553.5","244.5","0","0","0","0","35.0","244.5","30.0","30.0","1.76","0.1","-0.0","3.414","0.949","0.00","12.8","2.43","0"
"91.550","0.1173","13","0.0000","0.0000","-30.3745","12.7881","0.0000","30.4908","15.5630","0.1326","10000.0000","45.39078943","-75.69572227","37.1","13.2","876.5","79","1","79","1","0","-0.02","-0.00","-0.98","-0.2","0.1","-0.6","50.96","140.44","1350","6553.5","244.7","0","0","0","0","35.0","244.7","30.0","30.0","1.73","0.1","-0.0","3.400","0.936","0.00","12.8","2.46","0"
"91.600","0.1146","13","0.0000","0.0000","-35.0036","36.0407","0.0000","30.4910","15.5130","0.1226","10000.0000","45.39078950","-75.69572225","37.1","13.2","876.5","79","1","79","1","0","-0.01","0.01","-0.99","-0.2","0.1","-0.6","51.00","150.00","1331","6553.5","244.7","0","0","0","0","35.0","244.7","30.0","30.0","1.76","0.1","-0.0","3.393","0.932","0.00","12.8","2.45","0"
"91.650","0.1043","13","0.0000","0.0000","-47.4173","15.7491","0.0000","30.4877","15.4260","0.1126","10000.0000","45.39078950","-75.69572230","37.1","13.2","876.8","79","1","79","1","0","-0.04","0.03","-1.00","-0.3","0.1","-0.6","51.01","150.00","1290","6553.5","244.7","0","0","0","0","35.0","244.7","30.0","30.0","1.78","0.1","-0.0","3.389","0.930","0.00","12.8","2.43","0"
"91.700","0.0915","13","0.0000","0.0000","-62.5662","-19.8417","0.0000","30.4833","15.3260","0.1026","10000.0000","45.39078947","-75.69572236","37.1","13.2","876.5","79","1","79","1","0","-0.00","0.02","-0.99","-0.3","0.0","-0.6","50.93","150.00","1418","6553.5","244.9","0","0","0","0","35.0","244.9","30.0","30.0","1.78","0.1","-0.0","3.396","0.940","0.00","12.8","2.45","0"
"91.750","0.0786","13","0.0000","0.0000","-58.4472","18.2270","0.0000","30.4821","15.2630","0.1111","10000.0000","45.39078947","-75.69572237","37.1","13.2","876.3","79","1","79","1","0","-0.02","0.04","-0.98","-0.3","-0.0","-0.6","50.86","150.00","1509","6553.5","245.2","0","0","0","0","35.0","245.2","30.0","30.0","1.81","0.1","-0.1","3.405","0.946","0.00","12.9","2.48","0"
"91.800","0.0657","13","0.0000","0.0000","-47.5583","82.1761","0.0000","30.4821","15.2130","0.1261","10000.0000","45.39078947","-75.69572237","37.1","13.2","876.5","79","1","79","1","0","0.02","0.03","-0.98","-0.3","-0.0","-0.6","50.79","150.00","1466","6553.5","245.1","0","0","0","0","35.0","245.1","30.0","30.0","1.91","0.1","-0.1","3.416","0.936","0.00","12.8","2.47","0"
"91.850","0.0719","13","0.0000","0.0000","-44.9186","33.1446","0.0000","30.4789","15.1260","0.1226","10000.0000","45.39078945","-75.69572242","37.1","13.2","876.5","79","1","79","1","0","0.03","0.03","-0.99","-0.3","-0.0","-0.6","50.71","173.25","1419","6553.5","244.9","0","0","0","0","35.0","244.9","30.0","30.0","1.91","0.1","-0.0","3.423","0.941","0.00","12.7","2.45","0"
"91.900","0.0848","13","0.0000","0.0000","-45.1773","-55.5827","0.0000","30.4744","15.0260","0.1126","10000.0000","45.39078942","-75.69572248","37.1","13.2","876.5","79","1","79","1","0","-0.09","0.04","-0.99","-0.3","-0.0","-0.6","50.64","210.75","1364","6553.5","244.8","0","0","0","0","35.0","244.8","30.0","30.0","1.77","0.1","-0.0","3.423","0.966","0.00","12.7","2.43","0"
"91.950","0.1344","13","0.0000","0.0000","-35.6198","-7.2690","0.0000","30.4738","14.9630","0.1211","10000.0000","45.39078937","-75.69572246","37.1","13.2","876.5","79","1","79","1","0","-0.07","0.03","-0.98","-0.3","-0.0","-0.6","50.57","155.25","1371","6553.5","244.6","0","0","0","0","35.0","244.6","30.0","30.0","1.70","0.1","-0.0","3.427","0.967","0.00","12.8","2.40","0"
"92.000","0.1968","13","0.0000","0.0000","-22.6133","89.1941","0.0000","30.4745","14.9130","0.1361","10000.0000","45.39078930","-75.69572242","37.1","13.2","876.5","79","1","79","1","0","0.01","0.04","-1.00","-0.3","0.0","-0.6","50.50","112.50","1415","6553.5","244.6","0","0","0","0","35.0","244.6","30.0","30.0","1.76","0.1","-0.0","3.433","0.954","0.00","12.8","2.39","0"
"92.050","0.2071","13","0.0000","0.0000","-24.1296","45.9779","0.0000","30.4689","14.8630","0.1326","10000.0000","45.39078928","-75.69572244","37.1","13.2","876.3","79","1","79","1","0","0.01","0.04","-1.00","-0.3","0.0","-0.5","50.42","122.46","1410","6553.5","244.6","0","0","0","0","35.0","244.6","30.0","30.0","1.82","0.1","-0.0","3.424","0.945","0.00","12.8","2.37","0"
"92.100","0.1992","13","0.0000","0.0000","-30.7486","-46.3149","0.0000","30.4611","14.8130","0.1226","10000.0000","45.39078929","-75.69572249","37.1","13.2","876.5","79","1","79","1","0","0.01","0.03","-0.98","-0.2","-0.0","-0.5","50.35","151.74","1397","6553.5","244.6","0","0","0","0","35.0","244.6","30.0","30.0","1.85","0.1","-0.0","3.411","0.936","0.00","12.8","2.36","0"
"92.150","0.2030","13","0.0000","0.0000","-27.5715","-2.0144","0.0000","30.4571","14.7630","0.1274","10000.0000","45.39078926","-75.69572245","37.1","13.2","876.5","79","1","79","1","0","0.01","0.02","-0.99","-0.2","-0.1","-0.5","50.28","189.12","1478","6553.5","244.7","0","0","0","0","35.0","244.7","30.0","30.0","1.85","0.1","-0.0","3.406","0.931","0.00","12.7","2.34","0"
"92.200","0.2109","13","0.0000","0.0000","-20.9526","90.2784","0.0000","30.4544","14.7130","0.1374","10000.0000","45.39078922","-75.69572239","37.1","13.2","876.5","79","1","79","1","0","-0.05","0.02","-0.99","-0.3","-0.1","-0.5","50.20","222.18","1537","6553.5","244.8","0","0","0","0","35.0","244.8","30.0","30.0","1.79","0.1","-0.0","3.402","0.930","0.00","12.7","2.44","0"
"92.250","0.1891","13","0.0000","0.0000","-24.4407","108.7071","0.0000","30.4536","14.6630","0.1363","10000.0000","45.39078917","-75.69572239","37.1","13.2","876.3","79","1","79","1","0","-0.07","0.01","-0.97","-0.3","-0.1","-0.5","50.13","151.61","1512","6553.5","245.0","0","0","0","0","35.0","245.0","30.0","30.0","1.78","0.1","-0.0","3.396","0.945","0.00","12.7","2.54","0"
"92.300","0.1568","13","0.0000","0.0000","-31.4799","101.1835","0.0000","30.4534","14.6130","0.1313","10000.0000","45.39078910","-75.69572240","37.1","13.2","876.5","79","1","79","1","0","-0.07","0.01","-0.97","-0.3","-0.1","-0.5","50.06","164.63","1515","6553.5","245.0","0","0","0","0","35.0","245.0","30.0","30.0","1.86","0.1","-0.0","3.395","0.947","0.00","12.8","2.49","0"
"92.350","0.1356","13","0.0000","0.0000","-37.4365","60.3700","0.0000","30.4506","14.5260","0.1263","10000.0000","45.39078902","-75.69572242","37.1","13.2","876.5","79","1","79","1","0","-0.03","0.01","-0.97","-0.3","-0.1","-0.5","49.99","198.55","1555","6553.5","244.9","0","0","0","0","35.0","244.9","30.0","30.0","1.92","0.1","-0.0","3.401","0.931","0.00","12.9","2.42","0"
"92.400","0.1183","13","0.0000","0.0000","-43.0128","7.8601","0.0000","30.4469","14.4260","0.1213","10000.0000","45.39078892","-75.69572243","37.1","13.2","876.5","79","1","79","1","0","-0.05","0.02","-0.97","-0.3","-0.1","-0.5","49.91","211.44","1471","6553.5","244.9","0","0","0","0","35.0","244.9","30.0","30.0","1.95","0.1","-0.0","3.401","0.931","0.00","12.9","2.47","0"
"92.450","0.1117","13","0.0000","0.0000","-50.3999","32.5413","0.0000","30.4483","14.3630","0.1200","10000.0000","45.39078883","-75.69572246","37.1","13.2","876.5","79","1","79","1","0","-0.08","0.03","-0.96","-0.3","-0.0","-0.5","49.84","149.82","1312","6553.5","244.8","0","0","0","0","35.0","244.8","30.0","30.0","1.90","0.1","-0.0","3.398","0.940","0.00","12.8","2.53","0"
"92.500","0.1088","13","0.0000","0.0000","-58.4232","84.3436","0.0000","30.4516","14.3130","0.1200","10000.0000","45.39078874","-75.69572249","37.1","13.2","876.5","79","1","79","1","0","-0.08","0.02","-0.96","-0.3","0.0","-0.5","49.77","141.38","1350","6553.5","244.8","0","0","0","0","35.0","244.8","30.0","30.0","1.74","0.1","-0.0","3.401","0.942","0.00","12.8","2.47","0"
"92.550","0.1161","13","0.0000","0.0000","-49.1256","114.0703","0.0000","30.4515","14.2630","0.1311","10000.0000","45.39078863","-75.69572257","37.1","13.2","876.5","79","1","79","1","0","-0.04","0.01","-0.99","-0.3","0.0","-0.5","49.69","146.22","1432","6553.5","244.8","0","0","0","0","35.0","244.8","30.0","30.0","1.68","0.1","-0.0","3.405","0.941","0.00","12.8","2.41","0"
"92.600","0.1270","13","0.0000","0.0000","-33.7421","136.0406","0.0000","30.4504","14.2130","0.1461","10000.0000","45.39078851","-75.69572266","37.1","13.2","876.5","79","1","79","1","0","-0.01","0.01","-0.99","-0.3","0.0","-0.5","49.62","150.00","1462","6553.5","245.1","0","0","0","0","35.0","245.1","30.0","30.0","1.77","0.1","-0.0","3.412","0.935","0.00","12.8","2.40","0"
"92.650","0.1367","13","0.0000","0.0000","-26.1146","56.0115","0.0000","30.4525","14.2000","0.1426","10000.0000","45.39078841","-75.69572271","37.1","13.2","876.3","79","1","79","1","0","0.01","0.01","-0.98","-0.2","-0.0","-0.5","49.55","150.00","1457","6553.5","245.4","0","0","0","0","35.0","245.4","30.0","30.0","1.84","0.1","-0.0","3.418","0.931","0.00","12.8","2.39","0"
"92.700","0.1460","13","0.0000","0.0000","-21.2121","-59.8553","0.0000","30.4557","14.2000","0.1326","10000.0000","45.39078831","-75.69572274","37.1","13.2","876.0","79","1","79","1","0","0.02","0.02","-1.00","-0.2","-0.0","-0.6","49.52","150.00","1327","6553.5","245.4","0","0","0","0","35.0","245.4","30.0","30.0","1.85","0.1","-0.0","3.419","0.935","0.00","12.8","2.44","0"
"92.750","0.1434","13","0.0000","0.0000","-18.1936","-38.9612","0.0000","30.4564","14.1630","0.1374","10000.0000","45.39078824","-75.69572276","37.1","13.2","876.3","79","1","79","1","0","0.00","0.02","-1.01","-0.2","-0.0","-0.6","49.58","153.47","1306","6553.5","245.4","0","0","0","0","35.0","245.4","30.0","30.0","1.83","0.1","-0.0","3.418","0.942","0.00","12.8","2.49","0"
"92.800","0.1365","13","0.0000","0.0000","-15.8370","29.9841","0.0000","30.4563","14.1130","0.1474","10000.0000","45.39078818","-75.69572278","37.1","13.2","876.5","79","1","79","1","0","-0.04","0.02","-1.00","-0.2","-0.0","-0.5","49.65","157.50","1433","6553.5","245.5","0","0","0","0","35.0","245.5","30.0","30.0","1.75","0.1","-0.0","3.412","0.952","0.00","12.8","2.52","0"
"92.850","0.1290","13","0.0000","0.0000","-20.4738","-27.2067","0.0000","30.4554","14.0630","0.1500","10000.0000","45.39078808","-75.69572285","37.1","13.2","876.8","79","1","79","1","0","-0.07","0.01","-0.99","-0.2","-0.0","-0.5","49.71","148.06","1440","6553.5","245.6","0","0","0","0","35.0","245.6","30.0","30.0","1.72","0.1","-0.0","3.379","0.958","0.00","12.8","2.55","0"
"92.900","0.1214","13","0.0000","0.0000","-27.5677","-128.7157","0.0000","30.4542","14.0130","0.1500","10000.0000","45.39078796","-75.69572294","37.1","13.2","876.5","79","1","79","1","0","-0.08","0.00","-0.99","-0.2","0.0","-0.5","49.77","128.57","1371","6553.5","245.7","0","0","0","0","35.0","245.7","30.0","30.0","1.79","0.1","-0.0","3.329","0.961","0.00","12.8","2.53","0"
"92.950","0.0983","13","0.0000","0.0000","-35.0787","-61.1610","0.0000","30.4539","13.9630","0.1426","10000.0000","45.39078793","-75.69572297","37.1","13.2","876.5","79","1","79","1","0","-0.12","0.02","-0.98","-0.2","0.0","-0.5","49.83","155.90","1431","6553.5","245.8","0","0","0","0","35.0","245.8","30.0","30.0","1.83","0.1","-0.0","3.367","0.952","0.00","12.8","2.51","0"
"93.000","0.0698","13","0.0000","0.0000","-42.7362","65.7944","0.0000","30.4539","13.9130","0.1326","10000.0000","45.39078793","-75.69572297","37.1","13.2","876.5","79","1","79","1","0","-0.10","0.02","-0.98","-0.2","0.0","-0.5","49.90","227.83","1516","6553.5","245.9","0","0","0","0","35.0","245.9","30.0","30.0","1.82","0.1","-0.0","3.423","0.939","0.00","12.8","2.48","0"
"93.050","0.0792","13","0.0000","0.0000","-44.9727","128.8458","0.0000","30.4511","13.9000","0.1374","10000.0000","45.39078786","-75.69572298","37.1","13.2","876.3","79","1","79","1","0","-0.10","0.03","-0.98","-0.3","0.0","-0.5","49.96","208.40","1417","6553.5","246.0","0","0","0","0","35.0","246.0","30.0","30.0","1.81","0.1","-0.0","3.429","0.934","0.00","12.8","2.45","0"
"93.100","0.1021","13","0.0000","0.0000","-45.3045","169.4444","0.0000","30.4474","13.9000","0.1474","10000.0000","45.39078777","-75.69572300","37.1","13.2","876.5","79","1","79","1","0","-0.10","0.03","-0.98","-0.3","0.0","-0.5","50.02","140.00","1347","6553.5","246.0","0","0","0","0","35.0","246.0","30.0","30.0","1.81","0.1","-0.0","3.427","0.931","0.00","12.8","2.43","0"
"93.150","0.1080","13","0.0000","0.0000","-41.8634","156.3259","0.0000","30.4463","13.8630","0.1500","10000.0000","45.39078770","-75.69572301","37.1","13.2","876.5","79","1","79","1","0","-0.11","0.02","-0.98","-0.3","-0.0","-0.5","50.08","144.60","1385","6553.5","246.1","0","0","0","0","35.0","246.1","30.0","30.0","1.82","0.1","-0.0","3.402","0.931","0.00","12.8","2.40","0"
"93.200","0.1080","13","0.0000","0.0000","-37.0966","124.3338","0.0000","30.4462","13.8130","0.1500","10000.0000","45.39078763","-75.69572303","37.1","13.2","876.5","79","1","79","1","0","-0.06","0.02","-0.99","-0.2","-0.0","-0.5","50.15","150.00","1384","6553.5","246.0","0","0","0","0","35.0","246.0","30.0","30.0","1.85","0.1","-0.0","3.389","0.930","0.00","12.8","2.37","0"
"93.250","0.1179","13","0.0000","0.0000","-37.3996","98.7097","0.0000","30.4435","13.7630","0.1426","10000.0000","45.39078759","-75.69572303","37.1","13.2","876.5","79","1","79","1","0","0.06","0.02","-1.02","-0.2","0.0","-0.5","50.21","150.00","1328","6553.5","245.8","0","0","0","0","35.0","245.8","30.0","30.0","1.84","0.1","-0.0","3.393","0.929","0.00","12.7","2.34","0"
"93.300","0.1312","13","0.0000","0.0000","-39.4838","75.3229","0.0000","30.4399","13.7130","0.1326","10000.0000","45.39078756","-75.69572303","37.1","13.2","876.5","79","1","79","1","0","0.03","0.03","-1.02","-0.2","0.0","-0.5","50.27","145.18","1294","6553.5","245.7","0","0","0","0","35.0","245.7","30.0","30.0","1.77","0.1","-0.0","3.398","0.929","0.00","12.7","2.37","0"
"93.350","0.1444","13","0.0000","0.0000","-37.7953","98.5627","0.0000","30.4362","13.7000","0.1374","10000.0000","45.39078748","-75.69572304","37.1","13.2","876.5","79","1","79","1","0","-0.05","0.02","-0.99","-0.2","0.0","-0.5","50.33","131.79","1272","6553.5","245.6","0","0","0","0","35.0","245.6","30.0","30.0","1.72","0.1","-0.0","3.405","0.931","0.00","12.8","2.40","0"
"93.400","0.1576","13","0.0000","0.0000","-34.7813","138.1848","0.0000","30.4325","13.7000","0.1474","10000.0000","45.39078739","-75.69572306","37.1","13.2","876.5","79","1","79","1","0","-0.11","0.01","-0.98","-0.3","0.0","-0.5","50.40","175.43","1275","6553.5","245.7","0","0","0","0","35.0","245.7","30.0","30.0","1.70","0.1","-0.0","3.411","0.933","0.00","12.8","2.40","0"
"93.450","0.2011","13","0.0000","0.0000","-30.4881","125.9138","0.0000","30.4296","13.6630","0.1463","10000.0000","45.39078734","-75.69572302","37.1","13.2","876.5","79","1","79","1","0","-0.12","0.02","-0.98","-0.3","0.0","-0.5","50.46","237.07","1284","6553.5","245.8","0","0","0","0","35.0","245.8","30.0","30.0","1.71","0.1","-0.0","3.418","0.935","0.00","12.8","2.39","0"
"93.500","0.2553","13","0.0000","0.0000","-25.7454","95.4101","0.0000","30.4269","13.6130","0.1413","10000.0000","45.39078730","-75.69572296","37.1","13.2","876.5","79","1","79","1","0","-0.08","0.02","-0.97","-0.3","-0.0","-0.5","50.52","266.67","1328","6553.5","245.9","0","0","0","0","35.0","245.9","30.0","30.0","1.75","0.1","-0.0","3.406","0.949","0.00","12.8","2.44","0"
"93.550","0.2389","13","0.0000","0.0000","-27.0527","118.2466","0.0000","30.4312","13.5630","0.1474","10000.0000","45.39078724","-75.69572296","37.1","13.2","876.5","79","1","79","1","0","-0.02","0.01","-0.97","-0.3","-0.1","-0.5","50.58","211.20","1350","6553.5","246.1","0","0","0","0","35.0","246.1","30.0","30.0","1.79","0.1","-0.0","3.399","0.960","0.00","12.8","2.49","0"
"93.600","0.1978","13","0.0000","0.0000","-30.4857","159.8241","0.0000","30.4380","13.5130","0.1574","10000.0000","45.39078718","-75.69572299","37.1","13.2","876.5","79","1","79","1","0","0.01","0.01","-0.98","-0.3","-0.1","-0.5","50.65","155.00","1293","6553.5","246.2","0","0","0","0","35.0","246.2","30.0","30.0","1.83","0.1","-0.0","3.412","0.964","0.00","12.8","2.51","0"
"93.650","0.1505","13","0.0000","0.0000","-45.0846","60.6076","0.0000","30.4365","13.5000","0.1415","10000.0000","45.39078714","-75.69572305","37.1","13.2","876.8","79","1","79","1","0","-0.03","0.02","-0.97","-0.3","-0.1","-0.5","50.71","145.38","1281","6553.5","246.4","0","0","0","0","35.0","246.4","30.0","30.0","1.83","0.1","-0.0","3.423","0.962","0.00","12.8","2.53","0"
"93.700","0.1010","13","0.0000","0.0000","-63.6067","-88.0773","0.0000","30.4321","13.5000","0.1165","10000.0000","45.39078712","-75.69572311","37.1","13.2","877.0","79","1","79","1","0","-0.01","0.01","-0.97","-0.3","-0.1","-0.5","50.77","134.75","1332","6553.5","246.4","0","0","0","0","35.0","246.4","30.0","30.0","1.77","0.1","-0.0","3.430","0.952","0.00","12.8","2.53","0"
"93.750","0.1776","13","0.0000","0.0000","-49.7379","-39.5198","0.0000","30.4341","13.4630","0.1248","10000.0000","45.39078709","-75.69572309","37.1","13.2","876.8","79","1","79","1","0","0.00","0.02","-0.99","-0.3","-0.0","-0.5","50.66","119.48","1292","6553.5","246.4","0","0","0","0","35.0","246.4","30.0","30.0","1.74","0.1","-0.0","3.424","0.955","0.00","12.7","2.53","0"
"93.800","0.2985","13","0.0000","0.0000","-24.4885","78.3391","0.0000","30.4384","13.4130","0.1448","10000.0000","45.39078705","-75.69572305","37.1","13.2","877.0","79","1","79","1","0","0.01","0.01","-1.01","-0.3","0.0","-0.6","50.22","124.03","1197","6553.5","246.4","0","0","0","0","35.0","246.4","30.0","30.0","1.76","0.1","-0.0","3.410","0.966","0.00","12.7","2.48","0"
"93.850","0.2377","13","0.0000","0.0000","-28.1602","16.2158","0.0000","30.4445","13.4000","0.1426","10000.0000","45.39078699","-75.69572306","37.1","13.2","877.0","79","1","79","1","0","0.02","0.01","-1.01","-0.3","0.0","-0.6","49.77","138.78","1202","6553.5","246.4","0","0","0","0","35.0","246.4","30.0","30.0","1.76","0.1","-0.0","3.370","0.968","0.00","12.8","2.43","0"
"93.900","0.1129","13","0.0000","0.0000","-41.9934","-109.1444","0.0000","30.4513","13.4000","0.1326","10000.0000","45.39078693","-75.69572309","37.1","13.2","876.5","79","1","79","1","0","0.04","0.01","-0.99","-0.3","0.0","-0.6","49.33","151.69","1229","6553.5","246.4","0","0","0","0","35.0","246.4","30.0","30.0","1.71","0.1","-0.0","3.326","0.969","0.00","12.8","2.43","0"
"93.950","0.1072","13","0.0000","0.0000","-41.1107","-148.4579","0.0000","30.4505","13.3630","0.1374","10000.0000","45.39078689","-75.69572310","37.1","13.2","876.5","79","1","79","1","0","0.03","0.01","-0.98","-0.3","-0.0","-0.6","48.89","158.73","1282","6553.5","246.3","0","0","0","0","35.0","246.3","30.0","30.0","1.70","0.1","-0.0","3.379","0.962","0.00","12.8","2.43","0"
"94.000","0.1433","13","0.0000","0.0000","-35.0576","-157.5387","0.0000","30.4469","13.3130","0.1474","10000.0000","45.39078686","-75.69572310","37.1","13.2","877.0","79","1","79","1","0","0.04","0.02","-0.99","-0.3","0.0","-0.6","48.44","160.00","1312","6553.5","246.3","0","0","0","0","35.0","246.3","30.0","30.0","1.75","0.1","0.0","3.418","0.957","0.00","12.8","2.43","0"
"94.050","0.1339","13","0.0000","0.0000","-50.6673","-66.3716","0.0000","30.4433","13.3000","0.1352","10000.0000","45.39078683","-75.69572310","37.1","13.2","877.3","79","1","79","1","0","0.02","0.02","-0.99","-0.3","0.0","-0.6","48.00","138.23","1261","6553.5","246.4","0","0","0","0","35.0","246.4","30.1","30.0","1.78","0.1","-0.0","3.406","0.961","0.00","12.8","2.42","0"
"94.100","0.1084","13","0.0000","0.0000","-73.8882","60.0178","0.0000","30.4398","13.3000","0.1152","10000.0000","45.39078679","-75.69572310","37.1","13.2","877.0","79","1","79","1","0","0.02","0.01","-1.00","-0.2","0.0","-0.5","47.56","111.68","1251","6553.5","246.3","0","0","0","0","35.0","246.3","30.1","30.0","1.77","0.1","-0.0","3.406","0.959","0.00","12.8","2.44","0"
"94.150","0.1083","13","0.0000","0.0000","-61.2356","1.1238","0.0000","30.4441","13.2630","0.1211","10000.0000","45.39078683","-75.69572310","37.1","13.2","877.0","79","1","79","1","0","0.10","0.01","-1.01","-0.2","0.0","-0.5","47.11","166.04","1297","6553.5","246.2","0","0","0","0","35.0","246.2","30.1","30.0","1.76","0.1","-0.0","3.420","0.949","0.00","12.8","2.46","0"
"94.200","0.1171","13","0.0000","0.0000","-35.9789","-122.8697","0.0000","30.4512","13.2130","0.1361","10000.0000","45.39078690","-75.69572310","37.1","13.2","877.0","79","1","79","1","0","0.00","0.02","-0.99","-0.2","0.0","-0.5","46.67","225.00","1312","6553.5","246.3","0","0","0","0","35.0","246.3","30.1","30.0","1.76","0.1","-0.0","3.415","0.937","0.00","12.8","2.46","0"
"94.250","0.1444","13","0.0000","0.0000","-30.1396","-34.5833","0.0000","30.4473","13.2000","0.1437","10000.0000","45.39078692","-75.69572313","37.1","13.2","877.0","79","1","79","1","0","-0.09","0.02","-0.97","-0.2","0.0","-0.5","46.23","199.35","1308","6553.5","246.4","0","0","0","0","35.0","246.4","30.1","30.0","1.77","0.1","-0.0","3.400","0.923","0.00","12.8","2.45","0"
"94.300","0.1783","13","0.0000","0.0000","-31.1226","128.2878","0.0000","30.4395","13.2000","0.1487","10000.0000","45.39078693","-75.69572318","37.1","13.2","877.0","79","1","79","1","0","-0.02","0.02","-0.99","-0.2","0.0","-0.6","45.78","148.06","1394","6553.5","246.4","0","0","0","0","35.0","246.4","30.1","30.0","1.79","0.1","-0.0","3.399","0.923","0.00","12.8","2.48","0"
"94.350","0.2062","13","0.0000","0.0000","-27.3162","119.8493","0.0000","30.4402","13.1630","0.1463","10000.0000","45.39078700","-75.69572318","37.1","13.2","876.8","79","1","79","1","0","0.06","0.02","-1.00","-0.3","0.0","-0.6","45.34","128.57","1495","6553.5","246.4","0","0","0","0","35.0","246.4","30.1","30.0","1.82","0.1","-0.1","3.402","0.925","0.00","12.7","2.52","0"
"94.400","0.2321","13","0.0000","0.0000","-21.8269","51.2208","0.0000","30.4439","13.1130","0.1413","10000.0000","45.39078709","-75.69572316","37.1","13.2","877.0","79","1","79","1","0","0.06","0.01","-0.99","-0.3","0.0","-0.6","44.90","128.57","1363","6553.5","246.4","0","0","0","0","35.0","246.4","30.1","30.0","1.85","0.1","-0.0","3.396","0.933","0.00","12.7","2.53","0"
"94.450","0.1926","13","0.0000","0.0000","-21.3388","-13.5439","0.0000","30.4469","13.1000","0.1326","10000.0000","45.39078714","-75.69572320","37.1","13.2","877.0","79","1","79","1","0","0.01","0.02","-0.99","-0.3","0.0","-0.6","44.45","296.86","1279","6553.5","246.5","0","0","0","0","35.0","246.5","30.1","30.0","1.84","0.1","-0.0","3.395","0.942","0.00","12.8","2.54","0"
"94.500","0.1301","13","0.0000","0.0000","-22.6079","-76.9511","0.0000","30.4495","13.1000","0.1226","10000.0000","45.39078718","-75.69572327","37.1","13.2","877.5","79","1","79","1","0","-0.01","0.03","-0.98","-0.3","0.0","-0.6","44.01","332.39","1368","6553.5","246.5","0","0","0","0","35.0","246.5","30.0","30.0","1.73","0.1","-0.0","3.408","0.955","0.00","12.8","2.48","0"
"94.550","0.1138","13","0.0000","0.0000","-27.8475","-43.2933","0.0000","30.4504","13.0630","0.1200","10000.0000","45.39078724","-75.69572327","37.1","13.2","876.8","79","1","79","1","0","-0.01","0.04","-0.99","-0.3","0.0","-0.5","43.57","223.34","1385","6553.5","246.5","0","0","0","0","35.0","246.5","30.0","30.0","1.68","0.1","-0.0","3.414","0.958","0.00","12.7","2.41","0"
"94.600","0.1138","13","0.0000","0.0000","-34.4821","24.4683","0.0000","30.4505","13.0130","0.1200","10000.0000","45.39078730","-75.69572325","37.1","13.2","877.0","79","1","79","1","0","-0.04","0.04","-1.00","-0.3","0.0","-0.5","43.12","114.29","1303","6553.5","246.5","0","0","0","0","35.0","246.5","30.1","30.0","1.71","0.1","-0.0","3.411","0.946","0.00","12.7","2.39","0"
"94.650","0.1117","13","0.0000","0.0000","-36.0776","69.4403","0.0000","30.4480","13.0000","0.1237","10000.0000","45.39078734","-75.69572324","37.1","13.2","877.0","79","1","79","1","0","-0.13","0.01","-0.99","-0.3","0.0","-0.5","42.68","144.05","1327","6553.5","246.6","0","0","0","0","35.0","246.6","30.1","30.0","1.75","0.1","-0.0","3.410","0.947","0.00","12.8","2.38","0"
"94.700","0.1088","13","0.0000","0.0000","-35.9027","106.4051","0.0000","30.4446","13.0000","0.1287","10000.0000","45.39078737","-75.69572322","37.1","13.2","877.0","79","1","79","1","0","-0.14","-0.01","-0.97","-0.3","0.0","-0.5","42.24","161.02","1415","6553.5","246.4","0","0","0","0","34.5","246.4","30.1","30.0","1.83","0.1","-0.0","3.411","0.957","0.00","12.7","2.39","0"
"94.750","0.1230","13","0.0000","0.0000","-37.5507","133.0357","0.0000","30.4438","12.9630","0.1411","10000.0000","45.39078738","-75.69572322","37.1","13.2","876.8","79","1","79","1","0","-0.09","-0.02","-0.96","-0.3","0.0","-0.6","41.79","174.79","1373","6553.5","246.2","0","0","0","0","34.0","246.2","30.1","30.0","1.82","0.1","-0.0","3.409","0.954","0.00","12.6","2.40","0"
"94.800","0.1432","13","0.0000","0.0000","-39.8392","156.0353","0.0000","30.4438","12.9130","0.1561","10000.0000","45.39078738","-75.69572322","37.1","13.2","877.0","79","1","79","1","0","-0.00","0.00","-0.98","-0.3","0.0","-0.6","41.31","183.33","1304","6553.5","246.2","0","0","0","0","34.0","246.2","30.1","30.0","1.69","0.1","-0.0","3.406","0.949","0.00","12.7","2.41","0"
"94.850","0.1667","13","0.0000","0.0000","-30.1998","141.5974","0.0000","30.4464","12.9000","0.1525","10000.0000","45.39078741","-75.69572322","37.1","13.2","877.0","79","1","79","1","0","-0.03","0.03","-1.00","-0.3","0.0","-0.6","40.76","199.17","1355","6553.5","246.3","0","0","0","0","34.0","246.3","30.0","30.0","1.67","0.1","-0.0","3.398","0.953","0.00","12.8","2.42","0"
"94.900","0.1913","13","0.0000","0.0000","-16.3694","114.0057","0.0000","30.4500","12.9000","0.1424","10000.0000","45.39078744","-75.69572322","37.1","13.2","877.0","79","1","79","1","0","-0.03","0.02","-1.00","-0.3","0.1","-0.6","40.20","215.28","1398","6553.5","246.3","0","0","0","0","34.0","246.3","30.0","30.0","1.83","0.1","-0.0","3.391","0.954","0.00","12.8","2.45","0"
"94.950","0.2190","13","0.0000","0.0000","-12.5995","53.7068","0.0000","30.4555","12.9000","0.1438","10000.0000","45.39078745","-75.69572328","37.1","13.2","877.2","79","1","79","1","0","-0.07","0.03","-0.99","-0.3","0.1","-0.6","39.65","189.69","1414","6553.5","246.2","0","0","0","0","34.0","246.2","30.1","30.0","1.89","0.1","-0.0","3.386","0.937","0.00","12.7","2.48","0"
"95.000","0.2477","13","0.0000","0.0000","-12.0067","-16.9205","0.0000","30.4616","12.9000","0.1488","10000.0000","45.39078746","-75.69572335","37.1","13.2","877.0","79","1","79","1","0","-0.08","0.04","-0.97","-0.3","0.1","-0.6","39.09","164.09","1431","6553.5","246.2","0","0","0","0","34.0","246.2","30.1","30.0","1.79","0.1","-0.0","3.385","0.928","0.00","12.7","2.47","0"
"95.050","0.1989","13","0.0000","0.0000","-24.6045","47.3999","0.0000","30.4604","12.8620","0.1462","10000.0000","45.39078744","-75.69572337","37.1","13.2","877.0","79","1","79","1","0","-0.03","0.03","-0.96","-0.3","0.1","-0.5","38.54","160.00","1451","6553.5","246.1","0","0","0","0","34.0","246.1","30.0","30.0","1.75","0.1","-0.0","3.401","0.948","0.00","12.8","2.46","0"
"95.100","0.1256","13","0.0000","0.0000","-41.3676","154.3355","0.0000","30.4568","12.8120","0.1412","10000.0000","45.39078741","-75.69572337","37.1","13.2","877.0","79","1","79","1","0","0.00","0.02","-0.98","-0.3","0.1","-0.5","37.98","160.00","1444","6553.5","246.2","0","0","0","0","34.0","246.2","30.0","30.0","1.80","0.1","-0.0","3.400","0.960","0.00","12.8","2.47","0"
"95.150","0.1513","13","0.0000","0.0000","-31.7244","86.4183","0.0000","30.4607","12.8000","0.1400","10000.0000","45.39078745","-75.69572342","37.1","13.2","877.0","79","1","79","1","0","-0.05","0.04","-0.98","-0.4","0.1","-0.5","37.43","156.69","1400","6553.5","246.3","0","0","0","0","34.0","246.3","30.1","30.0","1.80","0.1","-0.0","3.375","0.962","0.00","12.7","2.48","0"
"95.200","0.2082","13","0.0000","0.0000","-13.7424","-36.7154","0.0000","30.4669","12.8000","0.1400","10000.0000","45.39078752","-75.69572348","37.1","13.2","877.5","79","1","79","1","0","-0.06","0.03","-0.98","-0.4","0.0","-0.6","36.87","152.56","1393","6553.5","246.2","0","0","0","0","34.0","246.2","30.1","30.0","1.75","0.1","-0.0","3.366","0.963","0.00","12.7","2.44","0"
"95.250","0.2252","13","0.0000","0.0000","-9.4768","-0.6996","0.0000","30.4664","12.8000","0.1438","10000.0000","45.39078751","-75.69572345","37.1","13.2","877.0","79","1","79","1","0","-0.09","0.03","-0.99","-0.3","-0.0","-0.6","36.32","145.25","1408","6553.5","246.0","0","0","0","0","34.0","246.0","30.1","30.0","1.72","0.1","-0.0","3.366","0.963","0.00","12.6","2.40","0"
"95.300","0.2295","13","0.0000","0.0000","-9.5426","85.5741","0.0000","30.4637","12.8000","0.1488","10000.0000","45.39078747","-75.69572339","37.1","13.2","877.0","79","1","79","1","0","-0.10","0.02","-0.99","-0.3","-0.1","-0.6","35.76","137.50","1384","6553.5","245.9","0","0","0","0","34.0","245.9","30.1","30.0","1.74","0.1","-0.0","3.337","0.966","0.00","12.7","2.47","0"
"95.350","0.2396","13","0.0000","0.0000","-7.5723","33.3669","0.0000","30.4670","12.7620","0.1462","10000.0000","45.39078747","-75.69572348","37.1","13.2","877.0","79","1","79","1","0","-0.09","0.02","-1.00","-0.2","-0.1","-0.5","35.21","139.88","1352","6553.5","245.8","0","0","0","0","34.0","245.8","30.1","30.0","1.74","0.1","-0.1","3.303","0.969","0.00","12.8","2.54","0"
"95.400","0.2517","13","0.0000","0.0000","-4.9589","-62.5710","0.0000","30.4723","12.7120","0.1412","10000.0000","45.39078749","-75.69572362","37.1","13.2","877.0","79","1","79","1","0","-0.04","0.01","-0.99","-0.2","-0.0","-0.5","34.65","146.13","1407","6553.5","245.9","0","0","0","0","34.0","245.9","30.1","30.0","1.71","0.1","-0.0","3.353","0.969","0.00","12.8","2.50","0"
"95.450","0.2620","13","0.0000","0.0000","-5.0543","-21.2853","0.0000","30.4742","12.7000","0.1400","10000.0000","45.39078749","-75.69572361","37.1","13.2","877.0","79","1","79","1","0","0.01","0.01","-0.98","-0.2","-0.0","-0.5","34.10","141.86","1452","6553.5","246.0","0","0","0","0","34.0","246.0","30.1","30.0","1.71","0.1","-0.0","3.394","0.967","0.00","12.7","2.44","0"
"95.500","0.2718","13","0.0000","0.0000","-6.0052","63.3342","0.0000","30.4750","12.7000","0.1400","10000.0000","45.39078748","-75.69572354","37.1","13.2","876.5","79","1","79","1","0","0.05","-0.00","-0.99","-0.3","0.0","-0.5","33.54","128.57","1461","6553.5","246.0","0","0","0","0","34.0","246.0","30.1","30.0","1.77","0.1","-0.0","3.402","0.956","0.00","12.7","2.47","0"
"95.550","0.2384","13","0.0000","0.0000","-9.8056","79.7961","0.0000","30.4700","12.7000","0.1400","10000.0000","45.39078748","-75.69572352","37.1","13.2","877.0","79","1","79","1","0","0.02","0.01","-0.99","-0.3","0.0","-0.5","32.99","136.71","1486","6553.5","246.1","0","0","0","0","34.0","246.1","30.1","30.0","1.80","0.1","-0.0","3.407","0.945","0.00","12.7","2.51","0"
"95.600","0.1913","13","0.0000","0.0000","-14.5058","74.7345","0.0000","30.4630","12.7000","0.1400","10000.0000","45.39078748","-75.69572350","37.1","13.2","877.0","79","1","79","1","0","-0.11","0.02","-0.98","-0.3","0.0","-0.5","32.43","146.40","1532","6553.5","246.2","0","0","0","0","34.0","246.2","30.1","30.0","1.79","0.1","-0.0","3.406","0.932","0.00","12.7","2.53","0"
"95.650","0.2093","13","0.0000","0.0000","-13.3168","19.6926","0.0000","30.4706","12.6620","0.1400","10000.0000","45.39078749","-75.69572362","37.1","13.2","876.7","79","1","79","1","0","-0.17","0.02","-0.97","-0.3","-0.0","-0.5","31.88","136.92","1459","6553.5","246.4","0","0","0","0","34.0","246.4","30.1","30.0","1.83","0.1","-0.0","3.410","0.929","0.00","12.8","2.55","0"
"95.700","0.2478","13","0.0000","0.0000","-10.2681","-51.1326","0.0000","30.4828","12.6120","0.1400","10000.0000","45.39078751","-75.69572377","37.1","13.2","877.0","79","1","79","1","0","-0.10","0.02","-0.98","-0.3","-0.0","-0.5","31.32","131.09","1313","6553.5","246.2","0","0","0","0","34.0","246.2","30.1","30.0","1.93","0.1","-0.0","3.418","0.933","0.00","12.8","2.53","0"
"95.750","0.2552","13","0.0000","0.0000","-11.8423","22.2736","0.0000","30.4810","12.6000","0.1514","10000.0000","45.39078746","-75.69572376","37.1","13.2","876.5","79","1","79","1","0","-0.04","0.00","-0.99","-0.3","-0.0","-0.5","30.77","152.04","1264","6553.5","245.9","0","0","0","0","34.0","245.9","30.1","30.0","1.89","0.1","-0.0","3.407","0.950","0.00","12.7","2.51","0"
"95.800","0.2526","13","0.0000","0.0000","-14.8764","141.2265","0.0000","30.4747","12.6000","0.1664","10000.0000","45.39078739","-75.69572370","37.1","13.2","876.5","79","1","79","1","0","-0.11","0.01","-0.98","-0.2","-0.0","-0.5","30.21","154.28","1239","6553.5","245.9","0","0","0","0","34.0","245.9","30.1","30.0","1.61","0.1","-0.0","3.392","0.969","0.00","12.7","2.52","0"
"95.850","0.2174","13","0.0000","0.0000","-20.4160","67.1652","0.0000","30.4725","12.6000","0.1548","10000.0000","45.39078738","-75.69572373","37.1","13.2","876.8","79","1","79","1","0","-0.22","0.01","-0.97","-0.2","-0.0","-0.5","29.63","145.06","1384","6553.5","245.8","0","0","0","0","34.0","245.8","30.1","30.0","1.49","0.1","-0.0","3.382","0.967","0.00","12.8","2.54","0"
"95.900","0.1719","13","0.0000","0.0000","-26.7468","-67.8479","0.0000","30.4717","12.6000","0.1348","10000.0000","45.39078738","-75.69572379","37.1","13.2","877.0","79","1","79","1","0","-0.11","-0.00","-0.99","-0.2","-0.0","-0.5","28.99","148.75","1495","6553.5","245.9","0","0","0","0","34.0","245.9","30.1","30.0","1.66","0.1","-0.1","3.379","0.962","0.00","12.8","2.52","0"
"95.950","0.1192","13","0.0000","0.0000","-32.2547","-107.1900","0.0000","30.4741","12.6000","0.1300","10000.0000","45.39078736","-75.69572382","37.1","13.2","877.0","79","1","79","1","0","-0.06","0.02","-1.01","-0.2","-0.0","-0.5","28.35","211.25","1479","6553.5","246.1","0","0","0","0","34.0","246.1","30.1","30.0","1.79","0.1","-0.1","3.403","0.948","0.00","12.9","2.49","0"
"96.000","0.0641","13","0.0000","0.0000","-37.5026","-116.3202","0.0000","30.4775","12.6000","0.1300","10000.0000","45.39078733","-75.69572384","37.1","13.2","877.0","79","1","79","1","0","-0.05","0.03","-1.00","-0.3","-0.0","-0.5","27.71","225.00","1426","6553.5","246.0","0","0","0","0","34.0","246.0","30.1","30.0","1.83","0.1","-0.1","3.411","0.946","0.00","12.9","2.52","0"
"96.050","0.0452","13","0.0000","0.0000","-40.3278","-65.9891","0.0000","30.4783","12.5620","0.1262","10000.0000","45.39078732","-75.69572384","37.1","13.2","877.0","79","1","79","1","0","-0.02","0.01","-0.99","-0.3","0.0","-0.5","27.07","249.17","1320","6553.5","245.9","0","0","0","0","34.0","245.9","30.1","30.0","1.81","0.1","-0.1","3.354","0.961","0.00","12.8","2.55","0"
"96.100","0.0378","13","0.0000","0.0000","-42.3879","3.1193","0.0000","30.4783","12.5120","0.1212","10000.0000","45.39078732","-75.69572384","37.1","13.2","877.0","79","1","79","1","0","-0.04","0.02","-0.99","-0.3","0.0","-0.5","26.43","280.17","1347","6553.5","246.1","0","0","0","0","34.0","246.1","30.1","30.0","1.67","0.1","-0.0","3.324","0.964","0.00","12.8","2.55","0"
"96.150","0.1343","13","0.0000","0.0000","-29.5764","-6.0875","0.0000","30.4730","12.5000","0.1314","10000.0000","45.39078732","-75.69572383","37.1","13.2","877.0","79","1","79","1","0","-0.10","0.04","-0.98","-0.3","0.0","-0.5","25.79","273.00","1455","6553.5","246.4","0","0","0","0","34.0","246.4","30.1","30.0","1.62","0.1","-0.0","3.387","0.958","0.00","12.9","2.55","0"
"96.200","0.2636","13","0.0000","0.0000","-12.0686","-40.0253","0.0000","30.4660","12.5000","0.1464","10000.0000","45.39078732","-75.69572381","37.1","13.2","877.0","79","1","79","1","0","-0.11","0.04","-0.98","-0.3","0.0","-0.6","25.15","225.00","1392","6553.5","246.4","0","0","0","0","34.0","246.4","30.1","30.0","1.70","0.1","-0.0","3.415","0.958","0.00","12.9","2.55","0"
"96.250","0.2439","13","0.0000","0.0000","-8.1365","0.9924","0.0000","30.4671","12.5000","0.1424","10000.0000","45.39078735","-75.69572381","37.1","13.2","876.8","79","1","79","1","0","-0.08","0.02","-0.99","-0.3","-0.0","-0.6","24.51","251.47","1297","6553.5","246.4","0","0","0","0","34.0","246.4","30.1","30.0","1.74","0.1","-0.0","3.395","0.960","0.00","12.8","2.55","0"
"96.300","0.1770","13","0.0000","0.0000","-8.4916","65.6803","0.0000","30.4706","12.5000","0.1324","10000.0000","45.39078738","-75.69572381","37.1","13.2","877.0","79","1","79","1","0","-0.01","0.00","-0.99","-0.3","-0.1","-0.6","23.87","325.00","1381","6553.5","246.4","0","0","0","0","34.0","246.4","30.1","30.0","1.70","0.1","-0.0","3.388","0.967","0.00","12.8","2.55","0"
"96.350","0.1192","13","0.0000","0.0000","-20.0472","5.3130","0.0000","30.4715","12.5000","0.1262","10000.0000","45.39078739","-75.69572381","37.1","13.2","877.0","79","1","79","1","0","0.05","-0.01","-0.99","-0.3","-0.1","-0.6","23.23","212.13","1433","6553.5","246.5","0","0","0","0","34.0","246.5","30.1","30.0","1.70","0.1","-0.0","3.389","0.972","0.00","12.9","2.55","0"
"96.400","0.0641","13","0.0000","0.0000","-35.1399","-94.5455","0.0000","30.4715","12.5000","0.1212","10000.0000","45.39078739","-75.69572381","37.1","13.2","877.0","79","1","79","1","0","-0.03","0.01","-1.01","-0.3","-0.1","-0.6","22.59","128.57","1376","6553.5","246.5","0","0","0","0","34.0","246.5","30.1","30.0","1.77","0.1","-0.0","3.395","0.968","0.00","12.9","2.55","0"
"96.450","0.0748","13","0.0000","0.0000","-32.7489","-108.9832","0.0000","30.4735","12.4620","0.1238","10000.0000","45.39078742","-75.69572385","37.1","13.2","877.3","79","1","79","1","0","-0.10","0.01","-0.99","-0.3","-0.0","-0.6","21.95","123.65","1353","6553.5","246.4","0","0","0","0","34.0","246.4","30.1","30.0","1.77","0.1","-0.0","3.402","0.966","0.00","12.8","2.55","0"
"96.500","0.1063","13","0.0000","0.0000","-24.8368","-96.4459","0.0000","30.4762","12.4120","0.1288","10000.0000","45.39078745","-75.69572392","37.1","13.2","877.0","79","1","79","1","0","-0.03","-0.01","-0.98","-0.3","0.0","-0.6","21.31","115.45","1378","6553.5","246.3","0","0","0","0","34.0","246.3","30.1","30.0","1.69","0.1","-0.0","3.406","0.967","0.00","12.8","2.55","0"
"96.550","0.1012","13","0.0000","0.0000","-20.6338","-52.8572","0.0000","30.4796","12.4000","0.1414","10000.0000","45.39078749","-75.69572393","37.1","13.2","877.0","79","1","79","1","0","0.05","-0.01","-0.97","-0.3","0.0","-0.5","20.67","128.19","1393","6553.5","246.2","0","0","0","0","34.0","246.2","30.1","30.0","1.62","0.1","-0.0","3.409","0.965","0.00","12.8","2.55","0"
"96.600","0.0845","13","0.0000","0.0000","-17.6021","0.5372","0.0000","30.4831","12.4000","0.1564","10000.0000","45.39078752","-75.69572393","37.1","13.2","877.0","79","1","79","1","0","0.02","0.00","-0.97","-0.3","0.0","-0.5","20.03","137.50","1401","6553.5","246.2","0","0","0","0","34.0","246.2","30.1","30.0","1.58","0.1","-0.0","3.412","0.960","0.00","12.8","2.55","0"
"96.650","0.0834","13","0.0000","0.0000","-15.5739","69.9749","0.0000","30.4793","12.4000","0.1638","10000.0000","45.39078752","-75.69572387","37.1","13.2","877.0","79","1","79","1","0","-0.03","0.02","-1.00","-0.3","0.0","-0.5","19.39","137.50","1450","6553.5","246.3","0","0","0","0","34.0","246.3","30.1","30.0","1.60","0.1","-0.0","3.398","0.959","0.00","12.8","2.55","0"
"96.700","0.0873","13","0.0000","0.0000","-13.8626","144.4788","0.0000","30.4732","12.4000","0.1688","10000.0000","45.39078751","-75.69572380","37.1","13.2","877.0","79","1","79","1","0","-0.06","0.02","-1.00","-0.3","-0.0","-0.5","18.75","130.00","1506","6553.5","246.3","0","0","0","0","34.0","246.3","30.1","30.0","1.73","0.1","-0.0","3.362","0.959","0.00","12.8","2.55","0"
"96.750","0.1127","13","0.0000","0.0000","-11.9404","138.6067","0.0000","30.4751","12.4000","0.1548","10000.0000","45.39078753","-75.69572373","37.1","13.2","877.0","79","1","79","1","0","-0.03","0.01","-0.98","-0.3","-0.0","-0.5","18.11","117.91","1488","6553.5","246.4","0","0","0","0","34.0","246.4","30.1","30.0","1.82","0.1","-0.0","3.375","0.946","0.00","12.8","2.55","0"
"96.800","0.1450","13","0.0000","0.0000","-9.9517","107.3526","0.0000","30.4796","12.4000","0.1348","10000.0000","45.39078755","-75.69572367","37.1","13.2","877.0","79","1","79","1","0","0.01","0.00","-0.98","-0.3","-0.0","-0.5","17.47","110.98","1464","6553.5","246.5","0","0","0","0","34.0","246.5","30.1","30.0","1.84","0.1","-0.0","3.417","0.936","0.00","12.8","2.51","0"
"96.850","0.1084","13","0.0000","0.0000","-9.6711","31.6175","0.0000","30.4781","12.3620","0.1338","10000.0000","45.39078758","-75.69572364","37.1","13.3","877.0","79","1","79","1","0","-0.01","0.01","-0.98","-0.3","-0.1","-0.5","16.83","109.09","1420","6553.5","246.6","0","0","0","0","34.0","246.6","30.1","30.0","1.85","0.1","-0.0","3.424","0.937","0.00","12.9","2.47","0"
"96.900","0.0500","13","0.0000","0.0000","-9.9299","-58.1641","0.0000","30.4746","12.3120","0.1388","10000.0000","45.39078761","-75.69572362","37.1","13.3","877.0","79","1","79","1","0","-0.05","0.02","-1.00","-0.3","-0.1","-0.5","16.57","114.60","1386","6553.5","246.3","0","0","0","0","34.0","246.3","30.1","30.0","1.85","0.1","-0.0","3.423","0.939","0.00","12.9","2.48","0"
"96.950","0.0497","13","0.0000","0.0000","-9.9920","-79.7116","0.0000","30.4718","12.3000","0.1362","10000.0000","45.39078759","-75.69572357","37.1","13.3","877.3","79","1","79","1","0","-0.04","0.02","-1.01","-0.3","-0.0","-0.5","17.03","123.78","1363","6553.5","246.0","0","0","0","0","34.0","246.0","30.1","30.0","1.81","0.1","-0.0","3.428","0.943","0.00","12.9","2.50","0"
"97.000","0.0677","13","0.0000","0.0000","-9.9920","-79.7116","0.0000","30.4691","12.3000","0.1312","10000.0000","45.39078755","-75.69572351","37.1","13.3","876.5","79","1","79","1","0","-0.07","0.03","-0.99","-0.2","0.0","-0.5","17.50","132.97","1355","6553.5","246.1","0","0","0","0","34.0","246.1","30.1","30.0","1.71","0.1","-0.0","3.430","0.948","0.00","12.9","2.44","0"
"97.050","0.0879","13","0.0000","0.0000","-5.0932","-84.7396","0.0000","30.4732","12.3000","0.1338","10000.0000","45.39078760","-75.69572354","37.1","13.3","877.0","79","1","79","1","0","-0.10","0.03","-0.99","-0.2","0.1","-0.5","17.97","209.20","1355","6553.5","246.2","0","0","0","0","34.0","246.2","30.1","30.0","1.64","0.1","-0.0","3.423","0.955","0.00","12.8","2.37","0"
"97.100","0.1088","13","0.0000","0.0000","1.3526","-91.3554","0.0000","30.4794","12.3000","0.1388","10000.0000","45.39078767","-75.69572361","37.1","13.3","876.5","79","1","79","1","0","-0.14","0.02","-0.98","-0.2","0.1","-0.5","18.43","225.00","1390","6553.5","246.3","0","0","0","0","34.0","246.3","30.1","30.0","1.64","0.1","-0.0","3.420","0.950","0.00","12.8","2.40","0"
"97.150","0.0706","13","0.0000","0.0000","1.7977","-57.6248","0.0000","30.4809","12.3000","0.1514","10000.0000","45.39078768","-75.69572362","37.1","13.3","877.2","79","1","79","1","0","-0.14","0.02","-0.98","-0.2","0.1","-0.5","18.90","200.35","1431","6553.5","246.4","0","0","0","0","34.0","246.4","30.1","30.0","1.67","0.1","-0.0","3.421","0.942","0.00","12.9","2.45","0"
"97.200","0.0137","13","0.0000","0.0000","0.3479","-11.1532","0.0000","30.4809","12.3000","0.1664","10000.0000","45.39078768","-75.69572362","37.1","13.3","877.0","79","1","79","1","0","-0.11","0.03","-0.98","-0.2","0.1","-0.5","19.37","169.54","1435","6553.5","246.4","0","0","0","0","34.0","246.4","30.1","30.0","1.77","0.1","-0.0","3.420","0.943","0.00","12.9","2.44","0"
"97.250","0.0786","13","0.0000","0.0000","1.1344","7.5806","0.0000","30.4889","13.2880","0.1662","10000.0000","45.39078771","-75.69572363","37.1","13.3","877.0","79","1","79","1","0","-0.06","0.03","-0.98","-0.2","0.1","-0.5","19.84","138.73","1425","6553.5","246.4","0","0","0","0","34.0","246.4","30.1","30.0","1.81","0.1","-0.0","3.417","0.943","0.00","12.8","2.43","0"
"97.300","0.1820","13","0.0000","0.0000","2.6271","17.5550","0.0000","30.4995","14.5880","0.1612","10000.0000","45.39078774","-75.69572365","37.1","13.3","877.0","79","1","79","1","0","-0.01","0.01","-0.98","-0.2","0.0","-0.5","20.30","137.50","1365","6553.5","246.4","0","0","0","0","34.0","246.4","30.2","30.0","1.77","0.1","-0.0","3.424","0.940","0.00","12.8","2.43","0"
"97.350","0.1519","13","0.0000","0.0000","4.4330","29.4670","0.0000","30.5027","14.8240","0.1524","10000.0000","45.39078774","-75.69572361","37.1","13.3","877.3","79","1","79","1","0","0.02","0.01","-0.99","-0.2","0.0","-0.6","20.77","128.59","1340","6553.5","246.3","0","0","0","0","34.0","246.3","30.2","30.0","1.70","0.1","-0.0","3.432","0.947","0.00","12.8","2.43","0"
"97.400","0.0797","13","0.0000","0.0000","6.3377","41.9908","0.0000","30.5035","14.7240","0.1424","10000.0000","45.39078773","-75.69572354","37.1","13.3","877.5","79","1","79","1","0","-0.00","0.02","-0.99","-0.2","0.0","-0.6","21.24","119.30","1363","6553.5","246.2","0","0","0","0","34.0","246.2","30.2","30.0","1.58","0.1","-0.0","3.358","0.970","0.00","12.8","2.48","0"
"97.450","0.0692","13","0.0000","0.0000","0.6439","72.9435","0.0000","30.5090","14.6240","0.1476","10000.0000","45.39078773","-75.69572354","37.1","13.3","877.0","79","1","79","1","0","-0.08","0.04","-0.99","-0.2","0.0","-0.6","21.70","114.29","1386","6553.5","246.1","0","0","0","0","34.0","246.1","30.2","30.0","1.56","0.1","-0.0","3.311","0.966","0.00","12.9","2.54","0"
"97.500","0.0783","13","0.0000","0.0000","-7.4494","109.7159","0.0000","30.5160","14.5240","0.1576","10000.0000","45.39078773","-75.69572356","37.1","13.3","876.5","79","1","79","1","0","-0.05","0.05","-1.00","-0.2","-0.0","-0.5","22.17","114.29","1411","6553.5","246.1","0","0","0","0","34.0","246.1","30.1","30.0","1.69","0.1","-0.0","3.362","0.947","0.00","12.8","2.48","0"
"97.550","0.2169","13","0.0000","0.0000","-5.1133","63.7100","0.0000","30.5198","14.4620","0.1638","10000.0000","45.39078781","-75.69572360","37.1","13.3","877.0","79","1","79","1","0","0.04","0.02","-0.99","-0.2","-0.1","-0.5","22.64","184.38","1433","6553.5","246.1","0","0","0","0","34.0","246.1","30.1","30.0","1.72","0.1","-0.0","3.398","0.955","0.00","12.7","2.41","0"
"97.600","0.3964","13","0.0000","0.0000","0.5163","-8.4364","0.0000","30.5227","14.4120","0.1688","10000.0000","45.39078791","-75.69572364","37.1","13.3","877.0","79","1","79","1","0","0.11","-0.00","-0.98","-0.2","-0.1","-0.6","23.11","258.48","1454","6553.5","246.2","0","0","0","0","34.0","246.2","30.2","30.0","1.59","0.1","-0.0","3.413","0.967","0.00","12.8","2.47","0"
"97.650","0.4513","13","0.0000","0.0000","1.5537","51.2956","0.0000","30.5265","14.3620","0.1700","10000.0000","45.39078786","-75.69572363","37.1","13.3","876.8","79","1","79","1","0","0.17","0.00","-1.00","-0.2","-0.1","-0.6","23.57","240.67","1430","6553.5","246.3","0","0","0","0","34.0","246.3","30.2","30.0","1.60","0.1","-0.0","3.415","0.939","0.00","12.9","2.54","0"
"97.700","0.4670","13","0.0000","0.0000","1.1409","152.6734","0.0000","30.5306","14.3120","0.1700","10000.0000","45.39078776","-75.69572360","37.1","13.3","877.0","79","1","79","1","0","0.12","0.02","-1.00","-0.2","-0.1","-0.6","24.04","219.00","1400","6553.5","246.1","0","0","0","0","34.0","246.1","30.2","30.0","1.85","0.1","-0.0","3.410","0.919","0.00","12.9","2.49","0"
"97.750","0.3560","13","0.0000","0.0000","1.8198","172.5167","0.0000","30.5343","14.2620","0.1700","10000.0000","45.39078776","-75.69572359","37.1","13.3","877.0","79","1","79","1","0","-0.01","0.01","-0.98","-0.2","-0.1","-0.6","24.51","169.00","1349","6553.5","245.9","0","0","0","0","34.0","245.9","30.1","30.0","1.93","0.1","-0.0","3.405","0.930","0.00","12.8","2.42","0"
"97.800","0.2051","13","0.0000","0.0000","2.8435","166.6123","0.0000","30.5378","14.2120","0.1700","10000.0000","45.39078779","-75.69572359","37.1","13.3","877.0","79","1","79","1","0","-0.06","0.01","-0.97","-0.2","-0.1","-0.6","24.98","147.00","1403","6553.5","246.2","0","0","0","0","34.0","246.2","30.1","30.0","1.77","0.1","-0.0","3.400","0.934","0.00","12.9","2.45","0"
"97.850","0.1833","13","0.0000","0.0000","3.0497","110.0016","0.0000","30.5415","14.1620","0.1662","10000.0000","45.39078787","-75.69572358","37.1","13.3","877.0","79","1","79","1","0","-0.03","0.04","-0.96","-0.2","-0.1","-0.6","25.44","142.15","1605","6553.5","246.5","0","0","0","0","34.0","246.5","30.2","30.0","1.76","0.1","-0.0","3.406","0.928","0.00","13.0","2.49","0"
"97.900","0.2023","13","0.0000","0.0000","2.9978","37.3785","0.0000","30.5452","14.1120","0.1612","10000.0000","45.39078796","-75.69572356","37.1","13.3","877.0","79","1","79","1","0","-0.02","0.03","-0.97","-0.2","-0.0","-0.6","25.91","138.17","1585","6553.5","246.4","0","0","0","0","34.0","246.4","30.2","30.0","2.03","0.1","-0.0","3.413","0.921","0.00","12.9","2.47","0"
"97.950","0.2125","12","0.0000","0.0000","5.1115","-44.1098","0.0000","30.5453","14.0620","0.1562","10000.0000","45.39078794","-75.69572362","37.1","13.3","877.0","79","1","79","1","0","-0.06","0.02","-0.98","-0.2","0.0","-0.6","26.24","154.96","1431","6553.5","246.3","0","0","0","0","34.0","246.3","30.2","30.0","2.13","0.1","-0.0","3.420","0.913","0.00","12.8","2.45","0"
"98.000","0.2201","12","0.0000","0.0000","7.9090","-128.3976","0.0000","30.5443","14.0120","0.1512","10000.0000","45.39078789","-75.69572370","37.1","13.3","877.0","79","1","79","1","0","0.04","0.01","-0.99","-0.2","0.0","-0.6","26.28","160.00","1591","6553.5","246.5","0","0","0","0","34.0","246.5","30.2","30.0","1.97","0.1","-0.0","3.402","0.901","0.00","12.8","2.44","0"
"98.050","0.1711","12","0.0000","0.0000","10.4316","-98.8518","0.0000","30.5435","13.9620","0.1576","10000.0000","45.39078793","-75.69572375","37.1","13.3","876.7","79","1","79","1","0","0.03","0.03","-1.00","-0.2","0.0","-0.6","26.33","149.81","1818","6553.5","246.8","0","0","0","0","34.0","246.8","30.2","30.0","1.96","0.1","-0.0","3.348","0.887","0.00","12.8","2.43","0"
"98.100","0.1042","12","0.0000","0.0000","12.8673","-33.3586","0.0000","30.5428","13.9120","0.1676","10000.0000","45.39078800","-75.69572380","37.1","13.3","876.5","79","1","79","1","0","-0.04","0.06","-1.00","-0.2","0.0","-0.6","26.38","135.26","1916","6553.5","247.5","0","0","0","0","34.0","247.5","30.1","30.0","2.19","0.1","-0.0","3.346","0.883","0.00","12.8","2.37","0"
"98.150","0.0979","12","0.0000","0.0000","7.0217","31.9777","0.0000","30.5447","13.8620","0.1624","10000.0000","45.39078805","-75.69572385","37.1","13.3","877.0","79","1","79","1","0","-0.04","0.07","-1.00","-0.2","-0.0","-0.5","26.43","128.57","2008","6553.5","248.2","0","0","0","0","34.0","248.3","30.1","30.0","2.37","0.1","-0.0","3.375","0.876","0.00","12.9","2.30","0"
"98.200","0.1108","12","0.0000","0.0000","-1.4391","97.2644","0.0000","30.5474","13.8120","0.1524","10000.0000","45.39078809","-75.69572392","37.1","13.3","877.0","79","1","79","1","0","-0.01","0.04","-0.99","-0.2","-0.0","-0.5","26.48","128.57","2076","6553.5","249.0","0","0","0","0","34.0","249.1","30.2","30.0","2.47","0.1","-0.0","3.382","0.858","0.00","12.9","2.25","0"
"98.250","0.1218","12","0.0000","0.0000","-0.8540","52.7625","0.0000","30.5441","13.7620","0.1538","10000.0000","45.39078813","-75.69572401","37.1","13.3","876.8","79","1","79","1","0","-0.01","0.02","-0.99","-0.2","-0.0","-0.5","26.53","137.23","2138","6553.5","249.8","0","0","0","0","34.0","249.9","30.2","30.0","2.61","0.1","-0.0","3.385","0.839","0.00","13.0","2.20","0"
"98.300","0.1322","12","0.0000","0.0000","2.5877","-26.4095","0.0000","30.5390","13.7120","0.1588","10000.0000","45.39078818","-75.69572412","37.1","13.3","876.5","79","1","79","1","0","-0.09","0.01","-0.98","-0.2","-0.1","-0.5","26.58","153.27","2175","6553.5","250.5","0","0","0","0","34.0","250.6","30.2","30.0","2.82","0.1","-0.0","3.412","0.812","0.00","13.0","2.11","0"
"98.350","0.1029","12","0.0000","0.0000","10.0994","-71.0606","0.0000","30.5398","13.6620","0.1562","10000.0000","45.39078822","-75.69572419","37.1","13.3","876.5","79","1","79","1","0","-0.10","0.02","-0.99","-0.2","-0.0","-0.5","26.63","141.77","2203","6553.5","251.2","0","0","0","0","34.0","251.3","30.2","30.0","2.94","0.1","-0.0","3.432","0.792","0.00","12.9","2.02","0"
"98.400","0.0610","12","0.0000","0.0000","18.8964","-104.8105","0.0000","30.5425","13.6120","0.1512","10000.0000","45.39078826","-75.69572426","37.1","13.3","877.0","79","1","79","1","0","-0.05","0.02","-1.00","-0.2","0.0","-0.5","26.68","128.57","2194","6553.5","251.7","0","0","0","0","34.0","251.7","30.2","30.0","2.93","0.1","-0.0","3.422","0.800","0.00","12.9","1.95","0"
"98.450","0.0703","12","0.0000","0.0000","13.5085","-66.1801","0.0000","30.5459","13.6000","0.1576","10000.0000","45.39078829","-75.69572427","37.1","13.3","877.0","79","1","79","1","0","0.02","0.02","-0.99","-0.2","0.0","-0.5","26.73","123.56","2170","6553.5","252.1","0","0","0","0","34.0","252.1","30.2","30.0","2.94","0.1","-0.0","3.416","0.808","0.00","12.9","1.88","0"
"98.500","0.0957","12","0.0000","0.0000","3.6411","-4.6929","0.0000","30.5494","13.6000","0.1676","10000.0000","45.39078832","-75.69572427","37.1","13.3","877.0","79","1","79","1","0","0.02","0.03","-0.99","-0.2","0.0","-0.5","26.78","114.92","2092","6553.5","252.3","0","0","0","0","34.0","252.3","30.2","30.0","2.97","0.1","-0.0","3.425","0.812","0.00","12.9","1.88","0"
"98.550","0.1195","12","0.0000","0.0000","0.6949","48.0154","0.0000","30.5477","13.5620","0.1624","10000.0000","45.39078836","-75.69572426","37.1","13.3","876.8","79","1","79","1","0","-0.00","0.02","-0.99","-0.2","0.0","-0.6","26.82","135.78","2023","6553.5","252.5","0","0","0","0","34.0","252.5","30.2","30.0","2.94","0.1","-0.0","3.432","0.819","0.00","12.9","1.89","0"
"98.600","0.1428","12","0.0000","0.0000","-0.0658","97.9513","0.0000","30.5443","13.5120","0.1524","10000.0000","45.39078839","-75.69572424","37.1","13.3","877.0","79","1","79","1","0","-0.00","-0.01","-0.98","-0.2","0.0","-0.6","26.87","150.00","1988","6553.5","252.8","0","0","0","0","34.0","252.8","30.2","30.0","2.80","0.1","-0.0","3.428","0.834","0.00","12.9","1.99","0"
"98.650","0.1226","12","0.0000","0.0000","3.4149","44.8060","0.0000","30.5428","13.5000","0.1500","10000.0000","45.39078840","-75.69572429","37.1","13.3","877.3","79","1","79","1","0","-0.02","-0.03","-0.98","-0.2","-0.0","-0.6","26.92","152.86","1952","6553.5","253.2","0","0","0","0","34.0","253.2","30.2","30.0","2.72","0.1","-0.0","3.424","0.840","0.00","12.9","2.09","0"
"98.700","0.0887","12","0.0000","0.0000","8.2350","-40.8914","0.0000","30.5419","13.5000","0.1500","10000.0000","45.39078841","-75.69572435","37.1","13.3","877.0","79","1","79","1","0","-0.06","0.00","-0.97","-0.2","-0.0","-0.6","26.97","157.96","1917","6553.5","253.5","0","0","0","0","34.0","253.5","30.2","30.0","2.75","0.1","-0.0","3.417","0.834","0.00","12.9","2.15","0"
"98.750","0.0834","12","0.0000","0.0000","1.5688","-23.8503","0.0000","30.5418","13.4620","0.1500","10000.0000","45.39078846","-75.69572435","37.1","13.3","877.0","79","1","79","1","0","-0.06","0.02","-0.97","-0.3","-0.0","-0.5","27.02","274.00","1906","6553.5","253.8","0","0","0","0","34.0","253.8","30.2","30.0","2.73","0.1","-0.0","3.408","0.829","0.00","12.8","2.21","0"
"98.800","0.0873","12","0.0000","0.0000","-8.7246","25.6344","0.0000","30.5420","13.4120","0.1500","10000.0000","45.39078852","-75.69572434","37.1","13.3","877.0","79","1","79","1","0","-0.11","0.02","-0.97","-0.3","0.0","-0.5","27.07","350.00","1910","6553.5","254.3","0","0","0","0","34.0","254.3","30.2","30.0","2.63","0.1","-0.0","3.396","0.825","0.00","12.8","2.21","0"
"98.850","0.1021","12","0.0000","0.0000","-5.1528","82.2624","0.0000","30.5414","13.3620","0.1576","10000.0000","45.39078854","-75.69572438","37.1","13.3","877.0","79","1","79","1","0","-0.06","-0.01","-0.98","-0.3","0.0","-0.5","27.12","296.97","1926","6553.5","254.8","0","0","0","0","34.0","254.8","30.2","30.0","2.59","0.1","-0.0","3.391","0.833","0.00","12.9","2.21","0"
"98.900","0.1203","12","0.0000","0.0000","2.7976","141.1460","0.0000","30.5405","13.3120","0.1676","10000.0000","45.39078855","-75.69572444","37.1","13.3","876.5","79","1","79","1","0","-0.02","0.01","-1.00","-0.3","0.0","-0.5","27.17","208.59","1941","6553.5","255.1","0","0","0","0","34.0","255.1","30.2","30.0","2.62","0.1","-0.0","3.388","0.843","0.00","12.9","2.18","0"
"98.950","0.1079","12","0.0000","0.0000","6.1767","58.7305","0.0000","30.5424","13.3000","0.1586","10000.0000","45.39078858","-75.69572450","37.1","13.3","876.5","79","1","79","1","0","-0.02","0.04","-1.00","-0.3","-0.0","-0.5","27.22","159.50","1856","6553.5","255.5","0","0","0","0","34.0","255.5","30.2","30.0","2.61","0.1","-0.0","3.395","0.855","0.00","12.9","2.15","0"
"99.000","0.0858","12","0.0000","0.0000","8.1122","-68.3059","0.0000","30.5450","13.3000","0.1436","10000.0000","45.39078862","-75.69572456","37.1","13.3","877.0","79","1","79","1","0","-0.01","0.03","-0.98","-0.3","0.0","-0.5","27.25","150.00","1798","6553.5","255.8","0","0","0","0","34.0","255.8","30.2","30.0","2.51","0.1","-0.0","3.403","0.864","0.00","12.9","2.11","0"
"99.050","0.1236","12","0.0000","0.0000","5.6264","-38.8195","0.0000","30.5458","13.2620","0.1400","10000.0000","45.39078868","-75.69572457","37.1","13.3","877.0","79","1","79","1","0","-0.02","0.00","-0.97","-0.3","0.0","-0.5","27.24","153.07","1850","6553.5","256.1","0","0","0","0","34.0","256.1","30.2","30.0","2.47","0.1","-0.0","3.404","0.866","0.00","12.9","2.07","0"
"99.100","0.1803","12","0.0000","0.0000","1.7444","40.0952","0.0000","30.5460","13.2120","0.1400","10000.0000","45.39078874","-75.69572455","37.1","13.3","877.0","79","1","79","1","0","-0.04","-0.02","-0.98","-0.3","0.0","-0.5","27.24","158.02","1884","6553.5","256.5","0","0","0","0","34.0","256.5","30.2","30.0","2.52","0.1","-0.0","3.408","0.865","0.00","12.9","2.06","0"
"99.150","0.1537","12","0.0000","0.0000","-3.7503","50.8556","0.0000","30.5434","13.2000","0.1400","10000.0000","45.39078878","-75.69572454","37.1","13.3","876.8","79","1","79","1","0","-0.05","-0.02","-0.99","-0.3","0.0","-0.5","27.23","224.00","1846","6553.5","256.9","0","0","0","0","34.0","256.9","30.2","30.0","2.54","0.1","-0.0","3.421","0.856","0.00","12.9","2.04","0"
"99.200","0.1009","12","0.0000","0.0000","-9.7541","40.0937","0.0000","30.5400","13.2000","0.1400","10000.0000","45.39078881","-75.69572452","37.1","13.3","876.5","79","1","79","1","0","-0.07","0.01","-0.99","-0.3","0.0","-0.5","27.23","266.67","1819","6553.5","257.1","0","0","0","0","34.0","257.1","30.2","30.0","2.52","0.1","-0.0","3.428","0.849","0.00","12.9","2.05","0"
"99.250","0.0784","12","0.0000","0.0000","-5.1528","82.2624","0.0000","30.5366","13.1620","0.1514","10000.0000","45.39078884","-75.69572450","37.1","13.3","877.0","79","1","79","1","0","-0.07","0.04","-0.99","-0.3","0.0","-0.5","27.22","174.17","1833","6553.5","257.4","0","0","0","0","34.0","257.4","30.2","30.0","2.53","0.1","-0.0","3.410","0.847","0.00","12.9","2.06","0"
"99.300","0.0655","12","0.0000","0.0000","2.7976","141.1460","0.0000","30.5332","13.1120","0.1664","10000.0000","45.39078887","-75.69572449","37.1","13.3","876.5","79","1","79","1","0","-0.04","0.03","-0.98","-0.3","0.0","-0.5","27.22","117.42","1847","6553.5","257.8","0","0","0","0","34.0","257.8","30.2","30.0","2.59","0.1","-0.0","3.401","0.847","0.00","12.9","2.07","0"
"99.350","0.1123","12","0.0000","0.0000","3.8850","40.3941","0.0000","30.5370","13.1000","0.1624","10000.0000","45.39078889","-75.69572454","37.1","13.3","876.5","79","1","79","1","0","-0.04","0.03","-0.99","-0.3","0.1","-0.5","27.21","125.62","1860","6553.5","258.3","0","0","0","0","34.0","258.3","30.2","30.0","2.63","0.1","-0.0","3.420","0.855","0.00","12.9","2.08","0"
"99.400","0.1781","12","0.0000","0.0000","2.8052","-110.7690","0.0000","30.5431","13.1000","0.1524","10000.0000","45.39078889","-75.69572462","37.1","13.3","876.5","79","1","79","1","0","-0.01","0.02","-0.99","-0.3","0.0","-0.5","27.21","134.11","1885","6553.5","258.5","0","0","0","0","34.0","258.5","30.2","30.0","2.63","0.1","-0.0","3.434","0.862","0.00","12.9","2.09","0"
"99.450","0.1844","12","0.0000","0.0000","1.1277","-71.7615","0.0000","30.5421","13.1000","0.1462","10000.0000","45.39078897","-75.69572462","37.1","13.3","876.5","79","1","79","1","0","-0.02","0.05","-0.99","-0.3","0.0","-0.5","27.20","147.14","1924","6553.5","258.7","0","0","0","0","34.0","258.7","30.2","30.0","2.59","0.1","-0.0","3.440","0.866","0.00","12.8","2.10","0"
"99.500","0.1719","12","0.0000","0.0000","-0.7387","27.3000","0.0000","30.5389","13.1000","0.1412","10000.0000","45.39078906","-75.69572458","37.1","13.3","876.5","79","1","79","1","0","-0.04","0.06","-0.97","-0.3","-0.0","-0.5","27.20","175.00","1922","6553.5","258.9","0","0","0","0","34.0","258.9","30.2","30.0","2.51","0.1","-0.0","3.428","0.863","0.00","12.8","2.07","0"
"99.550","0.1240","12","0.0000","0.0000","-9.2392","81.8965","0.0000","30.5347","13.0620","0.1514","10000.0000","45.39078907","-75.69572462","37.1","13.3","876.8","79","1","79","1","0","-0.04","0.03","-0.98","-0.3","-0.1","-0.5","27.19","207.05","1896","6553.5","259.1","0","0","0","0","34.0","259.1","30.2","30.0","2.49","0.1","-0.0","3.404","0.855","0.00","12.9","2.03","0"
"99.600","0.0651","12","0.0000","0.0000","-19.8347","122.4515","0.0000","30.5303","13.0120","0.1664","10000.0000","45.39078904","-75.69572469","37.1","13.3","876.5","79","1","79","1","0","-0.01","-0.02","-0.99","-0.3","-0.1","-0.6","27.19","225.00","1913","6553.5","259.3","0","0","0","0","34.0","259.3","30.2","30.0","2.58","0.1","-0.0","3.405","0.844","0.00","12.9","2.02","0"
"99.650","0.0452","12","0.0000","0.0000","-17.6710","51.6641","0.0000","30.5294","13.0000","0.1586","10000.0000","45.39078908","-75.69572469","37.1","13.3","876.5","79","1","79","1","0","-0.01","0.01","-0.99","-0.3","-0.1","-0.6","27.18","175.50","1938","6553.5","259.6","0","0","0","0","34.0","259.6","30.2","30.0","2.62","0.1","-0.0","3.410","0.832","0.00","12.8","2.01","0"
"99.700","0.0378","12","0.0000","0.0000","-11.4782","-54.2841","0.0000","30.5295","13.0000","0.1436","10000.0000","45.39078915","-75.69572467","37.1","13.3","876.5","79","1","79","1","0","-0.03","0.06","-0.99","-0.3","-0.0","-0.6","27.18","119.32","1897","6553.5","259.8","0","0","0","0","34.0","259.8","30.2","30.0","2.56","0.1","-0.0","3.418","0.847","0.00","12.8","2.04","0"
"99.750","0.0417","12","0.0000","0.0000","-6.6787","-113.9969","0.0000","30.5289","12.9620","0.1476","10000.0000","45.39078917","-75.69572472","37.1","13.3","876.8","79","1","79","1","0","-0.05","0.06","-1.00","-0.3","0.0","-0.6","27.17","134.81","1866","6553.5","260.1","0","0","0","0","34.0","260.1","30.2","30.0","2.51","0.1","-0.0","3.424","0.858","0.00","12.9","2.08","0"
"99.800","0.0491","12","0.0000","0.0000","-2.3193","-159.1090","0.0000","30.5280","12.9120","0.1576","10000.0000","45.39078918","-75.69572478","37.1","13.3","876.5","79","1","79","1","0","-0.03","0.03","-0.99","-0.3","0.0","-0.6","27.17","150.00","1878","6553.5","260.3","0","0","0","0","34.0","260.3","30.2","30.0","2.48","0.1","-0.0","3.417","0.857","0.00","12.9","2.14","0"
"99.850","0.0452","12","0.0000","0.0000","-4.5862","-135.6507","0.0000","30.5278","12.9000","0.1600","10000.0000","45.39078918","-75.69572479","37.1","13.3","877.0","79","1","79","1","0","0.01","0.01","-0.99","-0.3","0.1","-0.6","27.16","150.00","1892","6553.5","260.5","0","0","0","0","34.0","260.5","30.2","30.0","2.47","0.1","-0.0","3.408","0.859","0.00","12.9","2.20","0"
"99.900","0.0378","12","0.0000","0.0000","-8.9457","-90.5386","0.0000","30.5278","12.9000","0.1600","10000.0000","45.39078918","-75.69572479","37.1","13.3","877.0","79","1","79","1","0","-0.02","0.01","-0.99","-0.3","0.0","-0.6","27.16","150.00","1914","6553.5","260.7","0","0","0","0","34.0","260.7","30.2","30.0","2.50","0.1","-0.0","3.396","0.869","0.00","12.9","2.22","0"
"99.950","0.0360","12","0.0000","0.0000","-22.4903","-41.9332","0.0000","30.5299","12.9000","0.1562","10000.0000","45.39078921","-75.69572484","37.1","13.3","876.8","79","1","79","1","0","-0.03","-0.01","-0.99","-0.3","0.0","-0.5","27.15","144.66","1869","6553.5","261.0","0","0","0","0","34.0","261.0","30.2","30.0","2.56","0.1","-0.1","3.396","0.874","0.00","13.0","2.24","0"
"100.000","0.0360","12","0.0000","0.0000","-38.9355","7.7753","0.0000","30.5326","12.9000","0.1512","10000.0000","45.39078925","-75.69572490","37.1","13.3","877.0","79","1","79","1","0","-0.02","0.00","-0.99","-0.3","-0.0","-0.5","27.15","138.59","1730","6553.5","261.2","0","0","0","0","34.0","261.2","30.2","30.0","2.66","0.1","-0.0","3.413","0.873","0.00","13.0","2.24","0"
"100.050","0.0223","12","0.0000","0.0000","-26.5871","12.2173","0.0000","30.5332","12.8620","0.1576","10000.0000","45.39078926","-75.69572492","37.1","13.3","876.5","79","1","79","1","0","-0.06","0.01","-0.99","-0.3","-0.0","-0.6","27.14","145.04","1778","6553.5","261.5","0","0","0","0","34.0","261.5","30.2","30.0","2.70","0.1","-0.0","3.419","0.869","0.00","12.9","2.25","0"
"100.100","0.0043","12","0.0000","0.0000","-5.1459","2.3646","0.0000","30.5332","12.8120","0.1676","10000.0000","45.39078926","-75.69572492","37.1","13.3","876.5","79","1","79","1","0","-0.05","0.04","-1.00","-0.3","0.0","-0.6","27.16","150.00","1942","6553.5","261.5","0","0","0","0","34.0","261.5","30.2","30.0","2.67","0.1","-0.0","3.418","0.862","0.00","12.9","2.23","0"
"100.150","0.0000","12","0.0000","0.0000","0.0000","0.0000","0.0000","30.5332","12.8000","0.1700","10000.0000","45.39078926","-75.69572492","37.1","13.3","876.8","79","1","79","1","0","-0.03","0.06","-1.00","-0.2","0.0","-0.6","27.22","152.19","1880","6553.5","261.4","0","0","0","0","34.0","261.4","30.2","30.0","2.61","0.1","-0.0","3.418","0.852","0.00","12.8","2.21","0"
"100.200","0.0000","12","0.0000","0.0000","0.0000","0.0000","0.0000","30.5332","12.8000","0.1700","10000.0000","45.39078926","-75.69572492","37.1","13.3","876.5","79","1","79","1","0","-0.07","0.05","-1.00","-0.3","-0.0","-0.6","27.29","156.95","1771","6553.5","261.7","0","0","0","0","34.0","261.7","30.2","30.0","2.54","0.1","-0.0","3.417","0.843","0.00","12.8","2.20","0"
"100.250","0.0000","12","0.0000","0.0000","0.0000","0.0000","0.0000","30.5332","12.7620","0.1700","10000.0000","45.39078926","-75.69572492","37.1","13.3","876.8","79","1","79","1","0","-0.05","0.02","-1.00","-0.3","-0.0","-0.6","27.35","160.00","1720","6553.5","262.0","0","0","0","0","34.0","262.0","30.2","30.0","2.48","0.1","-0.0","3.389","0.869","0.00","12.8","2.18","0"
"100.300","0.0000","12","0.0000","0.0000","0.0000","0.0000","0.0000","30.5332","12.7120","0.1700","10000.0000","45.39078926","-75.69572492","37.1","13.3","877.0","79","1","79","1","0","-0.00","-0.00","-0.99","-0.3","-0.1","-0.6","27.41","156.40","1707","6553.5","262.0","0","0","0","0","34.0","262.0","30.2","30.0","2.48","0.1","-0.0","3.371","0.886","0.00","12.8","2.21","0"
"100.350","0.0000","12","0.0000","0.0000","0.0000","0.0000","0.0000","30.5332","12.7000","0.1662","10000.0000","45.39078926","-75.69572492","37.1","13.3","877.0","79","1","79","1","0","0.01","0.01","-0.97","-0.3","-0.1","-0.6","27.47","168.10","1826","6553.5","262.1","0","0","0","0","34.0","262.1","30.2","30.0","2.47","0.1","-0.0","3.396","0.870","0.00","12.8","2.24","0"
"100.400","0.0000","12","0.0000","0.0000","0.0000","0.0000","0.0000","30.5332","12.7000","0.1612","10000.0000","45.39078926","-75.69572492","37.1","13.3","877.0","79","1","79","1","0","-0.03","0.02","-0.96","-0.3","-0.1","-0.5","27.53","218.39","1853","6553.5","262.3","0","0","0","0","34.0","262.3","30.2","30.0","2.45","0.1","-0.0","3.415","0.860","0.00","12.8","2.24","0"
"100.450","0.0237","12","0.0000","0.0000","1.7881","59.0057","0.0000","30.5359","13.7260","0.1600","10000.0000","45.39078928","-75.69572492","37.1","13.3","876.8","79","1","79","1","0","-0.07","0.04","-0.97","-0.3","-0.0","-0.5","27.59","266.67","1755","6553.5","262.6","0","0","0","0","34.0","262.6","30.2","30.0","2.40","0.1","-0.0","3.428","0.859","0.00","12.9","2.25","0"
"100.500","0.0549","12","0.0000","0.0000","4.1410","136.6447","0.0000","30.5395","15.0760","0.1600","10000.0000","45.39078931","-75.69572492","37.1","13.3","876.5","79","1","79","1","0","-0.09","0.04","-0.97","-0.3","-0.0","-0.5","27.66","266.67","1687","6553.5","262.6","0","0","0","0","34.0","262.6","30.2","30.0","2.28","0.1","-0.0","3.420","0.866","0.00","12.9","2.25","0"
"100.550","0.0660","12","0.0000","0.0000","-0.8794","65.9820","0.0000","30.5451","15.3240","0.1562","10000.0000","45.39078937","-75.69572496","37.1","13.3","876.8","79","1","79","1","0","-0.01","0.03","-0.98","-0.3","0.0","-0.5","27.72","131.33","1638","6553.5","262.6","0","0","0","0","34.0","262.6","30.2","30.0","2.23","0.1","-0.0","3.400","0.880","0.00","12.9","2.26","0"
"100.600","0.0708","12","0.0000","0.0000","-8.2282","-51.5129","0.0000","30.5513","15.2240","0.1512","10000.0000","45.39078944","-75.69572503","37.1","13.3","876.5","79","1","79","1","0","0.05","0.04","-1.00","-0.3","0.0","-0.5","27.78","123.87","1754","6553.5","262.7","0","0","0","0","34.0","262.7","30.2","30.0","2.26","0.1","-0.0","3.404","0.873","0.00","12.9","2.25","0"
"100.650","0.0958","12","0.0000","0.0000","-6.9432","-24.5539","0.0000","30.5555","15.1240","0.1424","10000.0000","45.39078949","-75.69572504","37.1","13.3","876.5","79","1","79","1","0","0.02","0.07","-1.01","-0.3","0.0","-0.5","27.84","119.08","1903","6553.5","262.8","0","0","0","0","34.0","262.8","30.2","30.0","2.31","0.1","-0.0","3.413","0.862","0.00","12.9","2.23","0"
"100.700","0.1272","12","0.0000","0.0000","-2.9316","48.0220","0.0000","30.5591","15.0240","0.1324","10000.0000","45.39078952","-75.69572504","37.1","13.3","876.5","79","1","79","1","0","-0.03","0.07","-0.99","-0.3","0.0","-0.5","27.90","114.29","1928","6553.5","263.1","0","0","0","0","34.0","263.1","30.2","30.0","2.37","0.1","-0.0","3.419","0.860","0.00","12.9","2.23","0"
"100.750","0.1072","12","0.0000","0.0000","-3.8027","-10.7284","0.0000","30.5652","14.9620","0.1338","10000.0000","45.39078953","-75.69572505","37.1","13.3","876.8","79","1","79","1","0","0.01","0.03","-0.99","-0.2","-0.0","-0.5","27.96","127.51","1922","6553.5","263.5","0","0","0","0","34.0","263.5","30.2","30.0","2.43","0.1","-0.0","3.426","0.860","0.00","12.9","2.23","0"
"100.800","0.0710","12","0.0000","0.0000","-6.2158","-110.9502","0.0000","30.5722","14.9120","0.1388","10000.0000","45.39078953","-75.69572507","37.1","13.3","877.0","79","1","79","1","0","-0.01","0.01","-1.00","-0.2","-0.0","-0.6","28.03","128.57","1795","6553.5","263.3","0","0","0","0","34.0","263.3","30.2","30.0","2.51","0.1","-0.0","3.435","0.872","0.00","12.8","2.23","0"
"100.850","0.0692","12","0.0000","0.0000","-0.9536","-121.2441","0.0000","30.5733","14.8240","0.1362","10000.0000","45.39078958","-75.69572511","37.1","13.3","876.8","79","1","79","1","0","-0.02","0.01","-0.99","-0.2","-0.0","-0.6","28.09","136.85","1689","6553.5","263.1","0","0","0","0","34.0","263.1","30.2","30.0","2.48","0.1","-0.0","3.440","0.881","0.00","12.7","2.22","0"
"100.900","0.0783","12","0.0000","0.0000","6.7322","-103.1397","0.0000","30.5726","14.7240","0.1312","10000.0000","45.39078965","-75.69572515","37.1","13.3","877.0","79","1","79","1","0","0.00","0.02","-0.99","-0.2","0.0","-0.6","28.15","145.86","1667","6553.5","263.0","0","0","0","0","34.0","263.0","30.2","30.0","2.30","0.1","-0.0","3.425","0.874","0.00","12.8","2.22","0"
"100.950","0.0932","12","0.0000","0.0000","3.9991","-18.3380","0.0000","30.5752","14.6620","0.1376","10000.0000","45.39078969","-75.69572516","37.1","13.3","876.7","79","1","79","1","0","-0.03","0.02","-0.99","-0.2","0.1","-0.5","28.21","129.75","1657","6553.5","262.9","0","0","0","0","34.0","262.9","30.2","30.0","2.19","0.1","-0.0","3.414","0.871","0.00","12.9","2.21","0"
"101.000","0.1098","12","0.0000","0.0000","-2.0241","87.5259","0.0000","30.5787","14.6120","0.1476","10000.0000","45.39078972","-75.69572516","37.1","13.3","877.0","79","1","79","1","0","-0.04","0.01","-0.99","-0.2","0.1","-0.5","28.27","112.50","1695","6553.5","262.9","0","0","0","0","34.0","262.9","30.2","30.0","2.22","0.1","-0.0","3.419","0.888","0.00","12.9","2.23","0"
"101.050","0.0899","12","0.0000","0.0000","-10.1341","95.5126","0.0000","30.5816","14.5620","0.1462","10000.0000","45.39078976","-75.69572521","37.1","13.3","876.8","79","1","79","1","0","-0.03","0.03","-0.99","-0.2","0.0","-0.5","28.33","163.13","1726","6553.5","262.9","0","0","0","0","34.0","262.9","30.2","30.0","2.27","0.1","-0.1","3.419","0.900","0.00","12.8","2.25","0"
"101.100","0.0585","12","0.0000","0.0000","-18.9031","72.5908","0.0000","30.5843","14.5120","0.1412","10000.0000","45.39078980","-75.69572527","37.1","13.3","876.5","79","1","79","1","0","-0.04","0.05","-0.98","-0.3","-0.0","-0.5","28.40","256.88","1734","6553.5","263.0","0","0","0","0","34.0","263.0","30.2","30.0","2.33","0.1","-0.1","3.398","0.892","0.00","12.8","2.28","0"
"101.150","0.0726","12","0.0000","0.0000","-12.2214","106.5323","0.0000","30.5850","14.4620","0.1514","10000.0000","45.39078981","-75.69572529","37.1","13.3","876.8","79","1","79","1","0","-0.10","0.04","-0.99","-0.3","-0.0","-0.5","28.44","259.50","1766","6553.5","263.2","0","0","0","0","34.0","263.2","30.2","30.0","2.36","0.1","-0.0","3.386","0.881","0.00","12.8","2.32","0"
"101.200","0.1011","12","0.0000","0.0000","-0.6604","158.4308","0.0000","30.5850","14.4120","0.1664","10000.0000","45.39078981","-75.69572529","37.1","13.3","876.5","79","1","79","1","0","-0.11","0.02","-0.98","-0.3","-0.0","-0.5","28.46","225.00","1893","6553.5","263.3","0","0","0","0","34.0","263.3","30.2","30.0","2.32","0.1","-0.0","3.404","0.859","0.00","12.8","2.31","0"
"101.250","0.0863","12","0.0000","0.0000","9.2937","63.0436","0.0000","30.5863","14.3620","0.1548","10000.0000","45.39078985","-75.69572538","37.1","13.3","877.3","79","1","79","1","0","-0.02","0.00","-0.98","-0.3","-0.0","-0.5","28.48","189.90","1966","6553.5","263.5","0","0","0","0","34.0","263.5","30.2","30.0","2.36","0.1","-0.0","3.418","0.843","0.00","12.9","2.29","0"
"101.300","0.0578","12","0.0000","0.0000","18.7404","-78.8548","0.0000","30.5882","14.3120","0.1348","10000.0000","45.39078989","-75.69572551","37.1","13.3","877.0","79","1","79","1","0","0.05","-0.01","-0.99","-0.2","-0.0","-0.5","28.50","173.39","1821","6553.5","263.5","0","0","0","0","34.0","263.5","30.2","30.0","2.52","0.1","-0.1","3.415","0.855","0.00","12.9","2.31","0"
"101.350","0.0316","12","0.0000","0.0000","13.0247","-70.0045","0.0000","30.5886","14.2620","0.1452","10000.0000","45.39078990","-75.69572554","37.1","13.3","877.3","79","1","79","1","0","0.04","-0.02","-0.98","-0.2","0.0","-0.5","28.51","198.18","1712","6553.5","263.5","0","0","0","0","34.0","263.5","30.2","30.0","2.53","0.1","-0.0","3.404","0.869","0.00","12.9","2.33","0"
"101.400","0.0061","12","0.0000","0.0000","2.5209","-13.5493","0.0000","30.5886","14.2120","0.1652","10000.0000","45.39078990","-75.69572554","37.1","13.3","877.0","79","1","79","1","0","-0.03","0.01","-0.97","-0.2","0.0","-0.5","28.53","213.64","1745","6553.5","263.5","0","0","0","0","34.0","263.5","30.2","30.0","2.28","0.1","-0.0","3.360","0.892","0.00","12.9","2.31","0"
"101.450","0.0193","12","0.0000","0.0000","-8.5035","50.2302","0.0000","30.5854","14.1620","0.1662","10000.0000","45.39078993","-75.69572557","37.1","13.3","877.0","79","1","79","1","0","-0.14","0.05","-0.97","-0.2","0.0","-0.5","28.55","160.61","1769","6553.5","263.5","0","0","0","0","34.0","263.5","30.2","30.0","2.14","0.1","-0.0","3.334","0.907","0.00","13.0","2.28","0"
"101.500","0.0448","12","0.0000","0.0000","-19.6923","116.3225","0.0000","30.5811","14.1120","0.1612","10000.0000","45.39078997","-75.69572562","37.1","13.3","877.0","79","1","79","1","0","-0.16","0.04","-0.97","-0.2","0.0","-0.5","28.57","160.26","1753","6553.5","263.8","0","0","0","0","34.0","263.8","30.2","30.0","2.19","0.1","-0.0","3.378","0.892","0.00","12.9","2.26","0"
"101.550","0.0316","12","0.0000","0.0000","-13.8741","81.9545","0.0000","30.5801","14.1000","0.1562","10000.0000","45.39078998","-75.69572563","37.1","13.3","877.0","79","1","79","1","0","-0.12","0.01","-0.99","-0.2","-0.0","-0.5","28.59","173.08","1720","6553.5","264.1","0","0","0","0","34.0","264.1","30.2","30.0","2.23","0.1","-0.0","3.415","0.883","0.00","12.8","2.24","0"
"101.600","0.0061","12","0.0000","0.0000","-2.6853","15.8622","0.0000","30.5801","14.1000","0.1512","10000.0000","45.39078998","-75.69572563","37.1","13.3","877.0","79","1","79","1","0","-0.07","-0.01","-0.99","-0.2","-0.0","-0.5","28.60","175.87","1619","6553.5","264.2","0","0","0","0","34.0","264.2","30.2","30.0","2.27","0.1","-0.0","3.422","0.900","0.00","12.8","2.29","0"
"101.650","0.0000","12","0.0000","0.0000","0.0000","0.0000","0.0000","30.5801","14.0620","0.1462","10000.0000","45.39078998","-75.69572563","37.1","13.3","877.0","79","1","79","1","0","-0.10","0.00","-0.99","-0.3","0.0","-0.5","28.62","138.56","1561","6553.5","264.4","0","0","0","0","34.0","264.4","30.2","30.0","2.28","0.1","-0.0","3.428","0.910","0.00","12.9","2.34","0"
"101.700","0.0000","12","0.0000","0.0000","0.0000","0.0000","0.0000","30.5801","14.0120","0.1412","10000.0000","45.39078998","-75.69572563","37.1","13.3","877.5","79","1","79","1","0","-0.10","0.03","-0.97","-0.3","0.0","-0.5","28.64","133.33","1675","6553.5","264.4","0","0","0","0","34.0","264.4","30.2","30.0","2.25","0.1","-0.0","3.431","0.897","0.00","12.9","2.30","0"
"101.750","0.0000","12","0.0000","0.0000","0.0000","0.0000","0.0000","30.5801","13.9620","0.1514","10000.0000","45.39078998","-75.69572563","37.1","13.3","877.3","79","1","79","1","0","-0.03","0.02","-0.98","-0.3","0.0","-0.5","28.66","161.09","1788","6553.5","264.3","0","0","0","0","34.0","264.3","30.2","30.0","2.24","0.1","-0.0","3.432","0.884","0.00","12.8","2.26","0"
"101.800","0.0000","12","0.0000","0.0000","0.0000","0.0000","0.0000","30.5801","13.9120","0.1664","10000.0000","45.39078998","-75.69572563","37.1","13.3","877.5","79","1","79","1","0","0.03","0.01","-0.98","-0.3","0.0","-0.5","28.68","193.37","1899","6553.5","264.6","0","0","0","0","34.0","264.6","30.2","30.0","2.27","0.1","-0.0","3.430","0.869","0.00","12.8","2.20","0"
"101.850","0.0000","12","0.0000","0.0000","0.0000","0.0000","0.0000","30.5801","13.8620","0.1700","10000.0000","45.39078998","-75.69572563","37.1","13.3","877.0","79","1","79","1","0","0.04","0.01","-0.99","-0.3","0.0","-0.5","28.69","225.00","1864","6553.5","265.0","0","0","0","0","34.0","265.0","30.2","30.0","2.29","0.1","-0.0","3.418","0.865","0.00","12.9","2.14","0"
"101.900","0.0000","12","0.0000","0.0000","0.0000","0.0000","0.0000","30.5801","13.8120","0.1700","10000.0000","45.39078998","-75.69572563","37.1","13.3","877.5","79","1","79","1","0","0.03","0.02","-0.99","-0.3","-0.0","-0.5","28.71","225.00","1628","6553.5","264.7","0","0","0","0","34.0","264.7","30.2","30.0","2.32","0.1","-0.0","3.393","0.876","0.00","12.9","2.14","0"
"101.950","0.0000","13","0.0000","0.0000","0.0000","0.0000","0.0000","30.5801","13.8000","0.1700","10000.0000","45.39078998","-75.69572563","37.1","13.3","877.0","79","1","79","1","0","-0.06","0.04","-0.99","-0.3","-0.0","-0.5","28.73","165.00","1601","6553.5","264.4","0","0","0","0","34.0","264.4","30.2","30.0","2.33","0.1","-0.0","3.369","0.883","0.00","12.8","2.15","0"
"102.000","0.0000","13","0.0000","0.0000","0.0000","0.0000","0.0000","30.5801","13.8000","0.1700","10000.0000","45.39078998","-75.69572563","37.1","13.3","877.5","79","1","79","1","0","-0.06","0.06","-0.99","-0.3","-0.0","-0.5","28.75","160.00","1703","6553.5","264.2","0","0","0","0","34.0","264.2","30.3","30.0","2.34","0.1","-0.0","3.344","0.887","0.00","12.8","2.15","0"
"102.050","0.0000","13","0.0000","0.0000","0.0000","0.0000","0.0000","30.5801","13.7620","0.1700","10000.0000","45.39078998","-75.69572563","37.1","13.3","877.2","79","1","79","1","0","-0.04","0.05","-1.00","-0.3","-0.0","-0.5","28.76","160.00","1675","6553.5","264.0","0","0","0","0","34.0","264.0","30.3","30.0","2.27","0.1","-0.0","3.365","0.890","0.00","12.9","2.16","0"
"102.100","0.0000","13","0.0000","0.0000","0.0000","0.0000","0.0000","30.5801","13.7120","0.1700","10000.0000","45.39078998","-75.69572563","37.1","13.3","876.5","79","1","79","1","0","-0.04","0.02","-0.99","-0.3","-0.0","-0.5","28.78","160.00","1621","6553.5","264.0","0","0","0","0","34.0","264.0","30.3","30.0","2.08","0.1","-0.0","3.397","0.892","0.00","12.9","2.20","0"
"102.150","0.0642","13","0.0000","0.0000","1.1806","-11.7836","0.0000","30.5795","14.7640","0.1700","10000.0000","45.39079004","-75.69572566","37.1","13.3","876.7","79","1","79","1","0","-0.03","0.01","-0.99","-0.3","-0.0","-0.5","28.80","157.59","1612","6553.5","264.0","0","0","0","0","34.0","264.0","30.3","30.0","2.00","0.1","-0.0","3.404","0.897","0.00","12.8","2.25","0"
"102.200","0.1486","13","0.0000","0.0000","2.7341","-27.2883","0.0000","30.5788","16.1640","0.1700","10000.0000","45.39079011","-75.69572571","37.1","13.3","876.5","79","1","79","1","0","-0.06","0.02","-0.99","-0.3","-0.0","-0.5","28.81","152.96","1616","6553.5","264.2","0","0","0","0","34.0","264.2","30.3","30.0","2.09","0.1","-0.0","3.411","0.898","0.00","12.8","2.25","0"
"102.250","0.1382","13","0.0000","0.0000","4.7394","32.4099","0.0000","30.5754","16.4240","0.1624","10000.0000","45.39079015","-75.69572575","37.1","13.3","876.5","79","1","79","1","0","-0.03","0.01","-0.98","-0.2","-0.1","-0.5","28.79","150.00","1667","6553.5","264.5","0","0","0","0","34.0","264.5","30.3","30.0","2.15","0.1","-0.0","3.418","0.887","0.00","12.9","2.26","0"
"102.300","0.0979","13","0.0000","0.0000","6.8873","115.8564","0.0000","30.5711","16.3240","0.1524","10000.0000","45.39079019","-75.69572580","37.1","13.3","876.5","79","1","79","1","0","0.06","-0.01","-0.98","-0.2","-0.0","-0.5","28.77","150.00","1658","6553.5","264.6","0","0","0","0","34.0","264.6","30.3","30.0","2.14","0.1","-0.0","3.423","0.888","0.00","12.9","2.30","0"
"102.350","0.0853","13","0.0000","0.0000","8.1586","60.8935","0.0000","30.5696","16.2240","0.1462","10000.0000","45.39079025","-75.69572585","37.1","13.3","876.8","79","1","79","1","0","0.05","-0.00","-0.98","-0.3","0.0","-0.5","28.76","151.53","1565","6553.5","264.7","0","0","0","0","34.0","264.7","30.3","30.0","2.13","0.1","-0.0","3.422","0.905","0.00","12.8","2.34","0"
"102.400","0.0814","13","0.0000","0.0000","9.1531","-37.7776","0.0000","30.5688","16.1240","0.1412","10000.0000","45.39079033","-75.69572589","37.1","13.3","876.5","79","1","79","1","0","0.06","0.02","-0.99","-0.3","0.0","-0.6","28.74","155.76","1578","6553.5","264.8","0","0","0","0","34.0","264.8","30.3","30.0","2.10","0.1","-0.0","3.417","0.896","0.00","12.8","2.30","0"
"102.450","0.1063","13","0.0000","0.0000","8.2448","16.5872","0.0000","30.5714","16.0240","0.1476","10000.0000","45.39079037","-75.69572590","37.1","13.3","876.8","79","1","79","1","0","0.12","0.04","-1.00","-0.3","0.0","-0.6","28.73","160.00","1655","6553.5","264.9","0","0","0","0","34.0","264.9","30.3","30.0","2.12","0.1","-0.0","3.409","0.872","0.00","12.9","2.26","0"
"102.500","0.1403","13","0.0000","0.0000","6.7356","119.2791","0.0000","30.5749","15.9240","0.1576","10000.0000","45.39079040","-75.69572590","37.1","13.3","877.0","79","1","79","1","0","0.12","0.02","-1.00","-0.3","0.0","-0.6","28.71","160.00","1723","6553.5","264.9","0","0","0","0","34.0","264.9","30.3","30.0","2.21","0.1","-0.0","3.408","0.873","0.00","12.9","2.25","0"
"102.550","0.1057","13","0.0000","0.0000","21.2000","89.2336","0.0000","30.5727","15.8240","0.1600","10000.0000","45.39079048","-75.69572593","37.1","13.3","876.7","79","1","79","1","0","0.06","0.01","-1.00","-0.3","-0.0","-0.6","28.69","136.00","1786","6553.5","264.9","0","0","0","0","34.0","264.9","30.3","30.0","2.29","0.1","-0.0","3.410","0.879","0.00","12.9","2.24","0"
"102.600","0.0495","13","0.0000","0.0000","40.7087","17.2710","0.0000","30.5686","15.7240","0.1600","10000.0000","45.39079058","-75.69572596","37.1","13.3","877.0","79","1","79","1","0","0.00","0.03","-1.00","-0.3","-0.0","-0.5","28.68","163.44","1696","6553.5","264.8","0","0","0","0","34.0","264.8","30.3","30.0","2.36","0.1","-0.0","3.417","0.882","0.00","12.9","2.22","0"
"102.650","0.0460","13","0.0000","0.0000","30.7243","17.0987","0.0000","30.5643","15.6240","0.1562","10000.0000","45.39079064","-75.69572600","37.1","13.3","876.8","79","1","79","1","0","0.01","0.01","-1.00","-0.3","-0.0","-0.5","28.66","196.90","1611","6553.5","264.7","0","0","0","0","34.0","264.7","30.3","30.0","2.35","0.1","-0.0","3.424","0.886","0.00","12.9","2.20","0"
"102.700","0.0592","13","0.0000","0.0000","11.4264","39.5969","0.0000","30.5601","15.5240","0.1512","10000.0000","45.39079068","-75.69572605","37.1","13.3","876.5","79","1","79","1","0","-0.04","0.01","-0.99","-0.3","0.0","-0.5","28.64","225.00","1550","6553.5","264.6","0","0","0","0","34.0","264.6","30.3","30.0","2.23","0.1","-0.0","3.430","0.894","0.00","12.9","2.22","0"
"102.750","0.0774","13","0.0000","0.0000","12.1957","-15.0081","0.0000","30.5612","15.4620","0.1424","10000.0000","45.39079076","-75.69572609","37.1","13.3","877.0","79","1","79","1","0","-0.02","0.03","-0.99","-0.3","-0.0","-0.5","28.63","225.00","1552","6553.5","264.5","0","0","0","0","34.0","264.5","30.3","30.0","2.11","0.1","-0.0","3.429","0.905","0.00","12.9","2.24","0"
"102.800","0.0971","13","0.0000","0.0000","19.3021","-93.9616","0.0000","30.5640","15.4120","0.1324","10000.0000","45.39079087","-75.69572614","37.1","13.3","877.0","79","1","79","1","0","-0.03","0.03","-0.99","-0.3","-0.0","-0.5","28.61","140.14","1643","6553.5","264.8","0","0","0","0","34.0","264.8","30.3","30.0","1.99","0.1","-0.0","3.419","0.920","0.00","12.9","2.26","0"
"102.850","0.1042","13","0.0000","0.0000","12.2214","-73.4677","0.0000","30.5615","15.3620","0.1452","10000.0000","45.39079092","-75.69572618","37.1","13.3","876.8","79","1","79","1","0","-0.08","0.02","-1.00","-0.3","-0.1","-0.5","28.59","136.70","1613","6553.5","265.1","0","0","0","0","34.0","265.1","30.3","30.0","1.96","0.1","-0.0","3.384","0.925","0.00","12.8","2.29","0"
"102.900","0.1073","13","0.0000","0.0000","0.6604","-21.5692","0.0000","30.5572","15.3120","0.1652","10000.0000","45.39079096","-75.69572623","37.1","13.3","877.0","79","1","79","1","0","-0.07","0.02","-1.00","-0.3","-0.1","-0.5","28.58","145.94","1509","6553.5","265.1","0","0","0","0","34.0","265.1","30.3","30.0","2.06","0.1","-0.0","3.334","0.924","0.00","12.8","2.32","0"
"102.950","0.1181","13","0.0000","0.0000","-2.6080","45.4935","0.0000","30.5536","15.2240","0.1662","10000.0000","45.39079099","-75.69572623","37.1","13.3","877.0","79","1","79","1","0","0.01","0.00","-1.00","-0.3","-0.1","-0.5","28.56","150.00","1584","6553.5","265.0","0","0","0","0","34.0","265.0","30.3","30.0","2.11","0.1","-0.0","3.379","0.916","0.00","12.9","2.36","0"
"103.000","0.1315","13","0.0000","0.0000","-3.2578","117.3449","0.0000","30.5502","15.1240","0.1612","10000.0000","45.39079102","-75.69572621","37.1","13.3","877.0","79","1","79","1","0","0.00","-0.01","-0.99","-0.3","-0.1","-0.6","28.55","150.00","1697","6553.5","265.0","0","0","0","0","34.0","265.0","30.3","30.0","2.11","0.1","-0.0","3.442","0.906","0.00","12.9","2.34","0"
"103.050","0.1029","13","0.0000","0.0000","-1.6328","87.2697","0.0000","30.5488","15.0620","0.1638","10000.0000","45.39079108","-75.69572624","37.1","13.3","876.5","79","1","79","1","0","-0.03","-0.01","-0.99","-0.3","-0.1","-0.6","28.53","152.98","1686","6553.5","265.0","0","0","0","0","34.0","265.0","30.3","30.0","2.09","0.1","-0.0","3.394","0.909","0.00","12.9","2.31","0"
"103.100","0.0610","13","0.0000","0.0000","0.7106","25.0071","0.0000","30.5481","15.0120","0.1688","10000.0000","45.39079116","-75.69572629","37.1","13.3","877.0","79","1","79","1","0","-0.04","0.03","-1.01","-0.3","-0.1","-0.6","28.51","158.30","1680","6553.5","264.9","0","0","0","0","34.0","264.9","30.3","30.0","2.07","0.1","-0.0","3.362","0.911","0.00","12.9","2.29","0"
"103.150","0.0316","13","0.0000","0.0000","0.7892","6.2397","0.0000","30.5454","14.9620","0.1662","10000.0000","45.39079120","-75.69572629","37.1","13.3","876.8","79","1","79","1","0","-0.04","0.05","-1.01","-0.3","-0.1","-0.6","28.50","204.20","1694","6553.5","264.7","0","0","0","0","34.0","264.7","30.3","30.0","2.05","0.1","-0.0","3.391","0.907","0.00","12.9","2.26","0"
"103.200","0.0061","13","0.0000","0.0000","0.1528","1.2077","0.0000","30.5420","14.9120","0.1612","10000.0000","45.39079123","-75.69572627","37.1","13.3","876.5","79","1","79","1","0","-0.03","0.01","-0.98","-0.3","-0.0","-0.6","28.48","225.00","1706","6553.5","264.7","0","0","0","0","34.0","264.7","30.3","30.0","2.05","0.1","-0.0","3.415","0.903","0.00","12.8","2.26","0"
"103.250","0.0000","13","0.0000","0.0000","0.0000","0.0000","0.0000","30.5379","14.8620","0.1562","10000.0000","45.39079126","-75.69572631","37.1","13.3","877.0","79","1","79","1","0","-0.01","-0.01","-0.98","-0.2","-0.0","-0.6","28.47","188.57","1713","6553.5","264.8","0","0","0","0","34.0","264.8","30.3","30.0","2.06","0.1","-0.0","3.426","0.903","0.00","12.7","2.27","0"
"103.300","0.0000","13","0.0000","0.0000","0.0000","0.0000","0.0000","30.5336","14.8120","0.1512","10000.0000","45.39079130","-75.69572635","37.1","13.3","876.5","79","1","79","1","0","-0.01","0.02","-0.99","-0.2","0.0","-0.6","28.47","162.88","1684","6553.5","264.9","0","0","0","0","34.0","264.9","30.3","30.0","2.12","0.1","-0.0","3.429","0.904","0.00","12.8","2.26","0"
"103.350","0.0000","13","0.0000","0.0000","0.0000","0.0000","0.0000","30.5326","14.7620","0.1500","10000.0000","45.39079131","-75.69572636","37.1","13.3","876.5","79","1","79","1","0","0.02","0.06","-1.01","-0.2","0.1","-0.6","28.48","150.32","1604","6553.5","265.1","0","0","0","0","34.0","265.1","30.3","30.0","2.14","0.1","-0.0","3.423","0.905","0.00","12.9","2.24","0"
"103.400","0.0000","13","0.0000","0.0000","0.0000","0.0000","0.0000","30.5326","14.7120","0.1500","10000.0000","45.39079131","-75.69572636","37.1","13.3","876.5","79","1","79","1","0","0.00","0.05","-0.99","-0.3","0.0","-0.5","28.48","137.75","1577","6553.5","265.0","0","0","0","0","34.0","265.0","30.3","30.0","2.10","0.1","-0.0","3.416","0.913","0.00","12.9","2.27","0"
"103.450","0.0000","13","0.0000","0.0000","0.0000","0.0000","0.0000","30.5326","14.6620","0.1538","10000.0000","45.39079131","-75.69572636","37.1","13.3","876.8","79","1","79","1","0","-0.08","0.02","-0.97","-0.3","0.0","-0.5","28.48","148.44","1581","6553.5","264.9","0","0","0","0","34.0","264.9","30.3","30.0","2.06","0.1","-0.0","3.408","0.925","0.00","12.9","2.31","0"
"103.500","0.0000","13","0.0000","0.0000","0.0000","0.0000","0.0000","30.5326","14.6120","0.1588","10000.0000","45.39079131","-75.69572636","37.1","13.3","876.5","79","1","79","1","0","-0.13","0.01","-0.97","-0.3","0.0","-0.6","28.49","142.06","1577","6553.5","264.9","0","0","0","0","34.0","264.9","30.3","30.0","2.04","0.1","-0.0","3.407","0.919","0.00","12.9","2.30","0"
"103.550","0.0000","13","0.0000","0.0000","0.0000","0.0000","0.0000","30.5326","14.5620","0.1562","10000.0000","45.39079131","-75.69572636","37.1","13.3","877.0","79","1","79","1","0","-0.06","0.00","-0.99","-0.3","0.0","-0.6","28.49","132.82","1570","6553.5","264.8","0","0","0","0","34.0","264.8","30.3","30.0","2.01","0.1","-0.0","3.407","0.909","0.00","12.9","2.28","0"
"103.600","0.0000","13","0.0000","0.0000","0.0000","0.0000","0.0000","30.5326","14.5120","0.1512","10000.0000","45.39079131","-75.69572636","37.1","13.3","877.0","79","1","79","1","0","-0.09","0.00","-0.99","-0.3","0.0","-0.6","28.50","180.64","1588","6553.5","264.7","0","0","0","0","34.0","264.7","30.3","30.0","1.98","0.1","-0.0","3.414","0.897","0.00","12.9","2.25","0"
"103.650","0.0000","13","0.0000","0.0000","0.0000","0.0000","0.0000","30.5326","14.5000","0.1500","10000.0000","45.39079131","-75.69572636","37.1","13.3","876.8","79","1","79","1","0","-0.13","0.01","-0.99","-0.3","0.0","-0.6","28.50","225.00","1606","6553.5","264.5","0","0","0","0","34.0","264.5","30.3","30.0","1.99","0.1","-0.0","3.420","0.890","0.00","12.8","2.22","0"
"103.700","0.0000","13","0.0000","0.0000","0.0000","0.0000","0.0000","30.5326","14.5000","0.1500","10000.0000","45.39079131","-75.69572636","37.1","13.3","877.0","79","1","79","1","0","-0.08","0.01","-1.00","-0.3","0.0","-0.6","28.50","204.34","1628","6553.5","264.6","0","0","0","0","34.5","264.6","30.3","30.0","2.07","0.1","-0.0","3.421","0.902","0.00","12.8","2.26","0"
"103.750","0.0000","13","0.0000","0.0000","0.0000","0.0000","0.0000","30.5326","14.4620","0.1424","10000.0000","45.39079131","-75.69572636","37.1","13.3","876.5","79","1","79","1","0","-0.12","0.01","-0.99","-0.3","0.0","-0.6","28.51","166.07","1614","6553.5","264.8","0","0","0","0","35.0","264.8","30.3","30.0","2.10","0.1","-0.0","3.424","0.911","0.00","12.9","2.30","0"
"103.800","0.0000","13","0.0000","0.0000","0.0000","0.0000","0.0000","30.5326","14.4120","0.1324","10000.0000","45.39079131","-75.69572636","37.1","13.3","877.0","79","1","79","1","0","-0.09","0.02","-0.98","-0.3","0.0","-0.6","28.51","133.89","1550","6553.5","264.7","0","0","0","0","34.5","264.7","30.3","30.0","2.08","0.1","-0.0","3.428","0.918","0.00","12.9","2.32","0"
"103.850","0.0000","13","0.0000","0.0000","0.0000","0.0000","0.0000","30.5326","14.3620","0.1376","10000.0000","45.39079131","-75.69572636","37.1","13.3","876.5","79","1","79","1","0","0.01","0.03","-0.99","-0.3","-0.0","-0.6","28.51","122.22","1455","6553.5","264.5","0","0","0","0","34.0","264.5","30.3","30.0","2.03","0.1","-0.0","3.435","0.918","0.00","12.8","2.35","0"
"103.900","0.0000","13","0.0000","0.0000","0.0000","0.0000","0.0000","30.5326","14.3120","0.1476","10000.0000","45.39079131","-75.69572636","37.1","13.3","877.0","79","1","79","1","0","-0.05","0.02","-0.99","-0.3","-0.0","-0.5","28.52","144.13","1340","6553.5","264.7","0","0","0","0","34.0","264.7","30.3","30.0","1.96","0.1","-0.1","3.443","0.913","0.00","12.8","2.35","0"
"103.950","0.0454","13","0.0000","0.0000","-3.2226","-20.5885","0.0000","30.5302","15.4020","0.1500","10000.0000","45.39079138","-75.69572634","37.1","13.3","876.8","79","1","79","1","0","0.04","0.01","-1.02","-0.2","0.0","-0.5","28.52","196.91","1508","6553.5","265.0","0","0","0","0","34.0","265.0","30.3","30.0","1.93","0.1","-0.0","3.439","0.905","0.00","12.8","2.35","0"
"104.000","0.1051","13","0.0000","0.0000","-7.4628","-47.6786","0.0000","30.5269","16.8520","0.1500","10000.0000","45.39079148","-75.69572631","37.1","13.3","877.0","79","1","79","1","0","0.10","0.02","-1.02","-0.2","0.0","-0.5","28.53","260.55","1731","6553.5","264.9","0","0","0","0","34.0","264.9","30.3","30.0","1.98","0.1","-0.0","3.431","0.897","0.00","12.8","2.35","0"
"104.050","0.1151","13","0.0000","0.0000","-4.4545","31.3451","0.0000","30.5235","17.1240","0.1576","10000.0000","45.39079152","-75.69572629","37.1","13.3","877.0","79","1","79","1","0","0.01","0.02","-1.01","-0.2","-0.0","-0.6","28.53","243.00","1609","6553.5","264.7","0","0","0","0","34.0","264.7","30.3","30.0","1.98","0.1","-0.0","3.410","0.922","0.00","12.8","2.35","0"
"104.100","0.1094","13","0.0000","0.0000","0.8428","143.8784","0.0000","30.5201","17.0240","0.1676","10000.0000","45.39079155","-75.69572627","37.1","13.3","877.0","79","1","79","1","0","-0.07","0.04","-1.01","-0.2","-0.0","-0.6","28.53","150.00","1529","6553.5","264.8","0","0","0","0","34.0","264.8","30.3","30.0","1.88","0.1","-0.0","3.396","0.935","0.00","12.8","2.37","0"
"104.150","0.1367","13","0.0000","0.0000","-1.9454","106.0328","0.0000","30.5162","16.8860","0.1700","10000.0000","45.39079164","-75.69572629","37.1","13.3","876.8","79","1","79","1","0","-0.09","0.04","-1.00","-0.2","-0.0","-0.6","28.54","150.00","1597","6553.5","264.9","0","0","0","0","34.0","264.9","30.4","30.0","1.88","0.1","-0.0","3.403","0.906","0.00","12.9","2.40","0"
"104.200","0.1745","13","0.0000","0.0000","-7.2870","20.6992","0.0000","30.5121","16.7360","0.1700","10000.0000","45.39079174","-75.69572632","37.1","13.3","876.5","79","1","79","1","0","0.01","0.02","-1.00","-0.3","-0.0","-0.5","28.54","150.00","1594","6553.5","264.9","0","0","0","0","34.0","264.9","30.4","30.0","2.03","0.1","-0.0","3.412","0.899","0.00","12.9","2.34","0"
"104.250","0.1473","13","0.0000","0.0000","-1.0586","-54.0100","0.0000","30.5085","16.6240","0.1586","10000.0000","45.39079179","-75.69572632","37.1","13.3","877.0","79","1","79","1","0","0.01","0.01","-1.00","-0.3","0.0","-0.5","28.54","150.00","1493","6553.5","265.0","0","0","0","0","34.0","265.0","30.4","30.0","2.08","0.1","-0.0","3.424","0.919","0.00","12.8","2.27","0"
"104.300","0.0996","13","0.0000","0.0000","8.8234","-125.3642","0.0000","30.5051","16.5240","0.1436","10000.0000","45.39079182","-75.69572630","37.1","13.3","877.0","79","1","79","1","0","-0.05","0.01","-1.00","-0.3","0.0","-0.5","28.50","147.69","1480","6553.5","265.1","0","0","0","0","34.5","265.1","30.4","30.0","1.97","0.1","-0.0","3.420","0.925","0.00","12.8","2.30","0"
"104.350","0.0882","13","0.0000","0.0000","14.3974","-24.4566","0.0000","30.5044","16.4240","0.1476","10000.0000","45.39079187","-75.69572629","37.1","13.3","877.0","79","1","79","1","0","-0.09","0.02","-0.99","-0.3","-0.0","-0.5","28.36","131.21","1522","6553.5","265.3","0","0","0","0","35.0","265.3","30.4","30.0","1.91","0.1","-0.0","3.408","0.921","0.00","12.9","2.35","0"
"104.400","0.0882","13","0.0000","0.0000","18.6111","130.8495","0.0000","30.5046","16.3240","0.1576","10000.0000","45.39079194","-75.69572627","37.1","13.3","877.0","79","1","79","1","0","-0.02","0.01","-0.99","-0.3","-0.0","-0.5","28.21","128.57","1483","6553.5","265.4","0","0","0","0","35.0","265.4","30.4","30.0","1.95","0.1","-0.0","3.404","0.921","0.00","12.9","2.31","0"
"104.450","0.0882","13","0.0000","0.0000","15.5432","128.7617","0.0000","30.4994","16.2620","0.1486","10000.0000","45.39079200","-75.69572624","37.1","13.2","876.8","79","1","79","1","0","0.10","0.01","-1.00","-0.3","-0.1","-0.5","28.07","135.83","1428","6553.5","265.6","0","0","0","0","35.0","265.6","30.4","30.0","1.97","0.1","-0.0","3.402","0.923","0.00","12.8","2.27","0"
"104.500","0.0882","13","0.0000","0.0000","10.1758","76.9705","0.0000","30.4926","16.2120","0.1336","10000.0000","45.39079206","-75.69572621","37.1","13.2","876.5","79","1","79","1","0","0.10","-0.01","-1.00","-0.3","-0.0","-0.6","27.93","144.47","1494","6553.5","265.6","0","0","0","0","35.0","265.6","30.4","30.0","1.97","0.1","-0.0","3.403","0.935","0.00","12.8","2.27","0"
"104.550","0.0882","13","0.0000","0.0000","9.7644","-14.1307","0.0000","30.4930","16.1240","0.1376","10000.0000","45.39079211","-75.69572625","37.1","13.2","876.8","79","1","79","1","0","0.03","0.00","-0.99","-0.2","-0.1","-0.6","27.78","150.00","1531","6553.5","265.7","0","0","0","0","35.0","265.7","30.4","30.0","1.94","0.1","-0.0","3.405","0.945","0.00","12.9","2.28","0"
"104.600","0.0882","13","0.0000","0.0000","10.9182","-117.6456","0.0000","30.4957","16.0240","0.1476","10000.0000","45.39079215","-75.69572631","37.1","13.2","877.0","79","1","79","1","0","-0.04","0.03","-0.99","-0.2","-0.1","-0.6","27.64","150.00","1463","6553.5","265.8","0","0","0","0","35.0","265.8","30.4","30.0","1.88","0.1","-0.0","3.417","0.947","0.00","12.9","2.29","0"
"104.650","0.0784","13","0.0000","0.0000","8.7291","-29.3376","0.0000","30.4965","15.9620","0.1538","10000.0000","45.39079220","-75.69572631","37.1","13.2","877.3","79","1","79","1","0","-0.12","0.04","-0.98","-0.2","-0.1","-0.5","27.50","143.90","1450","6553.5","265.9","0","0","0","0","35.0","265.9","30.4","30.0","1.89","0.1","-0.0","3.416","0.946","0.00","12.8","2.30","0"
"104.700","0.0655","13","0.0000","0.0000","5.4844","119.5460","0.0000","30.4967","15.9120","0.1588","10000.0000","45.39079227","-75.69572630","37.1","13.2","876.5","79","1","79","1","0","-0.12","0.03","-0.98","-0.2","-0.1","-0.5","27.36","126.95","1514","6553.5","265.8","0","0","0","0","35.0","265.8","30.4","30.0","2.01","0.1","-0.0","3.400","0.940","0.00","12.8","2.31","0"
"104.750","0.0797","13","0.0000","0.0000","3.7209","161.2093","0.0000","30.4968","15.8240","0.1638","10000.0000","45.39079233","-75.69572628","37.1","13.2","876.8","79","1","79","1","0","-0.13","0.01","-0.97","-0.2","-0.1","-0.5","27.21","110.00","1569","6553.5","265.7","0","0","0","0","35.0","265.7","30.4","30.0","2.03","0.1","-0.0","3.400","0.929","0.00","12.9","2.32","0"
"104.800","0.1025","13","0.0000","0.0000","2.4252","169.0134","0.0000","30.4970","15.7240","0.1688","10000.0000","45.39079239","-75.69572627","37.1","13.2","877.0","79","1","79","1","0","-0.06","0.02","-0.98","-0.2","-0.1","-0.5","27.07","134.12","1620","6553.5","265.8","0","0","0","0","35.0","265.8","30.4","30.0","1.89","0.1","-0.0","3.408","0.916","0.00","12.8","2.33","0"
"104.850","0.0670","13","0.0000","0.0000","1.3108","105.9496","0.0000","30.4970","15.6620","0.1624","10000.0000","45.39079241","-75.69572626","37.1","13.2","876.8","79","1","79","1","0","-0.13","0.02","-0.98","-0.2","-0.1","-0.5","26.93","137.50","1511","6553.5","265.9","0","0","0","0","35.0","265.9","30.4","30.0","1.86","0.1","-0.0","3.359","0.927","0.00","12.7","2.34","0"
"104.900","0.0130","13","0.0000","0.0000","0.2537","20.5064","0.0000","30.4970","15.6120","0.1524","10000.0000","45.39079241","-75.69572626","37.1","13.2","877.5","79","1","79","1","0","-0.11","0.02","-0.97","-0.2","-0.1","-0.5","26.78","127.55","1373","6553.5","266.0","0","0","0","0","35.0","266.0","30.4","30.0","1.99","0.1","-0.0","3.300","0.944","0.00","12.7","2.30","0"
"104.950","0.0000","13","0.0000","0.0000","0.0000","0.0000","0.0000","30.4970","15.5620","0.1576","10000.0000","45.39079241","-75.69572626","37.1","13.2","877.0","79","1","79","1","0","-0.09","0.01","-0.97","-0.2","-0.0","-0.5","26.64","115.97","1461","6553.5","266.1","0","0","0","0","35.0","266.1","30.4","30.0","2.05","0.1","-0.0","3.360","0.919","0.00","12.8","2.26","0"
"105.000","0.0000","13","0.0000","0.0000","0.0000","0.0000","0.0000","30.4970","15.5120","0.1676","10000.0000","45.39079241","-75.69572626","37.1","13.2","876.5","79","1","79","1","0","-0.11","0.02","-0.98","-0.2","-0.0","-0.5","26.50","112.50","1496","6553.5","265.9","0","0","0","0","35.0","265.9","30.4","30.0","1.96","0.1","-0.0","3.405","0.904","0.00","12.8","2.28","0"
"105.050","0.0193","13","0.0000","0.0000","-0.4837","-64.5757","0.0000","30.4944","16.6780","0.1624","10000.0000","45.39079243","-75.69572625","37.1","13.2","877.3","79","1","79","1","0","-0.08","0.03","-1.00","-0.3","-0.0","-0.5","26.36","128.50","1339","6553.5","265.7","0","0","0","0","35.0","265.7","30.4","30.0","1.86","0.1","-0.0","3.395","0.920","0.00","12.7","2.31","0"
"105.100","0.0448","13","0.0000","0.0000","-1.1202","-149.5436","0.0000","30.4910","18.2280","0.1524","10000.0000","45.39079246","-75.69572624","37.1","13.2","877.5","79","1","79","1","0","-0.11","0.04","-1.00","-0.3","0.0","-0.5","26.21","141.42","1337","6553.5","265.8","0","0","0","0","35.0","265.8","30.4","30.0","1.74","0.1","-0.0","3.396","0.926","0.00","12.7","2.31","0"
"105.150","0.0509","13","0.0000","0.0000","13.3269","-52.0935","0.0000","30.4903","18.4860","0.1538","10000.0000","45.39079252","-75.69572622","37.1","13.2","877.3","79","1","79","1","0","-0.13","0.05","-0.99","-0.3","0.0","-0.5","26.07","147.55","1549","6553.5","265.9","0","0","0","0","35.0","265.9","30.4","30.0","1.74","0.1","-0.0","3.413","0.917","0.00","12.8","2.32","0"
"105.200","0.0509","13","0.0000","0.0000","32.5373","102.9623","0.0000","30.4905","18.3360","0.1588","10000.0000","45.39079258","-75.69572620","37.1","13.2","877.0","79","1","79","1","0","-0.12","0.03","-0.99","-0.3","0.0","-0.5","25.93","150.00","1501","6553.5","265.8","0","0","0","0","35.0","265.8","30.4","30.0","1.94","0.1","-0.0","3.414","0.918","0.00","12.8","2.32","0"
"105.250","0.0726","13","0.0000","0.0000","25.9163","73.7403","0.0000","30.4927","18.1860","0.1638","10000.0000","45.39079267","-75.69572623","37.1","13.2","877.0","79","1","79","1","0","-0.11","0.02","-1.00","-0.3","-0.0","-0.5","25.78","150.00","1293","6553.5","265.6","0","0","0","0","35.0","265.6","30.4","30.0","2.01","0.1","-0.0","3.406","0.925","0.00","12.7","2.32","0"
"105.300","0.1011","13","0.0000","0.0000","11.1380","-13.6748","0.0000","30.4955","18.0360","0.1688","10000.0000","45.39079277","-75.69572628","37.1","13.2","877.5","79","1","79","1","0","-0.05","0.01","-1.00","-0.3","-0.0","-0.5","25.64","140.70","1411","6553.5","265.6","0","0","0","0","35.0","265.6","30.4","30.0","1.87","0.1","-0.0","3.414","0.921","0.00","12.7","2.34","0"
"105.350","0.0863","13","0.0000","0.0000","4.2228","-86.0614","0.0000","30.4963","17.8860","0.1662","10000.0000","45.39079284","-75.69572628","37.1","13.2","877.3","79","1","79","1","0","-0.03","0.00","-1.00","-0.3","0.0","-0.5","25.59","125.21","1598","6553.5","265.7","0","0","0","0","35.0","265.7","30.4","30.0","1.81","0.1","-0.0","3.423","0.916","0.00","12.8","2.36","0"
"105.400","0.0578","13","0.0000","0.0000","-0.2093","-153.7022","0.0000","30.4965","17.7360","0.1612","10000.0000","45.39079291","-75.69572626","37.1","13.2","877.5","79","1","79","1","0","-0.01","0.00","-0.99","-0.3","0.0","-0.5","25.71","112.50","1658","6553.5","265.7","0","0","0","0","35.0","265.7","30.4","30.0","1.87","0.1","-0.0","3.391","0.927","0.00","12.8","2.34","0"
"105.450","0.0509","13","0.0000","0.0000","7.1937","-148.2663","0.0000","30.4967","17.6240","0.1486","10000.0000","45.39079297","-75.69572625","37.1","13.2","877.0","79","1","79","1","0","0.07","-0.00","-1.00","-0.3","0.1","-0.5","25.83","112.50","1669","6553.5","265.7","0","0","0","0","35.0","265.7","30.4","30.0","1.96","0.1","-0.0","3.370","0.933","0.00","12.7","2.31","0"
"105.500","0.0509","13","0.0000","0.0000","18.3340","-119.7535","0.0000","30.4968","17.5240","0.1336","10000.0000","45.39079303","-75.69572623","37.1","13.2","876.5","79","1","79","1","0","0.00","0.01","-0.99","-0.3","0.0","-0.6","25.95","213.75","1506","6553.5","265.5","0","0","0","0","35.0","265.5","30.4","30.0","2.08","0.1","-0.0","3.390","0.925","0.00","12.7","2.31","0"
"105.550","0.0553","13","0.0000","0.0000","15.6068","-52.9058","0.0000","30.4970","17.4240","0.1300","10000.0000","45.39079310","-75.69572622","37.1","13.2","877.0","79","1","79","1","0","0.01","0.01","-0.99","-0.3","0.0","-0.6","26.08","197.47","1487","6553.5","265.2","0","0","0","0","35.0","265.2","30.4","30.0","2.05","0.1","-0.0","3.405","0.917","0.00","12.8","2.32","0"
"105.600","0.0610","13","0.0000","0.0000","8.5004","26.0477","0.0000","30.4971","17.3240","0.1300","10000.0000","45.39079316","-75.69572620","37.1","13.2","877.0","79","1","79","1","0","0.07","0.00","-0.98","-0.3","0.0","-0.6","26.20","166.87","1667","6553.5","265.1","0","0","0","0","35.0","265.1","30.5","30.0","1.77","0.1","-0.0","3.411","0.911","0.00","12.8","2.32","0"
"105.650","0.0880","13","0.0000","0.0000","-1.3005","74.8701","0.0000","30.4946","17.2240","0.1414","10000.0000","45.39079320","-75.69572619","37.1","13.2","877.0","79","1","79","1","0","0.00","0.00","-0.98","-0.3","0.0","-0.6","26.32","138.35","1572","6553.5","265.0","0","0","0","0","35.0","265.0","30.5","30.0","1.69","0.1","-0.0","3.383","0.923","0.00","12.8","2.31","0"
"105.700","0.1217","13","0.0000","0.0000","-11.9524","114.1774","0.0000","30.4912","17.1240","0.1564","10000.0000","45.39079323","-75.69572617","37.1","13.1","877.0","79","1","79","1","0","-0.02","0.01","-0.99","-0.3","0.0","-0.6","26.44","159.58","1308","6553.5","264.7","0","0","0","0","35.0","264.7","30.5","30.0","1.93","0.1","-0.0","3.334","0.947","0.00","12.8","2.33","0"
"105.750","0.1691","13","0.0000","0.0000","-6.5434","9.1397","0.0000","30.4956","17.0240","0.1600","10000.0000","45.39079324","-75.69572618","37.1","13.1","877.0","79","1","79","1","0","-0.03","0.01","-0.98","-0.3","0.0","-0.6","26.56","200.83","1457","6553.5","264.4","0","0","0","0","35.0","264.4","30.5","30.0","2.04","0.1","-0.0","3.347","0.933","0.00","12.7","2.36","0"
"105.800","0.2209","13","0.0000","0.0000","3.9374","-141.4806","0.0000","30.5026","16.9240","0.1600","10000.0000","45.39079324","-75.69572619","37.1","13.1","876.5","79","1","79","1","0","-0.04","0.02","-0.98","-0.3","0.0","-0.6","26.69","242.50","1688","6553.5","264.5","0","0","0","0","35.0","264.5","30.5","30.0","1.94","0.1","-0.0","3.374","0.911","0.00","12.7","2.36","0"
"105.850","0.1847","13","0.0000","0.0000","3.1309","-112.2866","0.0000","30.5044","16.8224","0.1639","10000.0000","45.39079328","-75.69572619","37.1","13.1","877.0","79","1","79","1","0","-0.04","0.03","-0.98","-0.3","0.1","-0.6","26.81","249.17","1463","6553.5","264.7","0","0","0","0","35.0","264.7","30.4","30.0","1.87","0.1","-0.0","3.392","0.932","0.00","12.8","2.36","0"
"105.900","0.1208","13","0.0000","0.0000","-1.2400","-26.3091","0.0000","30.5046","16.7204","0.1690","10000.0000","45.39079335","-75.69572617","37.1","13.1","877.0","79","1","79","1","0","-0.12","0.03","-0.99","-0.3","0.1","-0.6","26.93","225.00","1326","6553.5","264.6","0","0","0","0","35.0","264.6","30.4","30.0","1.84","0.1","-0.0","3.406","0.946","0.00","12.8","2.36","0"
"105.950","0.1147","13","0.0000","0.0000","-3.1508","-15.3569","0.0000","30.5013","16.6600","0.1660","10000.0000","45.39079344","-75.69572619","37.1","13.1","877.2","79","1","79","1","0","-0.13","0.02","-1.00","-0.3","0.1","-0.6","27.05","232.23","1503","6553.5","264.5","0","0","0","0","35.0","264.5","30.4","30.0","1.87","0.1","-0.0","3.405","0.936","0.00","12.7","2.36","0"
"106.000","0.1230","13","0.0000","0.0000","-4.4465","-23.1611","0.0000","30.4972","16.6100","0.1610","10000.0000","45.39079354","-75.69572622","37.1","13.1","877.5","79","1","79","1","0","-0.05","0.00","-0.99","-0.3","0.0","-0.6","27.17","249.45","1543","6553.5","264.4","0","0","0","0","35.0","264.4","30.4","30.0","1.97","0.1","-0.0","3.381","0.938","0.00","12.7","2.36","0"
"106.050","0.1342","13","0.0000","0.0000","-2.9227","29.1413","0.0000","30.4992","16.5200","0.1520","10000.0000","45.39079359","-75.69572623","37.1","13.1","877.0","79","1","79","1","0","-0.04","-0.00","-0.97","-0.3","0.0","-0.6","27.30","266.67","1395","6553.5","264.2","0","0","0","0","35.0","264.2","30.5","30.0","1.97","0.1","-0.0","3.324","0.955","0.00","12.8","2.35","0"
"106.100","0.1461","13","0.0000","0.0000","-0.6941","96.4702","0.0000","30.5028","16.4200","0.1420","10000.0000","45.39079362","-75.69572623","37.1","13.1","876.5","79","1","79","1","0","-0.00","0.01","-0.97","-0.2","0.0","-0.6","27.42","266.67","1428","6553.5","264.4","0","0","0","0","35.0","264.4","30.5","30.0","1.80","0.1","-0.0","3.339","0.947","0.00","12.8","2.39","0"
"106.150","0.1813","13","0.0000","0.0000","-0.5349","13.7395","0.0000","30.5056","16.3200","0.1400","10000.0000","45.39079366","-75.69572628","37.1","13.1","877.3","79","1","79","1","0","0.01","0.01","-0.98","-0.2","0.0","-0.6","27.54","225.82","1571","6553.5","264.6","0","0","0","0","35.0","264.6","30.4","30.0","1.74","0.1","-0.0","3.398","0.923","0.00","12.7","2.44","0"
"106.200","0.2223","13","0.0000","0.0000","-0.8930","-106.5061","0.0000","30.5083","16.2200","0.1400","10000.0000","45.39079370","-75.69572634","37.1","13.1","877.0","79","1","79","1","0","-0.06","0.01","-0.97","-0.2","0.0","-0.5","27.66","198.75","1543","6553.5","264.6","0","0","0","0","35.0","264.6","30.4","30.0","1.87","0.1","-0.0","3.401","0.932","0.00","12.7","2.42","0"
"106.250","0.2131","13","0.0000","0.0000","2.1392","-60.3345","0.0000","30.5068","16.1600","0.1400","10000.0000","45.39079373","-75.69572629","37.1","13.1","877.0","79","1","79","1","0","-0.08","0.02","-0.98","-0.2","0.0","-0.5","27.78","171.96","1479","6553.5","264.7","0","0","0","0","35.0","264.7","30.5","30.0","1.94","0.1","-0.0","3.392","0.948","0.00","12.7","2.40","0"
"106.300","0.1914","13","0.0000","0.0000","6.0189","27.4413","0.0000","30.5043","16.1100","0.1400","10000.0000","45.39079375","-75.69572621","37.1","13.1","877.0","79","1","79","1","0","0.04","0.01","-0.99","-0.2","0.0","-0.6","27.91","150.00","1512","6553.5","264.8","0","0","0","0","35.0","264.8","30.5","30.0","1.90","0.1","-0.0","3.405","0.936","0.00","12.7","2.45","0"
"106.350","0.1444","13","0.0000","0.0000","7.5076","-12.5199","0.0000","30.5060","16.0600","0.1360","10000.0000","45.39079378","-75.69572624","37.1","13.1","876.8","79","1","79","1","0","0.02","0.00","-0.98","-0.2","-0.0","-0.6","28.03","150.00","1522","6553.5","265.0","0","0","0","0","35.0","265.0","30.5","30.0","1.88","0.1","-0.0","3.412","0.926","0.00","12.7","2.51","0"
"106.400","0.0912","13","0.0000","0.0000","8.3986","-84.4155","0.0000","30.5086","16.0100","0.1310","10000.0000","45.39079382","-75.69572631","37.1","13.1","877.0","79","1","79","1","0","-0.02","-0.00","-0.97","-0.3","-0.0","-0.6","28.09","213.00","1449","6553.5","264.9","0","0","0","0","35.0","264.9","30.5","30.0","1.89","0.1","-0.0","3.399","0.925","0.00","12.7","2.45","0"
"106.450","0.0836","13","0.0000","0.0000","9.6241","-116.2725","0.0000","30.5093","15.9200","0.1380","10000.0000","45.39079388","-75.69572631","37.1","13.1","877.0","79","1","79","1","0","-0.00","0.01","-0.98","-0.3","-0.0","-0.6","28.05","195.83","1439","6553.5","264.8","0","0","0","0","35.0","264.8","30.5","30.0","1.89","0.1","-0.0","3.394","0.927","0.00","12.8","2.39","0"
"106.500","0.0874","13","0.0000","0.0000","10.9332","-138.1198","0.0000","30.5095","15.8200","0.1480","10000.0000","45.39079394","-75.69572629","37.1","13.1","877.0","79","1","79","1","0","0.02","0.01","-0.99","-0.3","-0.0","-0.6","28.01","161.11","1517","6553.5","265.0","0","0","0","0","35.0","265.0","30.5","30.0","1.87","0.1","-0.0","3.402","0.933","0.00","12.8","2.38","0"
"106.550","0.0733","13","0.0000","0.0000","15.6681","-104.6197","0.0000","30.5123","15.7600","0.1540","10000.0000","45.39079398","-75.69572629","37.1","13.1","877.0","79","1","79","1","0","0.02","0.02","-0.99","-0.3","-0.1","-0.6","27.97","150.00","1528","6553.5","265.3","0","0","0","0","35.0","265.3","30.5","30.0","1.87","0.1","-0.0","3.403","0.936","0.00","12.7","2.37","0"
"106.600","0.0546","13","0.0000","0.0000","21.2593","-57.2827","0.0000","30.5159","15.7100","0.1590","10000.0000","45.39079401","-75.69572629","37.1","13.1","877.0","79","1","79","1","0","-0.06","0.02","-0.99","-0.3","-0.1","-0.5","27.93","125.71","1499","6553.5","265.3","0","0","0","0","35.0","265.3","30.5","30.0","1.89","0.1","-0.0","3.399","0.937","0.00","12.7","2.36","0"
"106.650","0.0899","13","0.0000","0.0000","16.6801","-6.1144","0.0000","30.5112","15.6600","0.1520","10000.0000","45.39079407","-75.69572626","37.1","13.1","876.8","79","1","79","1","0","-0.11","0.03","-0.98","-0.3","-0.1","-0.5","27.88","163.63","1351","6553.5","265.3","0","0","0","0","35.0","265.3","30.5","30.0","1.89","0.1","-0.0","3.403","0.946","0.00","12.7","2.34","0"
"106.700","0.1387","13","0.0000","0.0000","9.5583","46.0118","0.0000","30.5044","15.6100","0.1420","10000.0000","45.39079413","-75.69572623","37.1","13.1","876.5","79","1","79","1","0","-0.04","0.01","-0.98","-0.3","-0.1","-0.5","27.84","236.19","1184","6553.5","265.2","0","0","0","0","35.0","265.2","30.5","30.0","1.82","0.1","-0.0","3.410","0.957","0.00","12.7","2.33","0"
"106.750","0.1410","13","0.0000","0.0000","10.2722","-7.7632","0.0000","30.5052","15.5600","0.1360","10000.0000","45.39079418","-75.69572627","37.1","13.1","877.0","79","1","79","1","0","-0.02","0.01","-0.97","-0.3","-0.1","-0.5","27.80","199.00","1378","6553.5","265.1","0","0","0","0","35.0","265.1","30.5","30.0","1.81","0.1","-0.0","3.415","0.936","0.00","12.7","2.31","0"
"106.800","0.1317","13","0.0000","0.0000","12.9452","-88.0135","0.0000","30.5079","15.5100","0.1310","10000.0000","45.39079422","-75.69572634","37.1","13.1","876.5","79","1","79","1","0","-0.10","0.02","-0.98","-0.2","-0.1","-0.5","27.76","150.00","1490","6553.5","265.0","0","0","0","0","35.0","265.0","30.5","30.0","1.89","0.1","-0.0","3.417","0.922","0.00","12.7","2.29","0"
"106.850","0.1484","13","0.0000","0.0000","11.0490","-8.0847","0.0000","30.5112","15.4600","0.1380","10000.0000","45.39079425","-75.69572635","37.1","13.1","877.0","79","1","79","1","0","-0.04","0.02","-0.99","-0.2","-0.0","-0.5","27.71","159.76","1306","6553.5","264.9","0","0","0","0","35.0","264.9","30.5","30.0","1.89","0.1","-0.0","3.415","0.932","0.00","12.7","2.26","0"
"106.900","0.1717","13","0.0000","0.0000","8.0105","111.8888","0.0000","30.5148","15.4100","0.1480","10000.0000","45.39079428","-75.69572635","37.1","13.1","877.0","79","1","79","1","0","-0.02","0.04","-1.00","-0.3","0.0","-0.5","27.67","176.60","1282","6553.5","265.0","0","0","0","0","35.0","265.0","30.5","30.0","1.75","0.1","-0.0","3.410","0.937","0.00","12.7","2.27","0"
"106.950","0.1686","13","0.0000","0.0000","4.0249","80.3317","0.0000","30.5128","15.3600","0.1540","10000.0000","45.39079431","-75.69572634","37.1","13.1","877.3","79","1","79","1","0","0.07","0.04","-1.01","-0.3","0.0","-0.5","27.63","164.47","1476","6553.5","265.2","0","0","0","0","35.0","265.2","30.5","30.0","1.74","0.1","-0.0","3.404","0.939","0.00","12.7","2.28","0"
"107.000","0.1589","13","0.0000","0.0000","-0.1974","10.8920","0.0000","30.5094","15.3100","0.1590","10000.0000","45.39079434","-75.69572632","37.1","13.1","877.0","79","1","79","1","0","0.05","0.04","-1.01","-0.3","-0.0","-0.5","27.59","150.00","1518","6553.5","265.2","0","0","0","0","35.0","265.2","30.5","30.0","1.95","0.1","-0.0","3.398","0.935","0.00","12.7","2.31","0"
"107.050","0.1145","13","0.0000","0.0000","-1.1343","-69.7720","0.0000","30.5116","15.2600","0.1600","10000.0000","45.39079437","-75.69572632","37.1","13.1","877.5","79","1","79","1","0","-0.10","0.04","-1.00","-0.3","-0.0","-0.5","27.54","145.75","1467","6553.5","265.1","0","0","0","0","35.0","265.1","30.5","30.0","2.03","0.1","-0.0","3.390","0.927","0.00","12.7","2.35","0"
"107.100","0.0615","13","0.0000","0.0000","-1.2499","-153.2420","0.0000","30.5151","15.2100","0.1600","10000.0000","45.39079441","-75.69572632","37.1","13.1","877.0","79","1","79","1","0","-0.10","0.03","-0.99","-0.3","-0.0","-0.5","27.50","137.89","1391","6553.5","265.1","0","0","0","0","35.0","265.1","30.5","30.0","1.91","0.1","-0.0","3.391","0.931","0.00","12.7","2.35","0"
"107.150","0.0899","13","0.0000","0.0000","-3.1456","-38.2075","0.0000","30.5130","15.1600","0.1600","10000.0000","45.39079439","-75.69572632","37.1","13.1","877.3","79","1","79","1","0","-0.03","0.01","-0.98","-0.3","-0.0","-0.5","27.46","140.33","1315","6553.5","265.0","0","0","0","0","35.0","265.0","30.5","30.0","1.79","0.1","-0.0","3.394","0.936","0.00","12.7","2.35","0"
"107.200","0.1387","13","0.0000","0.0000","-5.4864","126.4530","0.0000","30.5094","15.1100","0.1600","10000.0000","45.39079436","-75.69572632","37.1","13.1","877.5","79","1","79","1","0","-0.04","0.02","-0.99","-0.2","-0.1","-0.5","27.42","150.00","1503","6553.5","264.8","0","0","0","0","35.0","264.8","30.5","30.0","1.67","0.1","-0.0","3.386","0.931","0.00","12.7","2.33","0"
"107.250","0.1484","13","0.0000","0.0000","-3.4974","131.7074","0.0000","30.5088","15.0600","0.1480","10000.0000","45.39079440","-75.69572630","37.1","13.1","877.3","79","1","79","1","0","0.03","-0.00","-0.99","-0.2","-0.1","-0.5","27.37","145.54","1636","6553.5","264.6","0","0","0","0","35.0","264.6","30.5","30.0","1.69","0.1","-0.0","3.383","0.925","0.00","12.8","2.31","0"
"107.300","0.1484","13","0.0000","0.0000","-0.4261","97.1102","0.0000","30.5090","15.0100","0.1330","10000.0000","45.39079446","-75.69572629","37.1","13.1","877.5","79","1","79","1","0","0.06","0.00","-0.99","-0.2","-0.1","-0.5","27.33","134.94","1576","6553.5","264.5","0","0","0","0","35.0","264.5","30.5","30.0","1.93","0.1","-0.0","3.403","0.913","0.00","12.8","2.32","0"
"107.350","0.1429","13","0.0000","0.0000","1.4784","35.9502","0.0000","30.5119","14.9600","0.1380","10000.0000","45.39079450","-75.69572628","37.1","13.1","877.2","79","1","79","1","0","-0.00","0.01","-0.98","-0.2","-0.0","-0.5","27.29","128.57","1512","6553.5","264.4","0","0","0","0","35.0","264.4","30.5","30.0","2.02","0.1","-0.0","3.412","0.912","0.00","12.7","2.33","0"
"107.400","0.1361","13","0.0000","0.0000","3.0912","-31.8506","0.0000","30.5154","14.9100","0.1480","10000.0000","45.39079453","-75.69572628","37.1","13.1","877.0","79","1","79","1","0","-0.04","0.04","-1.00","-0.2","-0.0","-0.5","27.25","147.14","1442","6553.5","264.4","0","0","0","0","35.0","264.4","30.5","30.0","1.86","0.1","-0.1","3.403","0.926","0.00","12.7","2.36","0"
"107.450","0.0952","13","0.0000","0.0000","6.0450","12.8689","0.0000","30.5161","14.8600","0.1500","10000.0000","45.39079454","-75.69572628","37.1","13.1","877.3","79","1","79","1","0","-0.06","0.04","-0.99","-0.2","-0.0","-0.6","27.21","175.00","1493","6553.5","264.3","0","0","0","0","35.0","264.3","30.5","30.0","1.74","0.1","-0.1","3.371","0.933","0.00","12.7","2.39","0"
"107.500","0.0459","13","0.0000","0.0000","9.3341","85.7184","0.0000","30.5161","14.8100","0.1500","10000.0000","45.39079454","-75.69572628","37.1","13.1","876.5","79","1","79","1","0","-0.09","0.04","-1.00","-0.3","-0.0","-0.6","27.17","230.56","1618","6553.5","264.6","0","0","0","0","35.0","264.6","30.5","30.0","1.68","0.1","-0.0","3.324","0.936","0.00","12.7","2.40","0"
"107.550","0.0420","13","0.0000","0.0000","-2.9559","113.0469","0.0000","30.5134","14.7600","0.1460","10000.0000","45.39079456","-75.69572627","37.1","13.1","877.5","79","1","79","1","0","-0.08","0.02","-1.00","-0.3","-0.0","-0.6","27.13","369.44","1536","6553.5","264.9","0","0","0","0","35.0","264.9","30.5","30.0","1.70","0.1","-0.0","3.351","0.936","0.00","12.8","2.42","0"
"107.600","0.0494","13","0.0000","0.0000","-19.1406","128.9950","0.0000","30.5100","14.7100","0.1410","10000.0000","45.39079459","-75.69572626","37.1","13.2","877.0","79","1","79","1","0","-0.05","0.01","-0.99","-0.3","-0.0","-0.7","27.09","324.00","1412","6553.5","265.0","0","0","0","0","35.0","265.0","30.5","30.0","1.83","0.1","0.0","3.392","0.936","0.00","12.8","2.45","0"
"107.650","0.0555","13","0.0000","0.0000","-16.1445","25.3094","0.0000","30.5086","14.7000","0.1440","10000.0000","45.39079461","-75.69572630","37.1","13.2","877.2","79","1","79","1","0","0.05","0.01","-1.00","-0.3","-0.0","-0.7","27.06","121.36","1478","6553.5","265.1","0","0","0","0","35.0","265.1","30.5","30.0","1.94","0.1","-0.0","3.414","0.934","0.00","12.9","2.48","0"
"107.700","0.0612","13","0.0000","0.0000","-8.3531","-108.2847","0.0000","30.5078","14.7000","0.1490","10000.0000","45.39079461","-75.69572636","37.1","13.2","877.5","79","1","79","1","0","-0.03","0.02","-1.00","-0.3","-0.0","-0.6","27.02","111.59","1490","6553.5","265.0","0","0","0","0","35.0","265.0","30.5","30.0","2.01","0.1","-0.0","3.420","0.935","0.00","12.9","2.44","0"
"107.750","0.0727","13","0.0000","0.0000","-9.4577","-16.0582","0.0000","30.5076","14.6600","0.1540","10000.0000","45.39079462","-75.69572638","37.1","13.2","877.3","79","1","79","1","0","-0.11","0.03","-0.98","-0.2","-0.0","-0.6","26.98","182.47","1306","6553.5","264.9","0","0","0","0","35.0","264.9","30.6","30.0","1.98","0.1","-0.0","3.371","0.951","0.00","12.8","2.40","0"
"107.800","0.0856","13","0.0000","0.0000","-12.7862","132.6235","0.0000","30.5076","14.6100","0.1590","10000.0000","45.39079462","-75.69572638","37.1","13.2","877.0","79","1","79","1","0","-0.11","0.02","-0.97","-0.3","0.0","-0.6","26.95","225.00","1278","6553.5","264.9","0","0","0","0","35.0","264.9","30.6","30.0","1.78","0.1","-0.0","3.359","0.948","0.00","12.8","2.39","0"
"107.850","0.0851","13","0.0000","0.0000","-15.8376","28.1071","0.0000","30.5076","14.5600","0.1600","10000.0000","45.39079462","-75.69572638","37.1","13.2","877.5","79","1","79","1","0","-0.04","-0.01","-0.96","-0.3","-0.0","-0.6","26.91","180.00","1463","6553.5","264.8","0","0","0","0","35.0","264.8","30.6","30.0","1.72","0.1","-0.0","3.396","0.918","0.00","12.8","2.38","0"
"107.900","0.0813","13","0.0000","0.0000","-18.8198","-139.7088","0.0000","30.5076","14.5100","0.1600","10000.0000","45.39079462","-75.69572638","37.1","13.2","877.0","79","1","79","1","0","0.02","-0.00","-0.97","-0.3","-0.0","-0.6","26.87","112.50","1512","6553.5","264.6","0","0","0","0","35.0","264.6","30.6","30.0","1.89","0.1","-0.0","3.407","0.924","0.00","12.8","2.36","0"
"107.950","0.0483","13","0.0000","0.0000","-11.6497","-103.9632","0.0000","30.5076","14.4600","0.1480","10000.0000","45.39079462","-75.69572638","37.1","13.2","877.0","79","1","79","1","0","-0.03","0.02","-0.99","-0.4","-0.0","-0.6","26.83","112.50","1476","6553.5","264.4","0","0","0","0","35.0","264.4","30.5","30.0","1.95","0.1","-0.0","3.403","0.952","0.00","12.9","2.33","0"
"108.000","0.0080","13","0.0000","0.0000","-1.9416","-17.3272","0.0000","30.5076","14.4100","0.1330","10000.0000","45.39079462","-75.69572638","37.1","13.2","877.5","79","1","79","1","0","-0.03","0.03","-0.99","-0.3","-0.0","-0.6","26.80","112.50","1457","6553.5","264.3","0","0","0","0","35.0","264.3","30.5","30.0","1.85","0.1","-0.0","3.401","0.937","0.00","12.9","2.31","0"
"108.050","0.0204","13","0.0000","0.0000","-14.8591","-15.9297","0.0000","30.5042","15.5600","0.1340","10000.0000","45.39079465","-75.69572641","37.1","13.2","877.3","79","1","79","1","0","0.01","0.03","-1.00","-0.3","-0.1","-0.6","26.76","152.75","1442","6553.5","264.2","0","0","0","0","35.0","264.2","30.6","30.0","1.76","0.1","-0.0","3.400","0.914","0.00","12.8","2.29","0"
"108.100","0.0458","13","0.0000","0.0000","-33.4330","-35.8419","0.0000","30.4999","17.0100","0.1390","10000.0000","45.39079469","-75.69572646","37.1","13.2","877.5","79","1","79","1","0","0.02","0.03","-1.00","-0.3","-0.1","-0.6","26.72","160.00","1447","6553.5","264.2","0","0","0","0","35.0","264.2","30.6","30.0","1.71","0.1","-0.0","3.404","0.926","0.00","12.8","2.29","0"
"108.150","0.0965","13","0.0000","0.0000","-29.2932","12.2426","0.0000","30.4963","17.2200","0.1360","10000.0000","45.39079472","-75.69572646","37.1","13.3","877.2","79","1","79","1","0","0.09","0.02","-0.98","-0.3","-0.1","-0.6","26.69","160.00","1457","6553.5","264.2","0","0","0","0","35.0","264.2","30.6","30.0","1.76","0.1","-0.0","3.409","0.933","0.00","12.9","2.28","0"
"108.200","0.1536","13","0.0000","0.0000","-19.4749","77.3262","0.0000","30.4929","17.1200","0.1310","10000.0000","45.39079475","-75.69572644","37.1","13.3","877.5","79","1","79","1","0","0.06","0.02","-0.97","-0.3","-0.1","-0.6","26.65","160.00","1488","6553.5","264.1","0","0","0","0","35.0","264.1","30.5","30.0","1.99","0.1","-0.0","3.418","0.923","0.00","12.9","2.31","0"
"108.250","0.0990","13","0.0000","0.0000","-10.5067","54.2058","0.0000","30.4944","16.9800","0.1460","10000.0000","45.39079479","-75.69572649","37.1","13.3","877.2","79","1","79","1","0","-0.04","0.02","-0.97","-0.3","-0.0","-0.6","26.61","160.00","1520","6553.5","263.9","0","0","0","0","35.0","263.9","30.5","30.0","2.05","0.1","-0.0","3.416","0.918","0.00","12.9","2.34","0"
"108.300","0.0165","13","0.0000","0.0000","-1.7511","9.0343","0.0000","30.4971","16.8300","0.1660","10000.0000","45.39079483","-75.69572655","37.1","13.3","876.5","79","1","79","1","0","-0.04","0.03","-0.99","-0.3","0.0","-0.6","26.57","147.73","1553","6553.5","263.9","0","0","0","0","35.0","263.9","30.5","30.0","1.84","0.1","-0.0","3.400","0.919","0.00","12.9","2.34","0"
"108.350","0.0675","13","0.0000","0.0000","-1.2428","59.5962","0.0000","30.4928","16.7200","0.1660","10000.0000","45.39079483","-75.69572650","37.1","13.3","877.0","79","1","79","1","0","-0.01","0.03","-1.00","-0.3","0.0","-0.6","26.54","157.67","1584","6553.5","263.8","0","0","0","0","35.0","263.8","30.5","30.0","1.76","0.1","-0.0","3.407","0.922","0.00","12.9","2.34","0"
"108.400","0.1520","13","0.0000","0.0000","-2.7962","134.0916","0.0000","30.4867","16.6200","0.1610","10000.0000","45.39079482","-75.69572642","37.1","13.3","876.5","79","1","79","1","0","0.02","0.02","-1.00","-0.3","0.0","-0.6","26.50","210.58","1612","6553.5","264.1","0","0","0","0","35.0","264.1","30.6","30.0","1.89","0.1","-0.0","3.427","0.926","0.00","12.9","2.32","0"
"108.450","0.1607","13","0.0000","0.0000","-3.3696","105.6475","0.0000","30.4856","16.5200","0.1520","10000.0000","45.39079487","-75.69572639","37.1","13.3","877.0","79","1","79","1","0","-0.05","0.02","-0.99","-0.3","0.0","-0.5","26.46","263.49","1510","6553.5","264.4","0","0","0","0","35.0","264.4","30.6","30.0","1.97","0.1","-0.0","3.420","0.921","0.00","12.9","2.29","0"
"108.500","0.1505","13","0.0000","0.0000","-3.6979","51.4685","0.0000","30.4857","16.4200","0.1420","10000.0000","45.39079493","-75.69572638","37.1","13.3","876.5","79","1","79","1","0","-0.11","0.01","-0.99","-0.2","0.0","-0.5","26.45","168.37","1384","6553.5","264.3","0","0","0","0","35.0","264.3","30.6","30.0","1.97","0.1","-0.0","3.406","0.913","0.00","12.9","2.30","0"
"108.550","0.1611","13","0.0000","0.0000","-4.9515","28.9717","0.0000","30.4796","16.3200","0.1480","10000.0000","45.39079500","-75.69572640","37.1","13.3","877.0","79","1","79","1","0","-0.07","-0.01","-0.97","-0.2","0.0","-0.5","26.49","160.00","1412","6553.5","264.2","0","0","0","0","35.0","264.2","30.6","30.0","1.95","0.1","-0.0","3.398","0.929","0.00","13.0","2.31","0"
"108.600","0.1768","13","0.0000","0.0000","-6.4363","14.3955","0.0000","30.4720","16.2200","0.1580","10000.0000","45.39079507","-75.69572643","37.1","13.3","877.0","79","1","79","1","0","-0.02","-0.01","-0.98","-0.2","-0.0","-0.5","26.52","156.82","1443","6553.5","264.4","0","0","0","0","35.0","264.4","30.6","30.0","1.90","0.1","-0.0","3.384","0.941","0.00","13.0","2.27","0"
"108.650","0.1674","13","0.0000","0.0000","-2.5346","-48.8588","0.0000","30.4704","16.1200","0.1560","10000.0000","45.39079508","-75.69572644","37.1","13.3","876.8","79","1","79","1","0","0.02","-0.00","-0.98","-0.2","-0.0","-0.5","26.56","153.03","1486","6553.5","264.6","0","0","0","0","35.0","264.6","30.6","30.0","1.89","0.1","-0.0","3.349","0.940","0.00","12.9","2.23","0"
"108.700","0.1516","13","0.0000","0.0000","2.7139","-124.2825","0.0000","30.4704","16.0200","0.1510","10000.0000","45.39079508","-75.69572644","37.1","13.3","877.0","79","1","79","1","0","0.03","0.02","-0.99","-0.2","-0.1","-0.5","26.60","151.54","1528","6553.5","264.6","0","0","0","0","35.0","264.6","30.6","30.0","1.92","0.1","-0.0","3.352","0.933","0.00","12.9","2.20","0"
"108.750","0.1035","13","0.0000","0.0000","6.2549","-43.5050","0.0000","30.4677","15.9600","0.1540","10000.0000","45.39079511","-75.69572642","37.1","13.3","877.3","79","1","79","1","0","-0.01","0.03","-0.99","-0.2","-0.1","-0.5","26.64","159.23","1572","6553.5","264.7","0","0","0","0","35.0","264.7","30.6","30.0","1.94","0.1","-0.0","3.409","0.920","0.00","13.0","2.16","0"
"108.800","0.0472","13","0.0000","0.0000","9.3691","76.3228","0.0000","30.4643","15.9100","0.1590","10000.0000","45.39079514","-75.69572641","37.1","13.3","876.5","79","1","79","1","0","-0.06","0.02","-0.98","-0.2","-0.0","-0.5","26.67","160.00","1547","6553.5","264.8","0","0","0","0","35.0","264.8","30.6","30.0","1.94","0.1","-0.0","3.415","0.926","0.00","13.0","2.14","0"
"108.850","0.0569","13","0.0000","0.0000","10.4732","3.1773","0.0000","30.4636","15.8200","0.1560","10000.0000","45.39079514","-75.69572640","37.1","13.3","877.0","79","1","79","1","0","0.02","0.01","-0.98","-0.3","0.0","-0.5","26.71","168.27","1478","6553.5","264.9","0","0","0","0","35.0","264.9","30.6","30.0","1.91","0.1","-0.0","3.390","0.943","0.00","12.9","2.11","0"
"108.900","0.0830","13","0.0000","0.0000","11.0747","-118.2115","0.0000","30.4636","15.7200","0.1510","10000.0000","45.39079514","-75.69572640","37.1","13.3","877.0","79","1","79","1","0","0.05","0.02","-0.99","-0.3","0.0","-0.5","26.75","177.45","1538","6553.5","264.9","0","0","0","0","35.0","264.9","30.6","30.0","1.83","0.1","-0.0","3.410","0.925","0.00","12.9","2.05","0"
"108.950","0.0673","12","0.0000","0.0000","2.7202","-117.3782","0.0000","30.4582","15.6600","0.1500","10000.0000","45.39079519","-75.69572638","37.1","13.3","877.3","79","1","79","1","0","0.01","0.03","-0.99","-0.3","0.0","-0.5","26.78","198.33","1622","6553.5","265.0","0","0","0","0","35.0","265.0","30.6","30.0","1.83","0.1","-0.1","3.439","0.900","0.00","12.9","1.98","0"
"109.000","0.0412","12","0.0000","0.0000","-7.8733","-85.9894","0.0000","30.4514","15.6100","0.1500","10000.0000","45.39079526","-75.69572635","37.1","13.3","877.0","79","1","79","1","0","0.00","0.04","-0.99","-0.3","-0.0","-0.5","26.82","225.00","1447","6553.5","264.9","0","0","0","0","35.0","264.9","30.6","30.0","1.94","0.1","-0.1","3.392","0.927","0.00","12.9","2.03","0"
"109.050","0.0569","12","0.0000","0.0000","-9.5502","-94.0107","0.0000","30.4535","15.5200","0.1420","10000.0000","45.39079529","-75.69572629","37.1","13.3","877.0","79","1","79","1","0","0.06","0.04","-1.00","-0.3","-0.0","-0.5","26.86","224.08","1339","6553.5","264.8","0","0","0","0","35.0","264.8","30.6","30.0","1.95","0.1","-0.1","3.360","0.945","0.00","12.9","2.08","0"
"109.100","0.0830","12","0.0000","0.0000","-8.9980","-111.8846","0.0000","30.4580","15.4200","0.1320","10000.0000","45.39079531","-75.69572623","37.1","13.3","877.5","79","1","79","1","0","0.13","0.03","-1.00","-0.3","-0.0","-0.5","26.90","221.53","1468","6553.5","264.9","0","0","0","0","35.0","264.9","30.6","30.0","1.82","0.1","-0.0","3.380","0.930","0.00","12.9","2.07","0"
"109.150","0.0529","12","0.0000","0.0000","-5.3326","-69.2756","0.0000","30.4533","15.3600","0.1460","10000.0000","45.39079532","-75.69572620","37.1","13.3","876.7","79","1","79","1","0","0.12","0.01","-1.00","-0.2","-0.0","-0.5","26.93","220.00","1497","6553.5","265.0","0","0","0","0","35.0","265.0","30.6","30.0","1.77","0.1","-0.0","3.397","0.923","0.00","12.9","2.05","0"
"109.200","0.0088","12","0.0000","0.0000","-0.8888","-11.5459","0.0000","30.4463","15.3100","0.1660","10000.0000","45.39079531","-75.69572619","37.1","13.3","877.0","79","1","79","1","0","0.09","0.02","-1.01","-0.2","0.0","-0.5","26.97","192.00","1391","6553.5","265.0","0","0","0","0","35.0","265.0","30.6","30.0","1.86","0.1","-0.0","3.409","0.927","0.00","12.9","2.09","0"
"109.250","0.0322","12","0.0000","0.0000","7.7665","2.6912","0.0000","30.4458","15.2600","0.1700","10000.0000","45.39079536","-75.69572612","37.1","13.3","877.0","79","1","79","1","0","0.06","0.03","-1.00","-0.3","0.0","-0.5","27.01","150.00","1411","6553.5","265.0","0","0","0","0","35.0","265.0","30.6","30.0","1.91","0.1","-0.0","3.412","0.930","0.00","12.9","2.13","0"
"109.300","0.0724","12","0.0000","0.0000","17.4746","6.0552","0.0000","30.4468","15.2100","0.1700","10000.0000","45.39079541","-75.69572605","37.1","13.3","877.0","79","1","79","1","0","0.04","0.01","-0.99","-0.3","0.0","-0.5","27.05","141.74","1508","6553.5","265.1","0","0","0","0","35.0","265.1","30.6","30.0","1.87","0.1","0.0","3.411","0.933","0.00","12.9","2.15","0"
"109.350","0.0627","12","0.0000","0.0000","7.6529","-27.8478","0.0000","30.4414","15.1600","0.1660","10000.0000","45.39079542","-75.69572602","37.1","13.3","877.3","79","1","79","1","0","0.03","0.02","-0.99","-0.3","0.0","-0.5","27.08","121.07","1356","6553.5","265.3","0","0","0","0","35.0","265.3","30.6","30.0","1.80","0.1","-0.0","3.360","0.949","0.00","12.9","2.18","0"
"109.400","0.0404","12","0.0000","0.0000","-7.0511","-71.0677","0.0000","30.4345","15.1100","0.1610","10000.0000","45.39079542","-75.69572600","37.1","13.3","877.0","79","1","79","1","0","-0.05","0.03","-0.99","-0.3","-0.0","-0.5","27.12","100.41","1157","6553.5","265.3","0","0","0","0","35.0","265.3","30.6","30.0","1.69","0.1","-0.0","3.300","0.967","0.00","12.9","2.19","0"
"109.450","0.0420","12","0.0000","0.0000","8.8639","8.2433","0.0000","30.4331","15.0600","0.1560","10000.0000","45.39079542","-75.69572600","37.1","13.3","877.0","79","1","79","1","0","-0.08","0.00","-0.99","-0.3","-0.0","-0.5","27.16","152.50","1418","6553.5","265.3","0","0","0","0","35.0","265.3","30.6","30.0","1.71","0.1","-0.0","3.312","0.943","0.00","12.9","2.21","0"
"109.500","0.0494","12","0.0000","0.0000","32.4338","118.1869","0.0000","30.4331","15.0100","0.1510","10000.0000","45.39079542","-75.69572600","37.1","13.3","876.5","79","1","79","1","0","-0.05","0.00","-0.99","-0.3","-0.0","-0.5","27.19","160.00","1607","6553.5","264.9","0","0","0","0","35.0","264.9","30.6","30.0","1.95","0.1","-0.0","3.332","0.929","0.00","12.9","2.18","0"
"109.550","0.0593","12","0.0000","0.0000","26.2855","124.2207","0.0000","30.4310","14.9600","0.1380","10000.0000","45.39079544","-75.69572594","37.1","13.3","876.8","79","1","79","1","0","-0.08","0.03","-0.98","-0.3","-0.0","-0.5","27.19","148.83","1543","6553.5","264.5","0","0","0","0","35.0","264.5","30.6","30.0","2.02","0.1","-0.0","3.380","0.945","0.00","12.8","2.14","0"
"109.600","0.0699","12","0.0000","0.0000","12.7075","104.2771","0.0000","30.4285","14.9100","0.1230","10000.0000","45.39079546","-75.69572586","37.1","13.3","876.5","79","1","79","1","0","-0.09","0.04","-0.98","-0.3","0.0","-0.6","27.11","135.84","1521","6553.5","264.7","0","0","0","0","35.0","264.7","30.6","30.0","1.83","0.1","-0.0","3.411","0.948","0.00","12.9","2.11","0"
"109.650","0.0636","12","0.0000","0.0000","6.5044","64.1986","0.0000","30.4253","14.8600","0.1360","10000.0000","45.39079549","-75.69572583","37.1","13.3","876.8","79","1","79","1","0","-0.06","0.02","-0.98","-0.3","0.0","-0.6","27.03","120.40","1556","6553.5","265.0","0","0","0","0","35.0","265.0","30.6","30.0","1.76","0.1","-0.0","3.421","0.933","0.00","13.0","2.08","0"
"109.700","0.0530","12","0.0000","0.0000","2.1449","19.0865","0.0000","30.4219","14.8100","0.1560","10000.0000","45.39079553","-75.69572581","37.1","13.3","877.0","79","1","79","1","0","-0.05","0.01","-0.98","-0.3","0.0","-0.6","26.95","110.00","1579","6553.5","265.1","0","0","0","0","35.0","265.1","30.6","30.0","1.87","0.1","-0.0","3.424","0.926","0.00","13.0","2.08","0"
"109.750","0.0658","12","0.0000","0.0000","6.1445","-1.0177","0.0000","30.4185","14.7600","0.1640","10000.0000","45.39079556","-75.69572580","37.1","13.3","877.3","79","1","79","1","0","-0.00","0.02","-0.99","-0.3","0.1","-0.6","26.87","121.11","1594","6553.5","265.2","0","0","0","0","35.0","265.2","30.6","30.0","1.93","0.1","-0.0","3.423","0.922","0.00","12.9","2.07","0"
"109.800","0.0845","12","0.0000","0.0000","12.2340","-14.8698","0.0000","30.4151","14.7100","0.1690","10000.0000","45.39079559","-75.69572578","37.1","13.3","877.0","79","1","79","1","0","-0.12","0.02","-0.99","-0.3","0.0","-0.6","26.79","146.36","1481","6553.5","265.3","0","0","0","0","35.0","265.3","30.6","30.0","1.91","0.1","-0.0","3.423","0.921","0.00","12.9","2.11","0"
"109.850","0.0779","12","0.0000","0.0000","25.9620","-43.0630","0.0000","30.4171","14.6600","0.1540","10000.0000","45.39079557","-75.69572579","37.1","13.3","876.8","79","1","79","1","0","-0.11","0.01","-0.98","-0.3","0.0","-0.6","26.70","145.54","1344","6553.5","265.4","0","0","0","0","35.0","265.4","30.6","30.0","1.85","0.1","-0.0","3.424","0.921","0.00","12.9","2.16","0"
"109.900","0.0649","12","0.0000","0.0000","41.5996","-74.8415","0.0000","30.4205","14.6100","0.1340","10000.0000","45.39079554","-75.69572581","37.1","13.3","877.0","79","1","79","1","0","0.07","0.00","-0.99","-0.3","-0.0","-0.6","26.62","138.43","1413","6553.5","265.3","0","0","0","0","35.0","265.3","30.6","30.0","1.75","0.1","-0.0","3.416","0.940","0.00","12.9","2.18","0"
"109.950","0.0662","12","0.0000","0.0000","30.8331","-8.6030","0.0000","30.4185","14.5600","0.1260","10000.0000","45.39079556","-75.69572580","37.1","13.3","877.0","79","1","79","1","0","0.06","0.02","-1.00","-0.3","-0.1","-0.6","26.54","150.00","1468","6553.5","265.1","0","0","0","0","35.0","265.1","30.6","30.0","1.70","0.1","-0.0","3.412","0.949","0.00","12.9","2.21","0"
"110.000","0.0710","12","0.0000","0.0000","13.4655","82.1398","0.0000","30.4151","14.5100","0.1210","10000.0000","45.39079559","-75.69572578","37.1","13.3","877.0","79","1","79","1","0","0.01","0.04","-1.00","-0.3","-0.1","-0.6","26.46","142.18","1480","6553.5","265.3","0","0","0","0","35.0","265.3","30.6","30.0","1.76","0.1","-0.0","3.422","0.925","0.00","12.9","2.21","0"
"110.050","0.0887","12","0.0000","0.0000","15.9403","-5.8385","0.0000","30.4144","14.4600","0.1360","10000.0000","45.39079559","-75.69572578","37.1","13.3","877.3","79","1","79","1","0","0.05","0.03","-1.00","-0.3","-0.1","-0.5","26.38","125.17","1465","6553.5","265.6","0","0","0","0","35.0","265.6","30.6","30.0","1.82","0.1","-0.0","3.415","0.920","0.00","12.8","2.20","0"
"110.100","0.1097","12","0.0000","0.0000","23.3758","-138.4970","0.0000","30.4144","14.4100","0.1560","10000.0000","45.39079559","-75.69572578","37.1","13.3","877.0","79","1","79","1","0","0.08","0.02","-1.00","-0.3","-0.1","-0.5","26.30","114.29","1414","6553.5","265.7","0","0","0","0","35.0","265.7","30.6","30.0","1.91","0.1","-0.0","3.387","0.942","0.00","12.8","2.19","0"
"110.150","0.1616","12","0.0000","0.0000","17.2703","-98.9486","0.0000","30.4172","14.3600","0.1640","10000.0000","45.39079562","-75.69572578","37.1","13.3","877.0","79","1","79","1","0","0.14","0.03","-1.00","-0.3","-0.1","-0.6","26.22","114.29","1442","6553.5","265.9","0","0","0","0","35.0","265.9","30.6","30.0","1.95","0.1","-0.0","3.394","0.938","0.00","12.8","2.18","0"
"110.200","0.2214","12","0.0000","0.0000","7.7795","-16.3486","0.0000","30.4208","14.3100","0.1690","10000.0000","45.39079565","-75.69572578","37.1","13.3","877.0","79","1","79","1","0","0.10","0.05","-1.00","-0.3","-0.1","-0.6","26.14","159.81","1516","6553.5","265.9","0","0","0","0","35.0","265.9","30.6","30.0","1.92","0.1","-0.0","3.422","0.918","0.00","12.8","2.19","0"
"110.250","0.1855","12","0.0000","0.0000","14.4885","2.1223","0.0000","30.4166","14.3000","0.1700","10000.0000","45.39079565","-75.69572572","37.1","13.3","877.0","79","1","79","1","0","-0.01","0.04","-0.99","-0.3","-0.0","-0.6","26.06","211.55","1474","6553.5","265.9","0","0","0","0","35.0","265.9","30.6","30.0","1.86","0.1","-0.0","3.412","0.920","0.00","12.9","2.20","0"
"110.300","0.1258","12","0.0000","0.0000","25.2475","4.5610","0.0000","30.4105","14.3000","0.1700","10000.0000","45.39079564","-75.69572564","37.1","13.3","877.0","79","1","79","1","0","-0.06","0.05","-0.98","-0.3","-0.0","-0.6","25.97","158.93","1409","6553.5","265.8","0","0","0","0","35.0","265.8","30.6","30.0","1.75","0.1","-0.0","3.394","0.928","0.00","12.9","2.16","0"
"110.350","0.1431","12","0.0000","0.0000","18.3218","65.1405","0.0000","30.4099","14.2600","0.1660","10000.0000","45.39079558","-75.69572559","37.1","13.3","877.0","79","1","79","1","0","-0.01","0.04","-0.98","-0.3","-0.0","-0.6","25.89","114.29","1493","6553.5","265.7","0","0","0","0","35.0","265.7","30.6","30.0","1.72","0.1","-0.0","3.412","0.927","0.00","12.9","2.12","0"
"110.400","0.1797","12","0.0000","0.0000","6.9750","140.2552","0.0000","30.4106","14.2100","0.1610","10000.0000","45.39079551","-75.69572554","37.1","13.3","877.0","79","1","79","1","0","0.04","0.02","-1.00","-0.3","-0.0","-0.6","25.81","127.99","1578","6553.5","265.7","0","0","0","0","35.0","265.7","30.6","30.0","1.82","0.1","-0.0","3.424","0.925","0.00","12.9","2.13","0"
"110.450","0.1642","12","0.0000","0.0000","14.7204","77.8680","0.0000","30.4107","14.1600","0.1600","10000.0000","45.39079550","-75.69572553","37.1","13.3","877.0","79","1","79","1","0","0.06","0.01","-1.00","-0.3","-0.0","-0.5","25.73","155.39","1668","6553.5","265.7","0","0","0","0","35.0","265.7","30.6","30.0","1.89","0.1","-0.0","3.420","0.919","0.00","13.0","2.15","0"
"110.500","0.1355","12","0.0000","0.0000","27.2387","-18.8946","0.0000","30.4107","14.1100","0.1600","10000.0000","45.39079550","-75.69572553","37.1","13.3","877.0","79","1","79","1","0","0.01","-0.00","-0.99","-0.3","-0.0","-0.5","25.65","182.79","1650","6553.5","265.8","0","0","0","0","35.0","265.8","30.6","30.0","1.87","0.1","-0.0","3.420","0.912","0.00","12.9","2.17","0"
"110.550","0.1132","12","0.0000","0.0000","26.6378","-10.0005","0.0000","30.4080","14.1000","0.1560","10000.0000","45.39079552","-75.69572552","37.1","13.3","877.0","79","1","79","1","0","-0.05","0.00","-0.98","-0.3","0.0","-0.5","25.57","254.97","1480","6553.5","265.9","0","0","0","0","35.0","265.9","30.6","30.0","1.87","0.1","-0.0","3.426","0.901","0.00","12.8","2.19","0"
"110.600","0.0923","12","0.0000","0.0000","22.7571","25.3077","0.0000","30.4046","14.1000","0.1510","10000.0000","45.39079555","-75.69572550","37.1","13.3","877.0","79","1","79","1","0","-0.03","0.01","-0.97","-0.3","0.1","-0.5","25.51","266.67","1487","6553.5","265.8","0","0","0","0","35.0","265.8","30.6","30.0","1.87","0.1","-0.0","3.427","0.907","0.00","12.9","2.19","0"
"110.650","0.0961","12","0.0000","0.0000","17.1854","59.5370","0.0000","30.4039","14.0600","0.1420","10000.0000","45.39079556","-75.69572550","37.1","13.3","876.8","79","1","79","1","0","-0.03","0.01","-0.97","-0.3","0.1","-0.6","25.50","266.67","1604","6553.5","265.7","0","0","0","0","35.0","265.7","30.7","30.0","1.89","0.1","-0.0","3.424","0.923","0.00","13.0","2.18","0"
"110.700","0.1060","12","0.0000","0.0000","11.1909","93.4965","0.0000","30.4039","14.0100","0.1320","10000.0000","45.39079556","-75.69572550","37.1","13.3","876.5","79","1","79","1","0","-0.10","0.02","-0.97","-0.3","0.1","-0.6","25.49","266.67","1506","6553.5","265.7","0","0","0","0","35.0","265.7","30.7","30.0","1.94","0.1","-0.0","3.427","0.921","0.00","13.0","2.19","0"
"110.750","0.1001","12","0.0000","0.0000","8.9563","114.5264","0.0000","30.4046","13.9600","0.1380","10000.0000","45.39079555","-75.69572545","37.1","13.3","877.0","79","1","79","1","0","-0.08","0.04","-0.99","-0.3","0.0","-0.6","25.49","208.67","1364","6553.5","265.6","0","0","0","0","35.0","265.6","30.7","30.0","1.92","0.1","-0.1","3.431","0.915","0.00","12.9","2.21","0"
"110.800","0.0902","12","0.0000","0.0000","7.6617","132.3240","0.0000","30.4055","13.9100","0.1480","10000.0000","45.39079555","-75.69572539","37.1","13.3","877.0","79","1","79","1","0","-0.02","0.04","-0.99","-0.3","0.1","-0.6","25.48","242.57","1440","6553.5","265.6","0","0","0","0","35.0","265.6","30.6","30.0","1.78","0.1","-0.1","3.428","0.933","0.00","12.9","2.24","0"
"110.850","0.0779","12","0.0000","0.0000","6.3239","143.6414","0.0000","30.4057","13.9000","0.1580","10000.0000","45.39079554","-75.69572538","37.1","13.3","876.8","79","1","79","1","0","-0.05","0.03","-0.98","-0.3","0.1","-0.6","25.47","379.00","1506","6553.5","265.6","0","0","0","0","35.0","265.6","30.6","30.0","1.75","0.1","-0.0","3.426","0.942","0.00","12.9","2.28","0"
"110.900","0.0649","12","0.0000","0.0000","4.9754","153.3387","0.0000","30.4057","13.9000","0.1680","10000.0000","45.39079554","-75.69572538","37.1","13.3","877.0","79","1","79","1","0","-0.09","0.01","-0.98","-0.3","0.1","-0.6","25.46","329.00","1541","6553.5","265.8","0","0","0","0","35.0","265.8","30.6","30.0","1.88","0.1","-0.0","3.431","0.926","0.00","12.9","2.28","0"
"110.950","0.0374","12","0.0000","0.0000","2.8234","93.1669","0.0000","30.4057","13.8600","0.1620","10000.0000","45.39079554","-75.69572538","37.1","13.3","876.7","79","1","79","1","0","-0.10","0.00","-0.97","-0.3","0.1","-0.6","25.45","300.00","1578","6553.5","266.1","0","0","0","0","35.0","266.1","30.6","30.0","1.96","0.1","-0.0","3.428","0.913","0.00","12.9","2.29","0"
"111.000","0.0062","12","0.0000","0.0000","0.4706","15.5278","0.0000","30.4057","13.8100","0.1520","10000.0000","45.39079554","-75.69572538","37.1","13.3","877.0","79","1","79","1","0","-0.03","0.00","-0.99","-0.3","0.1","-0.6","25.44","222.00","1615","6553.5","266.0","0","0","0","0","35.0","266.0","30.7","30.0","1.98","0.1","-0.0","3.415","0.906","0.00","12.9","2.33","0"
"111.050","0.0000","12","0.0000","0.0000","0.0000","0.0000","0.0000","30.4057","13.8000","0.1460","10000.0000","45.39079554","-75.69572538","37.1","13.3","877.0","79","1","79","1","0","-0.03","0.02","-1.01","-0.3","0.1","-0.5","25.43","139.02","1518","6553.5","265.9","0","0","0","0","35.0","265.9","30.7","30.0","1.94","0.1","-0.0","3.412","0.920","0.00","12.9","2.38","0"
"111.100","0.0000","12","0.0000","0.0000","0.0000","0.0000","0.0000","30.4057","13.8000","0.1410","10000.0000","45.39079554","-75.69572538","37.1","13.3","877.0","79","1","79","1","0","-0.02","0.03","-1.00","-0.3","0.1","-0.5","25.42","197.91","1339","6553.5","265.5","0","0","0","0","35.0","265.5","30.7","30.0","1.81","0.1","-0.0","3.415","0.946","0.00","12.9","2.36","0"
"111.150","0.0432","12","0.0000","0.0000","-3.9968","-31.8847","0.0000","30.4050","14.9200","0.1400","10000.0000","45.39079555","-75.69572543","37.1","13.3","876.8","79","1","79","1","0","0.01","0.00","-0.99","-0.3","0.1","-0.5","25.41","225.00","1387","6553.5","265.0","0","0","0","0","35.0","265.0","30.7","30.0","1.68","0.1","-0.0","3.413","0.948","0.00","12.8","2.34","0"
"111.200","0.0972","12","0.0000","0.0000","-8.9928","-71.7405","0.0000","30.4041","16.3200","0.1400","10000.0000","45.39079556","-75.69572549","37.1","13.3","877.0","79","1","79","1","0","-0.05","0.00","-0.97","-0.3","0.1","-0.5","25.41","184.50","1483","6553.5","265.3","0","0","0","0","35.0","265.3","30.7","30.0","1.56","0.1","-0.0","3.409","0.945","0.00","12.9","2.35","0"
"111.250","0.0897","12","0.0000","0.0000","-4.1129","14.2843","0.0000","30.3984","16.5200","0.1480","10000.0000","45.39079556","-75.69572549","37.1","13.3","876.5","79","1","79","1","0","-0.11","0.03","-0.97","-0.3","0.1","-0.5","25.40","155.40","1516","6553.5","265.6","0","0","0","0","35.0","265.6","30.7","30.0","1.61","0.1","-0.0","3.418","0.936","0.00","13.0","2.36","0"
"111.300","0.0669","12","0.0000","0.0000","3.2359","131.7791","0.0000","30.3914","16.4200","0.1580","10000.0000","45.39079556","-75.69572547","37.1","13.3","877.0","79","1","79","1","0","-0.09","0.03","-0.97","-0.3","0.0","-0.5","25.39","152.14","1557","6553.5","265.5","0","0","0","0","35.0","265.5","30.7","30.0","1.95","0.1","-0.0","3.424","0.927","0.00","13.0","2.36","0"
"111.350","0.1108","12","0.0000","0.0000","-0.0406","119.5151","0.0000","30.3873","16.3200","0.1520","10000.0000","45.39079558","-75.69572546","37.1","13.3","876.8","79","1","79","1","0","-0.16","0.02","-0.97","-0.3","-0.0","-0.6","25.38","137.59","1625","6553.5","265.3","0","0","0","0","35.0","265.3","30.7","30.0","2.11","0.1","-0.0","3.418","0.919","0.00","12.9","2.35","0"
"111.400","0.1714","12","0.0000","0.0000","-5.9733","74.8113","0.0000","30.3839","16.2200","0.1420","10000.0000","45.39079562","-75.69572544","37.1","13.3","877.0","79","1","79","1","0","-0.15","0.01","-0.96","-0.3","-0.1","-0.5","25.37","128.57","1581","6553.5","265.3","0","0","0","0","35.0","265.3","30.7","30.0","1.95","0.1","-0.0","3.392","0.922","0.00","12.9","2.38","0"
"111.450","0.1640","12","0.0000","0.0000","-1.5690","-21.5144","0.0000","30.3803","16.1200","0.1520","10000.0000","45.39079560","-75.69572544","37.1","13.3","877.0","79","1","79","1","0","-0.05","-0.00","-0.97","-0.3","-0.1","-0.5","25.36","140.51","1383","6553.5","265.3","0","0","0","0","35.0","265.3","30.7","30.0","1.86","0.1","-0.0","3.337","0.942","0.00","12.9","2.41","0"
"111.500","0.1396","12","0.0000","0.0000","5.4196","-130.7455","0.0000","30.3768","16.0200","0.1670","10000.0000","45.39079556","-75.69572544","37.1","13.3","877.0","79","1","79","1","0","-0.04","0.01","-0.98","-0.3","-0.1","-0.5","25.35","158.35","1388","6553.5","265.2","0","0","0","0","35.0","265.2","30.7","30.0","1.85","0.1","-0.0","3.351","0.941","0.00","12.9","2.38","0"
"111.550","0.1130","12","0.0000","0.0000","-2.6594","-86.2143","0.0000","30.3727","15.9200","0.1700","10000.0000","45.39079559","-75.69572547","37.1","13.3","876.8","79","1","79","1","0","-0.11","0.03","-0.98","-0.3","-0.1","-0.5","25.34","154.00","1518","6553.5","265.0","0","0","0","0","35.0","265.0","30.7","30.0","1.85","0.1","-0.0","3.408","0.929","0.00","12.9","2.35","0"
"111.600","0.0859","12","0.0000","0.0000","-14.5053","-3.2425","0.0000","30.3684","15.8200","0.1700","10000.0000","45.39079563","-75.69572552","37.1","13.3","877.0","79","1","79","1","0","-0.13","0.02","-0.99","-0.3","-0.1","-0.5","25.33","154.92","1442","6553.5","265.1","0","0","0","0","35.0","265.1","30.7","30.0","1.84","0.1","-0.1","3.412","0.927","0.00","12.9","2.36","0"
"111.650","0.0732","12","0.0000","0.0000","-8.2424","70.1224","0.0000","30.3647","15.7200","0.1740","10000.0000","45.39079561","-75.69572553","37.1","13.3","876.8","79","1","79","1","0","-0.08","0.00","-1.01","-0.2","-0.0","-0.5","25.32","216.39","1326","6553.5","265.2","0","0","0","0","35.0","265.2","30.7","30.0","1.82","0.1","-0.1","3.405","0.928","0.00","12.9","2.38","0"
"111.700","0.0642","12","0.0000","0.0000","2.5476","141.0855","0.0000","30.3611","15.6200","0.1790","10000.0000","45.39079558","-75.69572553","37.1","13.3","877.0","79","1","79","1","0","0.03","0.01","-1.01","-0.2","-0.0","-0.5","25.30","31.50","1465","6553.5","265.4","0","0","0","0","35.0","265.4","30.7","30.0","1.76","0.1","-0.1","3.417","0.923","0.00","12.9","2.42","0"
"111.750","0.0852","12","0.0000","0.0000","-0.5688","71.4948","0.0000","30.3605","15.5600","0.1680","10000.0000","45.39079562","-75.69572552","37.1","13.3","877.0","79","1","79","1","0","-0.03","0.04","-1.02","-0.2","0.0","-0.5","25.27","93.99","1536","6553.5","265.6","0","0","0","0","35.0","265.6","30.7","30.0","1.74","0.1","-0.0","3.427","0.920","0.00","12.9","2.46","0"
"111.800","0.1137","12","0.0000","0.0000","-7.1619","-33.2344","0.0000","30.3607","15.5100","0.1530","10000.0000","45.39079569","-75.69572550","37.1","13.3","877.0","79","1","79","1","0","-0.03","0.02","-1.01","-0.2","0.0","-0.5","25.25","203.28","1361","6553.5","265.3","0","0","0","0","35.0","265.3","30.7","30.0","1.80","0.1","-0.0","3.424","0.926","0.00","12.9","2.48","0"
"111.850","0.1627","12","0.0000","0.0000","-6.4762","12.6651","0.0000","30.3579","15.4600","0.1460","10000.0000","45.39079567","-75.69572550","37.1","13.3","877.0","79","1","79","1","0","0.09","0.00","-0.99","-0.2","0.0","-0.5","25.22","266.67","1341","6553.5","265.0","0","0","0","0","35.0","265.0","30.7","30.0","1.86","0.1","-0.0","3.425","0.928","0.00","12.8","2.50","0"
"111.900","0.2169","12","0.0000","0.0000","-3.9708","96.2219","0.0000","30.3543","15.4100","0.1410","10000.0000","45.39079564","-75.69572550","37.1","13.3","877.0","79","1","79","1","0","0.08","0.02","-1.00","-0.3","0.0","-0.5","25.20","249.17","1535","6553.5","265.1","0","0","0","0","35.0","265.1","30.7","30.0","1.92","0.1","-0.0","3.430","0.923","0.00","12.8","2.44","0"
"111.950","0.2453","13","0.0000","0.0000","-2.5044","12.8078","0.0000","30.3508","15.3200","0.1480","10000.0000","45.39079561","-75.69572550","37.1","13.3","877.0","79","1","79","1","0","0.04","0.03","-1.00","-0.3","-0.0","-0.5","25.17","225.00","1530","6553.5","265.2","0","0","0","0","35.0","265.2","30.7","30.0","1.91","0.1","-0.0","3.430","0.934","0.00","12.8","2.38","0"
"112.000","0.2674","13","0.0000","0.0000","-1.2979","-112.3489","0.0000","30.3472","15.2200","0.1580","10000.0000","45.39079558","-75.69572550","37.1","13.3","877.0","79","1","79","1","0","0.03","0.03","-1.01","-0.3","-0.1","-0.5","25.15","225.00","1402","6553.5","265.1","0","0","0","0","35.0","265.1","30.7","30.0","1.80","0.1","-0.0","3.428","0.954","0.00","12.8","2.37","0"
"112.050","0.1880","13","0.0000","0.0000","1.2483","-20.3169","0.0000","30.3409","15.1600","0.1680","10000.0000","45.39079557","-75.69572549","37.1","13.3","876.8","79","1","79","1","0","-0.04","0.04","-1.02","-0.3","-0.0","-0.5","25.12","225.00","1495","6553.5","264.9","0","0","0","0","35.0","264.9","30.7","30.0","1.74","0.1","-0.0","3.425","0.942","0.00","12.9","2.35","0"
"112.100","0.0833","13","0.0000","0.0000","4.1294","126.0123","0.0000","30.3340","15.1100","0.1780","10000.0000","45.39079557","-75.69572547","37.1","13.3","877.0","79","1","79","1","0","-0.10","0.03","-1.01","-0.3","-0.0","-0.5","25.10","206.67","1630","6553.5","264.9","0","0","0","0","35.0","264.9","30.7","30.0","1.76","0.1","-0.0","3.422","0.923","0.00","12.9","2.35","0"
"112.150","0.0829","13","0.0000","0.0000","1.4355","138.3401","0.0000","30.3270","15.0600","0.1640","10000.0000","45.39079557","-75.69572545","37.1","13.3","876.7","79","1","79","1","0","-0.09","0.01","-1.00","-0.3","-0.0","-0.5","25.07","201.67","1478","6553.5","265.0","0","0","0","0","35.0","265.0","30.7","30.0","1.79","0.1","-0.0","3.410","0.945","0.00","12.9","2.35","0"
"112.200","0.1087","13","0.0000","0.0000","-2.6522","117.1677","0.0000","30.3200","15.0100","0.1440","10000.0000","45.39079557","-75.69572544","37.1","13.3","877.0","79","1","79","1","0","-0.07","0.01","-1.00","-0.3","0.0","-0.5","25.05","225.00","1397","6553.5","265.0","0","0","0","0","35.0","265.0","30.7","30.0","1.86","0.1","-0.0","3.405","0.956","0.00","12.9","2.38","0"
"112.250","0.0887","13","0.0000","0.0000","-2.5910","-0.2145","0.0000","30.3186","14.9600","0.1560","10000.0000","45.39079557","-75.69572544","37.1","13.3","876.8","79","1","79","1","0","-0.02","0.02","-1.00","-0.3","0.0","-0.5","25.03","225.00","1569","6553.5","265.0","0","0","0","0","35.0","265.0","30.7","30.0","1.88","0.1","-0.0","3.423","0.933","0.00","12.9","2.41","0"
"112.300","0.0572","13","0.0000","0.0000","-1.4926","-141.6490","0.0000","30.3186","14.9100","0.1760","10000.0000","45.39079557","-75.69572544","37.1","13.3","877.0","79","1","79","1","0","0.00","0.02","-0.99","-0.2","0.0","-0.5","25.00","214.29","1549","6553.5","265.0","0","0","0","0","35.0","265.0","30.7","30.0","1.85","0.1","-0.0","3.426","0.922","0.00","12.9","2.45","0"
"112.350","0.0981","13","0.0000","0.0000","-1.9995","-107.8835","0.0000","30.3159","14.8600","0.1800","10000.0000","45.39079559","-75.69572542","37.1","13.3","877.3","79","1","79","1","0","-0.04","0.04","-0.99","-0.2","-0.0","-0.5","24.98","154.76","1264","6553.5","265.1","0","0","0","0","35.0","265.1","30.7","30.0","1.79","0.1","-0.0","3.408","0.928","0.00","12.9","2.49","0"
"112.400","0.1571","13","0.0000","0.0000","-2.9075","-30.3179","0.0000","30.3125","14.8100","0.1800","10000.0000","45.39079563","-75.69572541","37.1","13.3","877.0","79","1","79","1","0","-0.01","0.01","-0.97","-0.2","-0.0","-0.5","24.95","150.00","1370","6553.5","265.0","0","0","0","0","35.0","265.0","30.7","30.0","1.69","0.1","-0.0","3.415","0.932","0.00","12.9","2.45","0"
"112.450","0.1468","13","0.0000","0.0000","-3.0133","25.9399","0.0000","30.3063","14.7600","0.1640","10000.0000","45.39079563","-75.69572539","37.1","13.3","876.8","79","1","79","1","0","0.03","-0.01","-0.96","-0.2","-0.0","-0.5","24.93","142.11","1714","6553.5","264.9","0","0","0","0","35.0","264.9","30.7","30.0","1.70","0.1","-0.0","3.437","0.935","0.00","12.8","2.40","0"
"112.500","0.1193","13","0.0000","0.0000","-2.9185","76.8706","0.0000","30.2993","14.7100","0.1440","10000.0000","45.39079563","-75.69572538","37.1","13.3","877.0","79","1","79","1","0","-0.02","0.02","-0.97","-0.3","-0.0","-0.5","24.90","133.54","1584","6553.5","264.7","0","0","0","0","35.0","264.7","30.7","30.0","1.89","0.1","-0.0","3.426","0.934","0.00","12.9","2.38","0"
"112.550","0.1138","13","0.0000","0.0000","-0.5799","15.0568","0.0000","30.2979","14.6600","0.1400","10000.0000","45.39079563","-75.69572537","37.1","13.3","877.0","79","1","79","1","0","-0.05","0.04","-0.99","-0.3","-0.0","-0.5","24.88","137.57","1356","6553.5","264.4","0","0","0","0","35.0","264.4","30.7","30.0","1.95","0.1","-0.0","3.407","0.932","0.00","13.0","2.36","0"
"112.600","0.1138","13","0.0000","0.0000","2.3197","-74.9432","0.0000","30.2979","14.6100","0.1400","10000.0000","45.39079563","-75.69572537","37.1","13.3","877.0","79","1","79","1","0","0.02","0.03","-1.00","-0.3","-0.0","-0.5","24.85","181.50","1404","6553.5","264.3","0","0","0","0","35.0","264.3","30.7","30.0","1.80","0.1","-0.0","3.412","0.933","0.00","13.0","2.44","0"
"112.650","0.1770","13","0.0000","0.0000","1.3040","7.2373","0.0000","30.2922","14.5600","0.1520","10000.0000","45.39079558","-75.69572537","37.1","13.3","877.0","79","1","79","1","0","0.08","0.04","-1.00","-0.3","-0.0","-0.6","24.83","225.00","1450","6553.5","264.1","0","0","0","0","35.0","264.1","30.7","30.0","1.75","0.1","-0.0","3.415","0.934","0.00","12.9","2.52","0"
"112.700","0.2560","13","0.0000","0.0000","-0.6905","132.4628","0.0000","30.2851","14.5100","0.1670","10000.0000","45.39079552","-75.69572537","37.1","13.3","877.0","79","1","79","1","0","0.07","0.04","-1.01","-0.3","-0.0","-0.6","24.79","225.00","1488","6553.5","264.4","0","0","0","0","35.0","264.4","30.7","30.0","1.88","0.1","-0.0","3.417","0.933","0.00","12.9","2.44","0"
"112.750","0.2365","13","0.0000","0.0000","-5.0845","30.4986","0.0000","30.2781","14.4600","0.1700","10000.0000","45.39079550","-75.69572536","37.1","13.3","877.0","79","1","79","1","0","-0.06","0.03","-1.00","-0.3","-0.0","-0.6","24.72","225.00","1519","6553.5","264.7","0","0","0","0","35.0","264.7","30.7","30.0","1.94","0.1","-0.0","3.415","0.933","0.00","13.0","2.35","0"
"112.800","0.1924","13","0.0000","0.0000","-10.0784","-128.2631","0.0000","30.2711","14.4100","0.1700","10000.0000","45.39079550","-75.69572534","37.1","13.3","876.5","79","1","79","1","0","-0.07","0.02","-0.99","-0.3","-0.0","-0.5","24.65","225.00","1542","6553.5","265.0","0","0","0","0","35.0","265.0","30.7","30.0","1.88","0.1","-0.0","3.408","0.935","0.00","13.0","2.41","0"
"112.850","0.2099","13","0.0000","0.0000","-8.5285","-105.8980","0.0000","30.2663","14.3600","0.1700","10000.0000","45.39079553","-75.69572538","37.1","13.3","877.0","79","1","79","1","0","0.05","0.01","-0.99","-0.3","-0.0","-0.5","24.58","225.00","1543","6553.5","265.3","0","0","0","0","35.0","265.3","30.7","30.0","1.88","0.1","-0.0","3.410","0.931","0.00","12.9","2.48","0"
"112.900","0.2428","13","0.0000","0.0000","-5.3428","-38.2512","0.0000","30.2621","14.3100","0.1700","10000.0000","45.39079557","-75.69572542","37.1","13.3","876.5","79","1","79","1","0","-0.02","0.02","-0.98","-0.3","-0.0","-0.5","24.51","235.54","1532","6553.5","265.0","0","0","0","0","35.0","265.0","30.7","30.0","1.99","0.1","-0.0","3.419","0.925","0.00","12.9","2.47","0"
"112.950","0.1952","12","0.0000","0.0000","-11.9985","-52.2079","0.0000","30.2528","14.3000","0.1500","10000.0000","45.39079556","-75.69572542","37.1","13.3","877.0","79","1","79","1","0","-0.07","0.04","-0.99","-0.3","-0.1","-0.6","24.44","259.48","1434","6553.5","264.7","0","0","0","0","35.0","264.7","30.7","30.0","1.94","0.1","-0.0","3.419","0.949","0.00","12.8","2.45","0"
"113.000","0.1274","12","0.0000","0.0000","-21.1147","-86.5654","0.0000","30.2423","14.3000","0.1250","10000.0000","45.39079552","-75.69572540","37.1","13.3","876.5","79","1","79","1","0","-0.02","0.04","-1.00","-0.3","-0.1","-0.6","24.36","185.00","1322","6553.5","264.6","0","0","0","0","35.0","264.6","30.7","30.0","1.65","0.1","-0.0","3.418","0.979","0.00","12.8","2.45","0"
"113.050","0.1510","12","0.0000","0.0000","-19.7062","-0.3866","0.0000","30.2402","14.2600","0.1400","10000.0000","45.39079552","-75.69572540","37.1","13.3","877.0","79","1","79","1","0","-0.07","0.04","-1.00","-0.3","-0.0","-0.6","24.29","141.25","1495","6553.5","264.4","0","0","0","0","35.0","264.4","30.7","30.0","1.57","0.1","-0.0","3.406","0.963","0.00","12.9","2.44","0"
"113.100","0.1975","12","0.0000","0.0000","-15.6667","115.9262","0.0000","30.2402","14.2100","0.1650","10000.0000","45.39079552","-75.69572540","37.1","13.3","877.0","79","1","79","1","0","-0.15","0.04","-0.99","-0.2","-0.0","-0.6","24.22","137.50","1613","6553.5","264.5","0","0","0","0","35.0","264.5","30.7","30.0","1.81","0.1","-0.0","3.400","0.950","0.00","12.9","2.40","0"
"113.150","0.2185","12","0.0000","0.0000","-12.4153","147.7045","0.0000","30.2345","14.1600","0.1740","10000.0000","45.39079547","-75.69572540","37.1","13.3","877.3","79","1","79","1","0","-0.03","0.03","-0.99","-0.2","-0.0","-0.6","24.15","137.50","1543","6553.5","264.6","0","0","0","0","35.0","264.6","30.7","30.0","1.94","0.1","-0.0","3.413","0.944","0.00","13.0","2.36","0"
"113.200","0.2331","12","0.0000","0.0000","-9.3610","158.3492","0.0000","30.2274","14.1100","0.1790","10000.0000","45.39079540","-75.69572540","37.1","13.3","877.0","79","1","79","1","0","0.04","0.04","-1.00","-0.3","-0.0","-0.6","24.08","137.50","1513","6553.5","264.6","0","0","0","0","35.0","264.6","30.7","30.0","1.90","0.1","-0.0","3.412","0.943","0.00","13.0","2.43","0"
"113.250","0.1738","12","0.0000","0.0000","-32.4407","110.7304","0.0000","30.2204","14.1000","0.1560","10000.0000","45.39079539","-75.69572539","37.1","13.3","877.0","79","1","79","1","0","0.04","0.06","-1.00","-0.3","-0.0","-0.6","24.01","154.92","1540","6553.5","264.7","0","0","0","0","35.0","264.7","30.7","30.0","1.90","0.1","-0.0","3.392","0.949","0.00","12.9","2.50","0"
"113.300","0.0961","12","0.0000","0.0000","-62.0539","48.5458","0.0000","30.2134","14.1000","0.1260","10000.0000","45.39079539","-75.69572537","37.1","13.3","877.0","79","1","79","1","0","0.08","0.05","-1.00","-0.3","0.0","-0.5","23.94","189.99","1424","6553.5","264.6","0","0","0","0","35.0","264.6","30.7","30.0","1.96","0.1","-0.0","3.396","0.954","0.00","12.9","2.52","0"
"113.350","0.1531","12","0.0000","0.0000","-46.2621","-43.9090","0.0000","30.2119","14.0600","0.1400","10000.0000","45.39079534","-75.69572538","37.1","13.3","877.0","79","1","79","1","0","0.03","0.03","-1.00","-0.3","0.0","-0.5","23.87","207.49","1221","6553.5","264.4","0","0","0","0","35.0","264.4","30.7","30.0","1.92","0.1","-0.0","3.416","0.960","0.00","12.9","2.55","0"
"113.400","0.2439","12","0.0000","0.0000","-19.1189","-143.9313","0.0000","30.2117","14.0100","0.1650","10000.0000","45.39079528","-75.69572540","37.1","13.3","877.0","79","1","79","1","0","0.01","0.02","-0.99","-0.3","0.0","-0.5","23.80","225.00","1409","6553.5","264.5","0","0","0","0","35.0","264.5","30.7","30.0","1.70","0.1","-0.0","3.426","0.953","0.00","12.9","2.49","0"
"113.450","0.1980","12","0.0000","0.0000","-23.7190","-145.7661","0.0000","30.2054","13.9600","0.1540","10000.0000","45.39079527","-75.69572544","37.1","13.3","876.8","79","1","79","1","0","0.02","0.03","-0.98","-0.3","0.0","-0.5","23.73","261.55","1673","6553.5","264.7","0","0","0","0","35.0","264.7","30.7","30.0","1.66","0.1","-0.0","3.433","0.943","0.00","12.9","2.42","0"
"113.500","0.1178","12","0.0000","0.0000","-36.2550","-123.0539","0.0000","30.1976","13.9100","0.1340","10000.0000","45.39079528","-75.69572548","37.1","13.3","877.0","79","1","79","1","0","0.02","0.01","-0.97","-0.2","0.0","-0.5","23.66","230.83","1467","6553.5","264.5","0","0","0","0","35.0","264.5","30.7","30.0","1.91","0.1","-0.0","3.423","0.937","0.00","12.9","2.45","0"
"113.550","0.1255","12","0.0000","0.0000","-30.0071","-65.7662","0.0000","30.1960","13.9000","0.1420","10000.0000","45.39079528","-75.69572549","37.1","13.3","877.0","79","1","79","1","0","0.02","0.00","-0.97","-0.2","-0.0","-0.5","23.59","225.00","1328","6553.5","264.3","0","0","0","0","35.0","264.3","30.7","30.0","2.02","0.1","-0.0","3.417","0.936","0.00","13.0","2.49","0"
"113.600","0.1551","12","0.0000","0.0000","-19.0633","0.1655","0.0000","30.1960","13.9000","0.1570","10000.0000","45.39079528","-75.69572549","37.1","13.3","877.0","79","1","79","1","0","-0.08","0.02","-0.98","-0.2","-0.0","-0.5","23.52","225.00","1426","6553.5","264.3","0","0","0","0","35.0","264.3","30.7","30.0","1.88","0.1","-0.0","3.422","0.949","0.00","13.0","2.52","0"
"113.650","0.1577","12","0.0000","0.0000","-21.3360","75.5654","0.0000","30.1932","13.8600","0.1640","10000.0000","45.39079525","-75.69572549","37.1","13.3","877.3","79","1","79","1","0","-0.13","0.02","-0.99","-0.3","-0.0","-0.5","23.45","221.82","1448","6553.5","264.4","0","0","0","0","35.0","264.4","30.7","30.0","1.81","0.1","-0.0","3.429","0.952","0.00","13.0","2.55","0"
"113.700","0.1536","12","0.0000","0.0000","-26.9129","153.3322","0.0000","30.1896","13.8100","0.1690","10000.0000","45.39079522","-75.69572549","37.1","13.3","877.0","79","1","79","1","0","-0.07","0.02","-0.99","-0.3","0.0","-0.5","23.37","142.27","1366","6553.5","264.7","0","0","0","0","35.0","264.7","30.7","30.0","1.86","0.1","-0.0","3.437","0.940","0.00","13.0","2.50","0"
"113.750","0.1238","12","0.0000","0.0000","-29.6477","121.5531","0.0000","30.1882","13.8000","0.1540","10000.0000","45.39079522","-75.69572554","37.1","13.3","877.3","79","1","79","1","0","-0.03","0.02","-0.99","-0.3","0.0","-0.5","23.39","137.50","1410","6553.5","265.0","0","0","0","0","35.0","265.0","30.7","30.0","1.89","0.1","-0.0","3.427","0.943","0.00","12.9","2.44","0"
"113.800","0.0877","12","0.0000","0.0000","-31.6721","62.3875","0.0000","30.1874","13.8000","0.1340","10000.0000","45.39079523","-75.69572560","37.1","13.3","877.0","79","1","79","1","0","-0.05","0.02","-0.99","-0.3","-0.0","-0.5","23.57","200.09","1532","6553.5","264.9","0","0","0","0","35.0","264.9","30.7","30.0","1.89","0.1","-0.0","3.406","0.953","0.00","12.9","2.48","0"
"113.850","0.0732","12","0.0000","0.0000","-37.1370","69.8537","0.0000","30.1843","13.7600","0.1300","10000.0000","45.39079521","-75.69572562","37.1","13.3","877.0","79","1","79","1","0","-0.09","0.01","-0.97","-0.3","-0.0","-0.5","23.75","266.67","1483","6553.5","264.8","0","0","0","0","35.0","264.8","30.7","30.0","1.87","0.1","-0.0","3.410","0.945","0.00","13.0","2.53","0"
"113.900","0.0642","12","0.0000","0.0000","-43.4621","93.9780","0.0000","30.1808","13.7100","0.1300","10000.0000","45.39079517","-75.69572562","37.1","13.3","877.0","79","1","79","1","0","-0.00","0.00","-0.97","-0.3","-0.0","-0.5","23.93","130.40","1401","6553.5","264.9","0","0","0","0","35.0","264.9","30.7","30.0","1.84","0.1","-0.1","3.420","0.934","0.00","13.0","2.53","0"
"113.950","0.0829","12","0.0000","0.0000","-41.3191","76.1162","0.0000","30.1765","13.6600","0.1300","10000.0000","45.39079515","-75.69572567","37.1","13.3","876.8","79","1","79","1","0","0.01","0.00","-0.98","-0.3","-0.0","-0.5","24.11","7.33","1498","6553.5","265.0","0","0","0","0","35.0","265.0","30.7","30.0","1.83","0.1","-0.1","3.396","0.943","0.00","12.9","2.52","0"
"114.000","0.1087","12","0.0000","0.0000","-37.0591","47.7580","0.0000","30.1721","13.6100","0.1300","10000.0000","45.39079513","-75.69572573","37.1","13.3","877.0","79","1","79","1","0","0.01","0.01","-1.00","-0.3","-0.0","-0.5","24.29","82.62","1581","6553.5","265.1","0","0","0","0","35.0","265.1","30.7","30.0","1.85","0.1","-0.0","3.381","0.944","0.00","12.9","2.49","0"
"114.050","0.0683","12","0.0000","0.0000","-21.7243","25.2518","0.0000","30.1712","13.6000","0.1260","10000.0000","45.39079512","-75.69572574","37.1","13.3","877.0","79","1","79","1","0","0.01","0.01","-1.01","-0.3","-0.0","-0.5","24.47","170.51","1614","6553.5","265.3","0","0","0","0","35.0","265.3","30.7","30.0","1.90","0.1","-0.0","3.397","0.922","0.00","13.0","2.46","0"
"114.100","0.0114","12","0.0000","0.0000","-3.6207","4.2086","0.0000","30.1712","13.6000","0.1210","10000.0000","45.39079512","-75.69572574","37.1","13.3","877.0","79","1","79","1","0","-0.05","0.01","-1.00","-0.3","-0.0","-0.5","24.65","225.00","1552","6553.5","265.0","0","0","0","0","35.0","265.0","30.7","30.0","1.98","0.1","-0.0","3.410","0.914","0.00","13.0","2.43","0"
"114.150","0.0000","12","0.0000","0.0000","0.0000","0.0000","0.0000","30.1712","13.6000","0.1400","10000.0000","45.39079512","-75.69572574","37.1","13.3","877.0","79","1","79","1","0","-0.09","0.02","-0.99","-0.3","-0.1","-0.5","24.83","185.94","1360","6553.5","264.7","0","0","0","0","35.0","264.7","30.7","30.0","1.95","0.1","-0.0","3.421","0.926","0.00","12.9","2.39","0"
"114.200","0.0000","12","0.0000","0.0000","0.0000","0.0000","0.0000","30.1712","13.6000","0.1650","10000.0000","45.39079512","-75.69572574","37.1","13.3","877.0","79","1","79","1","0","0.01","0.01","-0.98","-0.2","-0.1","-0.5","25.01","123.29","1324","6553.5","264.7","0","0","0","0","35.0","264.7","30.7","30.0","1.74","0.1","-0.0","3.417","0.934","0.00","12.9","2.39","0"
"114.250","0.0144","12","0.0000","0.0000","-18.1563","72.0000","0.0000","30.1594","14.6800","0.1620","10000.0000","45.39079513","-75.69572577","37.1","13.3","877.0","79","1","79","1","0","0.01","0.02","-0.99","-0.2","-0.1","-0.5","25.19","126.10","1384","6553.5","264.6","0","0","0","0","35.0","264.6","30.7","30.0","1.62","0.1","-0.0","3.405","0.942","0.00","13.0","2.39","0"
"114.300","0.0324","12","0.0000","0.0000","-40.8517","162.0000","0.0000","30.1446","16.0300","0.1520","10000.0000","45.39079513","-75.69572580","37.1","13.3","877.5","79","1","79","1","0","-0.11","0.02","-0.98","-0.3","-0.0","-0.5","25.37","137.76","1431","6553.5","264.6","0","0","0","0","35.0","264.6","30.7","30.0","1.67","0.1","-0.0","3.370","0.943","0.00","13.0","2.39","0"
"114.350","0.0860","12","0.0000","0.0000","-30.6652","140.4822","0.0000","30.1332","16.2200","0.1420","10000.0000","45.39079511","-75.69572579","37.1","13.3","876.8","79","1","79","1","0","-0.13","0.03","-0.97","-0.3","-0.0","-0.5","25.55","214.29","1473","6553.5","264.7","0","0","0","0","35.0","264.7","30.7","30.0","1.71","0.1","-0.0","3.330","0.944","0.00","12.9","2.39","0"
"114.400","0.1485","12","0.0000","0.0000","-12.2582","91.0848","0.0000","30.1227","16.1200","0.1320","10000.0000","45.39079508","-75.69572577","37.1","13.3","877.5","79","1","79","1","0","-0.05","0.01","-0.98","-0.3","0.0","-0.5","25.73","160.50","1429","6553.5","264.7","0","0","0","0","35.0","264.7","30.8","30.0","1.73","0.1","-0.0","3.355","0.954","0.00","12.9","2.39","0"
"114.450","0.1288","12","0.0000","0.0000","-16.4526","8.6228","0.0000","30.1108","16.0200","0.1340","10000.0000","45.39079506","-75.69572586","37.1","13.3","877.0","79","1","79","1","0","-0.03","0.01","-0.98","-0.3","0.0","-0.5","25.91","150.00","1405","6553.5","264.7","0","0","0","0","35.0","264.7","30.8","30.0","1.74","0.1","-0.0","3.382","0.955","0.00","13.0","2.40","0"
"114.500","0.0885","12","0.0000","0.0000","-26.2973","-82.1054","0.0000","30.0985","15.9200","0.1390","10000.0000","45.39079504","-75.69572596","37.1","13.3","876.5","79","1","79","1","0","-0.04","0.02","-0.99","-0.3","0.0","-0.5","26.09","150.00","1451","6553.5","264.7","0","0","0","0","35.0","264.7","30.7","30.0","1.74","0.1","-0.1","3.417","0.929","0.00","13.0","2.47","0"
"114.550","0.1217","12","0.0000","0.0000","-18.8169","-51.0902","0.0000","30.0905","15.8600","0.1560","10000.0000","45.39079504","-75.69572597","37.1","13.3","877.0","79","1","79","1","0","0.02","0.03","-0.99","-0.3","0.0","-0.5","26.27","150.00","1445","6553.5","264.8","0","0","0","0","35.0","264.8","30.7","30.0","1.77","0.1","-0.1","3.436","0.921","0.00","12.9","2.55","0"
"114.600","0.1733","12","0.0000","0.0000","-7.0051","10.3609","0.0000","30.0835","15.8100","0.1760","10000.0000","45.39079504","-75.69572596","37.1","13.3","877.0","79","1","79","1","0","0.05","0.03","-1.00","-0.3","0.0","-0.5","26.45","354.00","1365","6553.5","264.8","0","0","0","0","35.0","264.8","30.8","30.0","1.83","0.1","-0.1","3.432","0.939","0.00","12.9","2.48","0"
"114.650","0.2140","12","0.0000","0.0000","-6.7312","18.4082","0.0000","30.0703","15.7200","0.1800","10000.0000","45.39079504","-75.69572598","37.1","13.3","877.3","79","1","79","1","0","-0.09","0.03","-0.98","-0.3","-0.0","-0.5","26.63","390.63","1364","6553.5","264.7","0","0","0","0","35.0","264.7","30.8","30.0","1.87","0.1","-0.0","3.431","0.939","0.00","13.0","2.41","0"
"114.700","0.2520","12","0.0000","0.0000","-9.3418","13.1046","0.0000","30.0555","15.6200","0.1800","10000.0000","45.39079505","-75.69572601","37.1","13.3","876.5","79","1","79","1","0","-0.12","0.03","-0.97","-0.3","-0.1","-0.5","26.81","303.33","1411","6553.5","264.7","0","0","0","0","35.0","264.7","30.7","30.0","1.88","0.1","-0.0","3.431","0.929","0.00","12.9","2.47","0"
"114.750","0.1880","12","0.0000","0.0000","-24.1543","-49.4689","0.0000","30.0434","15.5600","0.1640","10000.0000","45.39079503","-75.69572605","37.1","13.3","877.3","79","1","79","1","0","-0.05","0.02","-0.98","-0.3","-0.1","-0.5","26.99","266.67","1225","6553.5","264.7","0","0","0","0","35.0","264.7","30.7","30.0","1.81","0.1","-0.0","3.417","0.939","0.00","12.8","2.53","0"
"114.800","0.0984","12","0.0000","0.0000","-42.0174","-126.3599","0.0000","30.0321","15.5100","0.1440","10000.0000","45.39079501","-75.69572610","37.1","13.3","877.0","79","1","79","1","0","-0.02","0.02","-0.99","-0.3","-0.0","-0.5","27.10","191.75","997","6553.5","264.4","0","0","0","0","35.0","264.4","30.7","30.0","1.61","0.1","-0.0","3.400","0.953","0.00","12.8","2.46","0"
"114.850","0.0915","12","0.0000","0.0000","-29.1614","-145.3268","0.0000","30.0325","15.4600","0.1520","10000.0000","45.39079498","-75.69572612","37.1","13.3","877.3","79","1","79","1","0","-0.03","0.04","-0.99","-0.3","-0.0","-0.5","27.06","163.39","1205","6553.5","264.1","0","0","0","0","35.0","264.1","30.8","30.0","1.51","0.1","-0.0","3.404","0.942","0.00","12.9","2.38","0"
"114.900","0.1052","12","0.0000","0.0000","-8.6257","-149.8126","0.0000","30.0359","15.4100","0.1670","10000.0000","45.39079495","-75.69572614","37.1","13.3","877.0","79","1","79","1","0","-0.02","0.04","-0.98","-0.3","-0.0","-0.6","27.03","208.04","1376","6553.5","264.1","0","0","0","0","35.0","264.1","30.8","30.0","1.58","0.1","-0.0","3.410","0.935","0.00","12.9","2.42","0"
"114.950","0.1292","12","0.0000","0.0000","-6.1418","-57.9437","0.0000","30.0310","15.3600","0.1580","10000.0000","45.39079494","-75.69572613","37.1","13.3","877.3","79","1","79","1","0","-0.06","0.03","-0.98","-0.3","-0.0","-0.6","26.99","155.25","1418","6553.5","264.1","0","0","0","0","35.0","264.1","30.7","30.0","1.66","0.1","-0.0","3.421","0.945","0.00","12.9","2.47","0"
"115.000","0.1557","12","0.0000","0.0000","-8.1710","58.0139","0.0000","30.0241","15.3100","0.1430","10000.0000","45.39079494","-75.69572611","37.1","13.3","877.0","79","1","79","1","0","-0.08","0.02","-0.98","-0.3","0.0","-0.6","26.95","112.50","1431","6553.5","264.1","0","0","0","0","35.0","264.1","30.7","30.0","1.74","0.1","-0.0","3.426","0.943","0.00","12.8","2.45","0"
"115.050","0.1610","12","0.0000","0.0000","-8.9028","96.1397","0.0000","30.0191","15.2600","0.1440","10000.0000","45.39079492","-75.69572616","37.1","13.3","877.0","79","1","79","1","0","-0.05","0.01","-0.98","-0.3","0.0","-0.6","26.92","135.75","1405","6553.5","264.2","0","0","0","0","35.0","264.2","30.7","30.0","1.79","0.1","-0.0","3.420","0.927","0.00","12.7","2.42","0"
"115.100","0.1610","12","0.0000","0.0000","-9.3103","114.8077","0.0000","30.0147","15.2100","0.1490","10000.0000","45.39079490","-75.69572622","37.1","13.3","877.0","79","1","79","1","0","-0.07","0.01","-0.97","-0.3","0.0","-0.6","26.88","150.00","1437","6553.5","264.2","0","0","0","0","35.0","264.2","30.7","30.0","1.78","0.1","-0.0","3.412","0.932","0.00","12.8","2.48","0"
"115.150","0.1444","12","0.0000","0.0000","-9.4670","28.9941","0.0000","30.0103","15.1600","0.1420","10000.0000","45.39079487","-75.69572628","37.1","13.3","877.0","79","1","79","1","0","-0.06","-0.01","-0.97","-0.3","0.0","-0.6","26.85","150.00","1506","6553.5","264.1","0","0","0","0","35.0","264.1","30.8","30.0","1.80","0.1","-0.0","3.404","0.950","0.00","12.9","2.55","0"
"115.200","0.1236","12","0.0000","0.0000","-9.5609","-82.9398","0.0000","30.0058","15.1100","0.1320","10000.0000","45.39079485","-75.69572634","37.1","13.3","876.5","79","1","79","1","0","0.02","-0.01","-1.00","-0.3","0.0","-0.6","26.81","150.00","1485","6553.5","264.1","0","0","0","0","35.0","264.1","30.8","30.0","1.86","0.1","-0.0","3.415","0.960","0.00","12.9","2.46","0"
"115.250","0.1236","12","0.0000","0.0000","-11.1397","-32.8214","0.0000","30.0014","15.0600","0.1340","10000.0000","45.39079482","-75.69572640","37.1","13.3","877.0","79","1","79","1","0","-0.01","0.02","-1.00","-0.2","0.0","-0.6","26.78","177.00","1446","6553.5","264.0","0","0","0","0","35.0","264.0","30.8","30.0","1.91","0.1","-0.0","3.431","0.969","0.00","13.0","2.36","0"
"115.300","0.1288","12","0.0000","0.0000","-13.0897","57.8102","0.0000","29.9970","15.0100","0.1390","10000.0000","45.39079480","-75.69572647","37.1","13.3","877.0","79","1","79","1","0","-0.14","0.05","-1.00","-0.2","0.0","-0.6","26.74","213.93","1441","6553.5","263.8","0","0","0","0","35.0","263.8","30.8","30.0","1.93","0.1","-0.0","3.419","0.971","0.00","13.0","2.41","0"
"115.350","0.0982","12","0.0000","0.0000","-22.9470","29.6322","0.0000","29.9926","14.9600","0.1320","10000.0000","45.39079478","-75.69572653","37.1","13.3","877.3","79","1","79","1","0","-0.12","0.05","-1.00","-0.3","-0.0","-0.6","26.70","183.20","1422","6553.5","263.5","0","0","0","0","35.0","263.5","30.8","30.0","1.91","0.1","-0.0","3.408","0.974","0.00","12.9","2.47","0"
"115.400","0.0588","12","0.0000","0.0000","-34.7810","-28.2482","0.0000","29.9881","14.9100","0.1220","10000.0000","45.39079475","-75.69572659","37.1","13.3","876.5","79","1","79","1","0","-0.05","0.02","-1.00","-0.3","-0.1","-0.5","26.67","152.46","1346","6553.5","263.5","0","0","0","0","35.0","263.5","30.8","30.0","1.81","0.1","-0.1","3.401","0.984","0.00","12.9","2.40","0"
"115.450","0.1383","12","0.0000","0.0000","-27.1716","-25.3230","0.0000","29.9838","14.8600","0.1440","10000.0000","45.39079478","-75.69572664","37.1","13.3","876.8","79","1","79","1","0","-0.08","0.03","-1.00","-0.3","-0.1","-0.5","26.63","150.00","1339","6553.5","263.4","0","0","0","0","35.0","263.4","30.8","30.0","1.73","0.1","-0.0","3.398","0.991","0.00","12.9","2.32","0"
"115.500","0.2476","12","0.0000","0.0000","-14.7013","-7.1964","0.0000","29.9796","14.8100","0.1740","10000.0000","45.39079482","-75.69572669","37.1","13.3","877.0","79","1","79","1","0","-0.01","0.03","-0.99","-0.3","-0.0","-0.5","26.60","282.00","1425","6553.5","263.3","0","0","0","0","35.0","263.3","30.8","30.0","1.71","0.1","-0.0","3.399","0.996","0.00","12.9","2.38","0"
"115.550","0.2405","12","0.0000","0.0000","-15.0215","7.9499","0.0000","29.9787","14.7600","0.1760","10000.0000","45.39079483","-75.69572669","37.1","13.3","877.3","79","1","79","1","0","0.03","0.02","-0.98","-0.3","-0.0","-0.5","26.56","245.90","1450","6553.5","263.1","0","0","0","0","35.0","263.1","30.8","30.0","1.67","0.1","-0.0","3.398","1.001","0.10","12.9","2.44","0"
"115.600","0.2044","12","0.0000","0.0000","-18.5392","22.3511","0.0000","29.9787","14.7100","0.1710","10000.0000","45.39079483","-75.69572669","37.1","13.3","877.0","79","1","79","1","0","-0.04","0.02","-0.98","-0.3","0.0","-0.5","26.53","184.43","1436","6553.5","262.9","0","0","0","0","35.0","262.9","30.8","30.0","1.62","0.1","-0.0","3.395","1.007","0.27","12.9","2.45","0"
"115.650","0.1917","12","0.0000","0.0000","-18.7635","-20.0234","0.0000","29.9772","14.6600","0.1540","10000.0000","45.39079479","-75.69572681","37.1","13.3","877.3","79","1","79","1","0","-0.08","0.02","-0.97","-0.3","0.0","-0.6","26.49","150.00","1445","6553.5","262.7","0","0","0","0","35.0","262.7","30.8","30.0","1.60","0.1","-0.0","3.360","1.013","0.35","12.9","2.47","0"
"115.700","0.1849","12","0.0000","0.0000","-18.1645","-76.5918","0.0000","29.9753","14.6100","0.1340","10000.0000","45.39079474","-75.69572695","37.1","13.3","877.0","79","1","79","1","0","-0.07","0.04","-0.98","-0.3","0.0","-0.6","26.45","140.57","1459","6553.5","262.7","0","0","0","0","35.0","262.7","30.8","30.0","1.61","0.1","-0.0","3.321","1.018","0.40","12.9","2.51","0"
"115.750","0.1989","12","0.0000","0.0000","-16.8972","-55.4563","0.0000","29.9715","14.5600","0.1500","10000.0000","45.39079476","-75.69572701","37.1","13.3","877.3","79","1","79","1","0","0.04","0.03","-0.97","-0.3","0.0","-0.6","26.42","138.00","1490","6553.5","262.6","0","0","0","0","35.0","262.6","30.8","30.0","1.66","0.1","-0.0","3.374","1.013","0.46","13.0","2.55","0"
"115.800","0.2181","12","0.0000","0.0000","-15.4629","-14.8949","0.0000","29.9672","14.5100","0.1750","10000.0000","45.39079480","-75.69572706","37.1","13.3","877.0","79","1","79","1","0","0.02","0.01","-0.97","-0.3","0.1","-0.6","26.38","143.51","1493","6553.5","262.6","0","0","0","0","35.0","262.6","30.8","30.0","1.77","0.1","-0.0","3.417","1.011","0.50","12.9","2.55","0"
"115.850","0.1587","12","0.0000","0.0000","-26.8795","35.0334","0.0000","29.9656","14.5000","0.1642","10000.0000","45.39079477","-75.69572713","37.1","13.3","877.0","79","1","79","1","0","-0.09","0.01","-0.97","-0.3","0.1","-0.6","26.34","128.75","1398","6553.5","262.5","0","0","0","0","35.0","262.5","30.8","30.0","1.79","0.1","-0.0","3.427","1.017","0.50","12.8","2.55","0"
"115.900","0.0797","12","0.0000","0.0000","-41.5087","87.3034","0.0000","29.9646","14.5000","0.1444","10000.0000","45.39079471","-75.69572720","37.1","13.3","877.0","79","1","79","1","0","-0.13","-0.00","-0.96","-0.2","0.1","-0.6","26.27","114.25","1389","6553.5","262.5","0","0","0","0","35.0","262.5","30.8","30.0","1.66","0.1","-0.0","3.435","1.015","0.50","12.9","2.55","0"
"115.950","0.1024","13","0.0000","0.0000","-35.5823","77.1404","0.0000","29.9582","14.4610","0.1478","10000.0000","45.39079471","-75.69572726","37.1","13.3","877.3","79","1","79","1","0","-0.21","0.00","-0.94","-0.2","0.1","-0.6","26.20","112.72","1500","6553.5","262.5","0","0","0","0","35.0","262.5","30.8","30.0","1.62","0.1","-0.0","3.441","1.003","0.50","13.0","2.55","0"
"116.000","0.1537","13","0.0000","0.0000","-23.8581","49.3680","0.0000","29.9504","14.4110","0.1578","10000.0000","45.39079471","-75.69572730","37.1","13.3","877.5","79","1","79","1","0","-0.18","0.02","-0.94","-0.2","-0.0","-0.5","26.13","112.50","1486","6553.5","262.5","0","0","0","0","35.0","262.5","30.8","30.0","1.74","0.1","-0.0","3.429","0.999","0.53","13.0","2.55","0"
"116.050","0.1450","13","0.0000","0.0000","-27.9379","87.6170","0.0000","29.9452","14.3610","0.1639","10000.0000","45.39079470","-75.69572736","37.1","13.3","877.3","79","1","79","1","0","-0.04","0.01","-0.94","-0.2","-0.1","-0.5","26.06","125.40","1395","6553.5","262.4","0","0","0","0","35.0","262.4","30.8","30.0","1.78","0.1","-0.0","3.407","1.000","0.59","12.9","2.55","0"
"116.100","0.1195","13","0.0000","0.0000","-36.4753","144.4874","0.0000","29.9408","14.3110","0.1689","10000.0000","45.39079467","-75.69572742","37.1","13.3","877.0","79","1","79","1","0","0.02","0.01","-0.98","-0.3","-0.1","-0.5","25.99","140.40","1435","6553.5","262.5","0","0","0","0","35.0","262.5","30.8","30.0","1.71","0.1","-0.0","3.420","0.996","0.65","12.9","2.55","0"
"116.150","0.1038","13","0.0000","0.0000","-43.2246","123.4904","0.0000","29.9370","14.3000","0.1544","10000.0000","45.39079464","-75.69572744","37.1","13.3","877.0","79","1","79","1","0","-0.01","0.01","-0.99","-0.3","-0.1","-0.5","25.93","150.00","1500","6553.5","262.6","0","0","0","0","35.0","262.6","30.8","30.0","1.68","0.1","-0.0","3.440","0.991","0.70","12.9","2.55","0"
"116.200","0.0910","13","0.0000","0.0000","-49.4696","80.5308","0.0000","29.9335","14.3000","0.1344","10000.0000","45.39079461","-75.69572744","37.1","13.3","877.0","79","1","79","1","0","-0.01","0.02","-1.01","-0.3","-0.0","-0.5","25.86","142.29","1414","6553.5","262.3","0","0","0","0","35.0","262.3","30.8","30.0","1.72","0.1","-0.0","3.430","0.993","0.81","12.9","2.55","0"
"116.250","0.1166","13","0.0000","0.0000","-42.0384","4.2607","0.0000","29.9258","14.2610","0.1300","10000.0000","45.39079457","-75.69572753","37.1","13.3","877.2","79","1","79","1","0","-0.07","0.03","-1.01","-0.2","0.0","-0.5","25.79","135.54","1357","6553.5","262.0","0","0","0","0","35.0","262.0","30.8","30.0","1.69","0.1","-0.0","3.420","0.994","0.91","12.8","2.55","0"
"116.300","0.1530","13","0.0000","0.0000","-30.7497","-81.4046","0.0000","29.9169","14.2110","0.1300","10000.0000","45.39079452","-75.69572766","37.1","13.3","877.0","79","1","79","1","0","-0.11","0.04","-0.99","-0.2","0.0","-0.5","25.72","154.88","1404","6553.5","262.0","0","0","0","0","35.0","262.0","30.8","30.0","1.57","0.1","-0.1","3.405","0.993","0.97","12.8","2.55","0"
"116.350","0.1561","13","0.0000","0.0000","-22.5194","-67.9276","0.0000","29.9218","14.2000","0.1495","10000.0000","45.39079455","-75.69572779","37.1","13.3","877.3","79","1","79","1","0","-0.07","0.03","-0.99","-0.2","0.0","-0.5","25.65","174.23","1397","6553.5","262.0","0","0","0","0","35.0","262.0","30.8","30.0","1.56","0.1","-0.1","3.405","0.996","1.02","12.9","2.55","0"
"116.400","0.1498","13","0.0000","0.0000","-15.1518","-26.4873","0.0000","29.9306","14.2000","0.1745","10000.0000","45.39079460","-75.69572793","37.1","13.3","877.0","79","1","79","1","0","-0.08","0.02","-0.99","-0.3","0.0","-0.5","25.58","419.44","1317","6553.5","261.9","0","0","0","0","35.0","261.9","30.8","30.0","1.71","0.1","-0.0","3.424","1.002","1.08","12.9","2.55","0"
"116.450","0.1549","13","0.0000","0.0000","-14.7480","57.1825","0.0000","29.9242","14.1610","0.1839","10000.0000","45.39079453","-75.69572796","37.1","13.3","877.3","79","1","79","1","0","-0.15","0.01","-0.96","-0.3","0.0","-0.5","25.51","450.00","1321","6553.5","261.8","0","0","0","0","35.0","261.8","30.8","30.0","1.79","0.1","-0.0","3.424","1.007","1.13","12.9","2.55","0"
"116.500","0.1632","13","0.0000","0.0000","-16.3084","152.7631","0.0000","29.9136","14.1110","0.1889","10000.0000","45.39079444","-75.69572796","37.1","13.3","877.0","79","1","79","1","0","-0.20","0.01","-0.96","-0.3","-0.0","-0.5","25.45","334.21","1377","6553.5","261.8","0","0","0","0","35.0","261.8","30.8","30.0","1.75","0.1","-0.0","3.412","1.011","1.19","12.9","2.55","0"
"116.550","0.1837","13","0.0000","0.0000","-15.2808","175.3287","0.0000","29.9076","14.0610","0.1900","10000.0000","45.39079435","-75.69572802","37.1","13.3","877.3","79","1","79","1","0","-0.09","0.01","-0.97","-0.3","-0.1","-0.6","25.38","202.63","1305","6553.5","261.7","0","0","0","0","35.0","261.7","30.8","30.0","1.70","0.1","-0.0","3.408","1.011","1.43","12.9","2.55","0"
"116.600","0.2077","13","0.0000","0.0000","-13.5233","177.3003","0.0000","29.9030","14.0110","0.1900","10000.0000","45.39079426","-75.69572810","37.1","13.3","877.0","79","1","79","1","0","-0.05","0.03","-0.99","-0.3","-0.1","-0.6","25.31","195.00","1210","6553.5","261.5","0","0","0","0","35.0","261.5","30.8","30.0","1.64","0.1","-0.0","3.405","1.010","1.73","12.9","2.55","0"
"116.650","0.2118","13","0.0000","0.0000","-13.8987","41.1683","0.0000","29.9014","14.0000","0.1900","10000.0000","45.39079425","-75.69572817","37.1","13.3","877.0","79","1","79","1","0","-0.05","0.03","-0.99","-0.3","-0.0","-0.5","25.24","180.00","1294","6553.5","261.2","0","0","0","0","35.0","261.2","30.8","30.0","1.62","0.1","-0.0","3.414","1.012","3.17","12.9","2.55","0"
"116.700","0.2103","13","0.0000","0.0000","-14.8758","-133.9161","0.0000","29.9005","14.0000","0.1900","10000.0000","45.39079426","-75.69572823","37.1","13.3","877.5","79","1","79","1","0","-0.01","0.00","-0.98","-0.3","-0.0","-0.5","25.17","152.97","1350","6553.5","261.1","0","0","0","0","35.0","261.1","30.8","30.0","1.66","0.1","-0.0","3.409","1.014","4.94","12.9","2.55","0"
"116.750","0.1280","13","0.0000","0.0000","-9.2054","-105.1851","0.0000","29.9003","13.9610","0.1627","10000.0000","45.39079426","-75.69572824","37.1","13.3","877.5","79","1","79","1","0","0.11","0.00","-1.00","-0.3","-0.0","-0.5","25.10","157.92","1307","6553.5","260.9","0","0","0","0","35.0","260.9","30.8","30.0","1.68","0.1","-0.0","3.359","1.021","7.82","13.0","2.55","0"
"116.800","0.0231","13","0.0000","0.0000","-1.6600","-18.9678","0.0000","29.9003","13.9110","0.1277","10000.0000","45.39079426","-75.69572824","37.1","13.3","877.0","79","1","79","1","0","0.18","0.02","-1.01","-0.3","-0.0","-0.4","25.04","160.00","1238","6553.5","260.8","0","0","0","0","35.0","260.8","30.8","30.0","1.67","0.1","-0.0","3.349","1.023","10.32","12.9","2.55","0"
"116.850","0.0314","13","0.0000","0.0000","-13.2591","57.9098","0.0000","29.8948","15.0310","0.1356","10000.0000","45.39079421","-75.69572824","37.1","13.3","877.3","79","1","79","1","0","0.13","0.04","-1.00","-0.3","-0.0","-0.4","24.97","141.77","1130","6553.5","260.6","0","0","0","0","35.0","260.6","30.8","30.0","1.64","0.1","-0.0","3.393","1.019","12.26","12.8","2.55","0"
"116.900","0.0716","13","0.0000","0.0000","-30.2579","132.1530","0.0000","29.8876","16.4810","0.1556","10000.0000","45.39079415","-75.69572824","37.1","13.3","877.0","79","1","79","1","0","-0.01","0.04","-0.98","-0.2","-0.0","-0.4","24.91","134.43","1093","6553.5","260.3","0","0","0","0","35.0","260.3","30.8","30.0","1.57","0.1","-0.0","3.376","1.023","13.52","12.8","2.55","0"
"116.950","0.0631","13","0.0000","0.0000","-38.4410","160.7768","0.0000","29.8853","16.6830","0.1600","10000.0000","45.39079409","-75.69572830","37.1","13.3","876.7","79","1","79","1","0","-0.06","0.02","-0.98","-0.2","-0.0","-0.5","24.89","144.54","1100","6553.5","260.0","0","0","0","0","35.0","260.0","30.8","30.0","1.49","0.1","-0.0","3.322","1.031","14.35","12.9","2.55","0"
"117.000","0.0409","13","0.0000","0.0000","-44.1375","176.5335","0.0000","29.8842","16.5330","0.1600","10000.0000","45.39079404","-75.69572838","37.1","13.3","877.5","79","1","79","1","0","0.00","0.01","-0.99","-0.2","0.0","-0.5","24.87","150.00","1103","6553.5","259.6","0","0","0","0","35.0","259.6","30.8","30.0","1.39","0.1","-0.0","3.360","1.031","14.73","12.8","2.55","0"
"117.050","0.0418","13","0.0000","0.0000","-36.4156","161.3520","0.0000","29.8799","16.4220","0.1639","10000.0000","45.39079401","-75.69572849","37.1","13.3","877.0","79","1","79","1","0","0.06","0.03","-0.99","-0.3","0.0","-0.5","24.84","203.67","1103","6553.5","259.1","0","0","0","0","35.0","259.1","30.8","30.0","1.31","0.1","-0.0","3.418","1.030","15.01","12.7","2.55","0"
"117.100","0.0493","13","0.0000","0.0000","-24.9090","137.4444","0.0000","29.8746","16.3220","0.1689","10000.0000","45.39079400","-75.69572862","37.1","13.3","877.0","79","1","79","1","0","0.03","0.03","-0.99","-0.3","0.1","-0.6","24.82","236.60","997","6553.5","259.0","0","0","0","0","35.0","259.0","30.8","30.0","1.26","0.1","-0.0","3.409","1.032","15.28","12.8","2.55","0"
"117.150","0.0311","13","0.0000","0.0000","-13.6503","80.6326","0.0000","29.8734","16.2220","0.1661","10000.0000","45.39079399","-75.69572865","37.1","13.3","877.0","79","1","79","1","0","-0.00","0.02","-0.99","-0.2","0.1","-0.6","24.80","171.24","935","6553.5","258.8","0","0","0","0","35.0","258.8","30.8","30.0","1.24","0.1","-0.0","3.405","1.031","15.55","13.0","2.55","0"
"117.200","0.0056","13","0.0000","0.0000","-2.4615","14.5403","0.0000","29.8734","16.1220","0.1611","10000.0000","45.39079399","-75.69572865","37.1","13.3","877.0","79","1","79","1","0","-0.08","0.02","-0.99","-0.2","0.0","-0.6","24.78","144.53","1033","6553.5","258.8","0","0","0","0","35.0","258.8","30.8","30.0","1.28","0.1","-0.0","3.416","1.024","15.77","13.0","2.55","0"
"117.250","0.0000","13","0.0000","0.0000","0.0000","0.0000","0.0000","29.8734","16.0220","0.1522","10000.0000","45.39079399","-75.69572865","37.1","13.3","877.5","79","1","79","1","0","-0.07","0.03","-0.98","-0.2","0.0","-0.6","24.75","160.00","1145","6553.5","258.7","0","0","0","0","35.0","258.7","30.8","30.0","1.35","0.1","-0.0","3.427","1.016","15.92","12.9","2.55","0"
"117.300","0.0000","13","0.0000","0.0000","0.0000","0.0000","0.0000","29.8734","15.9220","0.1422","10000.0000","45.39079399","-75.69572865","37.1","13.3","877.5","79","1","79","1","0","0.06","0.05","-0.97","-0.2","0.0","-0.6","24.73","158.28","1280","6553.5","258.6","0","0","0","0","35.0","258.6","30.8","30.0","1.48","0.1","-0.0","3.437","1.010","15.98","12.9","2.55","0"
"117.350","0.0000","13","0.0000","0.0000","0.0000","0.0000","0.0000","29.8734","15.8220","0.1478","10000.0000","45.39079399","-75.69572865","37.1","13.3","877.0","79","1","79","1","0","-0.03","0.05","-0.97","-0.2","0.0","-0.6","24.71","154.18","1278","6553.5","258.5","0","0","0","0","35.0","258.5","30.8","30.0","1.58","0.1","-0.0","3.427","1.014","16.03","12.9","2.55","0"
"117.400","0.0000","13","0.0000","0.0000","0.0000","0.0000","0.0000","29.8734","15.7220","0.1578","10000.0000","45.39079399","-75.69572865","37.1","13.3","876.5","79","1","79","1","0","-0.07","0.01","-0.97","-0.2","0.0","-0.6","24.68","150.08","1192","6553.5","258.4","0","0","0","0","35.0","258.4","30.8","30.0","1.60","0.1","-0.0","3.405","1.024","16.09","12.9","2.55","0"
"117.450","0.0000","13","0.0000","0.0000","0.0000","0.0000","0.0000","29.8734","15.6610","0.1561","10000.0000","45.39079399","-75.69572865","37.1","13.3","877.2","79","1","79","1","0","-0.04","-0.00","-0.96","-0.2","0.0","-0.5","24.66","150.00","1129","6553.5","258.2","0","0","0","0","35.0","258.2","30.8","30.0","1.57","0.1","-0.0","3.397","1.022","16.15","12.8","2.55","0"
"117.500","0.0000","13","0.0000","0.0000","0.0000","0.0000","0.0000","29.8734","15.6110","0.1511","10000.0000","45.39079399","-75.69572865","37.1","13.3","877.0","79","1","79","1","0","-0.03","0.01","-0.97","-0.3","0.0","-0.5","24.64","150.00","1072","6553.5","257.9","0","0","0","0","35.0","257.9","30.8","30.0","1.46","0.1","-0.0","3.393","1.018","16.20","12.8","2.55","0"
"117.550","0.0000","13","0.0000","0.0000","0.0000","0.0000","0.0000","29.8734","15.5220","0.1500","10000.0000","45.39079399","-75.69572865","37.2","13.3","877.3","79","1","79","1","0","-0.04","0.02","-0.99","-0.3","-0.0","-0.5","24.61","136.48","1010","6553.5","257.6","0","0","0","0","35.0","257.6","30.8","30.0","1.33","0.1","-0.0","3.381","1.028","16.26","12.8","2.55","0"
"117.600","0.0000","13","0.0000","0.0000","0.0000","0.0000","0.0000","29.8734","15.4220","0.1500","10000.0000","45.39079399","-75.69572865","37.2","13.3","877.0","79","1","79","1","0","-0.03","0.01","-1.00","-0.3","-0.0","-0.5","24.59","121.11","936","6553.5","257.2","0","0","0","0","35.0","257.2","30.8","30.0","1.21","0.1","-0.0","3.373","1.036","16.30","12.6","2.55","0"
"117.650","0.0000","13","0.0000","0.0000","0.0000","0.0000","0.0000","29.8734","15.3610","0.1461","10000.0000","45.39079399","-75.69572865","37.2","13.3","877.2","79","1","79","1","0","0.02","0.00","-1.00","-0.3","-0.0","-0.5","24.57","119.57","819","6553.5","256.7","0","0","0","0","35.0","256.7","30.8","30.0","1.10","0.1","-0.0","3.380","1.035","16.30","12.4","2.55","0"
"117.700","0.0000","13","0.0000","0.0000","0.0000","0.0000","0.0000","29.8734","15.3110","0.1411","10000.0000","45.39079399","-75.69572865","37.2","13.3","877.5","79","1","79","1","0","-0.00","0.01","-1.00","-0.3","-0.0","-0.5","24.54","128.57","828","6553.5","256.6","0","0","0","0","35.0","256.6","30.8","30.0","1.03","0.1","-0.0","3.389","1.033","16.32","12.6","2.55","0"
"117.750","0.0000","13","0.0000","0.0000","0.0000","0.0000","0.0000","29.8734","15.2220","0.1361","10000.0000","45.39079399","-75.69572865","37.2","13.3","877.3","79","1","79","1","0","-0.01","0.01","-0.99","-0.3","0.0","-0.5","24.52","132.44","1011","6553.5","256.4","0","0","0","0","35.0","256.4","30.8","30.0","1.00","0.1","-0.0","3.402","1.032","16.38","12.9","2.55","0"
"117.800","0.0000","13","0.0000","0.0000","0.0000","0.0000","0.0000","29.8734","15.1220","0.1311","10000.0000","45.39079399","-75.69572865","37.2","13.3","877.0","79","1","79","1","0","-0.00","0.02","-1.00","-0.3","-0.0","-0.5","24.50","141.22","1256","6553.5","256.4","0","0","0","0","35.0","256.4","30.8","30.0","1.04","0.1","-0.0","3.417","1.028","16.40","12.9","2.55","0"
"117.850","0.0573","13","0.0000","0.0000","3.9764","39.9107","0.0000","29.8734","16.2939","0.1300","10000.0000","45.39079399","-75.69572865","37.2","13.3","877.5","79","1","79","1","0","-0.11","0.02","-0.99","-0.3","0.0","-0.5","24.48","150.00","1538","6553.5","256.5","0","0","0","0","35.0","256.5","30.8","30.0","1.17","0.1","-0.0","3.433","1.022","16.40","12.9","2.55","0"
"117.900","0.1308","13","0.0000","0.0000","9.0743","91.0782","0.0000","29.8734","17.8245","0.1300","10000.0000","45.39079399","-75.69572865","37.2","13.3","877.0","79","1","79","1","0","-0.11","0.03","-0.98","-0.3","-0.0","-0.5","24.45","150.00","1475","6553.5","256.3","0","0","0","0","35.0","256.3","30.8","30.0","1.49","0.1","-0.0","3.419","1.020","16.45","12.9","2.55","0"
"117.950","0.1105","13","0.0000","0.0000","3.9659","49.0342","0.0000","29.8727","17.9770","0.1423","10000.0000","45.39079400","-75.69572870","37.2","13.3","877.3","79","1","79","1","0","-0.03","0.01","-0.97","-0.3","-0.0","-0.5","24.45","116.43","1335","6553.5","256.1","0","0","0","0","35.0","256.1","30.8","30.0","1.65","0.1","-0.0","3.398","1.018","16.50","12.9","2.55","0"
"118.000","0.0697","13","0.0000","0.0000","-3.3829","-13.4710","0.0000","29.8718","17.8270","0.1573","10000.0000","45.39079401","-75.69572876","37.2","13.2","877.0","79","1","79","1","0","-0.01","0.01","-0.98","-0.3","-0.0","-0.5","24.48","114.29","1128","6553.5","256.0","0","0","0","0","35.0","256.0","30.8","30.0","1.55","0.1","-0.0","3.397","1.026","16.44","12.8","2.55","0"
"118.050","0.0698","13","0.0000","0.0000","-6.2928","18.7083","0.0000","29.8689","17.6770","0.1477","10000.0000","45.39079403","-75.69572876","37.2","13.2","877.3","79","1","79","1","0","-0.04","0.01","-0.98","-0.3","0.0","-0.5","24.52","114.29","909","6553.5","255.8","0","0","0","0","35.0","255.8","30.8","30.0","1.40","0.1","-0.0","3.392","1.034","16.41","12.7","2.55","0"
"118.100","0.0789","13","0.0000","0.0000","-8.2284","71.6719","0.0000","29.8655","17.5270","0.1327","10000.0000","45.39079407","-75.69572874","37.2","13.2","877.5","79","1","79","1","0","-0.04","0.01","-0.99","-0.4","0.1","-0.5","24.55","114.29","651","6553.5","255.4","0","0","0","0","35.0","255.4","30.9","30.0","1.16","0.1","-0.0","3.376","1.036","16.47","12.6","2.55","0"
"118.150","0.1167","13","0.0000","0.0000","-3.7865","35.1973","0.0000","29.8635","17.3770","0.1464","10000.0000","45.39079408","-75.69572884","37.2","13.2","877.0","79","1","79","1","0","-0.04","0.01","-0.99","-0.4","0.1","-0.5","24.58","114.29","446","6553.5","255.0","0","0","0","0","35.0","255.0","30.9","30.0","0.92","0.1","-0.0","3.365","1.044","15.85","12.5","2.55","0"
"118.200","0.1609","13","0.0000","0.0000","2.0554","-20.9101","0.0000","29.8617","17.2270","0.1664","10000.0000","45.39079410","-75.69572896","37.2","13.2","877.0","79","1","79","1","0","-0.03","0.02","-1.00","-0.4","0.1","-0.5","24.62","114.02","316","6553.5","254.9","0","0","0","0","35.0","254.9","30.9","30.0","0.67","0.1","-0.0","3.363","1.059","14.29","12.5","2.55","0"
"118.250","0.1326","13","0.0000","0.0000","5.3496","-58.8013","0.0000","29.8579","17.1180","0.1536","10000.0000","45.39079413","-75.69572902","37.2","13.1","877.3","79","1","79","1","0","-0.04","0.03","-1.00","-0.3","0.1","-0.5","24.65","113.29","244","6553.5","254.7","0","0","0","0","35.0","254.7","30.9","30.0","0.45","0.1","-0.0","3.362","1.053","8.98","12.6","2.55","0"
"118.300","0.0885","13","0.0000","0.0000","8.0845","-92.6939","0.0000","29.8536","17.0180","0.1336","10000.0000","45.39079417","-75.69572907","37.2","13.1","877.0","79","1","79","1","0","-0.02","0.03","-0.99","-0.3","0.1","-0.5","24.68","112.56","209","6553.5","254.7","0","0","0","0","35.0","254.7","30.9","30.0","0.29","0.1","-0.0","3.362","1.034","1.37","12.6","2.55","0"
"118.350","0.0805","13","0.0000","0.0000","8.9110","-83.4869","0.0000","29.8550","16.8770","0.1382","10000.0000","45.39079416","-75.69572914","37.2","13.1","877.3","79","1","79","1","0","-0.01","0.02","-0.99","-0.3","0.1","-0.5","24.72","112.50","205","6553.5","254.6","0","0","0","0","35.0","254.6","30.9","30.0","0.19","0.1","-0.0","3.360","1.033","0.00","12.5","2.55","0"
"118.400","0.0805","13","0.0000","0.0000","9.3185","-64.8190","0.0000","29.8575","16.7270","0.1482","10000.0000","45.39079414","-75.69572922","37.2","13.1","877.0","79","1","79","1","0","-0.01","0.02","-0.99","-0.3","0.0","-0.6","24.75","145.50","207","6553.5","254.5","0","0","0","0","35.0","254.5","30.8","30.0","0.19","0.1","-0.0","3.357","1.036","0.00","12.5","2.55","0"
"118.450","0.0623","13","0.0000","0.0000","23.1229","-101.9815","0.0000","29.8543","16.6180","0.1541","10000.0000","45.39079412","-75.69572928","37.2","13.1","877.3","79","1","79","1","0","-0.02","0.02","-1.00","-0.3","0.0","-0.6","24.78","145.00","207","6553.5","254.4","0","0","0","0","35.0","254.4","30.9","30.0","0.18","0.1","-0.0","3.357","1.036","0.00","12.5","2.55","0"
"118.500","0.0400","13","0.0000","0.0000","39.8682","-151.3995","0.0000","29.8499","16.5180","0.1591","10000.0000","45.39079409","-75.69572934","37.2","13.1","877.0","79","1","79","1","0","-0.03","0.02","-1.00","-0.3","0.0","-0.6","24.82","139.32","207","6553.5","254.3","0","0","0","0","35.0","254.3","30.9","30.0","0.16","0.1","-0.0","3.356","1.036","0.00","12.5","2.53","0"
"118.550","0.0574","13","0.0000","0.0000","30.8159","-101.8064","0.0000","29.8485","16.4590","0.1641","10000.0000","45.39079415","-75.69572939","37.2","13.0","877.2","79","1","79","1","0","-0.03","0.02","-0.99","-0.4","-0.0","-0.5","24.85","146.00","207","6553.5","254.2","0","0","0","0","35.0","254.2","30.9","30.0","0.13","0.1","-0.0","3.350","1.036","0.00","12.4","2.51","0"
"118.600","0.0835","13","0.0000","0.0000","16.1006","-30.4791","0.0000","29.8478","16.4090","0.1691","10000.0000","45.39079422","-75.69572944","37.2","13.0","877.0","79","1","79","1","0","-0.03","0.02","-0.99","-0.4","-0.0","-0.5","24.88","150.00","207","6553.5","254.2","0","0","0","0","35.0","254.2","30.9","30.0","0.12","0.1","-0.0","3.345","1.036","0.00","12.4","2.50","0"
"118.650","0.0520","13","0.0000","0.0000","7.9366","-10.4077","0.0000","29.8470","16.3180","0.1659","10000.0000","45.39079423","-75.69572950","37.3","13.0","877.3","79","1","79","1","0","-0.02","0.01","-0.99","-0.4","-0.1","-0.5","24.92","137.74","207","6553.5","254.1","0","0","0","0","35.0","254.1","30.8","30.0","0.11","0.1","-0.0","3.343","1.036","0.00","12.5","2.48","0"
"118.700","0.0079","13","0.0000","0.0000","1.2107","-1.5876","0.0000","29.8461","16.2180","0.1609","10000.0000","45.39079424","-75.69572956","37.3","13.0","877.0","79","1","79","1","0","-0.02","0.01","-0.99","-0.4","-0.1","-0.5","24.95","119.71","136","6553.5","254.0","0","0","0","0","35.0","254.0","30.8","30.0","0.10","0.1","-0.0","3.341","1.036","0.00","12.5","2.47","0"
"118.750","0.0552","13","0.0000","0.0000","-0.8072","26.8305","0.0000","29.8431","16.1180","0.1477","10000.0000","45.39079427","-75.69572956","37.3","13.0","877.5","79","1","79","1","0","-0.03","0.02","-1.00","-0.4","-0.1","-0.5","24.98","125.00","21","6553.5","253.8","0","0","0","0","35.0","253.8","30.9","30.0","0.09","0.1","-0.0","3.340","1.037","0.00","12.4","2.45","0"
"118.800","0.1226","13","0.0000","0.0000","-1.7916","59.5506","0.0000","29.8397","16.0180","0.1327","10000.0000","45.39079430","-75.69572954","37.3","13.0","877.0","79","1","79","1","0","-0.02","0.01","-1.00","-0.4","-0.0","-0.6","25.02","133.33","0","6553.5","253.7","0","0","0","0","35.0","253.7","30.9","30.0","0.08","0.1","-0.0","3.344","1.037","0.00","12.4","2.44","0"
"118.850","0.1003","13","0.0000","0.0000","14.7309","63.8200","0.0000","29.8441","15.9590","0.1259","10000.0000","45.39079431","-75.69572960","37.3","12.9","877.3","79","1","79","1","0","-0.02","0.01","-0.99","-0.4","-0.0","-0.6","25.05","134.57","0","6553.5","253.6","0","0","0","0","35.0","253.6","30.9","30.0","0.08","0.1","-0.0","3.348","1.036","0.00","12.5","2.42","0"
"118.900","0.0585","13","0.0000","0.0000","35.0964","61.8442","0.0000","29.8502","15.9090","0.1209","10000.0000","45.39079432","-75.69572968","37.3","12.9","877.5","79","1","79","1","0","-0.03","0.01","-1.00","-0.3","-0.0","-0.6","25.09","136.63","0","6553.5","253.6","0","0","0","0","35.0","253.6","30.9","30.0","0.07","0.1","-0.0","3.341","1.036","0.00","12.5","2.42","0"
"118.950","0.0630","13","0.0000","0.0000","30.8303","39.0367","0.0000","29.8535","15.8180","0.1405","10000.0000","45.39079436","-75.69572975","37.3","12.9","877.3","79","1","79","1","0","-0.02","0.01","-1.00","-0.4","-0.1","-0.6","25.12","137.50","0","6553.5","253.5","0","0","0","0","35.0","253.5","30.9","30.0","0.07","0.1","-0.0","3.336","1.036","0.00","12.5","2.42","0"
"119.000","0.0778","13","0.0000","0.0000","21.1573","11.6565","0.0000","29.8562","15.7180","0.1655","10000.0000","45.39079440","-75.69572981","37.3","12.9","877.5","79","1","79","1","0","-0.02","0.01","-1.00","-0.4","-0.0","-0.5","25.15","144.75","0","6553.5","253.4","0","0","0","0","35.0","253.4","30.9","30.0","0.06","0.1","-0.0","3.338","1.036","0.00","12.5","2.41","0"
"119.050","0.0684","13","0.0000","0.0000","20.0687","-42.3238","0.0000","29.8538","15.6590","0.1577","10000.0000","45.39079438","-75.69572982","37.3","12.9","877.5","79","1","79","1","0","-0.03","0.02","-0.99","-0.4","-0.0","-0.5","25.19","150.00","0","6553.5","253.2","0","0","0","0","35.0","253.2","30.9","30.0","0.06","0.1","-0.0","3.342","1.036","0.00","12.5","2.40","0"
"119.100","0.0536","13","0.0000","0.0000","20.8644","-102.1430","0.0000","29.8502","15.6090","0.1427","10000.0000","45.39079434","-75.69572982","37.3","12.9","877.0","79","1","79","1","0","-0.02","0.02","-0.99","-0.4","0.0","-0.5","25.22","143.53","0","6553.5","253.1","0","0","0","0","35.0","253.1","30.9","30.0","0.05","0.1","-0.0","3.347","1.037","0.00","12.5","2.40","0"
"119.150","0.0300","13","0.0000","0.0000","12.3945","-66.6172","0.0000","29.8468","15.5590","0.1523","10000.0000","45.39079436","-75.69572981","37.3","12.9","877.2","79","1","79","1","0","-0.02","0.02","-0.99","-0.4","0.0","-0.5","25.25","132.37","0","6553.5","252.9","0","0","0","0","35.0","252.9","30.9","30.0","0.05","0.1","-0.0","3.347","1.037","0.00","12.4","2.40","0"
"119.200","0.0046","13","0.0000","0.0000","1.8907","-10.1619","0.0000","29.8434","15.5090","0.1673","10000.0000","45.39079440","-75.69572979","37.3","12.9","877.5","79","1","79","1","0","-0.02","0.01","-0.99","-0.3","0.1","-0.5","25.29","142.71","0","6553.5","252.8","0","0","0","0","35.0","252.8","30.9","30.0","0.05","0.1","-0.0","3.344","1.036","0.00","12.4","2.40","0"
"119.250","0.0968","13","0.0000","0.0000","-2.6790","16.1875","0.0000","29.8436","15.4590","0.1659","10000.0000","45.39079445","-75.69572972","37.3","12.9","877.3","79","1","79","1","0","-0.03","0.02","-1.00","-0.3","0.1","-0.5","25.32","150.00","0","6553.5","252.6","0","0","0","0","35.0","252.6","30.9","30.0","0.05","0.1","-0.0","3.343","1.036","0.00","12.5","2.39","0"
"119.300","0.2148","13","0.0000","0.0000","-5.9461","35.9284","0.0000","29.8446","15.4090","0.1609","10000.0000","45.39079450","-75.69572965","37.3","12.9","877.0","79","1","79","1","0","-0.03","0.02","-0.99","-0.3","0.0","-0.5","25.35","150.00","0","6553.5","252.6","0","0","0","0","35.0","252.6","30.9","30.0","0.04","0.1","-0.0","3.344","1.036","0.00","12.5","2.39","0"
"119.350","0.2241","13","0.0000","0.0000","-2.6312","31.4733","0.0000","29.8477","15.3590","0.1641","10000.0000","45.39079454","-75.69572963","37.3","12.9","877.5","79","1","79","1","0","-0.02","0.02","-0.99","-0.3","0.0","-0.6","25.39","150.00","0","6553.5","252.5","0","0","0","0","35.0","252.5","30.9","30.0","0.04","0.1","-0.0","3.346","1.037","0.00","12.4","2.38","0"
"119.400","0.2094","13","0.0000","0.0000","2.1286","21.7069","0.0000","29.8513","15.3090","0.1691","10000.0000","45.39079457","-75.69572963","37.3","12.9","877.5","79","1","79","1","0","-0.02","0.02","-0.99","-0.3","0.0","-0.6","25.42","150.00","0","6553.5","252.4","0","0","0","0","35.0","252.4","30.9","30.0","0.04","0.1","-0.0","3.348","1.037","0.00","12.4","2.38","0"
"119.450","0.1772","13","0.0000","0.0000","3.1610","-6.8485","0.0000","29.8549","15.2180","0.1659","10000.0000","45.39079460","-75.69572963","37.3","12.9","877.0","79","1","79","1","0","-0.03","0.02","-1.00","-0.3","0.0","-0.6","25.45","154.00","0","6553.5","252.3","0","0","0","0","35.0","252.3","30.9","30.0","0.04","0.1","-0.0","3.349","1.036","0.00","12.5","2.38","0"
"119.500","0.1412","13","0.0000","0.0000","3.3752","-39.5284","0.0000","29.8584","15.1180","0.1609","10000.0000","45.39079463","-75.69572963","37.3","12.9","877.5","79","1","79","1","0","-0.03","0.02","-1.00","-0.3","0.0","-0.6","25.49","160.00","0","6553.5","252.2","0","0","0","0","35.0","252.2","30.9","30.0","0.04","0.1","-0.0","3.349","1.036","0.00","12.5","2.38","0"
"119.550","0.1212","13","0.0000","0.0000","10.6273","-73.0856","0.0000","29.8684","15.0590","0.1477","10000.0000","45.39079466","-75.69572959","37.3","12.9","877.5","79","1","79","1","0","-0.02","0.01","-1.00","-0.3","0.1","-0.6","25.52","160.00","0","6553.5","252.0","0","0","0","0","35.0","252.0","30.9","30.0","0.04","0.1","-0.0","3.348","1.036","0.00","12.5","2.38","0"
"119.600","0.1048","13","0.0000","0.0000","19.4242","-106.8355","0.0000","29.8798","15.0090","0.1327","10000.0000","45.39079468","-75.69572955","37.3","12.9","877.5","79","1","79","1","0","-0.02","0.01","-0.99","-0.3","0.1","-0.6","25.55","160.00","0","6553.5","251.9","0","0","0","0","35.0","251.9","30.9","30.0","0.04","0.1","-0.0","3.350","1.036","0.00","12.5","2.38","0"
"119.650","0.0962","13","0.0000","0.0000","16.9845","-125.0378","0.0000","29.8789","14.9590","0.1382","10000.0000","45.39079466","-75.69572954","37.3","12.9","877.3","79","1","79","1","0","-0.02","0.01","-0.99","-0.3","0.1","-0.6","25.59","160.00","0","6553.5","251.8","0","0","0","0","35.0","251.8","30.9","30.0","0.03","0.1","-0.0","3.353","1.036","0.00","12.5","2.37","0"
"119.700","0.0894","13","0.0000","0.0000","12.0782","-139.8271","0.0000","29.8754","14.9090","0.1482","10000.0000","45.39079463","-75.69572954","37.3","12.9","877.5","79","1","79","1","0","-0.03","0.01","-1.00","-0.3","0.1","-0.5","25.62","160.00","0","6553.5","251.8","0","0","0","0","35.0","251.8","30.9","30.0","0.03","0.1","-0.0","3.349","1.036","0.00","12.5","2.37","0"
"119.750","0.0729","13","0.0000","0.0000","22.4976","-58.8584","0.0000","29.8776","14.8590","0.1459","10000.0000","45.39079465","-75.69572954","37.3","12.9","877.3","79","1","79","1","0","-0.02","0.01","-1.00","-0.3","0.1","-0.5","25.65","160.60","0","6553.5","251.7","0","0","0","0","35.0","251.7","30.9","30.0","0.03","0.1","-0.1","3.344","1.036","0.00","12.5","2.37","0"
"119.800","0.0543","13","0.0000","0.0000","36.2811","43.1305","0.0000","29.8812","14.8090","0.1409","10000.0000","45.39079468","-75.69572954","37.3","12.9","877.5","79","1","79","1","0","-0.02","0.02","-1.00","-0.3","0.0","-0.5","25.69","190.60","0","6553.5","251.5","0","0","0","0","35.5","251.5","30.9","30.0","0.03","0.1","-0.1","3.341","1.036","0.00","12.5","2.37","0"
"119.850","0.0790","13","0.0000","0.0000","26.7973","66.8943","0.0000","29.8761","14.8000","0.1359","10000.0000","45.39079468","-75.69572953","37.3","12.9","877.5","79","1","79","1","0","-0.02","0.02","-0.99","-0.3","0.0","-0.5","25.72","220.10","0","6553.5","251.3","0","0","0","0","36.0","251.3","30.9","30.0","0.03","0.1","-0.0","3.337","1.036","0.00","12.4","2.37","0"
"119.900","0.1132","13","0.0000","0.0000","12.2061","73.4867","0.0000","29.8692","14.8000","0.1309","10000.0000","45.39079468","-75.69572951","37.3","12.9","877.5","79","1","79","1","0","-0.02","0.02","-0.99","-0.3","0.0","-0.5","25.75","225.00","0","6553.5","251.3","0","0","0","0","35.5","251.3","30.9","30.0","0.03","0.1","-0.0","3.331","1.036","0.00","12.4","2.37","0"
"119.950","0.1034","13","0.0000","0.0000","19.5910","31.1368","0.0000","29.8736","14.7590","0.1382","10000.0000","45.39079468","-75.69572952","37.3","12.9","877.3","79","1","79","1","0","-0.02","0.02","-0.99","-0.3","-0.0","-0.5","25.79","224.38","0","6553.5","251.2","0","0","0","0","35.0","251.2","30.9","30.0","0.03","0.1","-0.0","3.328","1.036","0.00","12.4","2.37","0"
"120.000","0.0840","13","0.0000","0.0000","31.8000","-21.9566","0.0000","29.8806","14.7090","0.1482","10000.0000","45.39079469","-75.69572954","37.3","12.9","877.5","79","1","79","1","0","-0.02","0.02","-1.00","-0.3","-0.0","-0.5","25.82","193.12","0","6553.5","251.0","0","0","0","0","35.0","251.0","30.9","30.0","0.03","0.1","-0.0","3.329","1.036","0.00","12.4","2.37","0"
"120.050","0.0836","13","0.0000","0.0000","24.6486","-77.0135","0.0000","29.8818","14.6590","0.1541","10000.0000","45.39079469","-75.69572954","37.3","12.8","877.5","79","1","79","1","0","-0.02","0.02","-1.00","-0.3","-0.0","-0.5","25.86","161.88","0","6553.5","250.8","0","0","0","0","35.0","250.8","30.9","30.0","0.03","0.1","-0.0","3.332","1.036","0.00","12.4","2.36","0"
"120.100","0.0875","13","0.0000","0.0000","13.2473","-132.5014","0.0000","29.8818","14.6090","0.1591","10000.0000","45.39079469","-75.69572954","37.3","12.8","877.5","79","1","79","1","0","-0.02","0.02","-1.00","-0.3","-0.0","-0.5","25.89","150.00","0","6553.5","250.8","0","0","0","0","35.0","250.8","30.9","30.0","0.03","0.1","-0.0","3.336","1.036","0.00","12.4","2.36","0"
"120.150","0.0850","13","0.0000","0.0000","10.1216","-124.5744","0.0000","29.8818","14.5590","0.1518","10000.0000","45.39079469","-75.69572954","37.3","12.7","877.5","79","1","79","1","0","-0.02","0.02","-1.00","-0.3","-0.0","-0.5","25.92","150.00","0","6553.5","250.8","0","0","0","0","35.0","250.8","30.9","30.0","0.03","0.1","-0.0","3.336","1.036","0.00","12.4","2.36","0"
"120.200","0.0812","13","0.0000","0.0000","8.8124","-102.7271","0.0000","29.8818","14.5090","0.1418","10000.0000","45.39079469","-75.69572954","37.3","12.7","877.5","79","1","79","1","0","-0.02","0.02","-1.00","-0.3","-0.0","-0.5","25.96","138.82","0","6553.5","250.7","0","0","0","0","35.5","250.7","30.9","30.0","0.03","0.1","-0.0","3.335","1.036","0.00","12.4","2.36","0"
"120.250","0.0918","13","0.0000","0.0000","13.7983","-37.2035","0.0000","29.8826","14.4590","0.1400","10000.0000","45.39079468","-75.69572949","37.3","12.6","877.5","79","1","79","1","0","-0.02","0.02","-1.00","-0.3","0.0","-0.6","25.99","120.78","0","6553.5","250.5","0","0","0","0","36.0","250.5","31.0","30.0","0.03","0.1","-0.0","3.338","1.037","0.00","12.4","2.36","0"
"120.300","0.1055","13","0.0000","0.0000","20.1661","37.9076","0.0000","29.8834","14.4090","0.1400","10000.0000","45.39079467","-75.69572943","37.3","12.5","877.0","79","1","79","1","0","-0.02","0.02","-1.00","-0.3","0.0","-0.5","26.02","114.29","0","6553.5","250.4","0","0","0","0","36.0","250.4","31.0","30.0","0.03","0.1","-0.0","3.339","1.037","0.00","12.4","2.36","0"
"120.350","0.0785","13","0.0000","0.0000","30.1560","-35.3785","0.0000","29.8865","14.4000","0.1359","10000.0000","45.39079470","-75.69572942","37.3","12.5","877.5","79","1","79","1","0","-0.02","0.02","-0.99","-0.3","0.0","-0.5","26.06","185.14","0","6553.5","250.3","0","0","0","0","36.0","250.3","30.9","30.0","0.03","0.1","-0.0","3.335","1.036","0.00","12.5","2.35","0"
"120.400","0.0425","13","0.0000","0.0000","40.9411","-141.2397","0.0000","29.8901","14.4000","0.1309","10000.0000","45.39079473","-75.69572942","37.3","12.4","877.5","79","1","79","1","0","-0.03","0.01","-0.99","-0.3","0.0","-0.5","26.09","225.00","0","6553.5","250.2","0","0","0","0","36.0","250.2","30.9","30.0","0.02","0.1","-0.0","3.335","1.036","0.00","12.5","2.35","0"
"120.450","0.0889","13","0.0000","0.0000","34.0091","-86.3606","0.0000","29.8936","14.3590","0.1423","10000.0000","45.39079476","-75.69572942","37.3","12.3","877.2","79","1","79","1","0","-0.03","0.01","-0.99","-0.3","0.1","-0.5","26.12","209.76","0","6553.5","250.0","0","0","0","0","36.0","250.0","31.0","30.0","0.02","0.1","-0.0","3.340","1.036","0.00","12.4","2.35","0"
"120.500","0.1534","13","0.0000","0.0000","23.1880","3.8030","0.0000","29.8972","14.3090","0.1573","10000.0000","45.39079479","-75.69572942","37.3","12.3","877.5","79","1","79","1","0","-0.03","0.01","-1.00","-0.3","0.1","-0.5","26.16","185.95","0","6553.5","250.0","0","0","0","0","36.0","250.0","31.0","30.0","0.03","0.1","-0.0","3.340","1.036","0.00","12.4","2.35","0"
"120.550","0.1391","13","0.0000","0.0000","21.1449","-34.4741","0.0000","29.8978","14.2590","0.1477","10000.0000","45.39079480","-75.69572942","37.3","12.2","877.3","79","1","79","1","0","-0.02","0.02","-1.00","-0.3","0.0","-0.5","26.19","152.50","0","6553.5","249.9","0","0","0","0","36.0","249.9","31.0","30.0","0.03","0.1","-0.0","3.338","1.036","0.00","12.5","2.35","0"
"120.600","0.1075","13","0.0000","0.0000","21.0286","-100.9456","0.0000","29.8978","14.2090","0.1327","10000.0000","45.39079480","-75.69572942","37.3","12.2","877.5","79","1","79","1","0","-0.02","0.02","-0.99","-0.3","0.0","-0.5","26.22","133.33","0","6553.5","249.9","0","0","0","0","36.0","249.9","31.0","30.0","0.03","0.1","-0.0","3.336","1.036","0.00","12.5","2.35","0"
"120.650","0.0748","13","0.0000","0.0000","31.0047","-66.6172","0.0000","29.9042","14.2000","0.1341","10000.0000","45.39079479","-75.69572938","37.3","12.1","877.5","79","1","79","1","0","-0.02","0.02","-0.99","-0.3","-0.0","-0.5","26.26","127.55","0","6553.5","249.8","0","0","0","0","36.0","249.8","31.0","30.0","0.03","0.1","-0.0","3.334","1.036","0.00","12.4","2.35","0"
"120.700","0.0419","13","0.0000","0.0000","43.1963","-10.1619","0.0000","29.9121","14.2000","0.1391","10000.0000","45.39079478","-75.69572933","37.3","12.0","877.5","79","1","79","1","0","-0.02","0.01","-0.99","-0.3","-0.0","-0.5","26.29","116.85","7","6553.5","249.8","0","0","0","0","36.0","249.8","31.0","30.0","0.03","0.1","-0.0","3.289","1.036","0.00","11.0","2.35","0"
"120.750","0.0360","13","0.0000","0.0000","44.3623","-65.7208","0.0000","29.9106","14.1590","0.1400","10000.0000","45.39079476","-75.69572932","37.3","12.0","877.5","79","1","79","1","0","-0.02","0.01","-0.99","-0.3","-0.0","-0.5","26.32","114.29","41","6553.5","249.7","0","0","0","0","36.0","249.7","31.0","30.0","0.03","0.1","-0.0","3.221","1.036","0.00","9.6","2.35","0"
"120.800","0.0360","13","0.0000","0.0000","43.1081","-145.8682","0.0000","29.9070","14.1090","0.1400","10000.0000","45.39079472","-75.69572932","37.3","11.9","877.5","79","1","79","1","0","-0.01","0.01","-0.99","-0.3","-0.0","-0.5","26.36","141.43","173","6553.5","249.5","0","0","0","0","36.0","249.5","31.0","30.0","0.02","0.1","-0.0","3.070","1.035","0.00","10.3","2.35","0"
"120.850","0.0935","13","0.0000","0.0000","28.3357","-38.8616","0.0000","29.9071","14.0590","0.1441","10000.0000","45.39079471","-75.69572927","37.3","11.8","877.5","79","1","79","1","0","-0.01","0.01","-0.99","-0.3","-0.0","-0.5","26.39","150.00","253","6553.5","249.2","0","0","0","0","36.0","249.2","31.0","30.0","0.05","0.1","-0.0","3.007","1.034","0.00","11.2","2.35","0"
"120.900","0.1637","13","0.0000","0.0000","10.5960","109.2275","0.0000","29.9079","14.0090","0.1491","10000.0000","45.39079470","-75.69572921","37.3","11.8","877.5","79","1","79","1","0","-0.01","0.02","-0.99","-0.3","-0.0","-0.5","26.42","136.93","262","6553.5","249.1","0","0","0","0","36.0","249.1","30.9","30.0","0.10","0.1","-0.0","3.066","1.036","0.00","11.2","2.36","0"
"120.950","0.1249","13","0.0000","0.0000","3.8457","10.4976","0.0000","29.9088","14.0000","0.1582","10000.0000","45.39079470","-75.69572915","37.3","11.7","877.5","79","1","79","1","0","-0.01","0.02","-0.99","-0.3","-0.0","-0.5","26.46","119.72","287","6553.5","248.9","0","0","0","0","36.0","248.9","30.9","30.0","0.16","0.1","-0.0","3.102","1.036","0.00","11.3","2.37","0"
"121.000","0.0622","13","0.0000","0.0000","-0.4922","-142.4122","0.0000","29.9097","14.0000","0.1682","10000.0000","45.39079469","-75.69572909","37.3","11.7","877.5","79","1","79","1","0","-0.03","0.02","-1.00","-0.3","-0.0","-0.5","26.49","140.05","320","6553.5","248.8","0","0","0","0","36.0","248.8","31.0","30.0","0.22","0.1","-0.0","3.126","1.036","0.00","11.4","2.38","0"
"121.050","0.0622","13","0.0000","0.0000","-0.4922","-142.4122","0.0000","29.9097","14.0000","0.1682","10000.0000","45.39079469","-75.69572909","37.3","11.6","877.5","79","1","79","1","0","-0.03","0.02","-1.00","-0.3","-0.0","-0.5","26.52","160.00","421","6553.5","248.7","0","0","0","0","36.0","248.7","31.0","30.0","0.28","0.1","-0.0","3.137","1.033","0.00","11.5","2.39","0"
"121.100","0.0622","13","0.0000","0.0000","-0.4922","-142.4122","0.0000","29.9097","14.0000","0.1682","10000.0000","45.39079469","-75.69572909","37.3","11.6","877.5","79","1","79","1","0","-0.03","0.02","-1.00","-0.3","-0.0","-0.5","26.52","144.18","421","6553.5","248.7","0","0","0","0","36.0","248.7","31.0","30.0","0.33","0.1","-0.0","3.137","1.033","0.00","11.5","2.39","0"
"121.150","0.0622","13","0.0000","0.0000","-0.4922","-142.4122","0.0000","29.9097","14.0000","0.1682","10000.0000","45.39079469","-75.69572909","37.3","11.6","877.5","79","1","79","1","0","-0.03","0.02","-1.00","-0.3","-0.0","-0.5","26.52","116.91","421","6553.5","248.7","0","0","0","0","36.0","248.7","31.0","30.0","0.33","0.1","-0.0","3.137","1.033","0.00","11.5","2.39","0"
"121.200","0.0622","13","0.0000","0.0000","-0.4922","-142.4122","0.0000","29.9097","14.0000","0.1682","10000.0000","45.39079469","-75.69572909","37.3","11.6","877.5","79","1","79","1","0","-0.03","0.02","-1.00","-0.3","-0.0","-0.5","26.52","116.91","421","6553.5","248.7","0","0","0","0","36.0","248.7","31.0","30.0","0.33","0.1","-0.0","3.137","1.033","0.00","11.5","2.39","0"
"121.250","0.0622","13","0.0000","0.0000","-0.4922","-142.4122","0.0000","29.9097","14.0000","0.1682","10000.0000","45.39079469","-75.69572909","37.3","11.6","877.5","79","1","79","1","0","-0.03","0.02","-1.00","-0.3","-0.0","-0.5","26.52","116.91","421","6553.5","248.7","0","0","0","0","36.0","248.7","31.0","30.0","0.33","0.1","-0.0","3.137","1.033","0.00","11.5","2.39","0"
"121.300","0.0622","13","0.0000","0.0000","-0.4922","-142.4122","0.0000","29.9097","14.0000","0.1682","10000.0000","45.39079469","-75.69572909","37.3","11.6","877.5","79","1","79","1","0","-0.03","0.02","-1.00","-0.3","-0.0","-0.5","26.52","116.91","421","6553.5","248.7","0","0","0","0","36.0","248.7","31.0","30.0","0.33","0.1","-0.0","3.137","1.033","0.00","11.5","2.39","0"
"121.350","0.0622","13","0.0000","0.0000","-0.4922","-142.4122","0.0000","29.9097","14.0000","0.1682","10000.0000","45.39079469","-75.69572909","37.3","11.6","877.5","79","1","79","1","0","-0.03","0.02","-1.00","-0.3","-0.0","-0.5","26.52","116.91","421","6553.5","248.7","0","0","0","0","36.0","248.7","31.0","30.0","0.33","0.1","-0.0","3.137","1.033","0.00","11.5","2.39","0"
"121.400","0.0622","13","0.0000","0.0000","-0.4922","-142.4122","0.0000","29.9097","14.0000","0.1682","10000.0000","45.39079469","-75.69572909","37.3","11.6","877.5","79","1","79","1","0","-0.03","0.02","-1.00","-0.3","-0.0","-0.5","26.52","116.91","421","6553.5","248.7","0","0","0","0","36.0","248.7","31.0","30.0","0.33","0.1","-0.0","3.137","1.033","0.00","11.5","2.39","0"
"121.450","0.0622","13","0.0000","0.0000","-0.4922","-142.4122","0.0000","29.9097","14.0000","0.1682","10000.0000","45.39079469","-75.69572909","37.3","11.6","877.5","79","1","79","1","0","-0.03","0.02","-1.00","-0.3","-0.0","-0.5","26.52","116.91","421","6553.5","248.7","0","0","0","0","36.0","248.7","31.0","30.0","0.33","0.1","-0.0","3.137","1.033","0.00","11.5","2.39","0"
"121.500","0.0622","13","0.0000","0.0000","-0.4922","-142.4122","0.0000","29.9097","14.0000","0.1682","10000.0000","45.39079469","-75.69572909","37.3","11.6","877.5","79","1","79","1","0","-0.03","0.02","-1.00","-0.3","-0.0","-0.5","26.52","116.91","421","6553.5","248.7","0","0","0","0","36.0","248.7","31.0","30.0","0.33","0.1","-0.0","3.137","1.033","0.00","11.5","2.39","0"
"121.550","0.0622","13","0.0000","0.0000","-0.4922","-142.4122","0.0000","29.9097","14.0000","0.1682","10000.0000","45.39079469","-75.69572909","37.3","11.6","877.5","79","1","79","1","0","-0.03","0.02","-1.00","-0.3","-0.0","-0.5","26.52","116.91","421","6553.5","248.7","0","0","0","0","36.0","248.7","31.0","30.0","0.33","0.1","-0.0","3.137","1.033","0.00","11.5","2.39","0"
"121.600","0.0622","13","0.0000","0.0000","-0.4922","-142.4122","0.0000","29.9097","14.0000","0.1682","10000.0000","45.39079469","-75.69572909","37.3","11.6","877.5","79","1","79","1","0","-0.03","0.02","-1.00","-0.3","-0.0","-0.5","26.52","116.91","421","6553.5","248.7","0","0","0","0","36.0","248.7","31.0","30.0","0.33","0.1","-0.0","3.137","1.033","0.00","11.5","2.39","0"
"121.650","0.0622","13","0.0000","0.0000","-0.4922","-142.4122","0.0000","29.9097","14.0000","0.1682","10000.0000","45.39079469","-75.69572909","37.3","11.6","877.5","79","1","79","1","0","-0.03","0.02","-1.00","-0.3","-0.0","-0.5","26.52","116.91","421","6553.5","248.7","0","0","0","0","36.0","248.7","31.0","30.0","0.33","0.1","-0.0","3.137","1.033","0.00","11.5","2.39","0"
"121.700","0.0622","13","0.0000","0.0000","-0.4922","-142.4122","0.0000","29.9097","14.0000","0.1682","10000.0000","45.39079469","-75.69572909","37.3","11.6","877.5","79","1","79","1","0","-0.03","0.02","-1.00","-0.3","-0.0","-0.5","26.52","116.91","421","6553.5","248.7","0","0","0","0","36.0","248.7","31.0","30.0","0.33","0.1","-0.0","3.137","1.033","0.00","11.5","2.39","0"
"121.750","0.0622","13","0.0000","0.0000","-0.4922","-142.4122","0.0000","29.9097","14.0000","0.1682","10000.0000","45.39079469","-75.69572909","37.3","11.6","877.5","79","1","79","1","0","-0.03","0.02","-1.00","-0.3","-0.0","-0.5","26.52","116.91","421","6553.5","248.7","0","0","0","0","36.0","248.7","31.0","30.0","0.33","0.1","-0.0","3.137","1.033","0.00","11.5","2.39","0"
"121.800","0.0622","13","0.0000","0.0000","-0.4922","-142.4122","0.0000","29.9097","14.0000","0.1682","10000.0000","45.39079469","-75.69572909","37.3","11.6","877.5","79","1","79","1","0","-0.03","0.02","-1.00","-0.3","-0.0","-0.5","26.52","116.91","421","6553.5","248.7","0","0","0","0","36.0","248.7","31.0","30.0","0.33","0.1","-0.0","3.137","1.033","0.00","11.5","2.39","0"
"121.850","0.0622","13","0.0000","0.0000","-0.4922","-142.4122","0.0000","29.9097","14.0000","0.1682","10000.0000","45.39079469","-75.69572909","37.3","11.6","877.5","79","1","79","1","0","-0.03","0.02","-1.00","-0.3","-0.0","-0.5","26.52","116.91","421","6553.5","248.7","0","0","0","0","36.0","248.7","31.0","30.0","0.33","0.1","-0.0","3.137","1.033","0.00","11.5","2.39","0"
"121.900","0.0622","13","0.0000","0.0000","-0.4922","-142.4122","0.0000","29.9097","14.0000","0.1682","10000.0000","45.39079469","-75.69572909","37.3","11.6","877.5","79","1","79","1","0","-0.03","0.02","-1.00","-0.3","-0.0","-0.5","26.52","116.91","421","6553.5","248.7","0","0","0","0","36.0","248.7","31.0","30.0","0.33","0.1","-0.0","3.137","1.033","0.00","11.5","2.39","0"
"121.950","0.0622","13","0.0000","0.0000","-0.4922","-142.4122","0.0000","29.9097","14.0000","0.1682","10000.0000","45.39079469","-75.69572909","37.3","11.6","877.5","79","1","79","1","0","-0.03","0.02","-1.00","-0.3","-0.0","-0.5","26.52","116.91","421","6553.5","248.7","0","0","0","0","36.0","248.7","31.0","30.0","0.33","0.1","-0.0","3.137","1.033","0.00","11.5","2.39","0"
